substation_id,CBSAFP,POPESTIMATE2019,rb,region,IPM_Region
202181,44460,25638.0,p33,p33,p33
111257,17260,22124.0,p87,p87,p87
131657,36540,949442.0,p41,p41,p41
108236,45540,132420.0,p101,p101,p101
204669,26820,151530.0,p16,p16,p16
121818,27900,179564.0,p55,p55,p55
149523,37060,54019.0,p88,p88,p88
157276,40620,44573.0,p73,p73,p73
121417,47660,54062.0,p54,p54,p54
309236,p61,10000.0,p61,p61,p61
147782,27740,203649.0,p92,p92,p92
203789,14720,31011.0,p33,p33,p33
131978,29100,136616.0,p46,p46,p46
132112,16300,273032.0,p70,p70,p70
115189,39580,1390785.0,p98,p98,p98
114819,34020,49348.0,p58,p58,p58
110007,38100,55535.0,p87,p87,p87
203858,19740,2967239.0,p33,p33,p33
113439,17980,321048.0,p94,p94,p94
132111,16300,273032.0,p70,p70,p70
158353,29900,34823.0,p98,p98,p98
121517,p110,10000.0,p110,p110,p110
114097,29900,34823.0,p98,p98,p98
115677,45580,26320.0,p94,p94,p94
114147,41820,61779.0,p98,p98,p98
114117,22180,526719.0,p98,p98,p98
134639,44580,55175.0,p80,p80,p80
202116,21660,382067.0,p5,p5,p5
204035,41100,177556.0,p25,p25,p25
118625,32340,22092.0,p54,p54,p54
120834,41140,125223.0,p54,p54,p54
112298,27530,63521.0,p89,p89,p89
130993,11180,123351.0,p70,p70,p70
110700,24740,43909.0,p87,p87,p87
205365,p8,10000.0,p8,p8,p8
109829,46180,166126.0,p88,p88,p88
148178,18260,114272.0,p92,p92,p92
111431,25780,44535.0,p98,p98,p98
131576,24580,322906.0,p75,p75,p75
124888,31500,32308.0,p107,p107,p107
146909,25500,134964.0,p99,p99,p99
118705,25100,19983.0,p49,p49,p49
121225,22500,204911.0,p96,p96,p96
202379,16220,79858.0,p24,p24,p24
115676,45580,26320.0,p94,p94,p94
162665,24620,69069.0,p92,p92,p92
123591,42540,553885.0,p122,p122,p122
200862,44060,568521.0,p3,p3,p3
153603,29020,82544.0,p105,p105,p105
204580,p19,10000.0,p19,p19,p19
113607,17460,2048449.0,p111,p111,p111
200385,38820,77331.0,p2,p2,p2
120864,44940,140466.0,p96,p96,p96
112030,47080,36002.0,p94,p94,p94
146385,30380,46138.0,p122,p122,p122
158687,p77,10000.0,p77,p77,p77
144344,40340,221921.0,p43,p43,p43
115307,20540,37159.0,p92,p92,p92
114811,17420,124942.0,p92,p92,p92
117366,32340,22092.0,p54,p54,p54
200397,43220,66768.0,p2,p2,p2
149872,12940,854884.0,p58,p58,p58
125526,13260,45370.0,p107,p107,p107
117154,32180,22761.0,p54,p54,p54
117313,12900,55267.0,p85,p85,p85
111805,48180,55199.0,p94,p94,p94
120792,20540,37159.0,p92,p92,p92
153559,26940,25110.0,p87,p87,p87
153311,13260,45370.0,p107,p107,p107
115425,15140,17304.0,p92,p92,p92
129399,40340,221921.0,p43,p43,p43
149524,37060,54019.0,p88,p88,p88
148179,18260,114272.0,p92,p92,p92
147185,39580,1390785.0,p98,p98,p98
154434,22520,147970.0,p89,p89,p89
202403,28900,68238.0,p6,p6,p6
109826,46180,166126.0,p88,p88,p88
122859,37140,96272.0,p93,p93,p93
132627,45940,367430.0,p126,p126,p126
112724,18980,83768.0,p89,p89,p89
159110,16300,273032.0,p70,p70,p70
202452,p22,10000.0,p22,p22,p22
306060,31080,13214799.0,p10,p10,p10
205084,39660,142107.0,p32,p32,p32
309394,47380,273920.0,p63,p63,p63
151072,45300,3194831.0,p101,p101,p101
150553,33100,6166488.0,p102,p102,p102
148353,40460,44829.0,p98,p98,p98
114112,22180,526719.0,p98,p98,p98
207548,16500,80707.0,p2,p2,p2
124807,15820,36710.0,p109,p109,p109
139523,27020,29534.0,p74,p74,p74
111416,40260,69493.0,p98,p98,p98
111942,40580,145770.0,p98,p98,p98
154355,32820,1346045.0,p92,p92,p92
115427,15140,17304.0,p92,p92,p92
154104,29200,233002.0,p105,p105,p105
111374,21020,53287.0,p98,p98,p98
120790,15140,17304.0,p92,p92,p92
301574,46700,447643.0,p9,p9,p9
202286,27220,35606.0,p21,p21,p21
148190,40260,69493.0,p98,p98,p98
163358,32860,45368.0,p46,p46,p46
201034,29260,26835.0,p5,p5,p5
112094,44340,79608.0,p94,p94,p94
154668,20060,51438.0,p94,p94,p94
121018,32180,22761.0,p54,p54,p54
307378,37770,20306.0,p65,p65,p65
152868,17900,838433.0,p96,p96,p96
200747,34580,129205.0,p1,p1,p1
137654,26980,173105.0,p70,p70,p70
110693,24740,43909.0,p87,p87,p87
150197,37860,502629.0,p91,p91,p91
157739,20060,51438.0,p94,p94,p94
301187,38060,4948203.0,p28,p28,p28
122826,38740,55766.0,p84,p84,p84
155593,14540,179240.0,p93,p93,p93
117414,14700,55928.0,p55,p55,p55
203070,22660,356899.0,p33,p33,p33
201258,16220,79858.0,p24,p24,p24
149435,46460,30069.0,p92,p92,p92
205308,29260,26835.0,p5,p5,p5
130438,22700,35904.0,p45,p45,p45
150198,37860,502629.0,p91,p91,p91
146593,12580,2800053.0,p123,p123,p123
109622,44260,59276.0,p88,p88,p88
121032,22620,24994.0,p85,p85,p85
117953,16020,96765.0,p72,p72,p72
149989,38220,87804.0,p85,p85,p85
147746,11940,53794.0,p92,p92,p92
202407,36620,54522.0,p7,p7,p7
135314,47420,22384.0,p37,p37,p37
111055,22520,147970.0,p89,p89,p89
202655,24420,87487.0,p6,p6,p6
108318,29460,724777.0,p101,p101,p101
111408,40260,69493.0,p98,p98,p98
201320,30860,142165.0,p25,p25,p25
111023,18420,36953.0,p88,p88,p88
109589,18060,58595.0,p88,p88,p88
111542,12060,6020364.0,p94,p94,p94
148131,32660,41277.0,p92,p92,p92
150562,38940,489297.0,p102,p102,p102
202445,40180,39261.0,p21,p21,p21
203742,24300,154210.0,p33,p33,p33
146169,15680,113510.0,p123,p123,p123
131983,20740,169304.0,p46,p46,p46
310254,29740,218195.0,p31,p31,p31
119257,33060,31127.0,p51,p51,p51
121751,28140,2157990.0,p54,p54,p54
144342,40340,221921.0,p43,p43,p43
116569,12060,6020364.0,p94,p94,p94
149449,15140,17304.0,p92,p92,p92
112558,33740,200261.0,p86,p86,p86
154748,46460,30069.0,p92,p92,p92
123854,30140,141793.0,p122,p122,p122
147498,44980,90843.0,p122,p122,p122
148352,29900,34823.0,p98,p98,p98
142330,12060,6020364.0,p94,p94,p94
159911,15140,17304.0,p92,p92,p92
200667,13380,229247.0,p1,p1,p1
148836,22900,250368.0,p56,p56,p56
200734,13380,229247.0,p1,p1,p1
107872,42620,78753.0,p85,p85,p85
205945,46860,35734.0,p26,p26,p26
111971,10780,152037.0,p58,p58,p58
147307,31500,32308.0,p107,p107,p107
159106,26980,173105.0,p70,p70,p70
304103,33700,550660.0,p9,p9,p9
151991,29460,724777.0,p101,p101,p101
201488,14500,326196.0,p33,p33,p33
151752,42340,393353.0,p94,p94,p94
143935,45940,367430.0,p126,p126,p126
121030,22620,24994.0,p85,p85,p85
145570,15380,1127983.0,p127,p127,p127
149339,34660,39001.0,p93,p93,p93
127704,29460,724777.0,p101,p101,p101
149530,48500,19316.0,p88,p88,p88
109640,32940,99408.0,p87,p87,p87
117236,42620,78753.0,p85,p85,p85
143827,39540,196311.0,p79,p79,p79
147278,17300,307820.0,p92,p92,p92
203861,19740,2967239.0,p33,p33,p33
161069,12060,6020364.0,p94,p94,p94
117603,42740,42339.0,p54,p54,p54
161068,12060,6020364.0,p94,p94,p94
204226,16940,99500.0,p24,p24,p24
120751,45220,387227.0,p101,p101,p101
121578,p124,10000.0,p124,p124,p124
117228,40780,85413.0,p85,p85,p85
202642,10540,129749.0,p5,p5,p5
121817,27900,179564.0,p55,p55,p55
130997,16140,20165.0,p45,p45,p45
203689,14500,326196.0,p33,p33,p33
115185,39580,1390785.0,p98,p98,p98
120996,16700,802122.0,p96,p96,p96
111095,18980,83768.0,p89,p89,p89
203681,14500,326196.0,p33,p33,p33
201178,45520,26682.0,p5,p5,p5
201309,34300,27511.0,p15,p15,p15
117261,40780,85413.0,p85,p85,p85
122700,14700,55928.0,p55,p55,p55
148105,42940,98250.0,p92,p92,p92
109593,18060,58595.0,p88,p88,p88
110692,24740,43909.0,p87,p87,p87
117294,22220,534904.0,p56,p56,p56
148245,40260,69493.0,p98,p98,p98
144341,40340,221921.0,p43,p43,p43
150260,35380,1270530.0,p58,p58,p58
131616,21840,18295.0,p70,p70,p70
148584,30280,34375.0,p92,p92,p92
123123,14010,171517.0,p83,p83,p83
200723,42660,3979845.0,p1,p1,p1
117482,14700,55928.0,p55,p55,p55
150577,33100,6166488.0,p102,p102,p102
206359,36260,683864.0,p25,p25,p25
123991,30900,37689.0,p105,p105,p105
117879,38740,55766.0,p84,p84,p84
155599,34980,1934317.0,p92,p92,p92
143576,20740,169304.0,p46,p46,p46
146910,25500,134964.0,p99,p99,p99
147547,26500,45144.0,p122,p122,p122
306531,39900,475642.0,p12,p12,p12
123853,30140,141793.0,p122,p122,p122
201215,21660,382067.0,p5,p5,p5
310177,37220,46523.0,p12,p12,p12
116052,12020,213750.0,p94,p94,p94
149436,46460,30069.0,p92,p92,p92
121019,32180,22761.0,p54,p54,p54
117880,38740,55766.0,p84,p84,p84
209081,45520,26682.0,p5,p5,p5
107930,25460,45185.0,p56,p56,p56
110774,16340,42613.0,p94,p94,p94
149763,21120,21859.0,p50,p50,p50
131376,17540,46429.0,p70,p70,p70
116422,35460,36004.0,p92,p92,p92
115614,32820,1346045.0,p92,p92,p92
150261,35380,1270530.0,p58,p58,p58
130426,43580,144701.0,p45,p45,p45
152075,28940,869046.0,p92,p92,p92
111743,11140,34781.0,p94,p94,p94
118448,45140,48657.0,p51,p51,p51
121396,32500,17070.0,p109,p109,p109
132736,31700,417025.0,p130,p130,p130
114605,22840,71513.0,p89,p89,p89
200959,45520,26682.0,p5,p5,p5
111073,19460,152603.0,p89,p89,p89
129322,12380,40062.0,p68,p68,p68
150239,35380,1270530.0,p58,p58,p58
118131,36840,25544.0,p53,p53,p53
110772,16340,42613.0,p94,p94,p94
151791,36380,42168.0,p101,p101,p101
134579,p42,10000.0,p42,p42,p42
148184,18900,60520.0,p92,p92,p92
121233,34260,41932.0,p85,p85,p85
110071,24980,20758.0,p87,p87,p87
110061,19140,144724.0,p94,p94,p94
110696,24740,43909.0,p87,p87,p87
150222,25220,134758.0,p58,p58,p58
117159,43460,38280.0,p72,p72,p72
115746,19420,33167.0,p92,p92,p92
117413,14700,55928.0,p55,p55,p55
131659,36540,949442.0,p41,p41,p41
132120,11180,123351.0,p70,p70,p70
306127,25820,18546.0,p48,p48,p48
144336,39860,46340.0,p43,p43,p43
300127,46340,232751.0,p63,p63,p63
130699,20220,97311.0,p70,p70,p70
137837,26580,355873.0,p112,p112,p112
147841,40060,1291900.0,p99,p99,p99
122289,16980,9458539.0,p80,p80,p80
117305,25460,45185.0,p56,p56,p56
162881,12380,40062.0,p68,p68,p68
132168,26980,173105.0,p70,p70,p70
109827,46180,166126.0,p88,p88,p88
201247,31020,110593.0,p2,p2,p2
122798,38740,55766.0,p84,p84,p84
203692,39380,168424.0,p34,p34,p34
116398,29340,210409.0,p58,p58,p58
151246,36660,82124.0,p58,p58,p58
118411,34780,67997.0,p51,p51,p51
132626,45940,367430.0,p126,p126,p126
140712,14460,4873019.0,p131,p131,p131
110771,16340,42613.0,p94,p94,p94
111415,40260,69493.0,p98,p98,p98
149437,32280,33328.0,p92,p92,p92
132613,45940,367430.0,p126,p126,p126
109418,13720,41364.0,p118,p118,p118
153562,46220,252047.0,p89,p89,p89
310251,29820,2266715.0,p13,p13,p13
117809,28380,29131.0,p84,p84,p84
121445,16820,218615.0,p99,p99,p99
161898,30280,34375.0,p92,p92,p92
107708,14180,40651.0,p85,p85,p85
147318,14540,179240.0,p93,p93,p93
205024,38540,95489.0,p16,p16,p16
121121,47660,54062.0,p54,p54,p54
303106,12540,900202.0,p10,p10,p10
133770,22020,246145.0,p37,p37,p37
160010,32260,39369.0,p70,p70,p70
133811,11180,123351.0,p70,p70,p70
158650,34100,142749.0,p92,p92,p92
159109,34700,42664.0,p70,p70,p70
202569,13740,181667.0,p20,p20,p20
119164,34780,67997.0,p51,p51,p51
148427,27340,197938.0,p98,p98,p98
131878,18100,33470.0,p40,p40,p40
112147,20140,64090.0,p94,p94,p94
160009,32260,39369.0,p70,p70,p70
132653,34700,42664.0,p70,p70,p70
115714,29300,103176.0,p94,p94,p94
121130,27860,133860.0,p85,p85,p85
130155,22260,58746.0,p43,p43,p43
151104,45300,3194831.0,p101,p101,p101
129401,40340,221921.0,p43,p43,p43
149497,46180,166126.0,p88,p88,p88
119168,34780,67997.0,p51,p51,p51
203573,p35,10000.0,p35,p35,p35
160008,32260,39369.0,p70,p70,p70
154627,19000,58209.0,p97,p97,p97
117513,27900,179564.0,p55,p55,p55
150578,33100,6166488.0,p102,p102,p102
137007,47940,168522.0,p69,p69,p69
136983,20220,97311.0,p70,p70,p70
111306,28620,37009.0,p98,p98,p98
200967,28060,103806.0,p17,p17,p17
117771,22780,52607.0,p73,p73,p73
147277,17300,307820.0,p92,p92,p92
129423,36940,36649.0,p43,p43,p43
122858,37140,96272.0,p93,p93,p93
110024,15660,57963.0,p94,p94,p94
131369,20220,97311.0,p70,p70,p70
203271,31020,110593.0,p2,p2,p2
122825,38740,55766.0,p84,p84,p84
111432,25780,44535.0,p98,p98,p98
137006,47940,168522.0,p69,p69,p69
122295,40420,336116.0,p80,p80,p80
203572,p35,10000.0,p35,p35,p35
122786,38740,55766.0,p84,p84,p84
117881,17860,208173.0,p72,p72,p72
306995,13700,36664.0,p60,p60,p60
121102,37500,45325.0,p85,p85,p85
112146,20140,64090.0,p94,p94,p94
201767,41420,433903.0,p5,p5,p5
111107,27530,63521.0,p89,p89,p89
133208,48140,163285.0,p75,p75,p75
305522,45340,32723.0,p31,p31,p31
301484,13700,36664.0,p60,p60,p60
147469,41820,61779.0,p98,p98,p98
107664,42460,51626.0,p89,p89,p89
155672,18980,83768.0,p89,p89,p89
112605,26380,208075.0,p58,p58,p58
112725,18980,83768.0,p89,p89,p89
162479,48900,297533.0,p98,p98,p98
112031,47080,36002.0,p94,p94,p94
157456,18980,83768.0,p89,p89,p89
137100,31700,417025.0,p130,p130,p130
121126,37500,45325.0,p85,p85,p85
201417,31020,110593.0,p2,p2,p2
202666,32780,220944.0,p6,p6,p6
143941,35620_p126,6585382.235587343,p126,p126,p126
111545,12060,6020364.0,p94,p94,p94
123617,20700,170271.0,p122,p122,p122
110070,24980,20758.0,p87,p87,p87
110200,11500,113605.0,p90,p90,p90
149853,26380,208075.0,p58,p58,p58
118412,34780,67997.0,p51,p51,p51
150223,14220,46194.0,p58,p58,p58
148534,16860,565194.0,p92,p92,p92
117195,33620,24748.0,p72,p72,p72
132118,32260,39369.0,p70,p70,p70
111421,40260,69493.0,p98,p98,p98
150831,36740,2608147.0,p101,p101,p101
120842,25300,38839.0,p71,p71,p71
131615,36900,34969.0,p70,p70,p70
149500,46180,166126.0,p88,p88,p88
112239,27530,63521.0,p89,p89,p89
131370,20220,97311.0,p70,p70,p70
203999,22660,356899.0,p33,p33,p33
301611,20940,181215.0,p10,p10,p10
111051,26620,471824.0,p89,p89,p89
123852,30140,141793.0,p122,p122,p122
111022,18420,36953.0,p88,p88,p88
119166,34780,67997.0,p51,p51,p51
150823,36740,2608147.0,p101,p101,p101
201416,31020,110593.0,p2,p2,p2
206311,41100,177556.0,p25,p25,p25
123616,20700,170271.0,p122,p122,p122
112446,14220,46194.0,p58,p58,p58
131067,32260,39369.0,p70,p70,p70
120915,25940,222195.0,p96,p96,p96
206310,41100,177556.0,p25,p25,p25
122412,13500,26118.0,p96,p96,p96
309015,19100,7573136.0,p63,p63,p63
114253,16740,2636883.0,p97,p97,p97
150832,36740,2608147.0,p101,p101,p101
149148,34780,67997.0,p51,p51,p51
162143,27530,63521.0,p89,p89,p89
152641,43140,97947.0,p97,p97,p97
107899,34260,41932.0,p85,p85,p85
132649,34700,42664.0,p70,p70,p70
149526,37060,54019.0,p88,p88,p88
115453,39580,1390785.0,p98,p98,p98
112172,47580,185409.0,p94,p94,p94
111191,23580,204441.0,p94,p94,p94
107750,40780,85413.0,p85,p85,p85
149434,46460,30069.0,p92,p92,p92
308721,31260,86715.0,p63,p63,p63
149800,22860,47429.0,p58,p58,p58
144006,37980,6102434.0,p122,p122,p122
112505,12940,854884.0,p58,p58,p58
117285,22620,24994.0,p85,p85,p85
128355,33780,150500.0,p103,p103,p103
133737,24220,100815.0,p37,p37,p37
117314,12900,55267.0,p85,p85,p85
154228,36700,86175.0,p96,p96,p96
115278,18260,114272.0,p92,p92,p92
135243,27420,20704.0,p37,p37,p37
155596,34980,1934317.0,p92,p92,p92
132867,47940,168522.0,p69,p69,p69
149420,22900,250368.0,p56,p56,p56
302266,22380,143476.0,p28,p28,p28
302968,41700,2550960.0,p65,p65,p65
113618,17140,2221208.0,p114,p114,p114
128356,33780,150500.0,p103,p103,p103
202320,40540,42343.0,p21,p21,p21
117635,42740,42339.0,p54,p54,p54
200960,11820,40224.0,p5,p5,p5
201129,33540,119600.0,p17,p17,p17
113763,17140,2221208.0,p114,p114,p114
148586,29980,44142.0,p92,p92,p92
120813,11580,38001.0,p101,p101,p101
132154,19780,699292.0,p70,p70,p70
153593,37940,35516.0,p105,p105,p105
111395,41220,54666.0,p94,p94,p94
114942,22520,147970.0,p89,p89,p89
149949,22840,71513.0,p89,p89,p89
135670,28740,177573.0,p127,p127,p127
115365,27740,203649.0,p92,p92,p92
110198,11500,113605.0,p90,p90,p90
203876,17820,745791.0,p34,p34,p34
107704,14180,40651.0,p85,p85,p85
202107,19740,2967239.0,p33,p33,p33
151982,11580,38001.0,p101,p101,p101
114383,40460,44829.0,p98,p98,p98
201878,30860,142165.0,p25,p25,p25
117636,42740,42339.0,p54,p54,p54
137051,31700,417025.0,p130,p130,p130
114377,40460,44829.0,p98,p98,p98
114382,40460,44829.0,p98,p98,p98
200866,34140,40108.0,p14,p14,p14
118128,36840,25544.0,p53,p53,p53
303226,44700,762148.0,p9,p9,p9
131741,36540,949442.0,p41,p41,p41
131612,36820,22095.0,p70,p70,p70
144558,31860,101927.0,p68,p68,p68
114149,41820,61779.0,p98,p98,p98
130983,32260,39369.0,p70,p70,p70
203741,24300,154210.0,p33,p33,p33
152987,11500,113605.0,p90,p90,p90
114148,41820,61779.0,p98,p98,p98
108714,19660,668365.0,p101,p101,p101
303291,40900,2363730.0,p9,p9,p9
132086,47940,168522.0,p69,p69,p69
201100,34180,97733.0,p4,p4,p4
136469,35980,265206.0,p132,p132,p132
148517,29980,44142.0,p92,p92,p92
137979,16300,273032.0,p70,p70,p70
117161,44180,470300.0,p55,p55,p55
113660,17460,2048449.0,p111,p111,p111
131556,29100,136616.0,p46,p46,p46
147519,48700,113299.0,p122,p122,p122
149952,18980,83768.0,p89,p89,p89
143866,44620,70772.0,p75,p75,p75
120866,44940,140466.0,p96,p96,p96
117118,41140,125223.0,p54,p54,p54
133996,24220,100815.0,p37,p37,p37
152074,28940,869046.0,p92,p92,p92
121224,22500,204911.0,p96,p96,p96
146602,16820,218615.0,p99,p99,p99
149331,31740,130285.0,p53,p53,p53
147187,39580,1390785.0,p98,p98,p98
146123,47620,39191.0,p122,p122,p122
150983,33100,6166488.0,p102,p102,p102
154353,32820,1346045.0,p92,p92,p92
112024,27340,197938.0,p98,p98,p98
117667,28140,2157990.0,p54,p54,p54
131722,25580,31363.0,p40,p40,p40
159748,23660,49699.0,p81,p81,p81
117533,17900,838433.0,p96,p96,p96
117160,44180,470300.0,p55,p55,p55
151751,42340,393353.0,p94,p94,p94
144037,37980,6102434.0,p122,p122,p122
116988,35140,38440.0,p96,p96,p96
200844,42660,3979845.0,p1,p1,p1
117454,41140,125223.0,p54,p54,p54
309378,40900,2363730.0,p9,p9,p9
202676,29660,38880.0,p24,p24,p24
121200,42740,42339.0,p54,p54,p54
202456,43260,30485.0,p22,p22,p22
111534,12060,6020364.0,p94,p94,p94
114295,42460,51626.0,p89,p89,p89
114837,31420,229996.0,p94,p94,p94
122684,31580,44686.0,p108,p108,p108
122328,13500,26118.0,p96,p96,p96
115989,35140,38440.0,p96,p96,p96
124037,36980,119440.0,p108,p108,p108
123633,44300,162385.0,p119,p119,p119
205028,26820,151530.0,p16,p16,p16
132171,26980,173105.0,p70,p70,p70
202501,43940,25844.0,p32,p32,p32
119000,45140,48657.0,p51,p51,p51
300657,19700,23709.0,p31,p31,p31
148109,18900,60520.0,p92,p92,p92
123860,39740,421164.0,p122,p122,p122
116570,12060,6020364.0,p94,p94,p94
117955,48460,40117.0,p84,p84,p84
118146,25700,28553.0,p53,p53,p53
149422,22900,250368.0,p56,p56,p56
121059,17300,307820.0,p92,p92,p92
110143,23460,102268.0,p90,p90,p90
121129,27860,133860.0,p85,p85,p85
107933,25460,45185.0,p56,p56,p56
302331,40900,2363730.0,p9,p9,p9
304349,34900,137744.0,p9,p9,p9
155244,28940,869046.0,p92,p92,p92
157114,31740,130285.0,p53,p53,p53
307837,14420,20938.0,p48,p48,p48
140711,14460,4873019.0,p131,p131,p131
117283,40780,85413.0,p85,p85,p85
153333,34500,37684.0,p81,p81,p81
153153,45700,40644.0,p94,p94,p94
148580,29980,44142.0,p92,p92,p92
122701,14700,55928.0,p55,p55,p55
137655,19780,699292.0,p70,p70,p70
203576,13740,181667.0,p20,p20,p20
111398,41220,54666.0,p94,p94,p94
151255,29180,489207.0,p58,p58,p58
136990,20220,97311.0,p70,p70,p70
150959,33100,6166488.0,p102,p102,p102
304874,44700,762148.0,p9,p9,p9
111397,41220,54666.0,p94,p94,p94
204463,15580,34915.0,p17,p17,p17
309426,44860,37084.0,p63,p63,p63
132114,16300,273032.0,p70,p70,p70
134752,13420,47188.0,p42,p42,p42
147275,17300,307820.0,p92,p92,p92
302197,34860,65204.0,p66,p66,p66
200350,13380,229247.0,p1,p1,p1
111105,27530,63521.0,p89,p89,p89
143944,35620_p126,6585382.235587343,p126,p126,p126
117435,44180,470300.0,p55,p55,p55
117258,22900,250368.0,p56,p56,p56
117785,38740,55766.0,p84,p84,p84
148132,32660,41277.0,p92,p92,p92
162670,32820,1346045.0,p92,p92,p92
117838,25300,38839.0,p71,p71,p71
206400,30860,142165.0,p25,p25,p25
109844,12220,164542.0,p90,p90,p90
153567,46220,252047.0,p89,p89,p89
115671,11940,53794.0,p92,p92,p92
112391,48900,297533.0,p98,p98,p98
120464,36100,365579.0,p101,p101,p101
148522,16860,565194.0,p92,p92,p92
117963,27620,151235.0,p72,p72,p72
112502,12940,854884.0,p58,p58,p58
156972,32940,99408.0,p87,p87,p87
203879,22660,356899.0,p33,p33,p33
146334,40060,1291900.0,p99,p99,p99
150862,36740,2608147.0,p101,p101,p101
121795,22780,52607.0,p73,p73,p73
115672,11940,53794.0,p92,p92,p92
153364,38700,35648.0,p80,p80,p80
117398,44180,470300.0,p55,p55,p55
143627,48140,163285.0,p75,p75,p75
153602,29020,82544.0,p105,p105,p105
118040,26740,61998.0,p53,p53,p53
112387,48900,297533.0,p98,p98,p98
132635,19780,699292.0,p70,p70,p70
150262,25620,168849.0,p87,p87,p87
125205,30260,44923.0,p122,p122,p122
135196,19860,32417.0,p36,p36,p36
200428,31020,110593.0,p2,p2,p2
131839,35820,36156.0,p40,p40,p40
149833,34020,49348.0,p58,p58,p58
161524,29380,71686.0,p101,p101,p101
308414,30980,286657.0,p57,p57,p57
150837,37260,74521.0,p101,p101,p101
123861,39740,421164.0,p122,p122,p122
145369,21300,83456.0,p127,p127,p127
132634,19780,699292.0,p70,p70,p70
153306,23140,32399.0,p105,p105,p105
121223,22500,204911.0,p96,p96,p96
117446,41140,125223.0,p54,p54,p54
205955,25720,76236.0,p26,p26,p26
146386,30380,46138.0,p122,p122,p122
130761,47940,168522.0,p69,p69,p69
125594,47780,33351.0,p107,p107,p107
155297,19460,152603.0,p89,p89,p89
201375,28900,68238.0,p6,p6,p6
124988,16540,155027.0,p120,p120,p120
307276,23820,48905.0,p12,p12,p12
308425,49820,14179.0,p65,p65,p65
123403,49620,449058.0,p122,p122,p122
201163,30300,62990.0,p14,p14,p14
113675,11780,97241.0,p111,p111,p111
148106,42940,98250.0,p92,p92,p92
150547,33100,6166488.0,p102,p102,p102
120466,36100,365579.0,p101,p101,p101
111535,12060,6020364.0,p94,p94,p94
202182,18780,13283.0,p33,p33,p33
148635,18100,33470.0,p40,p40,p40
128917,31220,29144.0,p103,p103,p103
125368,15380,1127983.0,p127,p127,p127
132136,19780,699292.0,p70,p70,p70
308861,29820,2266715.0,p13,p13,p13
109414,43700,64979.0,p93,p93,p93
144343,40340,221921.0,p43,p43,p43
113907,48940,41968.0,p113,p113,p113
147839,40060,1291900.0,p99,p99,p99
110742,35900,68412.0,p97,p97,p97
132742,31700,417025.0,p130,p130,p130
117397,44180,470300.0,p55,p55,p55
117964,28860,30003.0,p71,p71,p71
206447,10140,75061.0,p2,p2,p2
144636,13020,103126.0,p103,p103,p103
300188,37580,49859.0,p63,p63,p63
308502,29820,2266715.0,p13,p13,p13
117227,40780,85413.0,p85,p85,p85
132324,35620_p126,6585382.235587343,p126,p126,p126
152759,27740,203649.0,p92,p92,p92
117623,14700,55928.0,p55,p55,p55
206302,41100,177556.0,p25,p25,p25
124699,16980,9458539.0,p80,p80,p80
200766,42660,3979845.0,p1,p1,p1
110108,19140,144724.0,p94,p94,p94
148535,16860,565194.0,p92,p92,p92
121820,27900,179564.0,p55,p55,p55
149315,29940,122259.0,p53,p53,p53
200948,45520,26682.0,p5,p5,p5
150626,38940,489297.0,p102,p102,p102
307488,47300,466195.0,p10,p10,p10
146889,23860,62680.0,p96,p96,p96
123983,29020,82544.0,p105,p105,p105
125100,18020,83779.0,p107,p107,p107
201577,41620,1232696.0,p25,p25,p25
147038,47260,1768901.0,p99,p99,p99
121119,16700,802122.0,p96,p96,p96
151779,48540,138948.0,p112,p112,p112
149132,27180,178644.0,p92,p92,p92
123405,25420,577941.0,p122,p122,p122
117580,44180,470300.0,p55,p55,p55
114004,31300,130625.0,p98,p98,p98
117512,27900,179564.0,p55,p55,p55
150864,37260,74521.0,p101,p101,p101
147828,40060,1291900.0,p99,p99,p99
144340,40340,221921.0,p43,p43,p43
148396,48900,297533.0,p98,p98,p98
150019,40820,46742.0,p86,p86,p86
114916,49180,676008.0,p97,p97,p97
154357,32820,1346045.0,p92,p92,p92
131662,36540,949442.0,p41,p41,p41
120928,13500,26118.0,p96,p96,p96
149128,27180,178644.0,p92,p92,p92
143619,35620_p126,6585382.235587343,p126,p126,p126
112389,48900,297533.0,p98,p98,p98
152640,25860,369711.0,p97,p97,p97
206308,41100,177556.0,p25,p25,p25
149954,10700,96774.0,p89,p89,p89
201519,18780,13283.0,p33,p33,p33
112390,48900,297533.0,p98,p98,p98
120772,12260,608980.0,p96,p96,p96
157007,22520,147970.0,p89,p89,p89
132925,13900,128949.0,p36,p36,p36
201308,34300,27511.0,p15,p15,p15
147911,44300,162385.0,p119,p119,p119
130442,44740,19620.0,p45,p45,p45
111913,10500,146726.0,p94,p94,p94
148636,18100,33470.0,p40,p40,p40
115616,32820,1346045.0,p92,p92,p92
154061,27260,1559514.0,p101,p101,p101
205122,19740,2967239.0,p33,p33,p33
301541,31080,13214799.0,p10,p10,p10
127790,27540,55125.0,p107,p107,p107
146331,40060,1291900.0,p99,p99,p99
151254,29180,489207.0,p58,p58,p58
131649,36540,949442.0,p41,p41,p41
203116,19740,2967239.0,p33,p33,p33
302159,46060,1047279.0,p30,p30,p30
133419,13900,128949.0,p36,p36,p36
146758,29540,545724.0,p122,p122,p122
109670,27140,594806.0,p87,p87,p87
133731,31700,417025.0,p130,p130,p130
128855,33220,83156.0,p103,p103,p103
111533,12060,6020364.0,p94,p94,p94
108716,19660,668365.0,p101,p101,p101
118044,32700,28542.0,p53,p53,p53
147305,23980,54320.0,p109,p109,p109
134996,13900,128949.0,p36,p36,p36
149131,27180,178644.0,p92,p92,p92
117540,28140,2157990.0,p54,p54,p54
154360,32820,1346045.0,p92,p92,p92
303025,33260,182603.0,p62,p62,p62
137065,31700,417025.0,p130,p130,p130
147257,31300,130625.0,p98,p98,p98
112272,48900,297533.0,p98,p98,p98
147317,14540,179240.0,p93,p93,p93
114384,40460,44829.0,p98,p98,p98
111357,12060,6020364.0,p94,p94,p94
119028,29940,122259.0,p53,p53,p53
153514,13820,1090435.0,p89,p89,p89
201058,45520,26682.0,p5,p5,p5
113535,33300,53347.0,p94,p94,p94
201520,18780,13283.0,p33,p33,p33
200364,42660,3979845.0,p1,p1,p1
107858,22220,534904.0,p56,p56,p56
149678,22900,250368.0,p56,p56,p56
149476,18420,36953.0,p88,p88,p88
148426,33980,69473.0,p98,p98,p98
146728,19260,100398.0,p99,p99,p99
109618,44260,59276.0,p88,p88,p88
201792,36260,683864.0,p25,p25,p25
120835,41140,125223.0,p54,p54,p54
301162,33260,182603.0,p62,p62,p62
308399,14780,35882.0,p64,p64,p64
308564,45020,14714.0,p60,p60,p60
149127,27180,178644.0,p92,p92,p92
116054,12020,213750.0,p94,p94,p94
120496,37260,74521.0,p101,p101,p101
136209,14460,4873019.0,p131,p131,p131
150056,27140,594806.0,p87,p87,p87
206624,41100,177556.0,p25,p25,p25
111376,21020,53287.0,p98,p98,p98
111392,41220,54666.0,p94,p94,p94
305628,19100,7573136.0,p63,p63,p63
304492,45020,14714.0,p60,p60,p60
159955,39500,75211.0,p81,p81,p81
310238,42220,494336.0,p9,p9,p9
111466,24780,180742.0,p98,p98,p98
111040,22520,147970.0,p89,p89,p89
111377,21020,53287.0,p98,p98,p98
148111,18260,114272.0,p92,p92,p92
200949,45520,26682.0,p5,p5,p5
202661,18300,64487.0,p6,p6,p6
150669,38940,489297.0,p102,p102,p102
203840,14500,326196.0,p33,p33,p33
150549,33100,6166488.0,p102,p102,p102
148282,24780,180742.0,p98,p98,p98
153903,43380,48590.0,p112,p112,p112
203705,24540,324492.0,p33,p33,p33
117445,14700,55928.0,p55,p55,p55
111355,12060,6020364.0,p94,p94,p94
152117,24620,69069.0,p92,p92,p92
306553,46340,232751.0,p63,p63,p63
111086,42460,51626.0,p89,p89,p89
202281,47460,60760.0,p2,p2,p2
110063,19140,144724.0,p94,p94,p94
203845,19740,2967239.0,p33,p33,p33
136986,47940,168522.0,p69,p69,p69
115638,16860,565194.0,p92,p92,p92
121021,32180,22761.0,p54,p54,p54
119988,38260,38818.0,p53,p53,p53
116571,12060,6020364.0,p94,p94,p94
203853,14500,326196.0,p33,p33,p33
112635,35380,1270530.0,p58,p58,p58
153004,37460,174705.0,p91,p91,p91
115409,32820,1346045.0,p92,p92,p92
124218,25420,577941.0,p122,p122,p122
303836,39150,235099.0,p28,p28,p28
200363,42660,3979845.0,p1,p1,p1
152116,24620,69069.0,p92,p92,p92
300063,31180,322257.0,p48,p48,p48
111396,41220,54666.0,p94,p94,p94
154351,32820,1346045.0,p92,p92,p92
153281,26900,2074537.0,p106,p106,p106
107989,22900,250368.0,p56,p56,p56
202345,40540,42343.0,p21,p21,p21
137657,26980,173105.0,p70,p70,p70
111356,12060,6020364.0,p94,p94,p94
146106,21500,269728.0,p122,p122,p122
144255,35740,48167.0,p40,p40,p40
120831,36700,86175.0,p96,p96,p96
148119,34980,1934317.0,p92,p92,p92
111575,46660,147292.0,p94,p94,p94
117647,28140,2157990.0,p54,p54,p54
202429,49420,250873.0,p2,p2,p2
150266,35380,1270530.0,p58,p58,p58
124165,40420,336116.0,p80,p80,p80
121968,19340,379172.0,p81,p81,p81
111732,10500,146726.0,p94,p94,p94
206113,34180,97733.0,p4,p4,p4
150240,35380,1270530.0,p58,p58,p58
147316,14540,179240.0,p93,p93,p93
128777,28020,265066.0,p104,p104,p104
110695,24740,43909.0,p87,p87,p87
108172,37460,174705.0,p91,p91,p91
308269,31080,13214799.0,p10,p10,p10
119169,34780,67997.0,p51,p51,p51
149340,34660,39001.0,p93,p93,p93
109611,29860,84481.0,p87,p87,p87
153565,27140,594806.0,p87,p87,p87
131656,36540,949442.0,p41,p41,p41
201125,32780,220944.0,p6,p6,p6
110773,16340,42613.0,p94,p94,p94
160025,19780,699292.0,p70,p70,p70
117250,22900,250368.0,p56,p56,p56
129034,37620,89339.0,p116,p116,p116
155604,37140,96272.0,p93,p93,p93
304113,13140,392563.0,p66,p66,p66
200769,42660,3979845.0,p1,p1,p1
154912,32000,45756.0,p97,p97,p97
201110,13460,197692.0,p5,p5,p5
148531,16860,565194.0,p92,p92,p92
302075,23420,999101.0,p9,p9,p9
201893,36260,683864.0,p25,p25,p25
138683,32100,66699.0,p74,p74,p74
303819,41940,1990660.0,p9,p9,p9
109561,18060,58595.0,p88,p88,p88
308864,41940,1990660.0,p9,p9,p9
132172,26980,173105.0,p70,p70,p70
150820,36740,2608147.0,p101,p101,p101
111777,29340,210409.0,p58,p58,p58
143557,48820,43199.0,p43,p43,p43
132115,16300,273032.0,p70,p70,p70
117849,43460,38280.0,p72,p72,p72
110011,25060,417665.0,p87,p87,p87
122775,39500,75211.0,p81,p81,p81
107970,31620,23457.0,p85,p85,p85
150582,17220,92399.0,p116,p116,p116
111498,27600,72977.0,p94,p94,p94
301043,38060,4948203.0,p28,p28,p28
160420,46460,30069.0,p92,p92,p92
144062,21300,83456.0,p127,p127,p127
117504,41140,125223.0,p54,p54,p54
203575,24500,81366.0,p18,p18,p18
151160,34620,114135.0,p105,p105,p105
136056,40860,58191.0,p129,p129,p129
146617,11020,121829.0,p122,p122,p122
112145,20140,64090.0,p94,p94,p94
122197,19940,34096.0,p80,p80,p80
143618,35620_p126,6585382.235587343,p126,p126,p126
150238,35380,1270530.0,p58,p58,p58
202239,17820,745791.0,p34,p34,p34
112270,48900,297533.0,p98,p98,p98
134711,19940,34096.0,p80,p80,p80
137097,31700,417025.0,p130,p130,p130
131666,36540,949442.0,p41,p41,p41
149419,22900,250368.0,p56,p56,p56
154827,27860,133860.0,p85,p85,p85
125089,24700,26559.0,p107,p107,p107
110027,15660,57963.0,p94,p94,p94
121201,42740,42339.0,p54,p54,p54
147276,17300,307820.0,p92,p92,p92
117343,17900,838433.0,p96,p96,p96
131651,36540,949442.0,p41,p41,p41
111922,19760,37497.0,p58,p58,p58
114943,22520,147970.0,p89,p89,p89
117248,22900,250368.0,p56,p56,p56
132177,13900,128949.0,p36,p36,p36
136116,26460,59461.0,p127,p127,p127
117698,41140,125223.0,p54,p54,p54
111779,29340,210409.0,p58,p58,p58
144349,43100,115340.0,p79,p79,p79
136115,26460,59461.0,p127,p127,p127
307570,39820,180080.0,p9,p9,p9
149439,37540,32345.0,p92,p92,p92
109569,44260,59276.0,p88,p88,p88
122813,34820,496901.0,p96,p96,p96
111595,45620,44451.0,p94,p94,p94
131753,36540,949442.0,p41,p41,p41
121816,27900,179564.0,p55,p55,p55
206626,41100,177556.0,p25,p25,p25
129387,40340,221921.0,p43,p43,p43
151301,37340,601942.0,p102,p102,p102
206586,16940,99500.0,p24,p24,p24
131980,20740,169304.0,p46,p46,p46
148140,34980,1934317.0,p92,p92,p92
117318,14180,40651.0,p85,p85,p85
306029,40900,2363730.0,p9,p9,p9
201035,17660,165697.0,p14,p14,p14
131665,36540,949442.0,p41,p41,p41
114304,26620,471824.0,p89,p89,p89
204092,19740,2967239.0,p33,p33,p33
206625,41100,177556.0,p25,p25,p25
154293,14820,34385.0,p97,p97,p97
155349,33860,373290.0,p90,p90,p90
200400,36500,290536.0,p1,p1,p1
109568,44260,59276.0,p88,p88,p88
201005,41420,433903.0,p5,p5,p5
158972,41780,74266.0,p111,p111,p111
153193,29460,724777.0,p101,p101,p101
200602,44060,568521.0,p3,p3,p3
149417,22900,250368.0,p56,p56,p56
304316,26420,7066141.0,p67,p67,p67
143542,33460,3640043.0,p43,p43,p43
300232,31080,13214799.0,p10,p10,p10
150075,46980,45381.0,p87,p87,p87
144063,13780,238691.0,p127,p127,p127
149332,25700,28553.0,p53,p53,p53
139867,15540,220411.0,p129,p129,p129
305767,49740,213787.0,p28,p28,p28
117634,42740,42339.0,p54,p54,p54
114098,29900,34823.0,p98,p98,p98
202807,16260,54839.0,p25,p25,p25
150293,19660,668365.0,p101,p101,p101
115612,32820,1346045.0,p92,p92,p92
304924,31180,322257.0,p48,p48,p48
301009,36220,166223.0,p62,p62,p62
133414,46780,28275.0,p112,p112,p112
145781,45900,150653.0,p103,p103,p103
117162,44180,470300.0,p55,p55,p55
132844,34060,139044.0,p116,p116,p116
303932,36220,166223.0,p62,p62,p62
151241,23580,204441.0,p94,p94,p94
113672,17140,2221208.0,p114,p114,p114
308621,46700,447643.0,p9,p9,p9
130584,20220,97311.0,p70,p70,p70
309573,33700,550660.0,p9,p9,p9
129869,20740,169304.0,p46,p46,p46
131390,20740,169304.0,p46,p46,p46
131061,10660,30281.0,p68,p68,p68
144331,40340,221921.0,p43,p43,p43
118413,34780,67997.0,p51,p51,p51
114113,22180,526719.0,p98,p98,p98
109674,27140,594806.0,p87,p87,p87
306031,12540,900202.0,p10,p10,p10
149338,32460,37266.0,p93,p93,p93
134908,13900,128949.0,p36,p36,p36
110000,38100,55535.0,p87,p87,p87
132135,19780,699292.0,p70,p70,p70
140805,44140,697382.0,p131,p131,p131
305902,41740,3338330.0,p11,p11,p11
146592,14100,83194.0,p122,p122,p122
203680,19740,2967239.0,p33,p33,p33
137005,47940,168522.0,p69,p69,p69
206362,36260,683864.0,p25,p25,p25
203676,19740,2967239.0,p33,p33,p33
111360,12060,6020364.0,p94,p94,p94
149112,22900,250368.0,p56,p56,p56
122194,44580,55175.0,p80,p80,p80
146613,41260,29910.0,p119,p119,p119
107895,34260,41932.0,p85,p85,p85
149129,27180,178644.0,p92,p92,p92
119165,34780,67997.0,p51,p51,p51
147918,24620,69069.0,p92,p92,p92
146623,16820,218615.0,p99,p99,p99
117670,28140,2157990.0,p54,p54,p54
121415,47660,54062.0,p54,p54,p54
145771,12980,134159.0,p103,p103,p103
149418,22900,250368.0,p56,p56,p56
302908,12540,900202.0,p10,p10,p10
149536,46180,166126.0,p88,p88,p88
147691,20500,644367.0,p98,p98,p98
114530,47260,1768901.0,p99,p99,p99
134671,49220,72999.0,p76,p76,p76
122939,21140,206341.0,p105,p105,p105
150445,45300,3194831.0,p101,p101,p101
149430,32280,33328.0,p92,p92,p92
143617,35620_p126,6585382.235587343,p126,p126,p126
117263,31680,33771.0,p85,p85,p85
154741,37500,45325.0,p85,p85,p85
129047,23180,73738.0,p109,p109,p109
115161,39580,1390785.0,p98,p98,p98
121023,42740,42339.0,p54,p54,p54
303706,36220,166223.0,p62,p62,p62
201913,30860,142165.0,p25,p25,p25
144073,12100,263670.0,p126,p126,p126
148014,34100,142749.0,p92,p92,p92
135644,20260,288732.0,p43,p43,p43
144348,43100,115340.0,p79,p79,p79
148025,42940,98250.0,p92,p92,p92
117557,44180,470300.0,p55,p55,p55
134641,44580,55175.0,p80,p80,p80
149453,27180,178644.0,p92,p92,p92
115116,20500,644367.0,p98,p98,p98
131015,48780,37589.0,p36,p36,p36
162404,41140,125223.0,p54,p54,p54
119192,45140,48657.0,p51,p51,p51
147298,17300,307820.0,p92,p92,p92
112018,27340,197938.0,p98,p98,p98
309735,44700,762148.0,p9,p9,p9
131453,41060,201964.0,p43,p43,p43
150244,35380,1270530.0,p58,p58,p58
111039,22520,147970.0,p89,p89,p89
120918,44940,140466.0,p96,p96,p96
146834,34820,496901.0,p96,p96,p96
117559,44180,470300.0,p55,p55,p55
146333,40060,1291900.0,p99,p99,p99
125402,43700,64979.0,p93,p93,p93
122077,14010,171517.0,p83,p83,p83
144055,45060,648593.0,p127,p127,p127
150558,33100,6166488.0,p102,p102,p102
153155,47580,185409.0,p94,p94,p94
130992,11180,123351.0,p70,p70,p70
149118,22900,250368.0,p56,p56,p56
148118,34980,1934317.0,p92,p92,p92
204457,48780,37589.0,p36,p36,p36
132655,34700,42664.0,p70,p70,p70
117196,27620,151235.0,p72,p72,p72
202194,19740,2967239.0,p33,p33,p33
119892,25700,28553.0,p53,p53,p53
111819,15260,118779.0,p94,p94,p94
148101,28940,869046.0,p92,p92,p92
120969,16700,802122.0,p96,p96,p96
144001,46540,289990.0,p127,p127,p127
143571,20740,169304.0,p46,p46,p46
202123,13740,181667.0,p20,p20,p20
133456,12700,212990.0,p131,p131,p131
150216,35380,1270530.0,p58,p58,p58
139878,38460,80485.0,p127,p127,p127
131356,19780,699292.0,p70,p70,p70
111399,41220,54666.0,p94,p94,p94
115717,29300,103176.0,p94,p94,p94
144000,46540,289990.0,p127,p127,p127
123914,16420,30622.0,p108,p108,p108
201390,24500,81366.0,p18,p18,p18
117401,28140,2157990.0,p54,p54,p54
201736,41620,1232696.0,p25,p25,p25
151252,29180,489207.0,p58,p58,p58
149944,19460,152603.0,p89,p89,p89
108063,12900,55267.0,p85,p85,p85
205029,14260,749202.0,p15,p15,p15
111584,46660,147292.0,p94,p94,p94
153558,27140,594806.0,p87,p87,p87
200411,16500,80707.0,p2,p2,p2
148630,36540,949442.0,p41,p41,p41
121970,19340,379172.0,p81,p81,p81
154753,14700,55928.0,p55,p55,p55
204379,27220,35606.0,p21,p21,p21
112607,26380,208075.0,p58,p58,p58
133738,24220,100815.0,p37,p37,p37
146622,16820,218615.0,p99,p99,p99
111486,48980,81801.0,p98,p98,p98
206106,34180,97733.0,p4,p4,p4
115402,32820,1346045.0,p92,p92,p92
111400,41220,54666.0,p94,p94,p94
201602,16260,54839.0,p25,p25,p25
144522,17540,46429.0,p70,p70,p70
155765,26620,471824.0,p89,p89,p89
109907,11700,462680.0,p97,p97,p97
127543,13260,45370.0,p107,p107,p107
149450,15140,17304.0,p92,p92,p92
111980,48980,81801.0,p98,p98,p98
115245,39580,1390785.0,p98,p98,p98
134656,28100,109862.0,p80,p80,p80
162644,44940,140466.0,p96,p96,p96
149117,22900,250368.0,p56,p56,p56
160766,39580,1390785.0,p98,p98,p98
119891,25700,28553.0,p53,p53,p53
137053,31700,417025.0,p130,p130,p130
117682,44180,470300.0,p55,p55,p55
111552,12060,6020364.0,p94,p94,p94
115679,45580,26320.0,p94,p94,p94
153569,46220,252047.0,p89,p89,p89
111531,12060,6020364.0,p94,p94,p94
109412,30940,148123.0,p109,p109,p109
303830,38060,4948203.0,p28,p28,p28
201774,36260,683864.0,p25,p25,p25
202108,19740,2967239.0,p33,p33,p33
122121,19500,104009.0,p83,p83,p83
305746,15180,423163.0,p65,p65,p65
129625,10660,30281.0,p68,p68,p68
200944,21660,382067.0,p5,p5,p5
133485,44140,697382.0,p131,p131,p131
135071,10820,38141.0,p43,p43,p43
201425,17660,165697.0,p14,p14,p14
121120,16700,802122.0,p96,p96,p96
148354,40460,44829.0,p98,p98,p98
145663,33220,83156.0,p103,p103,p103
122485,44180,470300.0,p55,p55,p55
310183,36220,166223.0,p62,p62,p62
144376,10900,844052.0,p122,p122,p122
206108,34180,97733.0,p4,p4,p4
149799,22860,47429.0,p58,p58,p58
148530,16860,565194.0,p92,p92,p92
131673,36540,949442.0,p41,p41,p41
143932,43980,16016.0,p45,p45,p45
132601,45940,367430.0,p126,p126,p126
117626,14700,55928.0,p55,p55,p55
148523,16860,565194.0,p92,p92,p92
146435,34060,139044.0,p116,p116,p116
115787,11940,53794.0,p92,p92,p92
129692,24330,45130.0,p43,p43,p43
143936,45940,367430.0,p126,p126,p126
148094,18900,60520.0,p92,p92,p92
121299,47660,54062.0,p54,p54,p54
149421,22900,250368.0,p56,p56,p56
133769,22020,246145.0,p37,p37,p37
117685,44180,470300.0,p55,p55,p55
309801,41860,4731803.0,p9,p9,p9
116565,12060,6020364.0,p94,p94,p94
300338,46340,232751.0,p63,p63,p63
200958,41420,433903.0,p5,p5,p5
117071,17860,208173.0,p72,p72,p72
201126,49420,250873.0,p2,p2,p2
112392,48900,297533.0,p98,p98,p98
306334,12540,900202.0,p10,p10,p10
121754,28140,2157990.0,p54,p54,p54
115618,32820,1346045.0,p92,p92,p92
110634,15660,57963.0,p94,p94,p94
130488,43980,16016.0,p45,p45,p45
148472,28820,55949.0,p98,p98,p98
136729,38860,538500.0,p134,p134,p134
149367,20540,37159.0,p92,p92,p92
303155,31180,322257.0,p48,p48,p48
114385,40460,44829.0,p98,p98,p98
121128,27860,133860.0,p85,p85,p85
115173,39580,1390785.0,p98,p98,p98
123267,12580,2800053.0,p123,p123,p123
157134,15820,36710.0,p109,p109,p109
139274,35620_p127,2528791.459936988,p127,p127,p127
131802,42420,37529.0,p39,p39,p39
123197,12580,2800053.0,p123,p123,p123
205034,30300,62990.0,p14,p14,p14
143977,45940,367430.0,p126,p126,p126
122557,22900,250368.0,p56,p56,p56
149674,22900,250368.0,p56,p56,p56
150976,33100,6166488.0,p102,p102,p102
144351,36780,171907.0,p76,p76,p76
152585,42340,393353.0,p94,p94,p94
301817,11100,265053.0,p48,p48,p48
108661,33100,6166488.0,p102,p102,p102
300967,38060,4948203.0,p28,p28,p28
128758,26090,118081.0,p103,p103,p103
129735,26780,35893.0,p43,p43,p43
114933,22520,147970.0,p89,p89,p89
111817,15260,118779.0,p94,p94,p94
148346,40460,44829.0,p98,p98,p98
117369,32340,22092.0,p54,p54,p54
152645,23500,57300.0,p95,p95,p95
203743,24300,154210.0,p33,p33,p33
150070,27140,594806.0,p87,p87,p87
131591,16300,273032.0,p70,p70,p70
108807,38580,56414.0,p112,p112,p112
150207,19300,223234.0,p90,p90,p90
109623,44260,59276.0,p88,p88,p88
155261,27530,63521.0,p89,p89,p89
306791,48660,151254.0,p63,p63,p63
115159,39580,1390785.0,p98,p98,p98
201900,42660,3979845.0,p1,p1,p1
154432,26620,471824.0,p89,p89,p89
115469,34020,49348.0,p58,p58,p58
115279,18260,114272.0,p92,p92,p92
205031,34300,27511.0,p15,p15,p15
145846,31220,29144.0,p103,p103,p103
206109,34180,97733.0,p4,p4,p4
201222,16500,80707.0,p2,p2,p2
155592,14540,179240.0,p93,p93,p93
308933,39820,180080.0,p9,p9,p9
117295,22220,534904.0,p56,p56,p56
201590,36260,683864.0,p25,p25,p25
117508,44180,470300.0,p55,p55,p55
151163,35220,47972.0,p107,p107,p107
153837,44180,470300.0,p55,p55,p55
153902,30620,102351.0,p112,p112,p112
150515,23060,413263.0,p105,p105,p105
109661,27140,594806.0,p87,p87,p87
150241,35380,1270530.0,p58,p58,p58
147290,17300,307820.0,p92,p92,p92
201895,36260,683864.0,p25,p25,p25
149883,34020,49348.0,p58,p58,p58
113104,31300,130625.0,p98,p98,p98
121031,22620,24994.0,p85,p85,p85
132717,31700,417025.0,p130,p130,p130
121819,27900,179564.0,p55,p55,p55
201360,23940,60852.0,p23,p23,p23
144338,40340,221921.0,p43,p43,p43
111359,12060,6020364.0,p94,p94,p94
152480,10760,51030.0,p90,p90,p90
201455,16500,80707.0,p2,p2,p2
130425,43580,144701.0,p45,p45,p45
149775,10780,152037.0,p58,p58,p58
132104,16300,273032.0,p70,p70,p70
131647,36540,949442.0,p41,p41,p41
114965,22520,147970.0,p89,p89,p89
304303,17580,48954.0,p47,p47,p47
131929,24260,75553.0,p40,p40,p40
204120,23940,60852.0,p23,p23,p23
131671,36540,949442.0,p41,p41,p41
132638,19780,699292.0,p70,p70,p70
110019,15660,57963.0,p94,p94,p94
132137,19780,699292.0,p70,p70,p70
118095,29940,122259.0,p53,p53,p53
150002,25760,17782.0,p85,p85,p85
206111,34180,97733.0,p4,p4,p4
150833,36740,2608147.0,p101,p101,p101
147321,14540,179240.0,p93,p93,p93
153570,46220,252047.0,p89,p89,p89
136120,38340,124944.0,p131,p131,p131
143980,47980,34173.0,p38,p38,p38
115615,32820,1346045.0,p92,p92,p92
147494,10900,844052.0,p122,p122,p122
153446,18880,284809.0,p91,p91,p91
131984,20740,169304.0,p46,p46,p46
117576,44180,470300.0,p55,p55,p55
117249,22900,250368.0,p56,p56,p56
136241,14460,4873019.0,p131,p131,p131
131930,24260,75553.0,p40,p40,p40
154004,17460,2048449.0,p111,p111,p111
300350,31460,157327.0,p9,p9,p9
148155,34980,1934317.0,p92,p92,p92
153563,24740,43909.0,p87,p87,p87
120545,19660,668365.0,p101,p101,p101
112226,27340,197938.0,p98,p98,p98
111124,34220,45600.0,p94,p94,p94
117577,44180,470300.0,p55,p55,p55
109464,43700,64979.0,p93,p93,p93
305514,16100,58460.0,p47,p47,p47
116325,29340,210409.0,p58,p58,p58
139276,35620_p127,2528791.459936988,p127,p127,p127
148573,46100,105216.0,p92,p92,p92
151533,15980,770577.0,p101,p101,p101
131304,43620,268232.0,p38,p38,p38
117104,16020,96765.0,p72,p72,p72
203848,19740,2967239.0,p33,p33,p33
130505,44020,17258.0,p45,p45,p45
147232,22180,526719.0,p98,p98,p98
130436,22700,35904.0,p45,p45,p45
117209,31680,33771.0,p85,p85,p85
153275,47700,79456.0,p105,p105,p105
131557,29100,136616.0,p46,p46,p46
150859,42700,106221.0,p101,p101,p101
149036,11620,58364.0,p50,p50,p50
200472,34180,97733.0,p4,p4,p4
136832,12740,58409.0,p129,p129,p129
148183,18900,60520.0,p92,p92,p92
123268,12580,2800053.0,p123,p123,p123
202717,19740,2967239.0,p33,p33,p33
201353,36260,683864.0,p25,p25,p25
111235,23580,204441.0,p94,p94,p94
125410,15380,1127983.0,p127,p127,p127
157679,17060,76666.0,p112,p112,p112
148120,34980,1934317.0,p92,p92,p92
108485,11580,38001.0,p101,p101,p101
135110,22020,246145.0,p37,p37,p37
137016,43580,144701.0,p45,p45,p45
150236,35380,1270530.0,p58,p58,p58
203132,39340,648252.0,p25,p25,p25
118036,24460,25779.0,p53,p53,p53
204385,23940,60852.0,p23,p23,p23
143981,47980,34173.0,p38,p38,p38
115398,32820,1346045.0,p92,p92,p92
136732,30340,108277.0,p134,p134,p134
131772,30420,25585.0,p40,p40,p40
204384,23940,60852.0,p23,p23,p23
114115,22180,526719.0,p98,p98,p98
114116,22180,526719.0,p98,p98,p98
123829,26860,84073.0,p122,p122,p122
130590,32380,49831.0,p45,p45,p45
301002,31180,322257.0,p48,p48,p48
144337,40340,221921.0,p43,p43,p43
132173,26980,173105.0,p70,p70,p70
117437,14700,55928.0,p55,p55,p55
137652,26980,173105.0,p70,p70,p70
121653,30060,35723.0,p84,p84,p84
151534,15980,770577.0,p101,p101,p101
154543,45300,3194831.0,p101,p101,p101
144834,46540,289990.0,p127,p127,p127
128237,20100,180786.0,p125,p125,p125
112590,10780,152037.0,p58,p58,p58
153836,44180,470300.0,p55,p55,p55
149679,22900,250368.0,p56,p56,p56
156846,26140,149657.0,p101,p101,p101
150450,24860,920477.0,p95,p95,p95
147279,17300,307820.0,p92,p92,p92
130586,47940,168522.0,p69,p69,p69
155342,10700,96774.0,p89,p89,p89
204693,26820,151530.0,p16,p16,p16
147829,40060,1291900.0,p99,p99,p99
202207,33940,47710.0,p34,p34,p34
125184,37980,6102434.0,p122,p122,p122
146237,26980,173105.0,p70,p70,p70
140903,35620_p126,6585382.235587343,p126,p126,p126
155344,33860,373290.0,p90,p90,p90
144825,15380,1127983.0,p127,p127,p127
157836,32380,49831.0,p45,p45,p45
117109,28140,2157990.0,p54,p54,p54
153013,37460,174705.0,p91,p91,p91
129369,39860,46340.0,p43,p43,p43
118033,24460,25779.0,p53,p53,p53
154429,26620,471824.0,p89,p89,p89
125362,15380,1127983.0,p127,p127,p127
147763,17420,124942.0,p92,p92,p92
203133,39340,648252.0,p25,p25,p25
117110,28140,2157990.0,p54,p54,p54
138549,15460,45613.0,p70,p70,p70
131410,21860,19683.0,p68,p68,p68
201124,26820,151530.0,p16,p16,p16
202527,39660,142107.0,p32,p32,p32
149368,20540,37159.0,p92,p92,p92
305747,24180,61643.0,p63,p63,p63
122861,37140,96272.0,p93,p93,p93
143646,22540,103403.0,p76,p76,p76
149946,19460,152603.0,p89,p89,p89
123269,12580,2800053.0,p123,p123,p123
109660,27140,594806.0,p87,p87,p87
202165,38540,95489.0,p16,p16,p16
146534,29540,545724.0,p122,p122,p122
143628,20740,169304.0,p46,p46,p46
111659,47820,46994.0,p98,p98,p98
117108,28140,2157990.0,p54,p54,p54
152768,35840,836995.0,p101,p101,p101
111660,47820,46994.0,p98,p98,p98
202929,42660,3979845.0,p1,p1,p1
147715,43780,323613.0,p105,p105,p105
140895,35620_p126,6585382.235587343,p126,p126,p126
307257,49740,213787.0,p28,p28,p28
147297,17300,307820.0,p92,p92,p92
112273,48900,297533.0,p98,p98,p98
150225,25220,134758.0,p58,p58,p58
304336,40140,4650631.0,p10,p10,p10
117683,44180,470300.0,p55,p55,p55
134716,33340,1575179.0,p79,p79,p79
120497,37260,74521.0,p101,p101,p101
156749,47940,168522.0,p69,p69,p69
115854,12020,213750.0,p94,p94,p94
155159,18980,83768.0,p89,p89,p89
158163,19140,144724.0,p94,p94,p94
117585,32180,22761.0,p54,p54,p54
146369,40060,1291900.0,p99,p99,p99
201856,40700,110980.0,p6,p6,p6
132139,19780,699292.0,p70,p70,p70
310392,29820,2266715.0,p13,p13,p13
115411,32820,1346045.0,p92,p92,p92
154880,43900,319785.0,p95,p95,p95
109659,27140,594806.0,p87,p87,p87
148576,46100,105216.0,p92,p92,p92
148103,28940,869046.0,p92,p92,p92
308418,26420,7066141.0,p67,p67,p67
203701,22660,356899.0,p33,p33,p33
130591,32380,49831.0,p45,p45,p45
121127,37500,45325.0,p85,p85,p85
144248,38180,20624.0,p38,p38,p38
132553,32140,25474.0,p44,p44,p44
110060,19140,144724.0,p94,p94,p94
117657,28140,2157990.0,p54,p54,p54
114103,22180,526719.0,p98,p98,p98
117293,22220,534904.0,p56,p56,p56
201354,36260,683864.0,p25,p25,p25
120825,27180,178644.0,p92,p92,p92
143940,35620_p126,6585382.235587343,p126,p126,p126
144064,15380,1127983.0,p127,p127,p127
131675,36540,949442.0,p41,p41,p41
117418,28140,2157990.0,p54,p54,p54
144027,37980,6102434.0,p122,p122,p122
201024,18700,93053.0,p5,p5,p5
302361,33700,550660.0,p9,p9,p9
201442,41100,177556.0,p25,p25,p25
201359,23940,60852.0,p23,p23,p23
153977,18740,36600.0,p112,p112,p112
143641,33340,1575179.0,p79,p79,p79
150748,36740,2608147.0,p101,p101,p101
151989,15980,770577.0,p101,p101,p101
129765,31860,101927.0,p68,p68,p68
139275,35620_p127,2528791.459936988,p127,p127,p127
140946,39300,1624578.0,p133,p133,p133
146706,26860,84073.0,p122,p122,p122
135109,22020,246145.0,p37,p37,p37
304145,41940,1990660.0,p9,p9,p9
130440,22700,35904.0,p45,p45,p45
134640,16980,9458539.0,p80,p80,p80
202845,17820,745791.0,p34,p34,p34
301139,21340,844124.0,p59,p59,p59
303805,11100,265053.0,p48,p48,p48
117660,28140,2157990.0,p54,p54,p54
147628,38240,100880.0,p98,p98,p98
131646,36540,949442.0,p41,p41,p41
309042,31080,13214799.0,p10,p10,p10
114104,22180,526719.0,p98,p98,p98
117483,28140,2157990.0,p54,p54,p54
203740,24300,154210.0,p33,p33,p33
132689,36540,949442.0,p41,p41,p41
201926,36260,683864.0,p25,p25,p25
114159,38240,100880.0,p98,p98,p98
150267,35380,1270530.0,p58,p58,p58
111499,27600,72977.0,p94,p94,p94
203704,22660,356899.0,p33,p33,p33
201403,39380,168424.0,p34,p34,p34
121752,28140,2157990.0,p54,p54,p54
301313,23700,71367.0,p31,p31,p31
149133,27180,178644.0,p92,p92,p92
147820,40060,1291900.0,p99,p99,p99
155298,19460,152603.0,p89,p89,p89
116047,12020,213750.0,p94,p94,p94
145147,14620,40625.0,p122,p122,p122
303890,11100,265053.0,p48,p48,p48
153282,18020,83779.0,p107,p107,p107
107853,22220,534904.0,p56,p56,p56
111503,27600,72977.0,p94,p94,p94
306655,25820,18546.0,p48,p48,p48
149323,45820,231969.0,p53,p53,p53
124449,45460,186367.0,p105,p105,p105
137713,26980,173105.0,p70,p70,p70
157189,39860,46340.0,p43,p43,p43
149423,22900,250368.0,p56,p56,p56
110116,19140,144724.0,p94,p94,p94
111571,46660,147292.0,p94,p94,p94
304850,23700,71367.0,p31,p31,p31
108704,38940,489297.0,p102,p102,p102
149596,30020,126415.0,p50,p50,p50
131654,36540,949442.0,p41,p41,p41
108700,33100,6166488.0,p102,p102,p102
117262,31680,33771.0,p85,p85,p85
305027,41860,4731803.0,p9,p9,p9
112269,48900,297533.0,p98,p98,p98
111061,26620,471824.0,p89,p89,p89
115845,12020,213750.0,p94,p94,p94
155296,19460,152603.0,p89,p89,p89
114303,26620,471824.0,p89,p89,p89
136443,25540,1204877.0,p132,p132,p132
114485,19460,152603.0,p89,p89,p89
131368,19780,699292.0,p70,p70,p70
121024,42740,42339.0,p54,p54,p54
122268,16980,9458539.0,p80,p80,p80
144562,22700,35904.0,p45,p45,p45
308538,38060,4948203.0,p28,p28,p28
131307,43620,268232.0,p38,p38,p38
120791,27180,178644.0,p92,p92,p92
117613,28140,2157990.0,p54,p54,p54
116601,12060,6020364.0,p94,p94,p94
159151,22700,35904.0,p45,p45,p45
110220,13820,1090435.0,p89,p89,p89
120743,45220,387227.0,p101,p101,p101
131824,18100,33470.0,p40,p40,p40
121656,30060,35723.0,p84,p84,p84
122269,16980,9458539.0,p80,p80,p80
109452,43700,64979.0,p93,p93,p93
117674,28140,2157990.0,p54,p54,p54
153879,30620,102351.0,p112,p112,p112
136003,39100,679158.0,p127,p127,p127
111530,12060,6020364.0,p94,p94,p94
153424,33860,373290.0,p90,p90,p90
148170,34980,1934317.0,p92,p92,p92
113527,33300,53347.0,p94,p94,p94
123368,29200,233002.0,p105,p105,p105
148570,46100,105216.0,p92,p92,p92
206363,36260,683864.0,p25,p25,p25
112228,27340,197938.0,p98,p98,p98
150200,37860,502629.0,p91,p91,p91
149452,27180,178644.0,p92,p92,p92
308614,29820,2266715.0,p13,p13,p13
149428,22900,250368.0,p56,p56,p56
200941,10540,129749.0,p5,p5,p5
154961,28940,869046.0,p92,p92,p92
201786,36260,683864.0,p25,p25,p25
147931,47260,1768901.0,p99,p99,p99
310188,20940,181215.0,p10,p10,p10
149807,29340,210409.0,p58,p58,p58
153283,18020,83779.0,p107,p107,p107
201017,35440,49962.0,p5,p5,p5
154853,40780,85413.0,p85,p85,p85
149477,18420,36953.0,p88,p88,p88
120592,42680,159923.0,p102,p102,p102
148529,16860,565194.0,p92,p92,p92
149370,41140,125223.0,p54,p54,p54
129409,22060,66972.0,p43,p43,p43
205186,16940,99500.0,p24,p24,p24
310398,34420,45844.0,p57,p57,p57
149425,22900,250368.0,p56,p56,p56
122479,44180,470300.0,p55,p55,p55
201589,36260,683864.0,p25,p25,p25
124256,18500,95379.0,p127,p127,p127
154110,18820,38338.0,p105,p105,p105
121060,17300,307820.0,p92,p92,p92
151671,15340,41494.0,p112,p112,p112
303280,31180,322257.0,p48,p48,p48
146105,27180,178644.0,p92,p92,p92
117113,28140,2157990.0,p54,p54,p54
107988,22900,250368.0,p56,p56,p56
117410,28140,2157990.0,p54,p54,p54
148082,24140,123131.0,p98,p98,p98
148143,18260,114272.0,p92,p92,p92
113057,35380,1270530.0,p58,p58,p58
121305,27620,151235.0,p72,p72,p72
114153,41820,61779.0,p98,p98,p98
149578,22220,534904.0,p56,p56,p56
110694,24740,43909.0,p87,p87,p87
153305,30900,37689.0,p105,p105,p105
148575,46100,105216.0,p92,p92,p92
147520,48700,113299.0,p122,p122,p122
200845,42660,3979845.0,p1,p1,p1
110410,42860,79546.0,p95,p95,p95
300136,32580,868707.0,p65,p65,p65
130506,44020,17258.0,p45,p45,p45
114121,22180,526719.0,p98,p98,p98
155121,47780,33351.0,p107,p107,p107
150615,38940,489297.0,p102,p102,p102
151247,36660,82124.0,p58,p58,p58
109968,46180,166126.0,p88,p88,p88
123855,39740,421164.0,p122,p122,p122
151541,29460,724777.0,p101,p101,p101
115460,39580,1390785.0,p98,p98,p98
146068,26090,118081.0,p103,p103,p103
201092,40700,110980.0,p6,p6,p6
154356,32820,1346045.0,p92,p92,p92
148112,34980,1934317.0,p92,p92,p92
201351,39220,20463.0,p25,p25,p25
147823,40060,1291900.0,p99,p99,p99
200836,14740,271473.0,p1,p1,p1
151462,36100,365579.0,p101,p101,p101
202249,22660,356899.0,p33,p33,p33
304115,49700,175639.0,p9,p9,p9
201804,36260,683864.0,p25,p25,p25
117597,14700,55928.0,p55,p55,p55
151980,27260,1559514.0,p101,p101,p101
201621,41620,1232696.0,p25,p25,p25
122480,44180,470300.0,p55,p55,p55
143100,26140,149657.0,p101,p101,p101
206405,36260,683864.0,p25,p25,p25
203773,24060,77828.0,p33,p33,p33
155637,37140,96272.0,p93,p93,p93
147824,40060,1291900.0,p99,p99,p99
200846,42660,3979845.0,p1,p1,p1
152510,42860,79546.0,p95,p95,p95
146453,38300,2317600.0,p115,p115,p115
112274,48900,297533.0,p98,p98,p98
151251,29180,489207.0,p58,p58,p58
151419,45300,3194831.0,p101,p101,p101
307273,10740,918018.0,p31,p31,p31
135434,12700,212990.0,p131,p131,p131
115952,10780,152037.0,p58,p58,p58
206419,36260,683864.0,p25,p25,p25
147356,40220,313222.0,p118,p118,p118
147822,40060,1291900.0,p99,p99,p99
154174,16740,2636883.0,p97,p97,p97
154427,22520,147970.0,p89,p89,p89
122723,33140,109888.0,p105,p105,p105
132282,35620_p126,6585382.235587343,p126,p126,p126
149580,22220,534904.0,p56,p56,p56
147047,47260,1768901.0,p99,p99,p99
147757,17420,124942.0,p92,p92,p92
140904,35620_p126,6585382.235587343,p126,p126,p126
117582,28140,2157990.0,p54,p54,p54
303340,12540,900202.0,p10,p10,p10
109563,18060,58595.0,p88,p88,p88
120499,37260,74521.0,p101,p101,p101
150068,27140,594806.0,p87,p87,p87
144052,40380,1069644.0,p127,p127,p127
147046,47260,1768901.0,p99,p99,p99
128955,33780,150500.0,p103,p103,p103
152835,17900,838433.0,p96,p96,p96
150051,35060,38158.0,p58,p58,p58
131745,36540,949442.0,p41,p41,p41
153529,20980,38682.0,p85,p85,p85
111505,12020,213750.0,p94,p94,p94
125408,15380,1127983.0,p127,p127,p127
148567,43180,49713.0,p92,p92,p92
202114,19740,2967239.0,p33,p33,p33
109570,18060,58595.0,p88,p88,p88
304718,12540,900202.0,p10,p10,p10
153356,16580,226033.0,p83,p83,p83
154844,11940,53794.0,p92,p92,p92
123737,10900,844052.0,p122,p122,p122
130504,44020,17258.0,p45,p45,p45
152389,17460,2048449.0,p111,p111,p111
117843,17860,208173.0,p72,p72,p72
112393,48900,297533.0,p98,p98,p98
149798,29340,210409.0,p58,p58,p58
155345,33860,373290.0,p90,p90,p90
114486,19460,152603.0,p89,p89,p89
134700,40420,336116.0,p80,p80,p80
117315,12900,55267.0,p85,p85,p85
112627,35380,1270530.0,p58,p58,p58
151993,15980,770577.0,p101,p101,p101
148583,46100,105216.0,p92,p92,p92
307083,36220,166223.0,p62,p62,p62
109804,25620,168849.0,p87,p87,p87
120585,11580,38001.0,p101,p101,p101
110064,19140,144724.0,p94,p94,p94
133183,32380,49831.0,p45,p45,p45
117539,17900,838433.0,p96,p96,p96
129188,35620_p127,2528791.459936988,p127,p127,p127
305804,41940,1990660.0,p9,p9,p9
148518,17420,124942.0,p92,p92,p92
131374,20220,97311.0,p70,p70,p70
111053,42460,51626.0,p89,p89,p89
145557,47620,39191.0,p122,p122,p122
131752,36540,949442.0,p41,p41,p41
136196,14660,94834.0,p43,p43,p43
148574,46100,105216.0,p92,p92,p92
146944,27780,130192.0,p122,p122,p122
111052,26620,471824.0,p89,p89,p89
140706,14460,4873019.0,p131,p131,p131
131937,30700,336374.0,p41,p41,p41
107666,12460,26404.0,p94,p94,p94
117235,42620,78753.0,p85,p85,p85
121300,47660,54062.0,p54,p54,p54
112533,25220,134758.0,p58,p58,p58
146242,19780,699292.0,p70,p70,p70
306021,30220,23021.0,p48,p48,p48
149147,21380,35843.0,p53,p53,p53
304444,40140,4650631.0,p10,p10,p10
130010,30460,517056.0,p109,p109,p109
161185,40220,313222.0,p118,p118,p118
131650,36540,949442.0,p41,p41,p41
117828,17900,838433.0,p96,p96,p96
145778,24340,1077370.0,p103,p103,p103
147881,40060,1291900.0,p99,p99,p99
133182,32380,49831.0,p45,p45,p45
143983,10900,844052.0,p122,p122,p122
116566,12060,6020364.0,p94,p94,p94
117197,27900,179564.0,p55,p55,p55
120838,34980,1934317.0,p92,p92,p92
132377,35620_p126,6585382.235587343,p126,p126,p126
150246,35380,1270530.0,p58,p58,p58
153425,26620,471824.0,p89,p89,p89
119088,34780,67997.0,p51,p51,p51
131663,36540,949442.0,p41,p41,p41
158823,29100,136616.0,p46,p46,p46
144526,33340,1575179.0,p79,p79,p79
148545,28940,869046.0,p92,p92,p92
153864,15940,397520.0,p111,p111,p111
116604,12060,6020364.0,p94,p94,p94
300114,39820,180080.0,p9,p9,p9
114488,19460,152603.0,p89,p89,p89
301170,41860,4731803.0,p9,p9,p9
125496,43700,64979.0,p93,p93,p93
301492,40900,2363730.0,p9,p9,p9
150242,35380,1270530.0,p58,p58,p58
304173,45500,148761.0,p57,p57,p57
303449,p29,10000.0,p29,p29,p29
148892,23780,40305.0,p52,p52,p52
200394,14740,271473.0,p1,p1,p1
107800,22900,250368.0,p56,p56,p56
152324,15940,397520.0,p111,p111,p111
147329,40220,313222.0,p118,p118,p118
115673,11940,53794.0,p92,p92,p92
147784,27740,203649.0,p92,p92,p92
152643,25980,80994.0,p94,p94,p94
121226,22500,204911.0,p96,p96,p96
153205,15980,770577.0,p101,p101,p101
306012,31080,13214799.0,p10,p10,p10
153350,19340,379172.0,p81,p81,p81
307365,32900,277680.0,p9,p9,p9
118852,38260,38818.0,p53,p53,p53
120848,32820,1346045.0,p92,p92,p92
120975,25300,38839.0,p71,p71,p71
116564,12060,6020364.0,p94,p94,p94
310213,11980,82737.0,p63,p63,p63
136386,49340,947404.0,p131,p131,p131
150974,33100,6166488.0,p102,p102,p102
120794,20540,37159.0,p92,p92,p92
117229,40780,85413.0,p85,p85,p85
108644,33100,6166488.0,p102,p102,p102
149220,21420,61056.0,p50,p50,p50
148568,32660,41277.0,p92,p92,p92
148471,35100,124284.0,p98,p98,p98
114305,26620,471824.0,p89,p89,p89
111724,13820,1090435.0,p89,p89,p89
117587,44180,470300.0,p55,p55,p55
202801,19740,2967239.0,p33,p33,p33
135877,10580,880381.0,p127,p127,p127
304073,31080,13214799.0,p10,p10,p10
309343,29820,2266715.0,p13,p13,p13
131979,20740,169304.0,p46,p46,p46
120225,36740,2608147.0,p101,p101,p101
111947,40580,145770.0,p98,p98,p98
150938,33100,6166488.0,p102,p102,p102
132956,35620_p126,6585382.235587343,p126,p126,p126
300342,19100,7573136.0,p63,p63,p63
151750,42340,393353.0,p94,p94,p94
117586,44180,470300.0,p55,p55,p55
133726,18180,151391.0,p130,p130,p130
140707,14460,4873019.0,p131,p131,p131
130759,47940,168522.0,p69,p69,p69
151078,45300,3194831.0,p101,p101,p101
153082,27530,63521.0,p89,p89,p89
200465,48300,120629.0,p4,p4,p4
200466,48300,120629.0,p4,p4,p4
300336,40900,2363730.0,p9,p9,p9
200600,44060,568521.0,p3,p3,p3
205021,14260,749202.0,p15,p15,p15
151784,49660,536081.0,p111,p111,p111
115492,12940,854884.0,p58,p58,p58
152860,35900,68412.0,p97,p97,p97
310527,31080,13214799.0,p10,p10,p10
148013,28940,869046.0,p92,p92,p92
304781,38060,4948203.0,p28,p28,p28
117211,20980,38682.0,p85,p85,p85
152164,34980,1934317.0,p92,p92,p92
137054,31700,417025.0,p130,p130,p130
151521,29460,724777.0,p101,p101,p101
112699,24140,123131.0,p98,p98,p98
129866,27500,163354.0,p78,p78,p78
131949,30700,336374.0,p41,p41,p41
113991,22180,526719.0,p98,p98,p98
155155,34980,1934317.0,p92,p92,p92
115410,32820,1346045.0,p92,p92,p92
110115,19140,144724.0,p94,p94,p94
303647,40740,64615.0,p47,p47,p47
109245,13820,1090435.0,p89,p89,p89
117725,17860,208173.0,p72,p72,p72
133687,14460,4873019.0,p131,p131,p131
109915,19140,144724.0,p94,p94,p94
139277,35620_p127,2528791.459936988,p127,p127,p127
300998,12420,2227083.0,p64,p64,p64
137708,19780,699292.0,p70,p70,p70
302308,40900,2363730.0,p9,p9,p9
109499,30940,148123.0,p109,p109,p109
137055,31700,417025.0,p130,p130,p130
147387,44420,123120.0,p99,p99,p99
148021,28940,869046.0,p92,p92,p92
136242,14460,4873019.0,p131,p131,p131
123540,47620,39191.0,p122,p122,p122
117797,17860,208173.0,p72,p72,p72
130486,43580,144701.0,p45,p45,p45
122004,19340,379172.0,p81,p81,p81
304808,28660,460303.0,p63,p63,p63
150217,35380,1270530.0,p58,p58,p58
150206,33660,429536.0,p90,p90,p90
146107,21500,269728.0,p122,p122,p122
120596,38940,489297.0,p102,p102,p102
152869,38580,56414.0,p112,p112,p112
152307,15940,397520.0,p111,p111,p111
143616,35620_p126,6585382.235587343,p126,p126,p126
153257,34700,42664.0,p70,p70,p70
123676,42540,553885.0,p122,p122,p122
157848,32940,99408.0,p87,p87,p87
144003,37980,6102434.0,p122,p122,p122
122787,38740,55766.0,p84,p84,p84
154349,32820,1346045.0,p92,p92,p92
153566,27140,594806.0,p87,p87,p87
144033,37980,6102434.0,p122,p122,p122
112453,29340,210409.0,p58,p58,p58
146542,39740,421164.0,p122,p122,p122
203756,15860,47839.0,p34,p34,p34
150487,35840,836995.0,p101,p101,p101
149122,22100,67215.0,p72,p72,p72
139753,31700,417025.0,p130,p130,p130
302147,11100,265053.0,p48,p48,p48
149774,10780,152037.0,p58,p58,p58
111054,42460,51626.0,p89,p89,p89
111506,12020,213750.0,p94,p94,p94
150193,37860,502629.0,p91,p91,p91
112175,47580,185409.0,p94,p94,p94
149677,22900,250368.0,p56,p56,p56
132955,35620_p126,6585382.235587343,p126,p126,p126
132159,16300,273032.0,p70,p70,p70
150516,12140,43475.0,p105,p105,p105
153358,19180,75758.0,p83,p83,p83
306805,40900,2363730.0,p9,p9,p9
302342,11100,265053.0,p48,p48,p48
116379,10780,152037.0,p58,p58,p58
123429,37980,6102434.0,p122,p122,p122
113528,33300,53347.0,p94,p94,p94
150841,27260,1559514.0,p101,p101,p101
109443,40080,107093.0,p109,p109,p109
117434,28140,2157990.0,p54,p54,p54
116602,12060,6020364.0,p94,p94,p94
149319,41460,59928.0,p53,p53,p53
116380,28940,869046.0,p92,p92,p92
121680,22220,534904.0,p56,p56,p56
120971,16700,802122.0,p96,p96,p96
111441,35100,124284.0,p98,p98,p98
137702,19780,699292.0,p70,p70,p70
304978,29820,2266715.0,p13,p13,p13
120814,32820,1346045.0,p92,p92,p92
131907,30700,336374.0,p41,p41,p41
140749,44140,697382.0,p131,p131,p131
111037,22520,147970.0,p89,p89,p89
149591,22220,534904.0,p56,p56,p56
143548,33460,3640043.0,p43,p43,p43
300151,41740,3338330.0,p11,p11,p11
133791,20540,37159.0,p92,p92,p92
120998,16700,802122.0,p96,p96,p96
149085,26740,61998.0,p53,p53,p53
147319,14540,179240.0,p93,p93,p93
124285,36980,119440.0,p108,p108,p108
150622,33100,6166488.0,p102,p102,p102
109579,42460,51626.0,p89,p89,p89
150247,35380,1270530.0,p58,p58,p58
200418,16500,80707.0,p2,p2,p2
143611,20700,170271.0,p122,p122,p122
149522,37060,54019.0,p88,p88,p88
124442,45460,186367.0,p105,p105,p105
137709,19780,699292.0,p70,p70,p70
200464,48300,120629.0,p4,p4,p4
117514,27900,179564.0,p55,p55,p55
131622,34700,42664.0,p70,p70,p70
136679,12620,152148.0,p134,p134,p134
154109,29200,233002.0,p105,p105,p105
117468,28140,2157990.0,p54,p54,p54
107907,22220,534904.0,p56,p56,p56
202200,17820,745791.0,p34,p34,p34
111931,40580,145770.0,p98,p98,p98
201983,36260,683864.0,p25,p25,p25
144505,16980,9458539.0,p80,p80,p80
115246,39580,1390785.0,p98,p98,p98
152479,42820,37196.0,p90,p90,p90
150203,33660,429536.0,p90,p90,p90
129404,10660,30281.0,p68,p68,p68
120968,16700,802122.0,p96,p96,p96
161261,36460,76117.0,p127,p127,p127
109914,19140,144724.0,p94,p94,p94
202739,17820,745791.0,p34,p34,p34
117581,44180,470300.0,p55,p55,p55
109540,32940,99408.0,p87,p87,p87
120742,45220,387227.0,p101,p101,p101
113436,17980,321048.0,p94,p94,p94
122346,16060,135764.0,p81,p81,p81
152507,19000,58209.0,p97,p97,p97
109259,45180,79978.0,p90,p90,p90
107781,30780,742384.0,p85,p85,p85
147286,17300,307820.0,p92,p92,p92
144051,37980,6102434.0,p122,p122,p122
202798,19740,2967239.0,p33,p33,p33
147932,47260,1768901.0,p99,p99,p99
128057,45460,186367.0,p105,p105,p105
303169,31080,13214799.0,p10,p10,p10
155188,34980,1934317.0,p92,p92,p92
117578,44180,470300.0,p55,p55,p55
149475,18420,36953.0,p88,p88,p88
149945,19460,152603.0,p89,p89,p89
203839,19740,2967239.0,p33,p33,p33
147760,17420,124942.0,p92,p92,p92
136470,35300,854757.0,p132,p132,p132
121681,22220,534904.0,p56,p56,p56
115457,39580,1390785.0,p98,p98,p98
115286,27740,203649.0,p92,p92,p92
200978,30300,62990.0,p14,p14,p14
131645,36540,949442.0,p41,p41,p41
148026,42940,98250.0,p92,p92,p92
201010,38900,2492412.0,p5,p5,p5
119986,45820,231969.0,p53,p53,p53
121549,16820,218615.0,p99,p99,p99
115168,39580,1390785.0,p98,p98,p98
155032,21060,153928.0,p109,p109,p109
302851,19100,7573136.0,p63,p63,p63
117492,28140,2157990.0,p54,p54,p54
123908,16420,30622.0,p108,p108,p108
310258,41940,1990660.0,p9,p9,p9
204692,26820,151530.0,p16,p16,p16
128894,19820,4319629.0,p103,p103,p103
153863,15940,397520.0,p111,p111,p111
147761,17420,124942.0,p92,p92,p92
109272,13820,1090435.0,p89,p89,p89
115451,39580,1390785.0,p98,p98,p98
124077,14540,179240.0,p93,p93,p93
111236,23580,204441.0,p94,p94,p94
112472,29180,489207.0,p58,p58,p58
137663,19780,699292.0,p70,p70,p70
149410,34780,67997.0,p51,p51,p51
152766,45300,3194831.0,p101,p101,p101
153383,12060,6020364.0,p94,p94,p94
148965,38620,43538.0,p50,p50,p50
201115,38900,2492412.0,p5,p5,p5
153302,29020,82544.0,p105,p105,p105
306897,40100,64633.0,p65,p65,p65
309505,38060,4948203.0,p28,p28,p28
147783,27740,203649.0,p92,p92,p92
149314,45820,231969.0,p53,p53,p53
144525,39540,196311.0,p79,p79,p79
111093,18980,83768.0,p89,p89,p89
148107,42940,98250.0,p92,p92,p92
302257,39820,180080.0,p9,p9,p9
111549,12060,6020364.0,p94,p94,p94
200722,42660,3979845.0,p1,p1,p1
200548,28420,299612.0,p3,p3,p3
137704,19780,699292.0,p70,p70,p70
111529,12060,6020364.0,p94,p94,p94
143615,35620_p126,6585382.235587343,p126,p126,p126
122596,22800,58162.0,p81,p81,p81
139719,41060,201964.0,p43,p43,p43
306963,37100,846006.0,p10,p10,p10
115111,47260,1768901.0,p99,p99,p99
147833,40060,1291900.0,p99,p99,p99
115497,47260,1768901.0,p99,p99,p99
122734,43780,323613.0,p105,p105,p105
201795,38900,2492412.0,p5,p5,p5
309614,11100,265053.0,p48,p48,p48
132156,19780,699292.0,p70,p70,p70
121790,27900,179564.0,p55,p55,p55
117306,22220,534904.0,p56,p56,p56
150484,45300,3194831.0,p101,p101,p101
205061,14260,749202.0,p15,p15,p15
109935,25620,168849.0,p87,p87,p87
114540,20500,644367.0,p98,p98,p98
116210,29340,210409.0,p58,p58,p58
127498,37980,6102434.0,p122,p122,p122
140759,49340,947404.0,p131,p131,p131
159736,37900,400561.0,p82,p82,p82
108173,37460,174705.0,p91,p91,p91
148017,42940,98250.0,p92,p92,p92
117615,14700,55928.0,p55,p55,p55
129486,39540,196311.0,p79,p79,p79
201101,28060,103806.0,p17,p17,p17
151932,33100,6166488.0,p102,p102,p102
122646,23060,413263.0,p105,p105,p105
162533,49660,536081.0,p111,p111,p111
123293,15680,113510.0,p123,p123,p123
132680,33500,75713.0,p37,p37,p37
155191,13820,1090435.0,p89,p89,p89
123423,37980,6102434.0,p122,p122,p122
144655,11460,367601.0,p103,p103,p103
120521,27260,1559514.0,p101,p101,p101
121113,16700,802122.0,p96,p96,p96
130587,47940,168522.0,p69,p69,p69
147665,25500,134964.0,p99,p99,p99
150218,35380,1270530.0,p58,p58,p58
137710,19780,699292.0,p70,p70,p70
122855,37140,96272.0,p93,p93,p93
202158,16940,99500.0,p24,p24,p24
132146,19780,699292.0,p70,p70,p70
203143,32780,220944.0,p6,p6,p6
131734,30700,336374.0,p41,p41,p41
120597,38940,489297.0,p102,p102,p102
134708,43020,45455.0,p76,p76,p76
121061,17300,307820.0,p92,p92,p92
148647,19780,699292.0,p70,p70,p70
120681,37860,502629.0,p91,p91,p91
202244,39660,142107.0,p32,p32,p32
146238,19780,699292.0,p70,p70,p70
114541,20500,644367.0,p98,p98,p98
120314,29460,724777.0,p101,p101,p101
202106,19740,2967239.0,p33,p33,p33
150490,35840,836995.0,p101,p101,p101
113601,18140,2122271.0,p112,p112,p112
149371,28140,2157990.0,p54,p54,p54
112163,47580,185409.0,p94,p94,p94
151984,15980,770577.0,p101,p101,p101
205030,26820,151530.0,p16,p16,p16
136519,39100,679158.0,p127,p127,p127
155459,17420,124942.0,p92,p92,p92
157879,38940,489297.0,p102,p102,p102
107759,30780,742384.0,p85,p85,p85
155176,34980,1934317.0,p92,p92,p92
152778,45300,3194831.0,p101,p101,p101
203135,24300,154210.0,p33,p33,p33
110222,18980,83768.0,p89,p89,p89
140872,35620_p126,6585382.235587343,p126,p126,p126
149375,28140,2157990.0,p54,p54,p54
148863,46140,998626.0,p51,p51,p51
136520,39100,679158.0,p127,p127,p127
131744,36540,949442.0,p41,p41,p41
115401,32820,1346045.0,p92,p92,p92
309695,48660,151254.0,p63,p63,p63
114550,19460,152603.0,p89,p89,p89
131367,19780,699292.0,p70,p70,p70
147446,44420,123120.0,p99,p99,p99
117817,22780,52607.0,p73,p73,p73
120416,45300,3194831.0,p101,p101,p101
306662,39900,475642.0,p12,p12,p12
150245,35380,1270530.0,p58,p58,p58
147493,39060,141359.0,p122,p122,p122
157555,48900,297533.0,p98,p98,p98
137060,31700,417025.0,p130,p130,p130
123385,27780,130192.0,p122,p122,p122
117276,22900,250368.0,p56,p56,p56
110223,18980,83768.0,p89,p89,p89
300107,21340,844124.0,p59,p59,p59
132744,31700,417025.0,p130,p130,p130
117111,28140,2157990.0,p54,p54,p54
144048,37980,6102434.0,p122,p122,p122
114307,19460,152603.0,p89,p89,p89
109262,13820,1090435.0,p89,p89,p89
206549,41100,177556.0,p25,p25,p25
125440,45060,648593.0,p127,p127,p127
132692,36540,949442.0,p41,p41,p41
161501,34700,42664.0,p70,p70,p70
132639,19780,699292.0,p70,p70,p70
133199,35620_p126,6585382.235587343,p126,p126,p126
306033,40940,38837.0,p28,p28,p28
127510,29460,724777.0,p101,p101,p101
107782,30780,742384.0,p85,p85,p85
148645,26980,173105.0,p70,p70,p70
150759,36740,2608147.0,p101,p101,p101
154290,11700,462680.0,p97,p97,p97
108643,33100,6166488.0,p102,p102,p102
114173,35380,1270530.0,p58,p58,p58
156611,16860,565194.0,p92,p92,p92
130487,43580,144701.0,p45,p45,p45
156664,12060,6020364.0,p94,p94,p94
150235,35380,1270530.0,p58,p58,p58
148948,46140,998626.0,p51,p51,p51
149878,12940,854884.0,p58,p58,p58
114155,41820,61779.0,p98,p98,p98
131738,36540,949442.0,p41,p41,p41
144029,37980,6102434.0,p122,p122,p122
147098,47260,1768901.0,p99,p99,p99
129085,39100,679158.0,p127,p127,p127
153259,27620,151235.0,p72,p72,p72
144053,40380,1069644.0,p127,p127,p127
304114,11100,265053.0,p48,p48,p48
153516,13820,1090435.0,p89,p89,p89
117392,28140,2157990.0,p54,p54,p54
150249,35380,1270530.0,p58,p58,p58
203699,22660,356899.0,p33,p33,p33
309069,46340,232751.0,p63,p63,p63
111442,35100,124284.0,p98,p98,p98
115406,32820,1346045.0,p92,p92,p92
107913,22220,534904.0,p56,p56,p56
148016,34100,142749.0,p92,p92,p92
301595,46060,1047279.0,p30,p30,p30
148092,18260,114272.0,p92,p92,p92
125381,29460,724777.0,p101,p101,p101
116181,12060,6020364.0,p94,p94,p94
304439,37100,846006.0,p10,p10,p10
151554,29460,724777.0,p101,p101,p101
130484,43580,144701.0,p45,p45,p45
120855,17900,838433.0,p96,p96,p96
107912,22220,534904.0,p56,p56,p56
107914,22220,534904.0,p56,p56,p56
108468,35840,836995.0,p101,p101,p101
143939,45940,367430.0,p126,p126,p126
300502,24180,61643.0,p63,p63,p63
306290,19100,7573136.0,p63,p63,p63
147756,17420,124942.0,p92,p92,p92
305088,29820,2266715.0,p13,p13,p13
153019,20020,149358.0,p90,p90,p90
151543,29460,724777.0,p101,p101,p101
300447,40940,38837.0,p28,p28,p28
302801,33700,550660.0,p9,p9,p9
307497,10740,918018.0,p31,p31,p31
121545,16820,218615.0,p99,p99,p99
117827,17900,838433.0,p96,p96,p96
309937,46340,232751.0,p63,p63,p63
113629,18140,2122271.0,p112,p112,p112
301639,19100,7573136.0,p63,p63,p63
304404,40900,2363730.0,p9,p9,p9
304498,13140,392563.0,p66,p66,p66
202265,19740,2967239.0,p33,p33,p33
130807,19780,699292.0,p70,p70,p70
302035,40140,4650631.0,p10,p10,p10
203780,20780,55127.0,p33,p33,p33
122697,14700,55928.0,p55,p55,p55
151109,23540,329128.0,p101,p101,p101
304274,29820,2266715.0,p13,p13,p13
309424,28660,460303.0,p63,p63,p63
115182,39580,1390785.0,p98,p98,p98
151537,29460,724777.0,p101,p101,p101
150048,43340,394706.0,p58,p58,p58
115517,47260,1768901.0,p99,p99,p99
301163,24180,61643.0,p63,p63,p63
136730,30340,108277.0,p134,p134,p134
156971,32940,99408.0,p87,p87,p87
120308,45300,3194831.0,p101,p101,p101
115619,32820,1346045.0,p92,p92,p92
202640,26820,151530.0,p16,p16,p16
114635,16740,2636883.0,p97,p97,p97
120130,33100,6166488.0,p102,p102,p102
148154,34980,1934317.0,p92,p92,p92
115248,39580,1390785.0,p98,p98,p98
148643,19780,699292.0,p70,p70,p70
150221,25220,134758.0,p58,p58,p58
151304,37340,601942.0,p102,p102,p102
110124,27140,594806.0,p87,p87,p87
112385,48900,297533.0,p98,p98,p98
206702,36260,683864.0,p25,p25,p25
148701,45540,132420.0,p101,p101,p101
203702,22660,356899.0,p33,p33,p33
114484,19460,152603.0,p89,p89,p89
124337,10580,880381.0,p127,p127,p127
206688,36260,683864.0,p25,p25,p25
307773,40900,2363730.0,p9,p9,p9
112473,29180,489207.0,p58,p58,p58
146241,19780,699292.0,p70,p70,p70
306832,13140,392563.0,p66,p66,p66
147516,25420,577941.0,p122,p122,p122
121596,34820,496901.0,p96,p96,p96
201787,36260,683864.0,p25,p25,p25
200419,16500,80707.0,p2,p2,p2
147838,40060,1291900.0,p99,p99,p99
131661,36540,949442.0,p41,p41,p41
131672,36540,949442.0,p41,p41,p41
304328,33260,182603.0,p62,p62,p62
123662,48700,113299.0,p122,p122,p122
155351,33860,373290.0,p90,p90,p90
140871,35620_p126,6585382.235587343,p126,p126,p126
115167,39580,1390785.0,p98,p98,p98
116533,12060,6020364.0,p94,p94,p94
117515,28140,2157990.0,p54,p54,p54
148532,16860,565194.0,p92,p92,p92
112265,48900,297533.0,p98,p98,p98
113545,17980,321048.0,p94,p94,p94
147935,47260,1768901.0,p99,p99,p99
157826,25420,577941.0,p122,p122,p122
116246,40060,1291900.0,p99,p99,p99
121114,16700,802122.0,p96,p96,p96
120324,42680,159923.0,p102,p102,p102
128736,26090,118081.0,p103,p103,p103
112268,48900,297533.0,p98,p98,p98
146760,29540,545724.0,p122,p122,p122
144009,37980,6102434.0,p122,p122,p122
109936,25620,168849.0,p87,p87,p87
122854,37140,96272.0,p93,p93,p93
147876,40060,1291900.0,p99,p99,p99
152901,43900,319785.0,p95,p95,p95
150916,33100,6166488.0,p102,p102,p102
132145,19780,699292.0,p70,p70,p70
135642,20260,288732.0,p43,p43,p43
306561,38060,4948203.0,p28,p28,p28
130652,31140,1265108.0,p109,p109,p109
205141,22660,356899.0,p33,p33,p33
128738,26090,118081.0,p103,p103,p103
146286,12580,2800053.0,p123,p123,p123
120886,44940,140466.0,p96,p96,p96
308924,38060,4948203.0,p28,p28,p28
147526,49020,140566.0,p100,p100,p100
115247,39580,1390785.0,p98,p98,p98
155633,37140,96272.0,p93,p93,p93
201572,41620,1232696.0,p25,p25,p25
108623,15980,770577.0,p101,p101,p101
153312,14020,169230.0,p107,p107,p107
114934,19460,152603.0,p89,p89,p89
150842,27260,1559514.0,p101,p101,p101
132271,35620_p126,6585382.235587343,p126,p126,p126
152762,35840,836995.0,p101,p101,p101
128250,26090,118081.0,p103,p103,p103
155241,28940,869046.0,p92,p92,p92
116603,12060,6020364.0,p94,p94,p94
203675,14720,31011.0,p33,p33,p33
117610,27900,179564.0,p55,p55,p55
203857,19740,2967239.0,p33,p33,p33
151030,48260,116074.0,p112,p112,p112
147785,27740,203649.0,p92,p92,p92
147293,17300,307820.0,p92,p92,p92
117555,44180,470300.0,p55,p55,p55
203850,14500,326196.0,p33,p33,p33
201971,38900,2492412.0,p5,p5,p5
153156,34100,142749.0,p92,p92,p92
144049,37980,6102434.0,p122,p122,p122
144010,37980,6102434.0,p122,p122,p122
150661,33100,6166488.0,p102,p102,p102
117148,28140,2157990.0,p54,p54,p54
155184,34980,1934317.0,p92,p92,p92
200984,21660,382067.0,p5,p5,p5
144625,11460,367601.0,p103,p103,p103
117147,28140,2157990.0,p54,p54,p54
124072,14540,179240.0,p93,p93,p93
121873,16060,135764.0,p81,p81,p81
144032,37980,6102434.0,p122,p122,p122
107855,22220,534904.0,p56,p56,p56
115107,47260,1768901.0,p99,p99,p99
131751,36540,949442.0,p41,p41,p41
302099,31180,322257.0,p48,p48,p48
114119,22180,526719.0,p98,p98,p98
120522,27260,1559514.0,p101,p101,p101
149154,32820,1346045.0,p92,p92,p92
303882,29820,2266715.0,p13,p13,p13
120519,27260,1559514.0,p101,p101,p101
114369,26380,208075.0,p58,p58,p58
153151,34100,142749.0,p92,p92,p92
153748,36980,119440.0,p108,p108,p108
131750,36540,949442.0,p41,p41,p41
309856,19100,7573136.0,p63,p63,p63
116573,12060,6020364.0,p94,p94,p94
151570,15980,770577.0,p101,p101,p101
206390,30860,142165.0,p25,p25,p25
150844,27260,1559514.0,p101,p101,p101
134680,11540,237974.0,p76,p76,p76
301760,41500,434061.0,p9,p9,p9
153595,26900,2074537.0,p106,p106,p106
200721,42660,3979845.0,p1,p1,p1
117622,44180,470300.0,p55,p55,p55
117526,28140,2157990.0,p54,p54,p54
202264,19740,2967239.0,p33,p33,p33
123747,10900,844052.0,p122,p122,p122
152725,16740,2636883.0,p97,p97,p97
305093,38060,4948203.0,p28,p28,p28
115801,28940,869046.0,p92,p92,p92
149311,46140,998626.0,p51,p51,p51
130530,31140,1265108.0,p109,p109,p109
150830,36740,2608147.0,p101,p101,p101
115172,39580,1390785.0,p98,p98,p98
150237,35380,1270530.0,p58,p58,p58
136005,35620_p127,2528791.459936988,p127,p127,p127
115249,39580,1390785.0,p98,p98,p98
117612,28140,2157990.0,p54,p54,p54
111238,18460,45328.0,p94,p94,p94
108642,33100,6166488.0,p102,p102,p102
122000,19340,379172.0,p81,p81,p81
149424,22900,250368.0,p56,p56,p56
111348,12060,6020364.0,p94,p94,p94
115021,24660,771851.0,p97,p97,p97
113998,41820,61779.0,p98,p98,p98
303271,38060,4948203.0,p28,p28,p28
116606,12060,6020364.0,p94,p94,p94
152482,17980,321048.0,p94,p94,p94
155243,28940,869046.0,p92,p92,p92
152000,15980,770577.0,p101,p101,p101
205032,14260,749202.0,p15,p15,p15
115802,28940,869046.0,p92,p92,p92
115171,39580,1390785.0,p98,p98,p98
150093,40660,98498.0,p94,p94,p94
202681,13740,181667.0,p20,p20,p20
114536,20500,644367.0,p98,p98,p98
149858,12940,854884.0,p58,p58,p58
144011,37980,6102434.0,p122,p122,p122
148528,16860,565194.0,p92,p92,p92
149857,12940,854884.0,p58,p58,p58
150751,36740,2608147.0,p101,p101,p101
148134,34980,1934317.0,p92,p92,p92
303553,40900,2363730.0,p9,p9,p9
109571,18060,58595.0,p88,p88,p88
144347,22540,103403.0,p76,p76,p76
153027,20020,149358.0,p90,p90,p90
309007,26420,7066141.0,p67,p67,p67
107918,22220,534904.0,p56,p56,p56
204093,14500,326196.0,p33,p33,p33
308241,44700,762148.0,p9,p9,p9
152483,17980,321048.0,p94,p94,p94
121093,16700,802122.0,p96,p96,p96
111528,12060,6020364.0,p94,p94,p94
147910,44300,162385.0,p119,p119,p119
150963,33100,6166488.0,p102,p102,p102
202183,19740,2967239.0,p33,p33,p33
144040,37980,6102434.0,p122,p122,p122
136197,14660,94834.0,p43,p43,p43
114306,26620,471824.0,p89,p89,p89
201785,36260,683864.0,p25,p25,p25
116563,12060,6020364.0,p94,p94,p94
116010,29180,489207.0,p58,p58,p58
310362,12420,2227083.0,p64,p64,p64
161880,28940,869046.0,p92,p92,p92
132954,35620_p126,6585382.235587343,p126,p126,p126
115450,39580,1390785.0,p98,p98,p98
150205,33660,429536.0,p90,p90,p90
154367,30780,742384.0,p85,p85,p85
116023,28940,869046.0,p92,p92,p92
111444,35100,124284.0,p98,p98,p98
123428,37980,6102434.0,p122,p122,p122
146370,40060,1291900.0,p99,p99,p99
136731,38860,538500.0,p134,p134,p134
200650,42660,3979845.0,p1,p1,p1
205053,26820,151530.0,p16,p16,p16
123441,37980,6102434.0,p122,p122,p122
120236,36740,2608147.0,p101,p101,p101
109716,33860,373290.0,p90,p90,p90
144018,37980,6102434.0,p122,p122,p122
146159,15680,113510.0,p123,p123,p123
149153,32820,1346045.0,p92,p92,p92
303485,19100,7573136.0,p63,p63,p63
113625,19430,807611.0,p113,p113,p113
117673,27900,179564.0,p55,p55,p55
151996,22580,67029.0,p97,p97,p97
148185,18260,114272.0,p92,p92,p92
147475,10900,844052.0,p122,p122,p122
129867,31540,664865.0,p78,p78,p78
134715,40420,336116.0,p80,p80,p80
150559,33100,6166488.0,p102,p102,p102
148141,34980,1934317.0,p92,p92,p92
110629,40660,98498.0,p94,p94,p94
117831,17900,838433.0,p96,p96,p96
148321,24660,771851.0,p97,p97,p97
148322,24660,771851.0,p97,p97,p97
151253,29180,489207.0,p58,p58,p58
111141,25860,369711.0,p97,p97,p97
140822,14860,943332.0,p132,p132,p132
114487,19460,152603.0,p89,p89,p89
150492,24860,920477.0,p95,p95,p95
115414,32820,1346045.0,p92,p92,p92
150208,33660,429536.0,p90,p90,p90
109505,30940,148123.0,p109,p109,p109
129961,30460,517056.0,p109,p109,p109
123442,37980,6102434.0,p122,p122,p122
150677,38940,489297.0,p102,p102,p102
110614,40660,98498.0,p94,p94,p94
124748,15380,1127983.0,p127,p127,p127
131739,36540,949442.0,p41,p41,p41
114941,22520,147970.0,p89,p89,p89
117663,44180,470300.0,p55,p55,p55
153309,26900,2074537.0,p106,p106,p106
115169,39580,1390785.0,p98,p98,p98
115459,39580,1390785.0,p98,p98,p98
150930,33100,6166488.0,p102,p102,p102
147889,27740,203649.0,p92,p92,p92
151978,27260,1559514.0,p101,p101,p101
152515,42860,79546.0,p95,p95,p95
147035,47260,1768901.0,p99,p99,p99
115611,32820,1346045.0,p92,p92,p92
201744,41620,1232696.0,p25,p25,p25
110878,22580,67029.0,p97,p97,p97
304301,40900,2363730.0,p9,p9,p9
206326,24500,81366.0,p18,p18,p18
153020,37460,174705.0,p91,p91,p91
115413,32820,1346045.0,p92,p92,p92
112337,16740,2636883.0,p97,p97,p97
118674,34780,67997.0,p51,p51,p51
304284,49740,213787.0,p28,p28,p28
112648,35380,1270530.0,p58,p58,p58
144031,37980,6102434.0,p122,p122,p122
144253,43620,268232.0,p38,p38,p38
143612,20700,170271.0,p122,p122,p122
113537,31420,229996.0,p94,p94,p94
151054,27740,203649.0,p92,p92,p92
154592,49780,86215.0,p112,p112,p112
115170,39580,1390785.0,p98,p98,p98
153901,19430,807611.0,p113,p113,p113
301876,41860,4731803.0,p9,p9,p9
115803,28940,869046.0,p92,p92,p92
112726,16740,2636883.0,p97,p97,p97
162146,45220,387227.0,p101,p101,p101
117120,17900,838433.0,p96,p96,p96
301607,41700,2550960.0,p65,p65,p65
148527,16860,565194.0,p92,p92,p92
123040,16700,802122.0,p96,p96,p96
129414,33460,3640043.0,p43,p43,p43
116083,12060,6020364.0,p94,p94,p94
152765,45300,3194831.0,p101,p101,p101
121163,16700,802122.0,p96,p96,p96
301088,13140,392563.0,p66,p66,p66
140830,14860,943332.0,p132,p132,p132
301123,26420,7066141.0,p67,p67,p67
120839,34980,1934317.0,p92,p92,p92
111199,22580,67029.0,p97,p97,p97
148501,45780,641816.0,p111,p111,p111
148883,46140,998626.0,p51,p51,p51
121181,16700,802122.0,p96,p96,p96
200351,34580,129205.0,p1,p1,p1
150985,33100,6166488.0,p102,p102,p102
302187,31080,13214799.0,p10,p10,p10
122882,25180,288104.0,p121,p121,p121
116595,12060,6020364.0,p94,p94,p94
140829,14860,943332.0,p132,p132,p132
137711,19780,699292.0,p70,p70,p70
123407,25420,577941.0,p122,p122,p122
113561,47580,185409.0,p94,p94,p94
147432,22180,526719.0,p98,p98,p98
150694,38940,489297.0,p102,p102,p102
111522,12060,6020364.0,p94,p94,p94
147934,47260,1768901.0,p99,p99,p99
124436,16980,9458539.0,p80,p80,p80
114302,26620,471824.0,p89,p89,p89
146510,37980,6102434.0,p122,p122,p122
111316,22580,67029.0,p97,p97,p97
146590,29540,545724.0,p122,p122,p122
300641,41660,122027.0,p61,p61,p61
300293,40900,2363730.0,p9,p9,p9
140873,35620_p126,6585382.235587343,p126,p126,p126
306507,19100,7573136.0,p63,p63,p63
120692,37860,502629.0,p91,p91,p91
153264,41180,2803228.0,p72,p72,p72
306523,23420,999101.0,p9,p9,p9
109077,33660,429536.0,p90,p90,p90
148582,46100,105216.0,p92,p92,p92
150073,27140,594806.0,p87,p87,p87
144564,19780,699292.0,p70,p70,p70
151786,37340,601942.0,p102,p102,p102
310457,39820,180080.0,p9,p9,p9
306823,13140,392563.0,p66,p66,p66
148512,16860,565194.0,p92,p92,p92
131644,36540,949442.0,p41,p41,p41
307208,38060,4948203.0,p28,p28,p28
117624,28140,2157990.0,p54,p54,p54
113592,48260,116074.0,p112,p112,p112
125557,21780,315086.0,p107,p107,p107
115109,47260,1768901.0,p99,p99,p99
153023,37460,174705.0,p91,p91,p91
148023,28940,869046.0,p92,p92,p92
307395,38060,4948203.0,p28,p28,p28
136283,14460,4873019.0,p131,p131,p131
120180,37340,601942.0,p102,p102,p102
149841,12940,854884.0,p58,p58,p58
307649,26420,7066141.0,p67,p67,p67
110617,40660,98498.0,p94,p94,p94
308533,19100,7573136.0,p63,p63,p63
107801,22900,250368.0,p56,p56,p56
144521,16300,273032.0,p70,p70,p70
115163,20500,644367.0,p98,p98,p98
149852,26380,208075.0,p58,p58,p58
149144,41180,2803228.0,p72,p72,p72
146367,40060,1291900.0,p99,p99,p99
151787,37340,601942.0,p102,p102,p102
116074,28940,869046.0,p92,p92,p92
157814,37860,502629.0,p91,p91,p91
149366,20540,37159.0,p92,p92,p92
114534,20500,644367.0,p98,p98,p98
150491,35840,836995.0,p101,p101,p101
132618,47220,149527.0,p126,p126,p126
148552,28940,869046.0,p92,p92,p92
306165,40900,2363730.0,p9,p9,p9
150909,33100,6166488.0,p102,p102,p102
117659,28140,2157990.0,p54,p54,p54
310014,38060,4948203.0,p28,p28,p28
152072,28940,869046.0,p92,p92,p92
156384,19780,699292.0,p70,p70,p70
151098,23540,329128.0,p101,p101,p101
148533,16860,565194.0,p92,p92,p92
109577,11500,113605.0,p90,p90,p90
148169,34980,1934317.0,p92,p92,p92
201468,44060,568521.0,p3,p3,p3
111231,23580,204441.0,p94,p94,p94
202115,19740,2967239.0,p33,p33,p33
130339,31140,1265108.0,p109,p109,p109
152432,18140,2122271.0,p112,p112,p112
122650,23060,413263.0,p105,p105,p105
132614,47220,149527.0,p126,p126,p126
128466,19820,4319629.0,p103,p103,p103
159960,19500,104009.0,p83,p83,p83
151971,15980,770577.0,p101,p101,p101
153382,17140,2221208.0,p114,p114,p114
157286,19780,699292.0,p70,p70,p70
112384,48900,297533.0,p98,p98,p98
115481,12940,854884.0,p58,p58,p58
203430,25840,89553.0,p5,p5,p5
117552,28140,2157990.0,p54,p54,p54
116046,12020,213750.0,p94,p94,p94
147497,25420,577941.0,p122,p122,p122
114810,17420,124942.0,p92,p92,p92
117189,12260,608980.0,p96,p96,p96
309103,46700,447643.0,p9,p9,p9
166936,48700,113299.0,p122,p122,p122
136675,38860,538500.0,p134,p134,p134
151093,35840,836995.0,p101,p101,p101
147042,47260,1768901.0,p99,p99,p99
111352,12060,6020364.0,p94,p94,p94
111918,10500,146726.0,p94,p94,p94
121753,28140,2157990.0,p54,p54,p54
113613,45780,641816.0,p111,p111,p111
150772,36740,2608147.0,p101,p101,p101
128499,40980,190539.0,p103,p103,p103
109664,27140,594806.0,p87,p87,p87
149855,26380,208075.0,p58,p58,p58
306082,29820,2266715.0,p13,p13,p13
301171,38060,4948203.0,p28,p28,p28
153963,12260,608980.0,p96,p96,p96
148110,28940,869046.0,p92,p92,p92
150716,38940,489297.0,p102,p102,p102
301575,46700,447643.0,p9,p9,p9
151466,45540,132420.0,p101,p101,p101
115763,29180,489207.0,p58,p58,p58
301194,31080,13214799.0,p10,p10,p10
150840,27260,1559514.0,p101,p101,p101
150783,36740,2608147.0,p101,p101,p101
108660,33100,6166488.0,p102,p102,p102
202120,38900,2492412.0,p5,p5,p5
162368,48700,113299.0,p122,p122,p122
122853,37140,96272.0,p93,p93,p93
305684,31180,322257.0,p48,p48,p48
115701,16860,565194.0,p92,p92,p92
109349,12220,164542.0,p90,p90,p90
150821,36740,2608147.0,p101,p101,p101
122852,37140,96272.0,p93,p93,p93
123427,37980,6102434.0,p122,p122,p122
115397,32820,1346045.0,p92,p92,p92
123033,23060,413263.0,p105,p105,p105
202053,19740,2967239.0,p33,p33,p33
140762,25540,1204877.0,p132,p132,p132
147496,25420,577941.0,p122,p122,p122
111078,26620,471824.0,p89,p89,p89
131642,36540,949442.0,p41,p41,p41
148100,28940,869046.0,p92,p92,p92
151983,15980,770577.0,p101,p101,p101
110058,19140,144724.0,p94,p94,p94
120488,27260,1559514.0,p101,p101,p101
206367,36260,683864.0,p25,p25,p25
131643,36540,949442.0,p41,p41,p41
155182,34980,1934317.0,p92,p92,p92
202065,38900,2492412.0,p5,p5,p5
147037,47260,1768901.0,p99,p99,p99
115160,39580,1390785.0,p98,p98,p98
154063,27260,1559514.0,p101,p101,p101
128437,19820,4319629.0,p103,p103,p103
148704,45300,3194831.0,p101,p101,p101
144514,16980,9458539.0,p80,p80,p80
201973,38900,2492412.0,p5,p5,p5
300105,31080,13214799.0,p10,p10,p10
137113,17460,2048449.0,p111,p111,p111
143621,35620_p126,6585382.235587343,p126,p126,p126
122865,37140,96272.0,p93,p93,p93
111523,12060,6020364.0,p94,p94,p94
110056,19140,144724.0,p94,p94,p94
200977,25840,89553.0,p5,p5,p5
111144,25860,369711.0,p97,p97,p97
125434,45060,648593.0,p127,p127,p127
301298,29820,2266715.0,p13,p13,p13
120970,16700,802122.0,p96,p96,p96
153900,19430,807611.0,p113,p113,p113
125433,45060,648593.0,p127,p127,p127
115905,28700,307202.0,p92,p92,p92
123850,25420,577941.0,p122,p122,p122
143943,45940,367430.0,p126,p126,p126
133278,35300,854757.0,p132,p132,p132
117404,28140,2157990.0,p54,p54,p54
307653,28660,460303.0,p63,p63,p63
122850,37140,96272.0,p93,p93,p93
302876,13140,392563.0,p66,p66,p66
111965,28820,55949.0,p98,p98,p98
140763,25540,1204877.0,p132,p132,p132
117476,28140,2157990.0,p54,p54,p54
135901,35300,854757.0,p132,p132,p132
116243,12060,6020364.0,p94,p94,p94
124011,26900,2074537.0,p106,p106,p106
117735,41180,2803228.0,p72,p72,p72
200349,13380,229247.0,p1,p1,p1
123838,11020,121829.0,p122,p122,p122
124008,26900,2074537.0,p106,p106,p106
151918,38300,2317600.0,p115,p115,p115
115250,39580,1390785.0,p98,p98,p98
151553,29460,724777.0,p101,p101,p101
148010,39580,1390785.0,p98,p98,p98
120122,33100,6166488.0,p102,p102,p102
147048,47260,1768901.0,p99,p99,p99
144061,45060,648593.0,p127,p127,p127
148136,34980,1934317.0,p92,p92,p92
137976,16300,273032.0,p70,p70,p70
150253,35380,1270530.0,p58,p58,p58
123398,25420,577941.0,p122,p122,p122
150719,42680,159923.0,p102,p102,p102
117658,28140,2157990.0,p54,p54,p54
307758,37100,846006.0,p10,p10,p10
150926,40220,313222.0,p118,p118,p118
147843,40060,1291900.0,p99,p99,p99
112429,12940,854884.0,p58,p58,p58
155341,10700,96774.0,p89,p89,p89
122851,37140,96272.0,p93,p93,p93
120761,37860,502629.0,p91,p91,p91
116605,12060,6020364.0,p94,p94,p94
156850,45780,641816.0,p111,p111,p111
120995,16700,802122.0,p96,p96,p96
143923,33460,3640043.0,p43,p43,p43
121765,36100,365579.0,p101,p101,p101
115174,39580,1390785.0,p98,p98,p98
120581,35840,836995.0,p101,p101,p101
147611,47900,6280487.0,p123,p123,p123
144502,16980,9458539.0,p80,p80,p80
148089,28940,869046.0,p92,p92,p92
121724,44180,470300.0,p55,p55,p55
150846,27260,1559514.0,p101,p101,p101
154007,10420,703479.0,p111,p111,p111
148022,28940,869046.0,p92,p92,p92
120849,32820,1346045.0,p92,p92,p92
150608,33100,6166488.0,p102,p102,p102
121673,22900,250368.0,p56,p56,p56
306522,29820,2266715.0,p13,p13,p13
144028,37980,6102434.0,p122,p122,p122
120844,34820,496901.0,p96,p96,p96
128625,40980,190539.0,p103,p103,p103
115415,32820,1346045.0,p92,p92,p92
144350,11540,237974.0,p76,p76,p76
201743,41620,1232696.0,p25,p25,p25
149426,22900,250368.0,p56,p56,p56
153352,19340,379172.0,p81,p81,p81
149362,20540,37159.0,p92,p92,p92
115448,39580,1390785.0,p98,p98,p98
110553,25060,417665.0,p87,p87,p87
120566,35840,836995.0,p101,p101,p101
300033,31080,13214799.0,p10,p10,p10
115495,12940,854884.0,p58,p58,p58
121758,28140,2157990.0,p54,p54,p54
309251,38060,4948203.0,p28,p28,p28
200348,13380,229247.0,p1,p1,p1
149035,36420,1408950.0,p50,p50,p50
150762,36740,2608147.0,p101,p101,p101
150829,36740,2608147.0,p101,p101,p101
116281,12060,6020364.0,p94,p94,p94
151977,27260,1559514.0,p101,p101,p101
117789,27620,151235.0,p72,p72,p72
120320,29460,724777.0,p101,p101,p101
304285,26420,7066141.0,p67,p67,p67
303780,38060,4948203.0,p28,p28,p28
122068,37900,400561.0,p82,p82,p82
116609,12060,6020364.0,p94,p94,p94
150758,36740,2608147.0,p101,p101,p101
111539,12060,6020364.0,p94,p94,p94
110231,25620,168849.0,p87,p87,p87
136073,10580,880381.0,p127,p127,p127
147840,40060,1291900.0,p99,p99,p99
300828,41860,4731803.0,p9,p9,p9
155835,34980,1934317.0,p92,p92,p92
310484,21340,844124.0,p59,p59,p59
147834,40060,1291900.0,p99,p99,p99
117532,17900,838433.0,p96,p96,p96
310249,40900,2363730.0,p9,p9,p9
306381,40900,2363730.0,p9,p9,p9
116574,12060,6020364.0,p94,p94,p94
149882,34020,49348.0,p58,p58,p58
117693,28140,2157990.0,p54,p54,p54
309688,26420,7066141.0,p67,p67,p67
148181,16860,565194.0,p92,p92,p92
112654,35380,1270530.0,p58,p58,p58
200365,42660,3979845.0,p1,p1,p1
301558,31080,13214799.0,p10,p10,p10
121972,19340,379172.0,p81,p81,p81
304516,31180,322257.0,p48,p48,p48
133809,18140,2122271.0,p112,p112,p112
304595,44700,762148.0,p9,p9,p9
116082,12060,6020364.0,p94,p94,p94
111435,35100,124284.0,p98,p98,p98
154361,32820,1346045.0,p92,p92,p92
303371,31080,13214799.0,p10,p10,p10
202413,25840,89553.0,p5,p5,p5
151479,15980,770577.0,p101,p101,p101
131737,36540,949442.0,p41,p41,p41
122985,12580,2800053.0,p123,p123,p123
153254,19780,699292.0,p70,p70,p70
151366,38940,489297.0,p102,p102,p102
148425,35100,124284.0,p98,p98,p98
144034,37980,6102434.0,p122,p122,p122
309648,39900,475642.0,p12,p12,p12
152481,46220,252047.0,p89,p89,p89
154490,45300,3194831.0,p101,p101,p101
120788,32820,1346045.0,p92,p92,p92
115104,47260,1768901.0,p99,p99,p99
148115,34980,1934317.0,p92,p92,p92
305776,41740,3338330.0,p11,p11,p11
122246,16980,9458539.0,p80,p80,p80
111923,12940,854884.0,p58,p58,p58
201575,41620,1232696.0,p25,p25,p25
120264,36740,2608147.0,p101,p101,p101
147816,27740,203649.0,p92,p92,p92
309305,37100,846006.0,p10,p10,p10
108426,33100,6166488.0,p102,p102,p102
145780,24340,1077370.0,p103,p103,p103
128468,19820,4319629.0,p103,p103,p103
303709,26420,7066141.0,p67,p67,p67
115164,20500,644367.0,p98,p98,p98
146287,12580,2800053.0,p123,p123,p123
200894,36500,290536.0,p1,p1,p1
124474,26900,2074537.0,p106,p106,p106
115165,20500,644367.0,p98,p98,p98
150750,36740,2608147.0,p101,p101,p101
149469,32820,1346045.0,p92,p92,p92
112435,12940,854884.0,p58,p58,p58
147890,40060,1291900.0,p99,p99,p99
203168,38900,2492412.0,p5,p5,p5
130528,31140,1265108.0,p109,p109,p109
144654,11460,367601.0,p103,p103,p103
114573,16740,2636883.0,p97,p97,p97
144016,37980,6102434.0,p122,p122,p122
152435,18140,2122271.0,p112,p112,p112
202662,41420,433903.0,p5,p5,p5
116258,40060,1291900.0,p99,p99,p99
302032,40140,4650631.0,p10,p10,p10
132617,35620_p126,6585382.235587343,p126,p126,p126
307001,41860,4731803.0,p9,p9,p9
308370,40900,2363730.0,p9,p9,p9
150925,33100,6166488.0,p102,p102,p102
107803,22900,250368.0,p56,p56,p56
203834,19740,2967239.0,p33,p33,p33
307033,13140,392563.0,p66,p66,p66
111540,12060,6020364.0,p94,p94,p94
304304,12420,2227083.0,p64,p64,p64
135556,10580,880381.0,p127,p127,p127
115400,32820,1346045.0,p92,p92,p92
144007,37980,6102434.0,p122,p122,p122
305984,31080,13214799.0,p10,p10,p10
308713,13140,392563.0,p66,p66,p66
304459,40900,2363730.0,p9,p9,p9
146505,42540,553885.0,p122,p122,p122
148116,34980,1934317.0,p92,p92,p92
117548,28140,2157990.0,p54,p54,p54
132140,19780,699292.0,p70,p70,p70
154358,32820,1346045.0,p92,p92,p92
111349,12060,6020364.0,p94,p94,p94
115491,12940,854884.0,p58,p58,p58
151908,33100,6166488.0,p102,p102,p102
128510,19820,4319629.0,p103,p103,p103
148113,34980,1934317.0,p92,p92,p92
151940,33100,6166488.0,p102,p102,p102
154058,36740,2608147.0,p101,p101,p101
122454,22500,204911.0,p96,p96,p96
120265,36740,2608147.0,p101,p101,p101
150568,38940,489297.0,p102,p102,p102
155012,29460,724777.0,p101,p101,p101
115533,34980,1934317.0,p92,p92,p92
147844,40060,1291900.0,p99,p99,p99
151933,33100,6166488.0,p102,p102,p102
147028,32300,63111.0,p118,p118,p118
151460,29460,724777.0,p101,p101,p101
132286,35620_p126,6585382.235587343,p126,p126,p126
201246,25840,89553.0,p5,p5,p5
300547,26420,7066141.0,p67,p67,p67
147560,40060,1291900.0,p99,p99,p99
144656,22420,405813.0,p103,p103,p103
203838,19740,2967239.0,p33,p33,p33
204101,19740,2967239.0,p33,p33,p33
149876,12940,854884.0,p58,p58,p58
203871,19740,2967239.0,p33,p33,p33
147936,47260,1768901.0,p99,p99,p99
121725,44180,470300.0,p55,p55,p55
128463,19820,4319629.0,p103,p103,p103
124759,45460,186367.0,p105,p105,p105
151329,12060,6020364.0,p94,p94,p94
131641,36540,949442.0,p41,p41,p41
120408,45300,3194831.0,p101,p101,p101
304398,43760,54478.0,p9,p9,p9
201988,38900,2492412.0,p5,p5,p5
301309,41740,3338330.0,p11,p11,p11
301144,38060,4948203.0,p28,p28,p28
144030,37980,6102434.0,p122,p122,p122
115368,27180,178644.0,p92,p92,p92
302360,47380,273920.0,p63,p63,p63
308585,38060,4948203.0,p28,p28,p28
116070,28940,869046.0,p92,p92,p92
309959,40900,2363730.0,p9,p9,p9
203798,19740,2967239.0,p33,p33,p33
148114,34980,1934317.0,p92,p92,p92
116672,23580,204441.0,p94,p94,p94
144005,37980,6102434.0,p122,p122,p122
128399,19820,4319629.0,p103,p103,p103
153470,26620,471824.0,p89,p89,p89
123665,42540,553885.0,p122,p122,p122
120100,33100,6166488.0,p102,p102,p102
115350,34980,1934317.0,p92,p92,p92
202214,19740,2967239.0,p33,p33,p33
125435,45060,648593.0,p127,p127,p127
136466,35300,854757.0,p132,p132,p132
123643,10900,844052.0,p122,p122,p122
148709,36100,365579.0,p101,p101,p101
156767,43580,144701.0,p45,p45,p45
149358,48620,640218.0,p53,p53,p53
111508,23580,204441.0,p94,p94,p94
143862,31540,664865.0,p78,p78,p78
127931,45300,3194831.0,p101,p101,p101
115024,24660,771851.0,p97,p97,p97
124504,26900,2074537.0,p106,p106,p106
116099,23580,204441.0,p94,p94,p94
155373,12060,6020364.0,p94,p94,p94
147433,20500,644367.0,p98,p98,p98
120850,32820,1346045.0,p92,p92,p92
203744,24300,154210.0,p33,p33,p33
302404,26420,7066141.0,p67,p67,p67
111189,23580,204441.0,p94,p94,p94
109268,13820,1090435.0,p89,p89,p89
116257,40060,1291900.0,p99,p99,p99
303451,29820,2266715.0,p13,p13,p13
115494,12940,854884.0,p58,p58,p58
117327,22220,534904.0,p56,p56,p56
120092,33100,6166488.0,p102,p102,p102
204100,19740,2967239.0,p33,p33,p33
149836,12940,854884.0,p58,p58,p58
155840,34980,1934317.0,p92,p92,p92
149285,46140,998626.0,p51,p51,p51
116276,12060,6020364.0,p94,p94,p94
120554,27260,1559514.0,p101,p101,p101
147097,47260,1768901.0,p99,p99,p99
301389,41860,4731803.0,p9,p9,p9
201131,38900,2492412.0,p5,p5,p5
151743,19660,668365.0,p101,p101,p101
149575,22220,534904.0,p56,p56,p56
147561,40060,1291900.0,p99,p99,p99
309386,41940,1990660.0,p9,p9,p9
201568,36260,683864.0,p25,p25,p25
306279,31080,13214799.0,p10,p10,p10
202195,19740,2967239.0,p33,p33,p33
308162,26420,7066141.0,p67,p67,p67
132622,12100,263670.0,p126,p126,p126
115535,34980,1934317.0,p92,p92,p92
153992,16620,257074.0,p117,p117,p117
153460,13820,1090435.0,p89,p89,p89
161921,12940,854884.0,p58,p58,p58
144035,37980,6102434.0,p122,p122,p122
115488,12940,854884.0,p58,p58,p58
152466,18140,2122271.0,p112,p112,p112
301853,40900,2363730.0,p9,p9,p9
120234,36740,2608147.0,p101,p101,p101
306745,29820,2266715.0,p13,p13,p13
151378,42680,159923.0,p102,p102,p102
145776,29620,550391.0,p103,p103,p103
115609,32820,1346045.0,p92,p92,p92
300390,31080,13214799.0,p10,p10,p10
117409,28140,2157990.0,p54,p54,p54
110121,27140,594806.0,p87,p87,p87
112232,48900,297533.0,p98,p98,p98
155160,13820,1090435.0,p89,p89,p89
151084,35840,836995.0,p101,p101,p101
116018,12060,6020364.0,p94,p94,p94
150834,29460,724777.0,p101,p101,p101
117436,28140,2157990.0,p54,p54,p54
149308,46140,998626.0,p51,p51,p51
123866,39740,421164.0,p122,p122,p122
306801,19100,7573136.0,p63,p63,p63
149767,27140,594806.0,p87,p87,p87
149593,22220,534904.0,p56,p56,p56
144563,43580,144701.0,p45,p45,p45
129614,33460,3640043.0,p43,p43,p43
150234,35380,1270530.0,p58,p58,p58
301570,41940,1990660.0,p9,p9,p9
107802,22900,250368.0,p56,p56,p56
309076,41740,3338330.0,p11,p11,p11
115657,12940,854884.0,p58,p58,p58
120240,36740,2608147.0,p101,p101,p101
150255,35380,1270530.0,p58,p58,p58
153561,27140,594806.0,p87,p87,p87
113548,17980,321048.0,p94,p94,p94
147034,47260,1768901.0,p99,p99,p99
303892,41860,4731803.0,p9,p9,p9
147835,40060,1291900.0,p99,p99,p99
116215,12060,6020364.0,p94,p94,p94
203687,19740,2967239.0,p33,p33,p33
147939,47260,1768901.0,p99,p99,p99
153933,16620,257074.0,p117,p117,p117
203739,24300,154210.0,p33,p33,p33
151424,26140,149657.0,p101,p101,p101
132267,35620_p126,6585382.235587343,p126,p126,p126
115489,12940,854884.0,p58,p58,p58
116277,12060,6020364.0,p94,p94,p94
148159,34980,1934317.0,p92,p92,p92
143614,35620_p126,6585382.235587343,p126,p126,p126
145770,24340,1077370.0,p103,p103,p103
306891,38060,4948203.0,p28,p28,p28
144597,19820,4319629.0,p103,p103,p103
146332,40060,1291900.0,p99,p99,p99
202083,19740,2967239.0,p33,p33,p33
144658,22420,405813.0,p103,p103,p103
130427,43580,144701.0,p45,p45,p45
153365,44100,206868.0,p82,p82,p82
138431,10900,844052.0,p122,p122,p122
113364,35380,1270530.0,p58,p58,p58
116235,23580,204441.0,p94,p94,p94
128533,22420,405813.0,p103,p103,p103
115321,28940,869046.0,p92,p92,p92
117633,44180,470300.0,p55,p55,p55
115154,39580,1390785.0,p98,p98,p98
131640,36540,949442.0,p41,p41,p41
115475,12940,854884.0,p58,p58,p58
147049,47260,1768901.0,p99,p99,p99
143547,33460,3640043.0,p43,p43,p43
144515,16980,9458539.0,p80,p80,p80
152322,17460,2048449.0,p111,p111,p111
306969,16100,58460.0,p47,p47,p47
116216,12060,6020364.0,p94,p94,p94
201412,19740,2967239.0,p33,p33,p33
148024,28940,869046.0,p92,p92,p92
123421,37980,6102434.0,p122,p122,p122
121689,17900,838433.0,p96,p96,p96
115447,39580,1390785.0,p98,p98,p98
149427,22900,250368.0,p56,p56,p56
124618,45460,186367.0,p105,p105,p105
202196,19740,2967239.0,p33,p33,p33
306611,41940,1990660.0,p9,p9,p9
300360,40900,2363730.0,p9,p9,p9
153508,34980,1934317.0,p92,p92,p92
114099,22180,526719.0,p98,p98,p98
112496,12940,854884.0,p58,p58,p58
150910,33100,6166488.0,p102,p102,p102
309584,19100,7573136.0,p63,p63,p63
117547,28140,2157990.0,p54,p54,p54
202099,19740,2967239.0,p33,p33,p33
149842,12940,854884.0,p58,p58,p58
151156,23060,413263.0,p105,p105,p105
163509,20740,169304.0,p46,p46,p46
112489,12940,854884.0,p58,p58,p58
203799,19740,2967239.0,p33,p33,p33
148945,46140,998626.0,p51,p51,p51
151087,35840,836995.0,p101,p101,p101
304324,19100,7573136.0,p63,p63,p63
117146,28140,2157990.0,p54,p54,p54
151086,35840,836995.0,p101,p101,p101
301288,41740,3338330.0,p11,p11,p11
153560,27140,594806.0,p87,p87,p87
140906,35620_p126,6585382.235587343,p126,p126,p126
115608,32820,1346045.0,p92,p92,p92
148856,48620,640218.0,p53,p53,p53
130403,19820,4319629.0,p103,p103,p103
150550,33100,6166488.0,p102,p102,p102
304370,39820,180080.0,p9,p9,p9
310029,33700,550660.0,p9,p9,p9
111538,12060,6020364.0,p94,p94,p94
111049,26620,471824.0,p89,p89,p89
147891,40060,1291900.0,p99,p99,p99
113649,19430,807611.0,p113,p113,p113
306365,31080,13214799.0,p10,p10,p10
201769,38900,2492412.0,p5,p5,p5
114165,20500,644367.0,p98,p98,p98
148090,28940,869046.0,p92,p92,p92
146245,12580,2800053.0,p123,p123,p123
308606,18580,429024.0,p65,p65,p65
115251,39580,1390785.0,p98,p98,p98
146766,12580,2800053.0,p123,p123,p123
128381,22420,405813.0,p103,p103,p103
124617,45460,186367.0,p105,p105,p105
308815,13140,392563.0,p66,p66,p66
124619,45460,186367.0,p105,p105,p105
307289,38060,4948203.0,p28,p28,p28
146506,42540,553885.0,p122,p122,p122
136004,35620_p127,2528791.459936988,p127,p127,p127
120219,36740,2608147.0,p101,p101,p101
148541,28940,869046.0,p92,p92,p92
148544,28940,869046.0,p92,p92,p92
151258,29180,489207.0,p58,p58,p58
148098,28940,869046.0,p92,p92,p92
119438,46140,998626.0,p51,p51,p51
150761,36740,2608147.0,p101,p101,p101
116384,40060,1291900.0,p99,p99,p99
150256,35380,1270530.0,p58,p58,p58
150441,27740,203649.0,p92,p92,p92
306047,18580,429024.0,p65,p65,p65
147777,34100,142749.0,p92,p92,p92
117472,28140,2157990.0,p54,p54,p54
309701,26420,7066141.0,p67,p67,p67
107905,22220,534904.0,p56,p56,p56
201314,36260,683864.0,p25,p25,p25
149356,48620,640218.0,p53,p53,p53
201104,38900,2492412.0,p5,p5,p5
148099,28940,869046.0,p92,p92,p92
201056,38900,2492412.0,p5,p5,p5
305725,15180,423163.0,p65,p65,p65
206369,36260,683864.0,p25,p25,p25
161394,47900,6280487.0,p123,p123,p123
146761,29540,545724.0,p122,p122,p122
111927,35380,1270530.0,p58,p58,p58
150843,27260,1559514.0,p101,p101,p101
147287,17300,307820.0,p92,p92,p92
147367,25420,577941.0,p122,p122,p122
110055,19140,144724.0,p94,p94,p94
159737,37900,400561.0,p82,p82,p82
115419,16860,565194.0,p92,p92,p92
150845,27260,1559514.0,p101,p101,p101
112493,12940,854884.0,p58,p58,p58
155520,17140,2221208.0,p114,p114,p114
120859,17900,838433.0,p96,p96,p96
128442,19820,4319629.0,p103,p103,p103
154236,16740,2636883.0,p97,p97,p97
140875,35620_p126,6585382.235587343,p126,p126,p126
132248,45940,367430.0,p126,p126,p126
308786,31080,13214799.0,p10,p10,p10
303899,31080,13214799.0,p10,p10,p10
112507,12940,854884.0,p58,p58,p58
112431,12940,854884.0,p58,p58,p58
151546,27260,1559514.0,p101,p101,p101
153512,34980,1934317.0,p92,p92,p92
150232,35380,1270530.0,p58,p58,p58
113596,45780,641816.0,p111,p111,p111
136530,39100,679158.0,p127,p127,p127
122244,16980,9458539.0,p80,p80,p80
203697,22660,356899.0,p33,p33,p33
152586,42340,393353.0,p94,p94,p94
301754,13140,392563.0,p66,p66,p66
149988,30780,742384.0,p85,p85,p85
155343,33860,373290.0,p90,p90,p90
201052,38900,2492412.0,p5,p5,p5
115420,16860,565194.0,p92,p92,p92
310471,29820,2266715.0,p13,p13,p13
148548,28940,869046.0,p92,p92,p92
116212,28940,869046.0,p92,p92,p92
155340,10700,96774.0,p89,p89,p89
114132,35380,1270530.0,p58,p58,p58
116069,28940,869046.0,p92,p92,p92
115474,12940,854884.0,p58,p58,p58
153052,19460,152603.0,p89,p89,p89
308639,29820,2266715.0,p13,p13,p13
153929,19430,807611.0,p113,p113,p113
306844,31080,13214799.0,p10,p10,p10
308720,19100,7573136.0,p63,p63,p63
200897,42660,3979845.0,p1,p1,p1
305609,40900,2363730.0,p9,p9,p9
155259,22520,147970.0,p89,p89,p89
146185,47900,6280487.0,p123,p123,p123
109085,33660,429536.0,p90,p90,p90
144024,37980,6102434.0,p122,p122,p122
140907,35620_p126,6585382.235587343,p126,p126,p126
307741,38060,4948203.0,p28,p28,p28
115091,49180,676008.0,p97,p97,p97
136515,25540,1204877.0,p132,p132,p132
111880,12940,854884.0,p58,p58,p58
306761,13140,392563.0,p66,p66,p66
130402,19820,4319629.0,p103,p103,p103
307512,31080,13214799.0,p10,p10,p10
309454,29820,2266715.0,p13,p13,p13
309537,41860,4731803.0,p9,p9,p9
143976,45940,367430.0,p126,p126,p126
108678,35840,836995.0,p101,p101,p101
115412,32820,1346045.0,p92,p92,p92
149594,22220,534904.0,p56,p56,p56
146508,37980,6102434.0,p122,p122,p122
303516,29420,212181.0,p27,p27,p27
121755,28140,2157990.0,p54,p54,p54
112659,35380,1270530.0,p58,p58,p58
305080,42200,446499.0,p9,p9,p9
152465,18140,2122271.0,p112,p112,p112
120091,33100,6166488.0,p102,p102,p102
304013,38060,4948203.0,p28,p28,p28
140704,14460,4873019.0,p131,p131,p131
147727,43780,323613.0,p105,p105,p105
152861,16740,2636883.0,p97,p97,p97
300859,38060,4948203.0,p28,p28,p28
305932,37100,846006.0,p10,p10,p10
154056,36740,2608147.0,p101,p101,p101
139286,35620_p127,2528791.459936988,p127,p127,p127
143954,37980,6102434.0,p122,p122,p122
153665,45780,641816.0,p111,p111,p111
112438,12940,854884.0,p58,p58,p58
301382,41740,3338330.0,p11,p11,p11
146326,12580,2800053.0,p123,p123,p123
308494,31080,13214799.0,p10,p10,p10
129145,31140,1265108.0,p109,p109,p109
310510,40900,2363730.0,p9,p9,p9
111924,35380,1270530.0,p58,p58,p58
122842,16700,802122.0,p96,p96,p96
136459,35300,854757.0,p132,p132,p132
115353,34980,1934317.0,p92,p92,p92
152464,18140,2122271.0,p112,p112,p112
143972,47220,149527.0,p126,p126,p126
201618,39340,648252.0,p25,p25,p25
122388,22220,534904.0,p56,p56,p56
203852,19740,2967239.0,p33,p33,p33
153362,37900,400561.0,p82,p82,p82
153876,10420,703479.0,p111,p111,p111
152396,18140,2122271.0,p112,p112,p112
202088,19740,2967239.0,p33,p33,p33
115534,34980,1934317.0,p92,p92,p92
112088,42340,393353.0,p94,p94,p94
147100,47260,1768901.0,p99,p99,p99
201924,41620,1232696.0,p25,p25,p25
121757,28140,2157990.0,p54,p54,p54
113020,17140,2221208.0,p114,p114,p114
114301,26620,471824.0,p89,p89,p89
303720,41740,3338330.0,p11,p11,p11
112484,12940,854884.0,p58,p58,p58
309691,12420,2227083.0,p64,p64,p64
130400,19820,4319629.0,p103,p103,p103
136467,35300,854757.0,p132,p132,p132
134654,16980,9458539.0,p80,p80,p80
155180,34980,1934317.0,p92,p92,p92
147326,26900,2074537.0,p106,p106,p106
117690,28140,2157990.0,p54,p54,p54
153451,18880,284809.0,p91,p91,p91
202184,19740,2967239.0,p33,p33,p33
148135,34980,1934317.0,p92,p92,p92
300997,38060,4948203.0,p28,p28,p28
107863,22220,534904.0,p56,p56,p56
108633,35840,836995.0,p101,p101,p101
128436,19820,4319629.0,p103,p103,p103
151647,18140,2122271.0,p112,p112,p112
123609,14100,83194.0,p122,p122,p122
134794,35620_p127,2528791.459936988,p127,p127,p127
112486,12940,854884.0,p58,p58,p58
148519,16860,565194.0,p92,p92,p92
304129,31080,13214799.0,p10,p10,p10
303873,41700,2550960.0,p65,p65,p65
112485,12940,854884.0,p58,p58,p58
136447,25540,1204877.0,p132,p132,p132
120779,32820,1346045.0,p92,p92,p92
151305,37340,601942.0,p102,p102,p102
124429,16980,9458539.0,p80,p80,p80
307101,13140,392563.0,p66,p66,p66
116221,12060,6020364.0,p94,p94,p94
151979,27260,1559514.0,p101,p101,p101
147846,40060,1291900.0,p99,p99,p99
111350,12060,6020364.0,p94,p94,p94
115130,20500,644367.0,p98,p98,p98
120956,28140,2157990.0,p54,p54,p54
111047,26620,471824.0,p89,p89,p89
124319,37340,601942.0,p102,p102,p102
112509,12940,854884.0,p58,p58,p58
127703,45300,3194831.0,p101,p101,p101
112202,35380,1270530.0,p58,p58,p58
149444,27140,594806.0,p87,p87,p87
143524,33460,3640043.0,p43,p43,p43
123610,14100,83194.0,p122,p122,p122
120344,45300,3194831.0,p101,p101,p101
306581,29820,2266715.0,p13,p13,p13
151061,24860,920477.0,p95,p95,p95
128451,19820,4319629.0,p103,p103,p103
151417,45300,3194831.0,p101,p101,p101
111877,12940,854884.0,p58,p58,p58
305850,12420,2227083.0,p64,p64,p64
132616,35620_p126,6585382.235587343,p126,p126,p126
120263,36740,2608147.0,p101,p101,p101
161533,27260,1559514.0,p101,p101,p101
114736,26620,471824.0,p89,p89,p89
120332,45300,3194831.0,p101,p101,p101
150838,27260,1559514.0,p101,p101,p101
150804,27260,1559514.0,p101,p101,p101
307106,19100,7573136.0,p63,p63,p63
150567,38940,489297.0,p102,p102,p102
130399,19820,4319629.0,p103,p103,p103
302326,38060,4948203.0,p28,p28,p28
128440,19820,4319629.0,p103,p103,p103
148091,28940,869046.0,p92,p92,p92
310204,31080,13214799.0,p10,p10,p10
150231,35380,1270530.0,p58,p58,p58
114133,35380,1270530.0,p58,p58,p58
310051,29820,2266715.0,p13,p13,p13
308206,31080,13214799.0,p10,p10,p10
143610,35620_p126,6585382.235587343,p126,p126,p126
117609,28140,2157990.0,p54,p54,p54
146475,14100,83194.0,p122,p122,p122
203800,19740,2967239.0,p33,p33,p33
113602,18140,2122271.0,p112,p112,p112
151676,45300,3194831.0,p101,p101,p101
308780,26420,7066141.0,p67,p67,p67
148152,34980,1934317.0,p92,p92,p92
146248,47900,6280487.0,p123,p123,p123
117498,28140,2157990.0,p54,p54,p54
148699,29460,724777.0,p101,p101,p101
117307,22220,534904.0,p56,p56,p56
300106,40900,2363730.0,p9,p9,p9
140719,14460,4873019.0,p131,p131,p131
144066,15380,1127983.0,p127,p127,p127
150753,36740,2608147.0,p101,p101,p101
122603,37900,400561.0,p82,p82,p82
307342,41740,3338330.0,p11,p11,p11
151567,29460,724777.0,p101,p101,p101
147836,40060,1291900.0,p99,p99,p99
203027,19740,2967239.0,p33,p33,p33
146226,16980,9458539.0,p80,p80,p80
115252,39580,1390785.0,p98,p98,p98
200360,42660,3979845.0,p1,p1,p1
150020,43340,394706.0,p58,p58,p58
158122,39100,679158.0,p127,p127,p127
112510,12940,854884.0,p58,p58,p58
201297,25840,89553.0,p5,p5,p5
205185,19740,2967239.0,p33,p33,p33
123462,49620,449058.0,p122,p122,p122
124176,49620,449058.0,p122,p122,p122
115179,39580,1390785.0,p98,p98,p98
140673,14460,4873019.0,p131,p131,p131
145556,15380,1127983.0,p127,p127,p127
307039,31080,13214799.0,p10,p10,p10
146289,12580,2800053.0,p123,p123,p123
304186,40140,4650631.0,p10,p10,p10
143525,33460,3640043.0,p43,p43,p43
120703,18880,284809.0,p91,p91,p91
117458,44180,470300.0,p55,p55,p55
301920,31080,13214799.0,p10,p10,p10
147937,47260,1768901.0,p99,p99,p99
150711,33100,6166488.0,p102,p102,p102
155519,17140,2221208.0,p114,p114,p114
302890,10740,918018.0,p31,p31,p31
120247,36740,2608147.0,p101,p101,p101
152223,28940,869046.0,p92,p92,p92
147476,10900,844052.0,p122,p122,p122
147474,10900,844052.0,p122,p122,p122
136774,12300,122302.0,p134,p134,p134
117641,28140,2157990.0,p54,p54,p54
150919,33100,6166488.0,p102,p102,p102
148547,28940,869046.0,p92,p92,p92
123851,25420,577941.0,p122,p122,p122
151738,36740,2608147.0,p101,p101,p101
146188,47900,6280487.0,p123,p123,p123
151788,37340,601942.0,p102,p102,p102
132948,10900,844052.0,p122,p122,p122
144019,10900,844052.0,p122,p122,p122
147845,40060,1291900.0,p99,p99,p99
124950,37980,6102434.0,p122,p122,p122
304286,38060,4948203.0,p28,p28,p28
116084,12060,6020364.0,p94,p94,p94
148174,34980,1934317.0,p92,p92,p92
146335,40060,1291900.0,p99,p99,p99
121864,22900,250368.0,p56,p56,p56
304450,31080,13214799.0,p10,p10,p10
144391,10900,844052.0,p122,p122,p122
122396,44180,470300.0,p55,p55,p55
148167,34980,1934317.0,p92,p92,p92
150264,35380,1270530.0,p58,p58,p58
117541,28140,2157990.0,p54,p54,p54
154496,45300,3194831.0,p101,p101,p101
120373,45300,3194831.0,p101,p101,p101
144556,33460,3640043.0,p43,p43,p43
111518,12060,6020364.0,p94,p94,p94
117399,28140,2157990.0,p54,p54,p54
121756,28140,2157990.0,p54,p54,p54
120333,45300,3194831.0,p101,p101,p101
143959,37980,6102434.0,p122,p122,p122
128238,20100,180786.0,p125,p125,p125
146507,37980,6102434.0,p122,p122,p122
300995,41940,1990660.0,p9,p9,p9
308294,38060,4948203.0,p28,p28,p28
304093,43420,125922.0,p28,p28,p28
148158,34980,1934317.0,p92,p92,p92
120509,27260,1559514.0,p101,p101,p101
128435,19820,4319629.0,p103,p103,p103
134793,35620_p127,2528791.459936988,p127,p127,p127
143527,33460,3640043.0,p43,p43,p43
120574,38940,489297.0,p102,p102,p102
149384,36420,1408950.0,p50,p50,p50
115367,27740,203649.0,p92,p92,p92
310101,38060,4948203.0,p28,p28,p28
147050,47260,1768901.0,p99,p99,p99
123419,37980,6102434.0,p122,p122,p122
127501,37980,6102434.0,p122,p122,p122
116622,12060,6020364.0,p94,p94,p94
205233,41620,1232696.0,p25,p25,p25
146219,19340,379172.0,p81,p81,p81
302392,38060,4948203.0,p28,p28,p28
307373,31080,13214799.0,p10,p10,p10
303820,41740,3338330.0,p11,p11,p11
154362,32820,1346045.0,p92,p92,p92
151538,29460,724777.0,p101,p101,p101
112513,12940,854884.0,p58,p58,p58
143579,33460,3640043.0,p43,p43,p43
122879,25180,288104.0,p121,p121,p121
133141,35620_p126,6585382.235587343,p126,p126,p126
147837,40060,1291900.0,p99,p99,p99
155179,34980,1934317.0,p92,p92,p92
146589,49620,449058.0,p122,p122,p122
123579,21500,269728.0,p122,p122,p122
144523,16980,9458539.0,p80,p80,p80
147768,28700,307202.0,p92,p92,p92
122188,19340,379172.0,p81,p81,p81
132611,35620_p126,6585382.235587343,p126,p126,p126
153511,34980,1934317.0,p92,p92,p92
155326,16620,257074.0,p117,p117,p117
304694,42220,494336.0,p9,p9,p9
146230,16980,9458539.0,p80,p80,p80
148215,40060,1291900.0,p99,p99,p99
116287,12060,6020364.0,p94,p94,p94
304338,31080,13214799.0,p10,p10,p10
308325,31080,13214799.0,p10,p10,p10
132604,35620_p126,6585382.235587343,p126,p126,p126
203795,19740,2967239.0,p33,p33,p33
144496,16980,9458539.0,p80,p80,p80
111557,12060,6020364.0,p94,p94,p94
147051,47260,1768901.0,p99,p99,p99
117546,28140,2157990.0,p54,p54,p54
148097,28940,869046.0,p92,p92,p92
122189,19340,379172.0,p81,p81,p81
132612,35620_p126,6585382.235587343,p126,p126,p126
149843,12940,854884.0,p58,p58,p58
301524,40140,4650631.0,p10,p10,p10
112615,35380,1270530.0,p58,p58,p58
151967,15980,770577.0,p101,p101,p101
149221,36420,1408950.0,p50,p50,p50
115176,39580,1390785.0,p98,p98,p98
308197,41940,1990660.0,p9,p9,p9
152079,12060,6020364.0,p94,p94,p94
301108,31080,13214799.0,p10,p10,p10
144013,37980,6102434.0,p122,p122,p122
117706,41180,2803228.0,p72,p72,p72
202089,19740,2967239.0,p33,p33,p33
150265,35380,1270530.0,p58,p58,p58
122190,19340,379172.0,p81,p81,p81
149640,36420,1408950.0,p50,p50,p50
151742,19660,668365.0,p101,p101,p101
133139,35620_p126,6585382.235587343,p126,p126,p126
116279,12060,6020364.0,p94,p94,p94
120271,36740,2608147.0,p101,p101,p101
200993,25840,89553.0,p5,p5,p5
304470,38060,4948203.0,p28,p28,p28
202112,19740,2967239.0,p33,p33,p33
155178,34980,1934317.0,p92,p92,p92
133458,14460,4873019.0,p131,p131,p131
113019,17140,2221208.0,p114,p114,p114
144015,37980,6102434.0,p122,p122,p122
308540,31080,13214799.0,p10,p10,p10
108595,33100,6166488.0,p102,p102,p102
303308,40140,4650631.0,p10,p10,p10
136325,39300,1624578.0,p133,p133,p133
300829,31080,13214799.0,p10,p10,p10
112664,35380,1270530.0,p58,p58,p58
154493,35840,836995.0,p101,p101,p101
308367,31080,13214799.0,p10,p10,p10
154283,18140,2122271.0,p112,p112,p112
117407,28140,2157990.0,p54,p54,p54
124277,29460,724777.0,p101,p101,p101
123611,14100,83194.0,p122,p122,p122
134658,16980,9458539.0,p80,p80,p80
151939,33100,6166488.0,p102,p102,p102
113511,39580,1390785.0,p98,p98,p98
117408,28140,2157990.0,p54,p54,p54
115314,34980,1934317.0,p92,p92,p92
122989,36740,2608147.0,p101,p101,p101
300626,46060,1047279.0,p30,p30,p30
133428,12700,212990.0,p131,p131,p131
150230,35380,1270530.0,p58,p58,p58
133895,47900,6280487.0,p123,p123,p123
147033,47260,1768901.0,p99,p99,p99
146120,21500,269728.0,p122,p122,p122
113479,39580,1390785.0,p98,p98,p98
133429,12700,212990.0,p131,p131,p131
112526,12940,854884.0,p58,p58,p58
112613,35380,1270530.0,p58,p58,p58
309096,40140,4650631.0,p10,p10,p10
146803,47900,6280487.0,p123,p123,p123
133427,12700,212990.0,p131,p131,p131
144637,19820,4319629.0,p103,p103,p103
148121,34980,1934317.0,p92,p92,p92
117393,28140,2157990.0,p54,p54,p54
115462,12940,854884.0,p58,p58,p58
152864,16740,2636883.0,p97,p97,p97
143624,35620_p126,6585382.235587343,p126,p126,p126
146368,40060,1291900.0,p99,p99,p99
153192,36740,2608147.0,p101,p101,p101
150912,38940,489297.0,p102,p102,p102
307783,40140,4650631.0,p10,p10,p10
115253,39580,1390785.0,p98,p98,p98
128433,19820,4319629.0,p103,p103,p103
150229,35380,1270530.0,p58,p58,p58
200369,42660,3979845.0,p1,p1,p1
128507,19820,4319629.0,p103,p103,p103
147559,40060,1291900.0,p99,p99,p99
146513,37980,6102434.0,p122,p122,p122
149459,32820,1346045.0,p92,p92,p92
301100,31080,13214799.0,p10,p10,p10
114129,35380,1270530.0,p58,p58,p58
150827,36740,2608147.0,p101,p101,p101
113662,18140,2122271.0,p112,p112,p112
112611,35380,1270530.0,p58,p58,p58
116075,28940,869046.0,p92,p92,p92
108701,29460,724777.0,p101,p101,p101
132625,35620_p126,6585382.235587343,p126,p126,p126
146767,12580,2800053.0,p123,p123,p123
111515,12060,6020364.0,p94,p94,p94
108722,19660,668365.0,p101,p101,p101
200995,38900,2492412.0,p5,p5,p5
203841,22660,356899.0,p33,p33,p33
303205,38060,4948203.0,p28,p28,p28
308877,40140,4650631.0,p10,p10,p10
309663,31080,13214799.0,p10,p10,p10
117672,28140,2157990.0,p54,p54,p54
117288,30780,742384.0,p85,p85,p85
116163,12060,6020364.0,p94,p94,p94
309553,31080,13214799.0,p10,p10,p10
146336,40060,1291900.0,p99,p99,p99
120148,33100,6166488.0,p102,p102,p102
151739,36740,2608147.0,p101,p101,p101
114308,35380,1270530.0,p58,p58,p58
111519,12060,6020364.0,p94,p94,p94
111514,12060,6020364.0,p94,p94,p94
152588,42340,393353.0,p94,p94,p94
309703,31080,13214799.0,p10,p10,p10
133140,35620_p126,6585382.235587343,p126,p126,p126
136344,14460,4873019.0,p131,p131,p131
304335,26420,7066141.0,p67,p67,p67
150777,19660,668365.0,p101,p101,p101
120277,37340,601942.0,p102,p102,p102
146247,12580,2800053.0,p123,p123,p123
116620,12060,6020364.0,p94,p94,p94
148126,34980,1934317.0,p92,p92,p92
122285,16980,9458539.0,p80,p80,p80
139771,49340,947404.0,p131,p131,p131
151944,33100,6166488.0,p102,p102,p102
206384,41620,1232696.0,p25,p25,p25
146246,12580,2800053.0,p123,p123,p123
301533,28660,460303.0,p63,p63,p63
301747,41700,2550960.0,p65,p65,p65
150259,35380,1270530.0,p58,p58,p58
116832,42340,393353.0,p94,p94,p94
306648,28660,460303.0,p63,p63,p63
143623,35620_p126,6585382.235587343,p126,p126,p126
151741,19660,668365.0,p101,p101,p101
308844,31080,13214799.0,p10,p10,p10
120780,32820,1346045.0,p92,p92,p92
115872,12060,6020364.0,p94,p94,p94
153510,34980,1934317.0,p92,p92,p92
151681,45300,3194831.0,p101,p101,p101
150257,35380,1270530.0,p58,p58,p58
305818,29820,2266715.0,p13,p13,p13
150001,30780,742384.0,p85,p85,p85
150813,36740,2608147.0,p101,p101,p101
147099,47260,1768901.0,p99,p99,p99
110550,25060,417665.0,p87,p87,p87
201571,36260,683864.0,p25,p25,p25
111558,12060,6020364.0,p94,p94,p94
302319,19100,7573136.0,p63,p63,p63
150606,33100,6166488.0,p102,p102,p102
302072,41860,4731803.0,p9,p9,p9
117653,28140,2157990.0,p54,p54,p54
117289,30780,742384.0,p85,p85,p85
120252,36740,2608147.0,p101,p101,p101
133862,34820,496901.0,p96,p96,p96
117290,30780,742384.0,p85,p85,p85
147972,47260,1768901.0,p99,p99,p99
144065,15380,1127983.0,p127,p127,p127
201004,25840,89553.0,p5,p5,p5
149034,36420,1408950.0,p50,p50,p50
125223,31140,1265108.0,p109,p109,p109
154285,28700,307202.0,p92,p92,p92
308840,13140,392563.0,p66,p66,p66
116217,12060,6020364.0,p94,p94,p94
117523,28140,2157990.0,p54,p54,p54
304948,38060,4948203.0,p28,p28,p28
116019,12060,6020364.0,p94,p94,p94
153280,26900,2074537.0,p106,p106,p106
303513,26420,7066141.0,p67,p67,p67
108281,27260,1559514.0,p101,p101,p101
121246,28140,2157990.0,p54,p54,p54
154069,15980,770577.0,p101,p101,p101
300914,13140,392563.0,p66,p66,p66
147231,22180,526719.0,p98,p98,p98
117625,28140,2157990.0,p54,p54,p54
120272,36740,2608147.0,p101,p101,p101
108545,37340,601942.0,p102,p102,p102
146249,47900,6280487.0,p123,p123,p123
151428,45300,3194831.0,p101,p101,p101
144661,11460,367601.0,p103,p103,p103
309442,12420,2227083.0,p64,p64,p64
146511,37980,6102434.0,p122,p122,p122
122243,16980,9458539.0,p80,p80,p80
147923,47260,1768901.0,p99,p99,p99
148549,28940,869046.0,p92,p92,p92
136072,10580,880381.0,p127,p127,p127
151851,33100,6166488.0,p102,p102,p102
150856,27260,1559514.0,p101,p101,p101
155027,31140,1265108.0,p109,p109,p109
300429,31080,13214799.0,p10,p10,p10
206387,36260,683864.0,p25,p25,p25
153199,27260,1559514.0,p101,p101,p101
113999,22180,526719.0,p98,p98,p98
203870,19740,2967239.0,p33,p33,p33
147039,47260,1768901.0,p99,p99,p99
151467,27260,1559514.0,p101,p101,p101
115177,39580,1390785.0,p98,p98,p98
128512,19820,4319629.0,p103,p103,p103
204089,19740,2967239.0,p33,p33,p33
148146,34980,1934317.0,p92,p92,p92
115502,47260,1768901.0,p99,p99,p99
145555,15380,1127983.0,p127,p127,p127
117485,28140,2157990.0,p54,p54,p54
146290,12580,2800053.0,p123,p123,p123
115871,12060,6020364.0,p94,p94,p94
116085,12060,6020364.0,p94,p94,p94
116555,12060,6020364.0,p94,p94,p94
308746,19100,7573136.0,p63,p63,p63
306592,19100,7573136.0,p63,p63,p63
148555,28940,869046.0,p92,p92,p92
149851,12940,854884.0,p58,p58,p58
117811,41180,2803228.0,p72,p72,p72
153604,26900,2074537.0,p106,p106,p106
307710,12420,2227083.0,p64,p64,p64
153310,26900,2074537.0,p106,p106,p106
119379,46140,998626.0,p51,p51,p51
116041,12060,6020364.0,p94,p94,p94
143769,36300,107740.0,p127,p127,p127
149703,46140,998626.0,p51,p51,p51
117170,28140,2157990.0,p54,p54,p54
134653,16980,9458539.0,p80,p80,p80
148124,34980,1934317.0,p92,p92,p92
116039,12060,6020364.0,p94,p94,p94
151907,33100,6166488.0,p102,p102,p102
150967,38300,2317600.0,p115,p115,p115
146210,47900,6280487.0,p123,p123,p123
150776,36740,2608147.0,p101,p101,p101
303846,41740,3338330.0,p11,p11,p11
305798,38060,4948203.0,p28,p28,p28
305848,31080,13214799.0,p10,p10,p10
115833,28940,869046.0,p92,p92,p92
115277,34980,1934317.0,p92,p92,p92
148214,40060,1291900.0,p99,p99,p99
129144,31140,1265108.0,p109,p109,p109
117677,28140,2157990.0,p54,p54,p54
146244,12580,2800053.0,p123,p123,p123
309677,41740,3338330.0,p11,p11,p11
155793,35620_p126,6585382.235587343,p126,p126,p126
301105,31080,13214799.0,p10,p10,p10
200724,42660,3979845.0,p1,p1,p1
118387,46140,998626.0,p51,p51,p51
151667,45300,3194831.0,p101,p101,p101
151088,35840,836995.0,p101,p101,p101
120036,34980,1934317.0,p92,p92,p92
120209,36740,2608147.0,p101,p101,p101
304160,26420,7066141.0,p67,p67,p67
151544,27260,1559514.0,p101,p101,p101
200366,42660,3979845.0,p1,p1,p1
120212,36740,2608147.0,p101,p101,p101
200362,42660,3979845.0,p1,p1,p1
113996,39580,1390785.0,p98,p98,p98
109667,27140,594806.0,p87,p87,p87
201219,42660,3979845.0,p1,p1,p1
123651,10900,844052.0,p122,p122,p122
133787,16980,9458539.0,p80,p80,p80
306315,19100,7573136.0,p63,p63,p63
117348,30780,742384.0,p85,p85,p85
303345,19100,7573136.0,p63,p63,p63
115644,12060,6020364.0,p94,p94,p94
144385,10900,844052.0,p122,p122,p122
136291,14460,4873019.0,p131,p131,p131
148556,28940,869046.0,p92,p92,p92
144021,37980,6102434.0,p122,p122,p122
148122,34980,1934317.0,p92,p92,p92
115499,47260,1768901.0,p99,p99,p99
111517,12060,6020364.0,p94,p94,p94
147610,47900,6280487.0,p123,p123,p123
114587,16740,2636883.0,p97,p97,p97
307661,10740,918018.0,p31,p31,p31
114515,40060,1291900.0,p99,p99,p99
205981,42660,3979845.0,p1,p1,p1
152722,16740,2636883.0,p97,p97,p97
153191,36740,2608147.0,p101,p101,p101
113595,17140,2221208.0,p114,p114,p114
153392,12060,6020364.0,p94,p94,p94
111525,12060,6020364.0,p94,p94,p94
112616,26380,208075.0,p58,p58,p58
108681,36740,2608147.0,p101,p101,p101
116014,12060,6020364.0,p94,p94,p94
147036,47260,1768901.0,p99,p99,p99
306303,19100,7573136.0,p63,p63,p63
148127,34980,1934317.0,p92,p92,p92
309611,41860,4731803.0,p9,p9,p9
115178,39580,1390785.0,p98,p98,p98
116162,12060,6020364.0,p94,p94,p94
155374,12060,6020364.0,p94,p94,p94
309962,19100,7573136.0,p63,p63,p63
122226,16980,9458539.0,p80,p80,p80
201276,17820,745791.0,p34,p34,p34
203677,19740,2967239.0,p33,p33,p33
147751,28940,869046.0,p92,p92,p92
120645,35840,836995.0,p101,p101,p101
129148,31140,1265108.0,p109,p109,p109
129590,33460,3640043.0,p43,p43,p43
300863,40900,2363730.0,p9,p9,p9
148700,29460,724777.0,p101,p101,p101
148088,17460,2048449.0,p111,p111,p111
127500,37980,6102434.0,p122,p122,p122
203678,19740,2967239.0,p33,p33,p33
120033,34980,1934317.0,p92,p92,p92
144008,37980,6102434.0,p122,p122,p122
203679,19740,2967239.0,p33,p33,p33
201277,17820,745791.0,p34,p34,p34
146390,38300,2317600.0,p115,p115,p115
302299,46060,1047279.0,p30,p30,p30
309481,19100,7573136.0,p63,p63,p63
149468,32820,1346045.0,p92,p92,p92
306120,12420,2227083.0,p64,p64,p64
136295,14460,4873019.0,p131,p131,p131
116621,12060,6020364.0,p94,p94,p94
115540,28940,869046.0,p92,p92,p92
117169,28140,2157990.0,p54,p54,p54
144004,37980,6102434.0,p122,p122,p122
151416,45300,3194831.0,p101,p101,p101
156249,35620_p126,6585382.235587343,p126,p126,p126
115539,28940,869046.0,p92,p92,p92
115354,34980,1934317.0,p92,p92,p92
304964,41700,2550960.0,p65,p65,p65
305021,31080,13214799.0,p10,p10,p10
203856,19740,2967239.0,p33,p33,p33
111516,12060,6020364.0,p94,p94,p94
115870,12060,6020364.0,p94,p94,p94
137602,17140,2221208.0,p114,p114,p114
151644,26580,355873.0,p112,p112,p112
121500,28140,2157990.0,p54,p54,p54
144499,16980,9458539.0,p80,p80,p80
148153,34980,1934317.0,p92,p92,p92
128954,19820,4319629.0,p103,p103,p103
303768,13140,392563.0,p66,p66,p66
117455,28140,2157990.0,p54,p54,p54
117601,28140,2157990.0,p54,p54,p54
148550,28940,869046.0,p92,p92,p92
111010,49180,676008.0,p97,p97,p97
121285,27260,1559514.0,p101,p101,p101
117943,41180,2803228.0,p72,p72,p72
147274,34980,1934317.0,p92,p92,p92
121499,28140,2157990.0,p54,p54,p54
112844,17140,2221208.0,p114,p114,p114
132374,35620_p126,6585382.235587343,p126,p126,p126
123096,12580,2800053.0,p123,p123,p123
120491,27260,1559514.0,p101,p101,p101
148172,34980,1934317.0,p92,p92,p92
117172,28140,2157990.0,p54,p54,p54
108012,30780,742384.0,p85,p85,p85
310305,41700,2550960.0,p65,p65,p65
147032,47260,1768901.0,p99,p99,p99
120534,36740,2608147.0,p101,p101,p101
116556,12060,6020364.0,p94,p94,p94
110004,25060,417665.0,p87,p87,p87
148137,34980,1934317.0,p92,p92,p92
304326,28660,460303.0,p63,p63,p63
147877,40060,1291900.0,p99,p99,p99
147922,47260,1768901.0,p99,p99,p99
147040,47260,1768901.0,p99,p99,p99
304264,41860,4731803.0,p9,p9,p9
109244,13820,1090435.0,p89,p89,p89
150612,33100,6166488.0,p102,p102,p102
151203,28940,869046.0,p92,p92,p92
148540,28940,869046.0,p92,p92,p92
144014,37980,6102434.0,p122,p122,p122
113593,26580,355873.0,p112,p112,p112
146325,12580,2800053.0,p123,p123,p123
302846,29420,212181.0,p27,p27,p27
117190,17900,838433.0,p96,p96,p96
144012,37980,6102434.0,p122,p122,p122
305518,41740,3338330.0,p11,p11,p11
151852,33100,6166488.0,p102,p102,p102
151629,45300,3194831.0,p101,p101,p101
146234,16980,9458539.0,p80,p80,p80
120105,33100,6166488.0,p102,p102,p102
109287,13820,1090435.0,p89,p89,p89
144518,16980,9458539.0,p80,p80,p80
150619,38300,2317600.0,p115,p115,p115
117746,41180,2803228.0,p72,p72,p72
117461,28140,2157990.0,p54,p54,p54
111513,12060,6020364.0,p94,p94,p94
150443,45300,3194831.0,p101,p101,p101
304217,31080,13214799.0,p10,p10,p10
308812,19100,7573136.0,p63,p63,p63
148123,34980,1934317.0,p92,p92,p92
146208,47900,6280487.0,p123,p123,p123
151470,35840,836995.0,p101,p101,p101
309843,31080,13214799.0,p10,p10,p10
301956,19100,7573136.0,p63,p63,p63
115650,12060,6020364.0,p94,p94,p94
148163,34980,1934317.0,p92,p92,p92
133885,12060,6020364.0,p94,p94,p94
122221,16980,9458539.0,p80,p80,p80
121601,30780,742384.0,p85,p85,p85
116086,12060,6020364.0,p94,p94,p94
116068,28940,869046.0,p92,p92,p92
147052,47260,1768901.0,p99,p99,p99
149819,12940,854884.0,p58,p58,p58
141148,35620_p126,6585382.235587343,p126,p126,p126
151413,45300,3194831.0,p101,p101,p101
122220,16980,9458539.0,p80,p80,p80
112520,12940,854884.0,p58,p58,p58
200372,42660,3979845.0,p1,p1,p1
144023,37980,6102434.0,p122,p122,p122
149089,28140,2157990.0,p54,p54,p54
121600,30780,742384.0,p85,p85,p85
148117,34980,1934317.0,p92,p92,p92
108013,30780,742384.0,p85,p85,p85
307475,13140,392563.0,p66,p66,p66
307495,31080,13214799.0,p10,p10,p10
202185,19740,2967239.0,p33,p33,p33
127935,45300,3194831.0,p101,p101,p101
150780,36740,2608147.0,p101,p101,p101
120541,19660,668365.0,p101,p101,p101
136382,14460,4873019.0,p131,p131,p131
146222,16980,9458539.0,p80,p80,p80
149445,32820,1346045.0,p92,p92,p92
306696,46060,1047279.0,p30,p30,p30
124622,38300,2317600.0,p115,p115,p115
134661,16980,9458539.0,p80,p80,p80
109076,33660,429536.0,p90,p90,p90
136381,14460,4873019.0,p131,p131,p131
117516,28140,2157990.0,p54,p54,p54
109274,13820,1090435.0,p89,p89,p89
113653,17460,2048449.0,p111,p111,p111
147053,47260,1768901.0,p99,p99,p99
201524,19740,2967239.0,p33,p33,p33
149377,28140,2157990.0,p54,p54,p54
122421,19660,668365.0,p101,p101,p101
117287,30780,742384.0,p85,p85,p85
150613,33100,6166488.0,p102,p102,p102
113564,12060,6020364.0,p94,p94,p94
147940,47260,1768901.0,p99,p99,p99
153394,12060,6020364.0,p94,p94,p94
302897,19100,7573136.0,p63,p63,p63
160639,45300,3194831.0,p101,p101,p101
121791,19660,668365.0,p101,p101,p101
112522,12940,854884.0,p58,p58,p58
308851,26420,7066141.0,p67,p67,p67
112523,12940,854884.0,p58,p58,p58
302369,38060,4948203.0,p28,p28,p28
134710,33340,1575179.0,p79,p79,p79
163668,35620_p126,6585382.235587343,p126,p126,p126
148138,34980,1934317.0,p92,p92,p92
303487,31080,13214799.0,p10,p10,p10
121759,28140,2157990.0,p54,p54,p54
161307,12580,2800053.0,p123,p123,p123
124781,33100,6166488.0,p102,p102,p102
148096,28940,869046.0,p92,p92,p92
116244,12060,6020364.0,p94,p94,p94
136539,25540,1204877.0,p132,p132,p132
151677,45300,3194831.0,p101,p101,p101
302007,29820,2266715.0,p13,p13,p13
149159,32820,1346045.0,p92,p92,p92
111537,12060,6020364.0,p94,p94,p94
111512,12060,6020364.0,p94,p94,p94
151747,19660,668365.0,p101,p101,p101
135677,39100,679158.0,p127,p127,p127
146294,12580,2800053.0,p123,p123,p123
117346,12260,608980.0,p96,p96,p96
111524,12060,6020364.0,p94,p94,p94
147609,47900,6280487.0,p123,p123,p123
111511,12060,6020364.0,p94,p94,p94
307828,38060,4948203.0,p28,p28,p28
117941,41180,2803228.0,p72,p72,p72
306753,38060,4948203.0,p28,p28,p28
129084,39100,679158.0,p127,p127,p127
301974,38060,4948203.0,p28,p28,p28
112534,35380,1270530.0,p58,p58,p58
117588,28140,2157990.0,p54,p54,p54
152221,34980,1934317.0,p92,p92,p92
115919,12060,6020364.0,p94,p94,p94
136323,39300,1624578.0,p133,p133,p133
120329,45300,3194831.0,p101,p101,p101
147887,16700,802122.0,p96,p96,p96
108016,30780,742384.0,p85,p85,p85
108524,37340,601942.0,p102,p102,p102
304572,41740,3338330.0,p11,p11,p11
116411,12060,6020364.0,p94,p94,p94
136322,39300,1624578.0,p133,p133,p133
115381,32820,1346045.0,p92,p92,p92
114527,47260,1768901.0,p99,p99,p99
133682,14460,4873019.0,p131,p131,p131
137058,14460,4873019.0,p131,p131,p131
151673,45300,3194831.0,p101,p101,p101
146512,37980,6102434.0,p122,p122,p122
304071,40140,4650631.0,p10,p10,p10
143768,36300,107740.0,p127,p127,p127
147288,34980,1934317.0,p92,p92,p92
120511,36740,2608147.0,p101,p101,p101
115873,12060,6020364.0,p94,p94,p94
151740,19660,668365.0,p101,p101,p101
111160,12060,6020364.0,p94,p94,p94
308749,19100,7573136.0,p63,p63,p63
117117,28140,2157990.0,p54,p54,p54
133681,14460,4873019.0,p131,p131,p131
148546,28940,869046.0,p92,p92,p92
202757,42660,3979845.0,p1,p1,p1
146591,49620,449058.0,p122,p122,p122
155300,13820,1090435.0,p89,p89,p89
111158,12060,6020364.0,p94,p94,p94
305830,29420,212181.0,p27,p27,p27
134642,16980,9458539.0,p80,p80,p80
115918,12060,6020364.0,p94,p94,p94
301664,31080,13214799.0,p10,p10,p10
309569,31080,13214799.0,p10,p10,p10
144378,10900,844052.0,p122,p122,p122
302108,41860,4731803.0,p9,p9,p9
143945,37980,6102434.0,p122,p122,p122
148128,34980,1934317.0,p92,p92,p92
143947,37980,6102434.0,p122,p122,p122
146243,12580,2800053.0,p123,p123,p123
203974,19740,2967239.0,p33,p33,p33
203837,19740,2967239.0,p33,p33,p33
148653,16980,9458539.0,p80,p80,p80
136475,25540,1204877.0,p132,p132,p132
147294,34980,1934317.0,p92,p92,p92
146509,37980,6102434.0,p122,p122,p122
134644,16980,9458539.0,p80,p80,p80
108596,33100,6166488.0,p102,p102,p102
151793,37340,601942.0,p102,p102,p102
300728,19100,7573136.0,p63,p63,p63
151468,35840,836995.0,p101,p101,p101
300076,38060,4948203.0,p28,p28,p28
132336,35620_p126,6585382.235587343,p126,p126,p126
135403,12700,212990.0,p131,p131,p131
200359,42660,3979845.0,p1,p1,p1
304312,26420,7066141.0,p67,p67,p67
117543,28140,2157990.0,p54,p54,p54
117124,17900,838433.0,p96,p96,p96
204085,19740,2967239.0,p33,p33,p33
116161,12060,6020364.0,p94,p94,p94
115786,28940,869046.0,p92,p92,p92
117645,28140,2157990.0,p54,p54,p54
132393,35620_p126,6585382.235587343,p126,p126,p126
150957,33100,6166488.0,p102,p102,p102
143626,35620_p126,6585382.235587343,p126,p126,p126
115912,12060,6020364.0,p94,p94,p94
149376,28140,2157990.0,p54,p54,p54
147752,28940,869046.0,p92,p92,p92
150768,36740,2608147.0,p101,p101,p101
150782,36740,2608147.0,p101,p101,p101
162554,35620_p126,6585382.235587343,p126,p126,p126
140974,35620_p126,6585382.235587343,p126,p126,p126
140862,35620_p126,6585382.235587343,p126,p126,p126
115500,47260,1768901.0,p99,p99,p99
140982,35620_p126,6585382.235587343,p126,p126,p126
140973,35620_p126,6585382.235587343,p126,p126,p126
122483,36740,2608147.0,p101,p101,p101
144020,37980,6102434.0,p122,p122,p122
201569,36260,683864.0,p25,p25,p25
116108,12060,6020364.0,p94,p94,p94
116106,12060,6020364.0,p94,p94,p94
111758,13820,1090435.0,p89,p89,p89
146175,47900,6280487.0,p123,p123,p123
117600,28140,2157990.0,p54,p54,p54
203734,19740,2967239.0,p33,p33,p33
122978,47900,6280487.0,p123,p123,p123
149324,41180,2803228.0,p72,p72,p72
302056,31080,13214799.0,p10,p10,p10
151756,16740,2636883.0,p97,p97,p97
146802,47900,6280487.0,p123,p123,p123
128514,19820,4319629.0,p103,p103,p103
147926,47260,1768901.0,p99,p99,p99
153461,13820,1090435.0,p89,p89,p89
132944,35620_p126,6585382.235587343,p126,p126,p126
140981,35620_p126,6585382.235587343,p126,p126,p126
310331,19100,7573136.0,p63,p63,p63
122979,47900,6280487.0,p123,p123,p123
143948,37980,6102434.0,p122,p122,p122
148130,34980,1934317.0,p92,p92,p92
116231,12060,6020364.0,p94,p94,p94
148157,34980,1934317.0,p92,p92,p92
132942,35620_p126,6585382.235587343,p126,p126,p126
308964,26420,7066141.0,p67,p67,p67
114701,49180,676008.0,p97,p97,p97
305844,19100,7573136.0,p63,p63,p63
303648,19100,7573136.0,p63,p63,p63
120644,35840,836995.0,p101,p101,p101
147925,47260,1768901.0,p99,p99,p99
120939,17900,838433.0,p96,p96,p96
307582,38060,4948203.0,p28,p28,p28
109061,33660,429536.0,p90,p90,p90
123417,37980,6102434.0,p122,p122,p122
143625,35620_p126,6585382.235587343,p126,p126,p126
111179,12060,6020364.0,p94,p94,p94
151434,24860,920477.0,p95,p95,p95
143526,33460,3640043.0,p43,p43,p43
141146,35620_p126,6585382.235587343,p126,p126,p126
305879,12420,2227083.0,p64,p64,p64
306692,38060,4948203.0,p28,p28,p28
117075,28140,2157990.0,p54,p54,p54
307293,26420,7066141.0,p67,p67,p67
116232,12060,6020364.0,p94,p94,p94
122896,47900,6280487.0,p123,p123,p123
132600,35620_p126,6585382.235587343,p126,p126,p126
304317,29420,212181.0,p27,p27,p27
147295,34980,1934317.0,p92,p92,p92
148166,34980,1934317.0,p92,p92,p92
112532,35380,1270530.0,p58,p58,p58
140975,35620_p126,6585382.235587343,p126,p126,p126
113566,12060,6020364.0,p94,p94,p94
146173,47900,6280487.0,p123,p123,p123
117938,41180,2803228.0,p72,p72,p72
144022,37980,6102434.0,p122,p122,p122
149094,28140,2157990.0,p54,p54,p54
124099,45300,3194831.0,p101,p101,p101
151926,33100,6166488.0,p102,p102,p102
147919,28700,307202.0,p92,p92,p92
154536,45300,3194831.0,p101,p101,p101
113152,17460,2048449.0,p111,p111,p111
112531,35380,1270530.0,p58,p58,p58
150609,33100,6166488.0,p102,p102,p102
304568,19100,7573136.0,p63,p63,p63
116032,12060,6020364.0,p94,p94,p94
303135,31080,13214799.0,p10,p10,p10
115642,12060,6020364.0,p94,p94,p94
135402,14460,4873019.0,p131,p131,p131
157331,36740,2608147.0,p101,p101,p101
120940,17900,838433.0,p96,p96,p96
120157,33100,6166488.0,p102,p102,p102
132392,35620_p126,6585382.235587343,p126,p126,p126
139769,49340,947404.0,p131,p131,p131
147921,47260,1768901.0,p99,p99,p99
133640,14460,4873019.0,p131,p131,p131
112530,35380,1270530.0,p58,p58,p58
306302,19100,7573136.0,p63,p63,p63
117394,28140,2157990.0,p54,p54,p54
146389,38300,2317600.0,p115,p115,p115
120153,33100,6166488.0,p102,p102,p102
151628,45300,3194831.0,p101,p101,p101
133641,14460,4873019.0,p131,p131,p131
304451,38060,4948203.0,p28,p28,p28
303718,31080,13214799.0,p10,p10,p10
143535,33460,3640043.0,p43,p43,p43
147879,40060,1291900.0,p99,p99,p99
132624,35620_p126,6585382.235587343,p126,p126,p126
140972,35620_p126,6585382.235587343,p126,p126,p126
111536,12060,6020364.0,p94,p94,p94
134764,35620_p128,1718419.7847016656,p128,p128,p128
120398,36740,2608147.0,p101,p101,p101
134780,35620_p128,1718419.7847016656,p128,p128,p128
115907,12060,6020364.0,p94,p94,p94
147878,40060,1291900.0,p99,p99,p99
116410,12060,6020364.0,p94,p94,p94
112123,13820,1090435.0,p89,p89,p89
117709,41180,2803228.0,p72,p72,p72
134657,16980,9458539.0,p80,p80,p80
117905,41180,2803228.0,p72,p72,p72
116130,12060,6020364.0,p94,p94,p94
148173,34980,1934317.0,p92,p92,p92
128336,19820,4319629.0,p103,p103,p103
200358,42660,3979845.0,p1,p1,p1
110782,12060,6020364.0,p94,p94,p94
307573,41740,3338330.0,p11,p11,p11
121073,28140,2157990.0,p54,p54,p54
122905,47900,6280487.0,p123,p123,p123
140954,35620_p126,6585382.235587343,p126,p126,p126
120565,35840,836995.0,p101,p101,p101
149343,41180,2803228.0,p72,p72,p72
143552,33460,3640043.0,p43,p43,p43
121321,41180,2803228.0,p72,p72,p72
301942,19100,7573136.0,p63,p63,p63
117752,41180,2803228.0,p72,p72,p72
129505,35620_p127,2528791.459936988,p127,p127,p127
143992,19820,4319629.0,p103,p103,p103
121993,16980,9458539.0,p80,p80,p80
303620,31080,13214799.0,p10,p10,p10
121075,28140,2157990.0,p54,p54,p54
123510,47900,6280487.0,p123,p123,p123
120567,35840,836995.0,p101,p101,p101
154542,45300,3194831.0,p101,p101,p101
124169,35620_p127,2528791.459936988,p127,p127,p127
120559,35840,836995.0,p101,p101,p101
304557,38060,4948203.0,p28,p28,p28
123416,37980,6102434.0,p122,p122,p122
120151,33100,6166488.0,p102,p102,p102
134643,16980,9458539.0,p80,p80,p80
116166,12060,6020364.0,p94,p94,p94
301273,41860,4731803.0,p9,p9,p9
147973,47260,1768901.0,p99,p99,p99
116356,12060,6020364.0,p94,p94,p94
140986,35620_p126,6585382.235587343,p126,p126,p126
140983,35620_p126,6585382.235587343,p126,p126,p126
300765,38060,4948203.0,p28,p28,p28
150623,33100,6166488.0,p102,p102,p102
111509,12060,6020364.0,p94,p94,p94
302870,19100,7573136.0,p63,p63,p63
154547,35840,836995.0,p101,p101,p101
143957,37980,6102434.0,p122,p122,p122
162182,47900,6280487.0,p123,p123,p123
122012,16980,9458539.0,p80,p80,p80
162181,47900,6280487.0,p123,p123,p123
132928,14460,4873019.0,p131,p131,p131
146517,37980,6102434.0,p122,p122,p122
200375,42660,3979845.0,p1,p1,p1
140978,35620_p126,6585382.235587343,p126,p126,p126
132950,35620_p126,6585382.235587343,p126,p126,p126
143613,35620_p126,6585382.235587343,p126,p126,p126
116105,12060,6020364.0,p94,p94,p94
200891,42660,3979845.0,p1,p1,p1
140988,35620_p126,6585382.235587343,p126,p126,p126
115868,12060,6020364.0,p94,p94,p94
130306,33460,3640043.0,p43,p43,p43
121071,28140,2157990.0,p54,p54,p54
150627,16740,2636883.0,p97,p97,p97
150416,16740,2636883.0,p97,p97,p97
302249,26420,7066141.0,p67,p67,p67
146174,47900,6280487.0,p123,p123,p123
140976,35620_p126,6585382.235587343,p126,p126,p126
116031,12060,6020364.0,p94,p94,p94
124951,37980,6102434.0,p122,p122,p122
310370,26420,7066141.0,p67,p67,p67
307693,31080,13214799.0,p10,p10,p10
110781,12060,6020364.0,p94,p94,p94
140991,35620_p127,2528791.459936988,p127,p127,p127
150712,33100,6166488.0,p102,p102,p102
153150,28940,869046.0,p92,p92,p92
116160,12060,6020364.0,p94,p94,p94
120065,33100,6166488.0,p102,p102,p102
141003,35620_p127,2528791.459936988,p127,p127,p127
108557,33100,6166488.0,p102,p102,p102
117812,41180,2803228.0,p72,p72,p72
307290,38060,4948203.0,p28,p28,p28
306152,31080,13214799.0,p10,p10,p10
305000,38060,4948203.0,p28,p28,p28
117798,41180,2803228.0,p72,p72,p72
300493,31080,13214799.0,p10,p10,p10
132357,35620_p126,6585382.235587343,p126,p126,p126
116011,12060,6020364.0,p94,p94,p94
150717,38300,2317600.0,p115,p115,p115
143953,37980,6102434.0,p122,p122,p122
151472,35840,836995.0,p101,p101,p101
300185,41740,3338330.0,p11,p11,p11
158824,33460,3640043.0,p43,p43,p43
116131,12060,6020364.0,p94,p94,p94
305611,38060,4948203.0,p28,p28,p28
114843,47260,1768901.0,p99,p99,p99
141147,35620_p126,6585382.235587343,p126,p126,p126
300207,19100,7573136.0,p63,p63,p63
110862,12060,6020364.0,p94,p94,p94
133410,14460,4873019.0,p131,p131,p131
110780,12060,6020364.0,p94,p94,p94
304038,38060,4948203.0,p28,p28,p28
140984,35620_p126,6585382.235587343,p126,p126,p126
140985,35620_p126,6585382.235587343,p126,p126,p126
310282,19100,7573136.0,p63,p63,p63
303537,19100,7573136.0,p63,p63,p63
147280,34980,1934317.0,p92,p92,p92
134777,35620_p128,1718419.7847016656,p128,p128,p128
123680,38300,2317600.0,p115,p115,p115
308991,31080,13214799.0,p10,p10,p10
148129,34980,1934317.0,p92,p92,p92
110779,12060,6020364.0,p94,p94,p94
301864,19100,7573136.0,p63,p63,p63
150695,33100,6166488.0,p102,p102,p102
300883,19100,7573136.0,p63,p63,p63
150610,33100,6166488.0,p102,p102,p102
151332,12060,6020364.0,p94,p94,p94
147281,34980,1934317.0,p92,p92,p92
301214,31080,13214799.0,p10,p10,p10
136939,14460,4873019.0,p131,p131,p131
306489,31080,13214799.0,p10,p10,p10
132303,35620_p126,6585382.235587343,p126,p126,p126
133634,14460,4873019.0,p131,p131,p131
140980,35620_p126,6585382.235587343,p126,p126,p126
140987,35620_p126,6585382.235587343,p126,p126,p126
308529,31080,13214799.0,p10,p10,p10
304597,26420,7066141.0,p67,p67,p67
132309,35620_p126,6585382.235587343,p126,p126,p126
122014,16980,9458539.0,p80,p80,p80
305819,26420,7066141.0,p67,p67,p67
141149,35620_p126,6585382.235587343,p126,p126,p126
310199,31080,13214799.0,p10,p10,p10
134651,16980,9458539.0,p80,p80,p80
129556,35620_p128,1718419.7847016656,p128,p128,p128
116100,12060,6020364.0,p94,p94,p94
122313,16980,9458539.0,p80,p80,p80
134650,16980,9458539.0,p80,p80,p80
134645,16980,9458539.0,p80,p80,p80
301121,19100,7573136.0,p63,p63,p63
304447,26420,7066141.0,p67,p67,p67
136006,35620_p126,6585382.235587343,p126,p126,p126
134646,16980,9458539.0,p80,p80,p80
150714,33100,6166488.0,p102,p102,p102
108299,19660,668365.0,p101,p101,p101
132362,35620_p126,6585382.235587343,p126,p126,p126
117085,41180,2803228.0,p72,p72,p72
306016,29420,212181.0,p27,p27,p27
124468,35620_p127,2528791.459936988,p127,p127,p127
117856,41180,2803228.0,p72,p72,p72
116101,12060,6020364.0,p94,p94,p94
143951,37980,6102434.0,p122,p122,p122
303265,31080,13214799.0,p10,p10,p10
308912,31080,13214799.0,p10,p10,p10
111163,12060,6020364.0,p94,p94,p94
151785,37340,601942.0,p102,p102,p102
301157,38060,4948203.0,p28,p28,p28
143952,37980,6102434.0,p122,p122,p122
156252,35620_p126,6585382.235587343,p126,p126,p126
307011,19100,7573136.0,p63,p63,p63
152724,16740,2636883.0,p97,p97,p97
148484,17460,2048449.0,p111,p111,p111
143949,37980,6102434.0,p122,p122,p122
200356,42660,3979845.0,p1,p1,p1
116165,12060,6020364.0,p94,p94,p94
140989,35620_p126,6585382.235587343,p126,p126,p126
154487,17460,2048449.0,p111,p111,p111
147282,34980,1934317.0,p92,p92,p92
135397,14460,4873019.0,p131,p131,p131
132929,14460,4873019.0,p131,p131,p131
121976,16980,9458539.0,p80,p80,p80
147495,37980,6102434.0,p122,p122,p122
161009,12060,6020364.0,p94,p94,p94
117765,41180,2803228.0,p72,p72,p72
132943,35620_p126,6585382.235587343,p126,p126,p126
140993,35620_p127,2528791.459936988,p127,p127,p127
150966,33100,6166488.0,p102,p102,p102
120605,33100,6166488.0,p102,p102,p102
309736,19100,7573136.0,p63,p63,p63
133190,35620_p126,6585382.235587343,p126,p126,p126
132405,35620_p126,6585382.235587343,p126,p126,p126
140990,35620_p126,6585382.235587343,p126,p126,p126
146220,16980,9458539.0,p80,p80,p80
120152,33100,6166488.0,p102,p102,p102
156250,35620_p126,6585382.235587343,p126,p126,p126
110778,12060,6020364.0,p94,p94,p94
133188,35620_p126,6585382.235587343,p126,p126,p126
134652,16980,9458539.0,p80,p80,p80
200355,42660,3979845.0,p1,p1,p1
150604,33100,6166488.0,p102,p102,p102
200801,42660,3979845.0,p1,p1,p1
141106,35620_p126,6585382.235587343,p126,p126,p126
151364,33100,6166488.0,p102,p102,p102
116363,12060,6020364.0,p94,p94,p94
303708,26420,7066141.0,p67,p67,p67
200749,42660,3979845.0,p1,p1,p1
144517,16980,9458539.0,p80,p80,p80
150769,19660,668365.0,p101,p101,p101
108537,33100,6166488.0,p102,p102,p102
132389,35620_p126,6585382.235587343,p126,p126,p126
132972,35620_p126,6585382.235587343,p126,p126,p126
110777,12060,6020364.0,p94,p94,p94
141105,35620_p126,6585382.235587343,p126,p126,p126
108538,33100,6166488.0,p102,p102,p102
115626,12060,6020364.0,p94,p94,p94
150617,38300,2317600.0,p115,p115,p115
133851,12060,6020364.0,p94,p94,p94
140877,35620_p127,2528791.459936988,p127,p127,p127
303861,42200,446499.0,p9,p9,p9
150715,33100,6166488.0,p102,p102,p102
150670,33100,6166488.0,p102,p102,p102
117940,41180,2803228.0,p72,p72,p72
309566,19100,7573136.0,p63,p63,p63
146146,17460,2048449.0,p111,p111,p111
300009,38060,4948203.0,p28,p28,p28
132619,35620_p126,6585382.235587343,p126,p126,p126
132973,35620_p126,6585382.235587343,p126,p126,p126
123437,37980,6102434.0,p122,p122,p122
300016,31080,13214799.0,p10,p10,p10
306159,19100,7573136.0,p63,p63,p63
134702,16980,9458539.0,p80,p80,p80
132410,35620_p126,6585382.235587343,p126,p126,p126
116102,12060,6020364.0,p94,p94,p94
116103,12060,6020364.0,p94,p94,p94
116155,12060,6020364.0,p94,p94,p94
136018,35620_p126,6585382.235587343,p126,p126,p126
150664,33100,6166488.0,p102,p102,p102
116152,12060,6020364.0,p94,p94,p94
116153,12060,6020364.0,p94,p94,p94
116109,12060,6020364.0,p94,p94,p94
133860,16740,2636883.0,p97,p97,p97
146541,37980,6102434.0,p122,p122,p122
153373,16980,9458539.0,p80,p80,p80
110859,12060,6020364.0,p94,p94,p94
108481,33100,6166488.0,p102,p102,p102
142331,12060,6020364.0,p94,p94,p94
133189,35620_p126,6585382.235587343,p126,p126,p126
116001,12060,6020364.0,p94,p94,p94
132971,35620_p126,6585382.235587343,p126,p126,p126
310361,19100,7573136.0,p63,p63,p63
133790,16980,9458539.0,p80,p80,p80
150660,33100,6166488.0,p102,p102,p102
116413,12060,6020364.0,p94,p94,p94
116412,12060,6020364.0,p94,p94,p94
141104,35620_p126,6585382.235587343,p126,p126,p126
150163,12060,6020364.0,p94,p94,p94
308515,19100,7573136.0,p63,p63,p63
120609,33100,6166488.0,p102,p102,p102
300261,19100,7573136.0,p63,p63,p63
108479,33100,6166488.0,p102,p102,p102
136019,35620_p126,6585382.235587343,p126,p126,p126
124076,33100,6166488.0,p102,p102,p102
129920,35620_p127,2528791.459936988,p127,p127,p127
110335,12060,6020364.0,p94,p94,p94
132302,35620_p126,6585382.235587343,p126,p126,p126
156251,35620_p126,6585382.235587343,p126,p126,p126
110339,12060,6020364.0,p94,p94,p94
134701,16980,9458539.0,p80,p80,p80
134714,16980,9458539.0,p80,p80,p80
133843,12060,6020364.0,p94,p94,p94
110601,12060,6020364.0,p94,p94,p94
116414,12060,6020364.0,p94,p94,p94
132256,35620_p126,6585382.235587343,p126,p126,p126
121936,16980,9458539.0,p80,p80,p80
134713,16980,9458539.0,p80,p80,p80
150710,33100,6166488.0,p102,p102,p102
150561,33100,6166488.0,p102,p102,p102
141125,35620_p126,6585382.235587343,p126,p126,p126
148716,33100,6166488.0,p102,p102,p102
120102,33100,6166488.0,p102,p102,p102
133191,35620_p126,6585382.235587343,p126,p126,p126
