region,year,scenario,weather_year,annual_demand_mwh
p1,2020,IRA_low,2007,57526059.96
p1,2020,IRA_low,2008,57523428.83
p1,2020,IRA_low,2009,57523209.49
p1,2020,IRA_low,2010,57530675.75
p1,2020,IRA_low,2011,57519250.76
p1,2020,IRA_low,2012,57526465.93
p1,2020,IRA_low,2013,57523148.88
p1,2021,IRA_low,2007,46526283.0
p1,2021,IRA_low,2008,46526263.0
p1,2021,IRA_low,2009,46526211.0
p1,2021,IRA_low,2010,46526249.0
p1,2021,IRA_low,2011,46526252.0
p1,2021,IRA_low,2012,46526249.0
p1,2021,IRA_low,2013,46526265.0
p1,2022,IRA_low,2007,47922770.0
p1,2022,IRA_low,2008,47922716.0
p1,2022,IRA_low,2009,47922762.0
p1,2022,IRA_low,2010,47922766.0
p1,2022,IRA_low,2011,47922734.0
p1,2022,IRA_low,2012,47922760.0
p1,2022,IRA_low,2013,47922766.0
p1,2023,IRA_low,2007,47245175.0
p1,2023,IRA_low,2008,47245185.0
p1,2023,IRA_low,2009,47245186.0
p1,2023,IRA_low,2010,47245193.0
p1,2023,IRA_low,2011,47245197.0
p1,2023,IRA_low,2012,47245137.0
p1,2023,IRA_low,2013,47245163.0
p1,2024,IRA_low,2007,47596633.0
p1,2024,IRA_low,2008,47596647.0
p1,2024,IRA_low,2009,47596640.0
p1,2024,IRA_low,2010,47596678.0
p1,2024,IRA_low,2011,47596587.0
p1,2024,IRA_low,2012,47596694.0
p1,2024,IRA_low,2013,47596649.0
p1,2025,IRA_low,2007,48775330.0
p1,2025,IRA_low,2008,48779698.0
p1,2025,IRA_low,2009,48782696.0
p1,2025,IRA_low,2010,48766256.0
p1,2025,IRA_low,2011,48777799.0
p1,2025,IRA_low,2012,48773689.0
p1,2025,IRA_low,2013,48778611.0
p1,2026,IRA_low,2007,50207593.0
p1,2026,IRA_low,2008,50218773.0
p1,2026,IRA_low,2009,50221336.0
p1,2026,IRA_low,2010,50189100.0
p1,2026,IRA_low,2011,50215737.0
p1,2026,IRA_low,2012,50203600.0
p1,2026,IRA_low,2013,50211067.0
p1,2027,IRA_low,2007,51639786.0
p1,2027,IRA_low,2008,51657785.0
p1,2027,IRA_low,2009,51660074.0
p1,2027,IRA_low,2010,51612065.0
p1,2027,IRA_low,2011,51653862.0
p1,2027,IRA_low,2012,51633403.0
p1,2027,IRA_low,2013,51643761.0
p1,2028,IRA_low,2007,53072103.0
p1,2028,IRA_low,2008,53096911.0
p1,2028,IRA_low,2009,53098721.0
p1,2028,IRA_low,2010,53034960.0
p1,2028,IRA_low,2011,53091867.0
p1,2028,IRA_low,2012,53063347.0
p1,2028,IRA_low,2013,53076248.0
p1,2029,IRA_low,2007,54504405.0
p1,2029,IRA_low,2008,54535983.0
p1,2029,IRA_low,2009,54537408.0
p1,2029,IRA_low,2010,54457782.0
p1,2029,IRA_low,2011,54529930.0
p1,2029,IRA_low,2012,54493178.0
p1,2029,IRA_low,2013,54508823.0
p1,2030,IRA_low,2007,55936718.0
p1,2030,IRA_low,2008,55974948.0
p1,2030,IRA_low,2009,55976004.0
p1,2030,IRA_low,2010,55880823.0
p1,2030,IRA_low,2011,55967996.0
p1,2030,IRA_low,2012,55923100.0
p1,2030,IRA_low,2013,55941427.0
p1,2031,IRA_low,2007,57374803.0
p1,2031,IRA_low,2008,57422068.0
p1,2031,IRA_low,2009,57421680.0
p1,2031,IRA_low,2010,57308393.0
p1,2031,IRA_low,2011,57413990.0
p1,2031,IRA_low,2012,57357490.0
p1,2031,IRA_low,2013,57379329.0
p1,2032,IRA_low,2007,58812877.0
p1,2032,IRA_low,2008,58869142.0
p1,2032,IRA_low,2009,58867301.0
p1,2032,IRA_low,2010,58736114.0
p1,2032,IRA_low,2011,58860064.0
p1,2032,IRA_low,2012,58792068.0
p1,2032,IRA_low,2013,58817345.0
p1,2033,IRA_low,2007,60250912.0
p1,2033,IRA_low,2008,60316222.0
p1,2033,IRA_low,2009,60312934.0
p1,2033,IRA_low,2010,60163665.0
p1,2033,IRA_low,2011,60306049.0
p1,2033,IRA_low,2012,60226638.0
p1,2033,IRA_low,2013,60255271.0
p1,2034,IRA_low,2007,61688956.0
p1,2034,IRA_low,2008,61763333.0
p1,2034,IRA_low,2009,61758490.0
p1,2034,IRA_low,2010,61591315.0
p1,2034,IRA_low,2011,61752090.0
p1,2034,IRA_low,2012,61661135.0
p1,2034,IRA_low,2013,61693065.0
p1,2035,IRA_low,2007,63127082.0
p1,2035,IRA_low,2008,63210394.0
p1,2035,IRA_low,2009,63204203.0
p1,2035,IRA_low,2010,63018875.0
p1,2035,IRA_low,2011,63198104.0
p1,2035,IRA_low,2012,63095732.0
p1,2035,IRA_low,2013,63131014.0
p1,2036,IRA_low,2007,64404005.0
p1,2036,IRA_low,2008,64494561.0
p1,2036,IRA_low,2009,64487888.0
p1,2036,IRA_low,2010,64286323.0
p1,2036,IRA_low,2011,64481053.0
p1,2036,IRA_low,2012,64369355.0
p1,2036,IRA_low,2013,64408278.0
p1,2037,IRA_low,2007,65680897.0
p1,2037,IRA_low,2008,65778848.0
p1,2037,IRA_low,2009,65771601.0
p1,2037,IRA_low,2010,65553680.0
p1,2037,IRA_low,2011,65764189.0
p1,2037,IRA_low,2012,65642931.0
p1,2037,IRA_low,2013,65685473.0
p1,2038,IRA_low,2007,66957812.0
p1,2038,IRA_low,2008,67062982.0
p1,2038,IRA_low,2009,67055267.0
p1,2038,IRA_low,2010,66820989.0
p1,2038,IRA_low,2011,67047013.0
p1,2038,IRA_low,2012,66916515.0
p1,2038,IRA_low,2013,66962708.0
p1,2039,IRA_low,2007,68234725.0
p1,2039,IRA_low,2008,68347176.0
p1,2039,IRA_low,2009,68338905.0
p1,2039,IRA_low,2010,68088303.0
p1,2039,IRA_low,2011,68329941.0
p1,2039,IRA_low,2012,68190045.0
p1,2039,IRA_low,2013,68240026.0
p1,2040,IRA_low,2007,69511649.0
p1,2040,IRA_low,2008,69631457.0
p1,2040,IRA_low,2009,69622651.0
p1,2040,IRA_low,2010,69355730.0
p1,2040,IRA_low,2011,69612948.0
p1,2040,IRA_low,2012,69463558.0
p1,2040,IRA_low,2013,69517348.0
p1,2041,IRA_low,2007,70623633.0
p1,2041,IRA_low,2008,70746875.0
p1,2041,IRA_low,2009,70738459.0
p1,2041,IRA_low,2010,70462939.0
p1,2041,IRA_low,2011,70727525.0
p1,2041,IRA_low,2012,70573716.0
p1,2041,IRA_low,2013,70630273.0
p1,2042,IRA_low,2007,71735615.0
p1,2042,IRA_low,2008,71862415.0
p1,2042,IRA_low,2009,71854274.0
p1,2042,IRA_low,2010,71570172.0
p1,2042,IRA_low,2011,71842106.0
p1,2042,IRA_low,2012,71683711.0
p1,2042,IRA_low,2013,71743222.0
p1,2043,IRA_low,2007,72847691.0
p1,2043,IRA_low,2008,72977962.0
p1,2043,IRA_low,2009,72969992.0
p1,2043,IRA_low,2010,72677361.0
p1,2043,IRA_low,2011,72956660.0
p1,2043,IRA_low,2012,72793840.0
p1,2043,IRA_low,2013,72856121.0
p1,2044,IRA_low,2007,73959849.0
p1,2044,IRA_low,2008,74093453.0
p1,2044,IRA_low,2009,74085847.0
p1,2044,IRA_low,2010,73784620.0
p1,2044,IRA_low,2011,74071249.0
p1,2044,IRA_low,2012,73903876.0
p1,2044,IRA_low,2013,73969078.0
p1,2045,IRA_low,2007,75071871.0
p1,2045,IRA_low,2008,75208878.0
p1,2045,IRA_low,2009,75201641.0
p1,2045,IRA_low,2010,74891875.0
p1,2045,IRA_low,2011,75185826.0
p1,2045,IRA_low,2012,75013906.0
p1,2045,IRA_low,2013,75082052.0
p1,2046,IRA_low,2007,76048561.0
p1,2046,IRA_low,2008,76187446.0
p1,2046,IRA_low,2009,76181991.0
p1,2046,IRA_low,2010,75864332.0
p1,2046,IRA_low,2011,76163382.0
p1,2046,IRA_low,2012,75989325.0
p1,2046,IRA_low,2013,76060484.0
p1,2047,IRA_low,2007,77025239.0
p1,2047,IRA_low,2008,77165915.0
p1,2047,IRA_low,2009,77162417.0
p1,2047,IRA_low,2010,76836819.0
p1,2047,IRA_low,2011,77140912.0
p1,2047,IRA_low,2012,76964737.0
p1,2047,IRA_low,2013,77038940.0
p1,2048,IRA_low,2007,78002089.0
p1,2048,IRA_low,2008,78144414.0
p1,2048,IRA_low,2009,78142746.0
p1,2048,IRA_low,2010,77809359.0
p1,2048,IRA_low,2011,78118395.0
p1,2048,IRA_low,2012,77940098.0
p1,2048,IRA_low,2013,78017415.0
p1,2049,IRA_low,2007,78978742.0
p1,2049,IRA_low,2008,79122892.0
p1,2049,IRA_low,2009,79123166.0
p1,2049,IRA_low,2010,78781828.0
p1,2049,IRA_low,2011,79095915.0
p1,2049,IRA_low,2012,78915391.0
p1,2049,IRA_low,2013,78995874.0
p1,2050,IRA_low,2007,79955490.0
p1,2050,IRA_low,2008,80101347.0
p1,2050,IRA_low,2009,80103571.0
p1,2050,IRA_low,2010,79754340.0
p1,2050,IRA_low,2011,80073489.0
p1,2050,IRA_low,2012,79890894.0
p1,2050,IRA_low,2013,79974334.0
p10,2020,IRA_low,2007,150774016.93
p10,2020,IRA_low,2008,150770731.37
p10,2020,IRA_low,2009,150773023.59
p10,2020,IRA_low,2010,150777813.13
p10,2020,IRA_low,2011,150766583.0
p10,2020,IRA_low,2012,150773059.85
p10,2020,IRA_low,2013,150771503.04
p10,2021,IRA_low,2007,135317335.0
p10,2021,IRA_low,2008,135317359.0
p10,2021,IRA_low,2009,135317392.0
p10,2021,IRA_low,2010,135317281.0
p10,2021,IRA_low,2011,135317293.0
p10,2021,IRA_low,2012,135317372.0
p10,2021,IRA_low,2013,135317320.0
p10,2022,IRA_low,2007,139348382.0
p10,2022,IRA_low,2008,139348321.0
p10,2022,IRA_low,2009,139348335.0
p10,2022,IRA_low,2010,139348353.0
p10,2022,IRA_low,2011,139348319.0
p10,2022,IRA_low,2012,139348375.0
p10,2022,IRA_low,2013,139348441.0
p10,2023,IRA_low,2007,134802453.0
p10,2023,IRA_low,2008,134802500.0
p10,2023,IRA_low,2009,134802425.0
p10,2023,IRA_low,2010,134802457.0
p10,2023,IRA_low,2011,134802473.0
p10,2023,IRA_low,2012,134802452.0
p10,2023,IRA_low,2013,134802487.0
p10,2024,IRA_low,2007,138342863.0
p10,2024,IRA_low,2008,138342884.0
p10,2024,IRA_low,2009,138342831.0
p10,2024,IRA_low,2010,138342812.0
p10,2024,IRA_low,2011,138342828.0
p10,2024,IRA_low,2012,138342838.0
p10,2024,IRA_low,2013,138342871.0
p10,2025,IRA_low,2007,141583514.0
p10,2025,IRA_low,2008,141601626.0
p10,2025,IRA_low,2009,141588215.0
p10,2025,IRA_low,2010,141568430.0
p10,2025,IRA_low,2011,141602446.0
p10,2025,IRA_low,2012,141576050.0
p10,2025,IRA_low,2013,141590825.0
p10,2026,IRA_low,2007,147258232.0
p10,2026,IRA_low,2008,147288292.0
p10,2026,IRA_low,2009,147264320.0
p10,2026,IRA_low,2010,147227515.0
p10,2026,IRA_low,2011,147325304.0
p10,2026,IRA_low,2012,147227409.0
p10,2026,IRA_low,2013,147270512.0
p10,2027,IRA_low,2007,152932719.0
p10,2027,IRA_low,2008,152975035.0
p10,2027,IRA_low,2009,152940461.0
p10,2027,IRA_low,2010,152886588.0
p10,2027,IRA_low,2011,153048223.0
p10,2027,IRA_low,2012,152878779.0
p10,2027,IRA_low,2013,152950188.0
p10,2028,IRA_low,2007,158607286.0
p10,2028,IRA_low,2008,158661706.0
p10,2028,IRA_low,2009,158616585.0
p10,2028,IRA_low,2010,158545734.0
p10,2028,IRA_low,2011,158771162.0
p10,2028,IRA_low,2012,158530112.0
p10,2028,IRA_low,2013,158629762.0
p10,2029,IRA_low,2007,164281903.0
p10,2029,IRA_low,2008,164348551.0
p10,2029,IRA_low,2009,164292692.0
p10,2029,IRA_low,2010,164204701.0
p10,2029,IRA_low,2011,164494074.0
p10,2029,IRA_low,2012,164181527.0
p10,2029,IRA_low,2013,164309552.0
p10,2030,IRA_low,2007,169956454.0
p10,2030,IRA_low,2008,170035203.0
p10,2030,IRA_low,2009,169968883.0
p10,2030,IRA_low,2010,169863836.0
p10,2030,IRA_low,2011,170216969.0
p10,2030,IRA_low,2012,169832889.0
p10,2030,IRA_low,2013,169989220.0
p10,2031,IRA_low,2007,176890626.0
p10,2031,IRA_low,2008,176979623.0
p10,2031,IRA_low,2009,176903076.0
p10,2031,IRA_low,2010,176780847.0
p10,2031,IRA_low,2011,177193528.0
p10,2031,IRA_low,2012,176743621.0
p10,2031,IRA_low,2013,176925708.0
p10,2032,IRA_low,2007,183824893.0
p10,2032,IRA_low,2008,183924062.0
p10,2032,IRA_low,2009,183837294.0
p10,2032,IRA_low,2010,183697715.0
p10,2032,IRA_low,2011,184170088.0
p10,2032,IRA_low,2012,183654511.0
p10,2032,IRA_low,2013,183862174.0
p10,2033,IRA_low,2007,190759169.0
p10,2033,IRA_low,2008,190868575.0
p10,2033,IRA_low,2009,190771624.0
p10,2033,IRA_low,2010,190614729.0
p10,2033,IRA_low,2011,191146640.0
p10,2033,IRA_low,2012,190565247.0
p10,2033,IRA_low,2013,190798584.0
p10,2034,IRA_low,2007,197693338.0
p10,2034,IRA_low,2008,197812996.0
p10,2034,IRA_low,2009,197705889.0
p10,2034,IRA_low,2010,197531617.0
p10,2034,IRA_low,2011,198123218.0
p10,2034,IRA_low,2012,197476061.0
p10,2034,IRA_low,2013,197735031.0
p10,2035,IRA_low,2007,204627612.0
p10,2035,IRA_low,2008,204757439.0
p10,2035,IRA_low,2009,204640069.0
p10,2035,IRA_low,2010,204448602.0
p10,2035,IRA_low,2011,205099815.0
p10,2035,IRA_low,2012,204386811.0
p10,2035,IRA_low,2013,204671342.0
p10,2036,IRA_low,2007,211144227.0
p10,2036,IRA_low,2008,211282424.0
p10,2036,IRA_low,2009,211157070.0
p10,2036,IRA_low,2010,210955731.0
p10,2036,IRA_low,2011,211648517.0
p10,2036,IRA_low,2012,210883510.0
p10,2036,IRA_low,2013,211187348.0
p10,2037,IRA_low,2007,217660869.0
p10,2037,IRA_low,2008,217807500.0
p10,2037,IRA_low,2009,217673881.0
p10,2037,IRA_low,2010,217462886.0
p10,2037,IRA_low,2011,218197291.0
p10,2037,IRA_low,2012,217380241.0
p10,2037,IRA_low,2013,217703249.0
p10,2038,IRA_low,2007,224177443.0
p10,2038,IRA_low,2008,224332448.0
p10,2038,IRA_low,2009,224190793.0
p10,2038,IRA_low,2010,223969924.0
p10,2038,IRA_low,2011,224746083.0
p10,2038,IRA_low,2012,223877000.0
p10,2038,IRA_low,2013,224219225.0
p10,2039,IRA_low,2007,230694085.0
p10,2039,IRA_low,2008,230857415.0
p10,2039,IRA_low,2009,230707784.0
p10,2039,IRA_low,2010,230477034.0
p10,2039,IRA_low,2011,231294885.0
p10,2039,IRA_low,2012,230373707.0
p10,2039,IRA_low,2013,230735203.0
p10,2040,IRA_low,2007,237210606.0
p10,2040,IRA_low,2008,237382476.0
p10,2040,IRA_low,2009,237224672.0
p10,2040,IRA_low,2010,236984088.0
p10,2040,IRA_low,2011,237843638.0
p10,2040,IRA_low,2012,236870325.0
p10,2040,IRA_low,2013,237251190.0
p10,2041,IRA_low,2007,242420238.0
p10,2041,IRA_low,2008,242598567.0
p10,2041,IRA_low,2009,242435575.0
p10,2041,IRA_low,2010,242188887.0
p10,2041,IRA_low,2011,243066534.0
p10,2041,IRA_low,2012,242070011.0
p10,2041,IRA_low,2013,242459817.0
p10,2042,IRA_low,2007,247629719.0
p10,2042,IRA_low,2008,247814753.0
p10,2042,IRA_low,2009,247646413.0
p10,2042,IRA_low,2010,247393830.0
p10,2042,IRA_low,2011,248289538.0
p10,2042,IRA_low,2012,247269493.0
p10,2042,IRA_low,2013,247668489.0
p10,2043,IRA_low,2007,252839277.0
p10,2043,IRA_low,2008,253030933.0
p10,2043,IRA_low,2009,252857290.0
p10,2043,IRA_low,2010,252598690.0
p10,2043,IRA_low,2011,253512451.0
p10,2043,IRA_low,2012,252469071.0
p10,2043,IRA_low,2013,252877154.0
p10,2044,IRA_low,2007,258048833.0
p10,2044,IRA_low,2008,258247124.0
p10,2044,IRA_low,2009,258068248.0
p10,2044,IRA_low,2010,257803487.0
p10,2044,IRA_low,2011,258735423.0
p10,2044,IRA_low,2012,257668622.0
p10,2044,IRA_low,2013,258085813.0
p10,2045,IRA_low,2007,263258346.0
p10,2045,IRA_low,2008,263463304.0
p10,2045,IRA_low,2009,263279065.0
p10,2045,IRA_low,2010,263008361.0
p10,2045,IRA_low,2011,263958285.0
p10,2045,IRA_low,2012,262868170.0
p10,2045,IRA_low,2013,263294450.0
p10,2046,IRA_low,2007,266963566.0
p10,2046,IRA_low,2008,267175753.0
p10,2046,IRA_low,2009,266987008.0
p10,2046,IRA_low,2010,266707796.0
p10,2046,IRA_low,2011,267661863.0
p10,2046,IRA_low,2012,266572783.0
p10,2046,IRA_low,2013,267002158.0
p10,2047,IRA_low,2007,270668872.0
p10,2047,IRA_low,2008,270888435.0
p10,2047,IRA_low,2009,270694862.0
p10,2047,IRA_low,2010,270407240.0
p10,2047,IRA_low,2011,271365476.0
p10,2047,IRA_low,2012,270277522.0
p10,2047,IRA_low,2013,270709908.0
p10,2048,IRA_low,2007,274374127.0
p10,2048,IRA_low,2008,274601007.0
p10,2048,IRA_low,2009,274402803.0
p10,2048,IRA_low,2010,274106656.0
p10,2048,IRA_low,2011,275069077.0
p10,2048,IRA_low,2012,273982178.0
p10,2048,IRA_low,2013,274417608.0
p10,2049,IRA_low,2007,278079404.0
p10,2049,IRA_low,2008,278313562.0
p10,2049,IRA_low,2009,278110586.0
p10,2049,IRA_low,2010,277806030.0
p10,2049,IRA_low,2011,278772684.0
p10,2049,IRA_low,2012,277686935.0
p10,2049,IRA_low,2013,278125326.0
p10,2050,IRA_low,2007,281784724.0
p10,2050,IRA_low,2008,282026177.0
p10,2050,IRA_low,2009,281818481.0
p10,2050,IRA_low,2010,281505557.0
p10,2050,IRA_low,2011,282476319.0
p10,2050,IRA_low,2012,281391581.0
p10,2050,IRA_low,2013,281832953.0
p100,2020,IRA_low,2007,4008463.15
p100,2020,IRA_low,2008,4008668.56
p100,2020,IRA_low,2009,4008182.4
p100,2020,IRA_low,2010,4008368.19
p100,2020,IRA_low,2011,4008461.09
p100,2020,IRA_low,2012,4008365.1
p100,2020,IRA_low,2013,4008343.42
p100,2021,IRA_low,2007,3316188.0
p100,2021,IRA_low,2008,3316353.0
p100,2021,IRA_low,2009,3316213.0
p100,2021,IRA_low,2010,3316218.0
p100,2021,IRA_low,2011,3316198.0
p100,2021,IRA_low,2012,3316245.0
p100,2021,IRA_low,2013,3316216.0
p100,2022,IRA_low,2007,3493775.0
p100,2022,IRA_low,2008,3493801.0
p100,2022,IRA_low,2009,3493766.0
p100,2022,IRA_low,2010,3493759.0
p100,2022,IRA_low,2011,3493703.0
p100,2022,IRA_low,2012,3493728.0
p100,2022,IRA_low,2013,3493763.0
p100,2023,IRA_low,2007,3500853.0
p100,2023,IRA_low,2008,3500968.0
p100,2023,IRA_low,2009,3500982.0
p100,2023,IRA_low,2010,3501145.0
p100,2023,IRA_low,2011,3500976.0
p100,2023,IRA_low,2012,3500931.0
p100,2023,IRA_low,2013,3500914.0
p100,2024,IRA_low,2007,3598259.0
p100,2024,IRA_low,2008,3598339.0
p100,2024,IRA_low,2009,3598329.0
p100,2024,IRA_low,2010,3598362.0
p100,2024,IRA_low,2011,3598321.0
p100,2024,IRA_low,2012,3598244.0
p100,2024,IRA_low,2013,3598302.0
p100,2025,IRA_low,2007,3729988.0
p100,2025,IRA_low,2008,3729543.0
p100,2025,IRA_low,2009,3729513.0
p100,2025,IRA_low,2010,3730328.0
p100,2025,IRA_low,2011,3729712.0
p100,2025,IRA_low,2012,3729558.0
p100,2025,IRA_low,2013,3729401.0
p100,2026,IRA_low,2007,3904733.0
p100,2026,IRA_low,2008,3903998.0
p100,2026,IRA_low,2009,3904208.0
p100,2026,IRA_low,2010,3905603.0
p100,2026,IRA_low,2011,3904236.0
p100,2026,IRA_low,2012,3903797.0
p100,2026,IRA_low,2013,3904075.0
p100,2027,IRA_low,2007,4079555.0
p100,2027,IRA_low,2008,4078580.0
p100,2027,IRA_low,2009,4078950.0
p100,2027,IRA_low,2010,4080953.0
p100,2027,IRA_low,2011,4078926.0
p100,2027,IRA_low,2012,4077816.0
p100,2027,IRA_low,2013,4078890.0
p100,2028,IRA_low,2007,4254287.0
p100,2028,IRA_low,2008,4252968.0
p100,2028,IRA_low,2009,4253660.0
p100,2028,IRA_low,2010,4256233.0
p100,2028,IRA_low,2011,4253486.0
p100,2028,IRA_low,2012,4251948.0
p100,2028,IRA_low,2013,4253410.0
p100,2029,IRA_low,2007,4429025.0
p100,2029,IRA_low,2008,4427528.0
p100,2029,IRA_low,2009,4428511.0
p100,2029,IRA_low,2010,4431546.0
p100,2029,IRA_low,2011,4427917.0
p100,2029,IRA_low,2012,4426250.0
p100,2029,IRA_low,2013,4428103.0
p100,2030,IRA_low,2007,4603858.0
p100,2030,IRA_low,2008,4601949.0
p100,2030,IRA_low,2009,4603154.0
p100,2030,IRA_low,2010,4606762.0
p100,2030,IRA_low,2011,4602431.0
p100,2030,IRA_low,2012,4600254.0
p100,2030,IRA_low,2013,4602764.0
p100,2031,IRA_low,2007,4738706.0
p100,2031,IRA_low,2008,4736952.0
p100,2031,IRA_low,2009,4738333.0
p100,2031,IRA_low,2010,4742275.0
p100,2031,IRA_low,2011,4737193.0
p100,2031,IRA_low,2012,4734523.0
p100,2031,IRA_low,2013,4737974.0
p100,2032,IRA_low,2007,4873675.0
p100,2032,IRA_low,2008,4871458.0
p100,2032,IRA_low,2009,4873560.0
p100,2032,IRA_low,2010,4877770.0
p100,2032,IRA_low,2011,4871901.0
p100,2032,IRA_low,2012,4868719.0
p100,2032,IRA_low,2013,4873144.0
p100,2033,IRA_low,2007,5008466.0
p100,2033,IRA_low,2008,5006459.0
p100,2033,IRA_low,2009,5008733.0
p100,2033,IRA_low,2010,5013225.0
p100,2033,IRA_low,2011,5006490.0
p100,2033,IRA_low,2012,5002908.0
p100,2033,IRA_low,2013,5008185.0
p100,2034,IRA_low,2007,5143477.0
p100,2034,IRA_low,2008,5141264.0
p100,2034,IRA_low,2009,5143741.0
p100,2034,IRA_low,2010,5148681.0
p100,2034,IRA_low,2011,5141234.0
p100,2034,IRA_low,2012,5136986.0
p100,2034,IRA_low,2013,5143414.0
p100,2035,IRA_low,2007,5278280.0
p100,2035,IRA_low,2008,5276004.0
p100,2035,IRA_low,2009,5279021.0
p100,2035,IRA_low,2010,5284161.0
p100,2035,IRA_low,2011,5275912.0
p100,2035,IRA_low,2012,5271220.0
p100,2035,IRA_low,2013,5278372.0
p100,2036,IRA_low,2007,5371610.0
p100,2036,IRA_low,2008,5369135.0
p100,2036,IRA_low,2009,5372327.0
p100,2036,IRA_low,2010,5377793.0
p100,2036,IRA_low,2011,5369002.0
p100,2036,IRA_low,2012,5364048.0
p100,2036,IRA_low,2013,5371642.0
p100,2037,IRA_low,2007,5464820.0
p100,2037,IRA_low,2008,5462099.0
p100,2037,IRA_low,2009,5465539.0
p100,2037,IRA_low,2010,5471415.0
p100,2037,IRA_low,2011,5462096.0
p100,2037,IRA_low,2012,5456707.0
p100,2037,IRA_low,2013,5464981.0
p100,2038,IRA_low,2007,5557985.0
p100,2038,IRA_low,2008,5555086.0
p100,2038,IRA_low,2009,5558805.0
p100,2038,IRA_low,2010,5565164.0
p100,2038,IRA_low,2011,5555040.0
p100,2038,IRA_low,2012,5549358.0
p100,2038,IRA_low,2013,5558160.0
p100,2039,IRA_low,2007,5651142.0
p100,2039,IRA_low,2008,5648146.0
p100,2039,IRA_low,2009,5652066.0
p100,2039,IRA_low,2010,5658921.0
p100,2039,IRA_low,2011,5648091.0
p100,2039,IRA_low,2012,5642006.0
p100,2039,IRA_low,2013,5651409.0
p100,2040,IRA_low,2007,5744494.0
p100,2040,IRA_low,2008,5741210.0
p100,2040,IRA_low,2009,5745451.0
p100,2040,IRA_low,2010,5752590.0
p100,2040,IRA_low,2011,5741161.0
p100,2040,IRA_low,2012,5734764.0
p100,2040,IRA_low,2013,5744787.0
p100,2041,IRA_low,2007,5843052.0
p100,2041,IRA_low,2008,5839467.0
p100,2041,IRA_low,2009,5843718.0
p100,2041,IRA_low,2010,5851363.0
p100,2041,IRA_low,2011,5839563.0
p100,2041,IRA_low,2012,5832850.0
p100,2041,IRA_low,2013,5843042.0
p100,2042,IRA_low,2007,5941521.0
p100,2042,IRA_low,2008,5937766.0
p100,2042,IRA_low,2009,5942100.0
p100,2042,IRA_low,2010,5950138.0
p100,2042,IRA_low,2011,5937789.0
p100,2042,IRA_low,2012,5930988.0
p100,2042,IRA_low,2013,5941258.0
p100,2043,IRA_low,2007,6039796.0
p100,2043,IRA_low,2008,6036005.0
p100,2043,IRA_low,2009,6040298.0
p100,2043,IRA_low,2010,6048982.0
p100,2043,IRA_low,2011,6035899.0
p100,2043,IRA_low,2012,6029015.0
p100,2043,IRA_low,2013,6040043.0
p100,2044,IRA_low,2007,6138375.0
p100,2044,IRA_low,2008,6134294.0
p100,2044,IRA_low,2009,6138817.0
p100,2044,IRA_low,2010,6147800.0
p100,2044,IRA_low,2011,6134437.0
p100,2044,IRA_low,2012,6127386.0
p100,2044,IRA_low,2013,6137953.0
p100,2045,IRA_low,2007,6236848.0
p100,2045,IRA_low,2008,6232520.0
p100,2045,IRA_low,2009,6237196.0
p100,2045,IRA_low,2010,6246637.0
p100,2045,IRA_low,2011,6232846.0
p100,2045,IRA_low,2012,6225060.0
p100,2045,IRA_low,2013,6236288.0
p100,2046,IRA_low,2007,6334900.0
p100,2046,IRA_low,2008,6330083.0
p100,2046,IRA_low,2009,6334812.0
p100,2046,IRA_low,2010,6344723.0
p100,2046,IRA_low,2011,6330545.0
p100,2046,IRA_low,2012,6322652.0
p100,2046,IRA_low,2013,6333868.0
p100,2047,IRA_low,2007,6432845.0
p100,2047,IRA_low,2008,6427894.0
p100,2047,IRA_low,2009,6432453.0
p100,2047,IRA_low,2010,6442910.0
p100,2047,IRA_low,2011,6428408.0
p100,2047,IRA_low,2012,6420238.0
p100,2047,IRA_low,2013,6431495.0
p100,2048,IRA_low,2007,6530649.0
p100,2048,IRA_low,2008,6525498.0
p100,2048,IRA_low,2009,6530117.0
p100,2048,IRA_low,2010,6541043.0
p100,2048,IRA_low,2011,6526118.0
p100,2048,IRA_low,2012,6517896.0
p100,2048,IRA_low,2013,6529160.0
p100,2049,IRA_low,2007,6628196.0
p100,2049,IRA_low,2008,6623051.0
p100,2049,IRA_low,2009,6627831.0
p100,2049,IRA_low,2010,6639023.0
p100,2049,IRA_low,2011,6623981.0
p100,2049,IRA_low,2012,6615612.0
p100,2049,IRA_low,2013,6626673.0
p100,2050,IRA_low,2007,6726363.0
p100,2050,IRA_low,2008,6720390.0
p100,2050,IRA_low,2009,6725469.0
p100,2050,IRA_low,2010,6737261.0
p100,2050,IRA_low,2011,6721648.0
p100,2050,IRA_low,2012,6713126.0
p100,2050,IRA_low,2013,6724328.0
p101,2020,IRA_low,2007,169172801.49
p101,2020,IRA_low,2008,169170703.01
p101,2020,IRA_low,2009,169171822.83
p101,2020,IRA_low,2010,169172745.66
p101,2020,IRA_low,2011,169172600.28
p101,2020,IRA_low,2012,169172763.56
p101,2020,IRA_low,2013,169173215.5
p101,2021,IRA_low,2007,149521612.0
p101,2021,IRA_low,2008,149521636.0
p101,2021,IRA_low,2009,149521699.0
p101,2021,IRA_low,2010,149521647.0
p101,2021,IRA_low,2011,149521676.0
p101,2021,IRA_low,2012,149521639.0
p101,2021,IRA_low,2013,149521643.0
p101,2022,IRA_low,2007,153897809.0
p101,2022,IRA_low,2008,153897782.0
p101,2022,IRA_low,2009,153899203.0
p101,2022,IRA_low,2010,153897826.0
p101,2022,IRA_low,2011,153897819.0
p101,2022,IRA_low,2012,153897803.0
p101,2022,IRA_low,2013,153897811.0
p101,2023,IRA_low,2007,155416990.0
p101,2023,IRA_low,2008,155416948.0
p101,2023,IRA_low,2009,155416978.0
p101,2023,IRA_low,2010,155416961.0
p101,2023,IRA_low,2011,155416960.0
p101,2023,IRA_low,2012,155416982.0
p101,2023,IRA_low,2013,155416955.0
p101,2024,IRA_low,2007,157674466.0
p101,2024,IRA_low,2008,157674458.0
p101,2024,IRA_low,2009,157674466.0
p101,2024,IRA_low,2010,157674474.0
p101,2024,IRA_low,2011,157674449.0
p101,2024,IRA_low,2012,157674471.0
p101,2024,IRA_low,2013,157674446.0
p101,2025,IRA_low,2007,159104513.0
p101,2025,IRA_low,2008,159099956.0
p101,2025,IRA_low,2009,159134621.0
p101,2025,IRA_low,2010,159235060.0
p101,2025,IRA_low,2011,159125113.0
p101,2025,IRA_low,2012,159094882.0
p101,2025,IRA_low,2013,159085319.0
p101,2026,IRA_low,2007,161320009.0
p101,2026,IRA_low,2008,161290671.0
p101,2026,IRA_low,2009,161325517.0
p101,2026,IRA_low,2010,161336243.0
p101,2026,IRA_low,2011,161338800.0
p101,2026,IRA_low,2012,161309980.0
p101,2026,IRA_low,2013,161300895.0
p101,2027,IRA_low,2007,163535525.0
p101,2027,IRA_low,2008,163481393.0
p101,2027,IRA_low,2009,163516368.0
p101,2027,IRA_low,2010,163437404.0
p101,2027,IRA_low,2011,163552436.0
p101,2027,IRA_low,2012,163525111.0
p101,2027,IRA_low,2013,163516415.0
p101,2028,IRA_low,2007,165750985.0
p101,2028,IRA_low,2008,165672013.0
p101,2028,IRA_low,2009,165707341.0
p101,2028,IRA_low,2010,165538666.0
p101,2028,IRA_low,2011,165766065.0
p101,2028,IRA_low,2012,165740130.0
p101,2028,IRA_low,2013,165731969.0
p101,2029,IRA_low,2007,167966437.0
p101,2029,IRA_low,2008,167862648.0
p101,2029,IRA_low,2009,167898205.0
p101,2029,IRA_low,2010,167639785.0
p101,2029,IRA_low,2011,167979709.0
p101,2029,IRA_low,2012,167955257.0
p101,2029,IRA_low,2013,167947494.0
p101,2030,IRA_low,2007,170181956.0
p101,2030,IRA_low,2008,170053400.0
p101,2030,IRA_low,2009,170089017.0
p101,2030,IRA_low,2010,169740966.0
p101,2030,IRA_low,2011,170193401.0
p101,2030,IRA_low,2012,170170330.0
p101,2030,IRA_low,2013,170163012.0
p101,2031,IRA_low,2007,173322271.0
p101,2031,IRA_low,2008,173167885.0
p101,2031,IRA_low,2009,173209317.0
p101,2031,IRA_low,2010,172784023.0
p101,2031,IRA_low,2011,173335216.0
p101,2031,IRA_low,2012,173313376.0
p101,2031,IRA_low,2013,173302621.0
p101,2032,IRA_low,2007,176462742.0
p101,2032,IRA_low,2008,176282312.0
p101,2032,IRA_low,2009,176329557.0
p101,2032,IRA_low,2010,175827178.0
p101,2032,IRA_low,2011,176476955.0
p101,2032,IRA_low,2012,176456345.0
p101,2032,IRA_low,2013,176442329.0
p101,2033,IRA_low,2007,179603101.0
p101,2033,IRA_low,2008,179396731.0
p101,2033,IRA_low,2009,179449885.0
p101,2033,IRA_low,2010,178870141.0
p101,2033,IRA_low,2011,179618748.0
p101,2033,IRA_low,2012,179599350.0
p101,2033,IRA_low,2013,179581882.0
p101,2034,IRA_low,2007,182743469.0
p101,2034,IRA_low,2008,182511167.0
p101,2034,IRA_low,2009,182570074.0
p101,2034,IRA_low,2010,181913261.0
p101,2034,IRA_low,2011,182760535.0
p101,2034,IRA_low,2012,182742334.0
p101,2034,IRA_low,2013,182721569.0
p101,2035,IRA_low,2007,185883976.0
p101,2035,IRA_low,2008,185625600.0
p101,2035,IRA_low,2009,185690405.0
p101,2035,IRA_low,2010,184956319.0
p101,2035,IRA_low,2011,185902407.0
p101,2035,IRA_low,2012,185885327.0
p101,2035,IRA_low,2013,185861227.0
p101,2036,IRA_low,2007,189247050.0
p101,2036,IRA_low,2008,188963497.0
p101,2036,IRA_low,2009,189035207.0
p101,2036,IRA_low,2010,188231804.0
p101,2036,IRA_low,2011,189267267.0
p101,2036,IRA_low,2012,189249424.0
p101,2036,IRA_low,2013,189222472.0
p101,2037,IRA_low,2007,192610069.0
p101,2037,IRA_low,2008,192301337.0
p101,2037,IRA_low,2009,192380053.0
p101,2037,IRA_low,2010,191507347.0
p101,2037,IRA_low,2011,192632164.0
p101,2037,IRA_low,2012,192613543.0
p101,2037,IRA_low,2013,192583828.0
p101,2038,IRA_low,2007,195973293.0
p101,2038,IRA_low,2008,195639202.0
p101,2038,IRA_low,2009,195724915.0
p101,2038,IRA_low,2010,194782826.0
p101,2038,IRA_low,2011,195997038.0
p101,2038,IRA_low,2012,195977734.0
p101,2038,IRA_low,2013,195945016.0
p101,2039,IRA_low,2007,199336379.0
p101,2039,IRA_low,2008,198977077.0
p101,2039,IRA_low,2009,199069759.0
p101,2039,IRA_low,2010,198058402.0
p101,2039,IRA_low,2011,199361872.0
p101,2039,IRA_low,2012,199341761.0
p101,2039,IRA_low,2013,199306469.0
p101,2040,IRA_low,2007,202699398.0
p101,2040,IRA_low,2008,202315008.0
p101,2040,IRA_low,2009,202414572.0
p101,2040,IRA_low,2010,201333949.0
p101,2040,IRA_low,2011,202726785.0
p101,2040,IRA_low,2012,202705985.0
p101,2040,IRA_low,2013,202667761.0
p101,2041,IRA_low,2007,205588411.0
p101,2041,IRA_low,2008,205179963.0
p101,2041,IRA_low,2009,205285592.0
p101,2041,IRA_low,2010,204135787.0
p101,2041,IRA_low,2011,205617050.0
p101,2041,IRA_low,2012,205596657.0
p101,2041,IRA_low,2013,205555962.0
p101,2042,IRA_low,2007,208477335.0
p101,2042,IRA_low,2008,208044938.0
p101,2042,IRA_low,2009,208156643.0
p101,2042,IRA_low,2010,206937592.0
p101,2042,IRA_low,2011,208507258.0
p101,2042,IRA_low,2012,208487396.0
p101,2042,IRA_low,2013,208444044.0
p101,2043,IRA_low,2007,211366093.0
p101,2043,IRA_low,2008,210909958.0
p101,2043,IRA_low,2009,211027758.0
p101,2043,IRA_low,2010,209739411.0
p101,2043,IRA_low,2011,211397549.0
p101,2043,IRA_low,2012,211378008.0
p101,2043,IRA_low,2013,211332212.0
p101,2044,IRA_low,2007,214255107.0
p101,2044,IRA_low,2008,213774902.0
p101,2044,IRA_low,2009,213898854.0
p101,2044,IRA_low,2010,212541319.0
p101,2044,IRA_low,2011,214287759.0
p101,2044,IRA_low,2012,214268754.0
p101,2044,IRA_low,2013,214220294.0
p101,2045,IRA_low,2007,217143945.0
p101,2045,IRA_low,2008,216639941.0
p101,2045,IRA_low,2009,216769832.0
p101,2045,IRA_low,2010,215343178.0
p101,2045,IRA_low,2011,217177986.0
p101,2045,IRA_low,2012,217159310.0
p101,2045,IRA_low,2013,217108354.0
p101,2046,IRA_low,2007,219644506.0
p101,2046,IRA_low,2008,219116193.0
p101,2046,IRA_low,2009,219257806.0
p101,2046,IRA_low,2010,217780285.0
p101,2046,IRA_low,2011,219683295.0
p101,2046,IRA_low,2012,219659376.0
p101,2046,IRA_low,2013,219604928.0
p101,2047,IRA_low,2007,222145170.0
p101,2047,IRA_low,2008,221592535.0
p101,2047,IRA_low,2009,221745707.0
p101,2047,IRA_low,2010,220217415.0
p101,2047,IRA_low,2011,222188651.0
p101,2047,IRA_low,2012,222159411.0
p101,2047,IRA_low,2013,222101467.0
p101,2048,IRA_low,2007,224645809.0
p101,2048,IRA_low,2008,224068876.0
p101,2048,IRA_low,2009,224233618.0
p101,2048,IRA_low,2010,222654561.0
p101,2048,IRA_low,2011,224693977.0
p101,2048,IRA_low,2012,224659429.0
p101,2048,IRA_low,2013,224597994.0
p101,2049,IRA_low,2007,227146418.0
p101,2049,IRA_low,2008,226545174.0
p101,2049,IRA_low,2009,226721550.0
p101,2049,IRA_low,2010,225091757.0
p101,2049,IRA_low,2011,227199320.0
p101,2049,IRA_low,2012,227159542.0
p101,2049,IRA_low,2013,227094598.0
p101,2050,IRA_low,2007,229646990.0
p101,2050,IRA_low,2008,229021443.0
p101,2050,IRA_low,2009,229209469.0
p101,2050,IRA_low,2010,227528857.0
p101,2050,IRA_low,2011,229704672.0
p101,2050,IRA_low,2012,229659484.0
p101,2050,IRA_low,2013,229591125.0
p102,2020,IRA_low,2007,88897491.59
p102,2020,IRA_low,2008,88896345.43
p102,2020,IRA_low,2009,88897031.23
p102,2020,IRA_low,2010,88897339.89
p102,2020,IRA_low,2011,88897365.17
p102,2020,IRA_low,2012,88897371.49
p102,2020,IRA_low,2013,88897741.26
p102,2021,IRA_low,2007,85062236.0
p102,2021,IRA_low,2008,85062189.0
p102,2021,IRA_low,2009,85062207.0
p102,2021,IRA_low,2010,85062188.0
p102,2021,IRA_low,2011,85062227.0
p102,2021,IRA_low,2012,85062138.0
p102,2021,IRA_low,2013,85062200.0
p102,2022,IRA_low,2007,87551781.0
p102,2022,IRA_low,2008,87551764.0
p102,2022,IRA_low,2009,87551776.0
p102,2022,IRA_low,2010,87551774.0
p102,2022,IRA_low,2011,87551765.0
p102,2022,IRA_low,2012,87551787.0
p102,2022,IRA_low,2013,87551798.0
p102,2023,IRA_low,2007,88415988.0
p102,2023,IRA_low,2008,88416033.0
p102,2023,IRA_low,2009,88415998.0
p102,2023,IRA_low,2010,88416027.0
p102,2023,IRA_low,2011,88415990.0
p102,2023,IRA_low,2012,88416026.0
p102,2023,IRA_low,2013,88416052.0
p102,2024,IRA_low,2007,89700302.0
p102,2024,IRA_low,2008,89700311.0
p102,2024,IRA_low,2009,89700294.0
p102,2024,IRA_low,2010,89700272.0
p102,2024,IRA_low,2011,89700319.0
p102,2024,IRA_low,2012,89700288.0
p102,2024,IRA_low,2013,89700299.0
p102,2025,IRA_low,2007,90481736.0
p102,2025,IRA_low,2008,90479297.0
p102,2025,IRA_low,2009,90498174.0
p102,2025,IRA_low,2010,90553031.0
p102,2025,IRA_low,2011,90492950.0
p102,2025,IRA_low,2012,90476513.0
p102,2025,IRA_low,2013,90471346.0
p102,2026,IRA_low,2007,91692319.0
p102,2026,IRA_low,2008,91676326.0
p102,2026,IRA_low,2009,91695371.0
p102,2026,IRA_low,2010,91701145.0
p102,2026,IRA_low,2011,91702693.0
p102,2026,IRA_low,2012,91687009.0
p102,2026,IRA_low,2013,91681921.0
p102,2027,IRA_low,2007,92903001.0
p102,2027,IRA_low,2008,92873396.0
p102,2027,IRA_low,2009,92892514.0
p102,2027,IRA_low,2010,92849466.0
p102,2027,IRA_low,2011,92912276.0
p102,2027,IRA_low,2012,92897316.0
p102,2027,IRA_low,2013,92892518.0
p102,2028,IRA_low,2007,94113524.0
p102,2028,IRA_low,2008,94070497.0
p102,2028,IRA_low,2009,94089721.0
p102,2028,IRA_low,2010,93997576.0
p102,2028,IRA_low,2011,94121920.0
p102,2028,IRA_low,2012,94107793.0
p102,2028,IRA_low,2013,94103204.0
p102,2029,IRA_low,2007,95324273.0
p102,2029,IRA_low,2008,95267565.0
p102,2029,IRA_low,2009,95286951.0
p102,2029,IRA_low,2010,95145679.0
p102,2029,IRA_low,2011,95331557.0
p102,2029,IRA_low,2012,95318106.0
p102,2029,IRA_low,2013,95313838.0
p102,2030,IRA_low,2007,96534897.0
p102,2030,IRA_low,2008,96464670.0
p102,2030,IRA_low,2009,96484104.0
p102,2030,IRA_low,2010,96293932.0
p102,2030,IRA_low,2011,96541163.0
p102,2030,IRA_low,2012,96528626.0
p102,2030,IRA_low,2013,96524487.0
p102,2031,IRA_low,2007,98250847.0
p102,2031,IRA_low,2008,98166478.0
p102,2031,IRA_low,2009,98189106.0
p102,2031,IRA_low,2010,97956689.0
p102,2031,IRA_low,2011,98258013.0
p102,2031,IRA_low,2012,98246089.0
p102,2031,IRA_low,2013,98240105.0
p102,2032,IRA_low,2007,99966896.0
p102,2032,IRA_low,2008,99868376.0
p102,2032,IRA_low,2009,99894269.0
p102,2032,IRA_low,2010,99619582.0
p102,2032,IRA_low,2011,99974721.0
p102,2032,IRA_low,2012,99963452.0
p102,2032,IRA_low,2013,99955689.0
p102,2033,IRA_low,2007,101682907.0
p102,2033,IRA_low,2008,101570275.0
p102,2033,IRA_low,2009,101599209.0
p102,2033,IRA_low,2010,101282456.0
p102,2033,IRA_low,2011,101691553.0
p102,2033,IRA_low,2012,101680935.0
p102,2033,IRA_low,2013,101671349.0
p102,2034,IRA_low,2007,103399022.0
p102,2034,IRA_low,2008,103272059.0
p102,2034,IRA_low,2009,103304223.0
p102,2034,IRA_low,2010,102945267.0
p102,2034,IRA_low,2011,103408307.0
p102,2034,IRA_low,2012,103398374.0
p102,2034,IRA_low,2013,103386931.0
p102,2035,IRA_low,2007,105114996.0
p102,2035,IRA_low,2008,104973948.0
p102,2035,IRA_low,2009,105009242.0
p102,2035,IRA_low,2010,104608114.0
p102,2035,IRA_low,2011,105125083.0
p102,2035,IRA_low,2012,105115838.0
p102,2035,IRA_low,2013,105102555.0
p102,2036,IRA_low,2007,106952771.0
p102,2036,IRA_low,2008,106797855.0
p102,2036,IRA_low,2009,106837072.0
p102,2036,IRA_low,2010,106397986.0
p102,2036,IRA_low,2011,106963945.0
p102,2036,IRA_low,2012,106954122.0
p102,2036,IRA_low,2013,106939292.0
p102,2037,IRA_low,2007,108790377.0
p102,2037,IRA_low,2008,108621786.0
p102,2037,IRA_low,2009,108664827.0
p102,2037,IRA_low,2010,108187744.0
p102,2037,IRA_low,2011,108802543.0
p102,2037,IRA_low,2012,108792367.0
p102,2037,IRA_low,2013,108776106.0
p102,2038,IRA_low,2007,110628227.0
p102,2038,IRA_low,2008,110445666.0
p102,2038,IRA_low,2009,110492558.0
p102,2038,IRA_low,2010,109977711.0
p102,2038,IRA_low,2011,110641253.0
p102,2038,IRA_low,2012,110630727.0
p102,2038,IRA_low,2013,110612781.0
p102,2039,IRA_low,2007,112465875.0
p102,2039,IRA_low,2008,112269552.0
p102,2039,IRA_low,2009,112320264.0
p102,2039,IRA_low,2010,111767528.0
p102,2039,IRA_low,2011,112479900.0
p102,2039,IRA_low,2012,112468998.0
p102,2039,IRA_low,2013,112449568.0
p102,2040,IRA_low,2007,114303670.0
p102,2040,IRA_low,2008,114093539.0
p102,2040,IRA_low,2009,114147990.0
p102,2040,IRA_low,2010,113557495.0
p102,2040,IRA_low,2011,114318666.0
p102,2040,IRA_low,2012,114307251.0
p102,2040,IRA_low,2013,114286329.0
p102,2041,IRA_low,2007,115882186.0
p102,2041,IRA_low,2008,115659143.0
p102,2041,IRA_low,2009,115716806.0
p102,2041,IRA_low,2010,115088489.0
p102,2041,IRA_low,2011,115897975.0
p102,2041,IRA_low,2012,115886849.0
p102,2041,IRA_low,2013,115864619.0
p102,2042,IRA_low,2007,117460874.0
p102,2042,IRA_low,2008,117224706.0
p102,2042,IRA_low,2009,117285719.0
p102,2042,IRA_low,2010,116619574.0
p102,2042,IRA_low,2011,117477300.0
p102,2042,IRA_low,2012,117466404.0
p102,2042,IRA_low,2013,117442760.0
p102,2043,IRA_low,2007,119039453.0
p102,2043,IRA_low,2008,118790253.0
p102,2043,IRA_low,2009,118854632.0
p102,2043,IRA_low,2010,118150581.0
p102,2043,IRA_low,2011,119056685.0
p102,2043,IRA_low,2012,119046071.0
p102,2043,IRA_low,2013,119021001.0
p102,2044,IRA_low,2007,120618055.0
p102,2044,IRA_low,2008,120355766.0
p102,2044,IRA_low,2009,120423400.0
p102,2044,IRA_low,2010,119681681.0
p102,2044,IRA_low,2011,120635985.0
p102,2044,IRA_low,2012,120625656.0
p102,2044,IRA_low,2013,120598998.0
p102,2045,IRA_low,2007,122196602.0
p102,2045,IRA_low,2008,121921268.0
p102,2045,IRA_low,2009,121992256.0
p102,2045,IRA_low,2010,121212605.0
p102,2045,IRA_low,2011,122215339.0
p102,2045,IRA_low,2012,122205245.0
p102,2045,IRA_low,2013,122177279.0
p102,2046,IRA_low,2007,123563189.0
p102,2046,IRA_low,2008,123274418.0
p102,2046,IRA_low,2009,123351889.0
p102,2046,IRA_low,2010,122544400.0
p102,2046,IRA_low,2011,123584324.0
p102,2046,IRA_low,2012,123571342.0
p102,2046,IRA_low,2013,123541487.0
p102,2047,IRA_low,2007,124929534.0
p102,2047,IRA_low,2008,124627542.0
p102,2047,IRA_low,2009,124711285.0
p102,2047,IRA_low,2010,123876134.0
p102,2047,IRA_low,2011,124953347.0
p102,2047,IRA_low,2012,124937334.0
p102,2047,IRA_low,2013,124905631.0
p102,2048,IRA_low,2007,126295970.0
p102,2048,IRA_low,2008,125980665.0
p102,2048,IRA_low,2009,126070761.0
p102,2048,IRA_low,2010,125207899.0
p102,2048,IRA_low,2011,126322372.0
p102,2048,IRA_low,2012,126303575.0
p102,2048,IRA_low,2013,126269861.0
p102,2049,IRA_low,2007,127662418.0
p102,2049,IRA_low,2008,127333896.0
p102,2049,IRA_low,2009,127430289.0
p102,2049,IRA_low,2010,126539599.0
p102,2049,IRA_low,2011,127691318.0
p102,2049,IRA_low,2012,127669626.0
p102,2049,IRA_low,2013,127634083.0
p102,2050,IRA_low,2007,129028800.0
p102,2050,IRA_low,2008,128687029.0
p102,2050,IRA_low,2009,128789750.0
p102,2050,IRA_low,2010,127871382.0
p102,2050,IRA_low,2011,129060407.0
p102,2050,IRA_low,2012,129035703.0
p102,2050,IRA_low,2013,128998174.0
p103,2020,IRA_low,2007,85515091.36
p103,2020,IRA_low,2008,85514323.57
p103,2020,IRA_low,2009,85512677.38
p103,2020,IRA_low,2010,85513756.4
p103,2020,IRA_low,2011,85514089.2
p103,2020,IRA_low,2012,85514307.63
p103,2020,IRA_low,2013,85512828.31
p103,2021,IRA_low,2007,91253703.0
p103,2021,IRA_low,2008,91253793.0
p103,2021,IRA_low,2009,91253837.0
p103,2021,IRA_low,2010,91253743.0
p103,2021,IRA_low,2011,91253709.0
p103,2021,IRA_low,2012,91253745.0
p103,2021,IRA_low,2013,91253833.0
p103,2022,IRA_low,2007,92176473.0
p103,2022,IRA_low,2008,92176526.0
p103,2022,IRA_low,2009,92176513.0
p103,2022,IRA_low,2010,92176477.0
p103,2022,IRA_low,2011,92176505.0
p103,2022,IRA_low,2012,92176488.0
p103,2022,IRA_low,2013,92176485.0
p103,2023,IRA_low,2007,89264369.0
p103,2023,IRA_low,2008,89264418.0
p103,2023,IRA_low,2009,89264392.0
p103,2023,IRA_low,2010,89264413.0
p103,2023,IRA_low,2011,89264383.0
p103,2023,IRA_low,2012,89264395.0
p103,2023,IRA_low,2013,89264439.0
p103,2024,IRA_low,2007,90045413.0
p103,2024,IRA_low,2008,90045396.0
p103,2024,IRA_low,2009,90045432.0
p103,2024,IRA_low,2010,90045376.0
p103,2024,IRA_low,2011,90045369.0
p103,2024,IRA_low,2012,90045400.0
p103,2024,IRA_low,2013,90045385.0
p103,2025,IRA_low,2007,90667449.0
p103,2025,IRA_low,2008,90678456.0
p103,2025,IRA_low,2009,90665472.0
p103,2025,IRA_low,2010,90639483.0
p103,2025,IRA_low,2011,90657716.0
p103,2025,IRA_low,2012,90596307.0
p103,2025,IRA_low,2013,90676365.0
p103,2026,IRA_low,2007,92587385.0
p103,2026,IRA_low,2008,92638762.0
p103,2026,IRA_low,2009,92602567.0
p103,2026,IRA_low,2010,92486938.0
p103,2026,IRA_low,2011,92564057.0
p103,2026,IRA_low,2012,92348890.0
p103,2026,IRA_low,2013,92630388.0
p103,2027,IRA_low,2007,94507359.0
p103,2027,IRA_low,2008,94599119.0
p103,2027,IRA_low,2009,94539587.0
p103,2027,IRA_low,2010,94334349.0
p103,2027,IRA_low,2011,94470146.0
p103,2027,IRA_low,2012,94101371.0
p103,2027,IRA_low,2013,94584276.0
p103,2028,IRA_low,2007,96427259.0
p103,2028,IRA_low,2008,96559379.0
p103,2028,IRA_low,2009,96476648.0
p103,2028,IRA_low,2010,96181857.0
p103,2028,IRA_low,2011,96376354.0
p103,2028,IRA_low,2012,95853910.0
p103,2028,IRA_low,2013,96538129.0
p103,2029,IRA_low,2007,98347237.0
p103,2029,IRA_low,2008,98519580.0
p103,2029,IRA_low,2009,98413633.0
p103,2029,IRA_low,2010,98029224.0
p103,2029,IRA_low,2011,98282573.0
p103,2029,IRA_low,2012,97606507.0
p103,2029,IRA_low,2013,98491963.0
p103,2030,IRA_low,2007,100267238.0
p103,2030,IRA_low,2008,100479860.0
p103,2030,IRA_low,2009,100350691.0
p103,2030,IRA_low,2010,99876722.0
p103,2030,IRA_low,2011,100188747.0
p103,2030,IRA_low,2012,99358993.0
p103,2030,IRA_low,2013,100445843.0
p103,2031,IRA_low,2007,102765263.0
p103,2031,IRA_low,2008,103019560.0
p103,2031,IRA_low,2009,102866229.0
p103,2031,IRA_low,2010,102302848.0
p103,2031,IRA_low,2011,102673977.0
p103,2031,IRA_low,2012,101688361.0
p103,2031,IRA_low,2013,102980360.0
p103,2032,IRA_low,2007,105263272.0
p103,2032,IRA_low,2008,105559215.0
p103,2032,IRA_low,2009,105381694.0
p103,2032,IRA_low,2010,104729017.0
p103,2032,IRA_low,2011,105159300.0
p103,2032,IRA_low,2012,104017662.0
p103,2032,IRA_low,2013,105514802.0
p103,2033,IRA_low,2007,107761354.0
p103,2033,IRA_low,2008,108098835.0
p103,2033,IRA_low,2009,107897249.0
p103,2033,IRA_low,2010,107155252.0
p103,2033,IRA_low,2011,107644587.0
p103,2033,IRA_low,2012,106347011.0
p103,2033,IRA_low,2013,108049090.0
p103,2034,IRA_low,2007,110259331.0
p103,2034,IRA_low,2008,110638507.0
p103,2034,IRA_low,2009,110412702.0
p103,2034,IRA_low,2010,109581406.0
p103,2034,IRA_low,2011,110129811.0
p103,2034,IRA_low,2012,108676236.0
p103,2034,IRA_low,2013,110583664.0
p103,2035,IRA_low,2007,112757325.0
p103,2035,IRA_low,2008,113178122.0
p103,2035,IRA_low,2009,112928291.0
p103,2035,IRA_low,2010,112007567.0
p103,2035,IRA_low,2011,112615054.0
p103,2035,IRA_low,2012,111005634.0
p103,2035,IRA_low,2013,113118050.0
p103,2036,IRA_low,2007,115132655.0
p103,2036,IRA_low,2008,115588386.0
p103,2036,IRA_low,2009,115319704.0
p103,2036,IRA_low,2010,114327654.0
p103,2036,IRA_low,2011,114981207.0
p103,2036,IRA_low,2012,113248498.0
p103,2036,IRA_low,2013,115523825.0
p103,2037,IRA_low,2007,117507810.0
p103,2037,IRA_low,2008,117998541.0
p103,2037,IRA_low,2009,117711107.0
p103,2037,IRA_low,2010,116647895.0
p103,2037,IRA_low,2011,117347323.0
p103,2037,IRA_low,2012,115491285.0
p103,2037,IRA_low,2013,117929681.0
p103,2038,IRA_low,2007,119883047.0
p103,2038,IRA_low,2008,120408718.0
p103,2038,IRA_low,2009,120102499.0
p103,2038,IRA_low,2010,118968009.0
p103,2038,IRA_low,2011,119713480.0
p103,2038,IRA_low,2012,117734089.0
p103,2038,IRA_low,2013,120335488.0
p103,2039,IRA_low,2007,122258265.0
p103,2039,IRA_low,2008,122818996.0
p103,2039,IRA_low,2009,122493923.0
p103,2039,IRA_low,2010,121288169.0
p103,2039,IRA_low,2011,122079589.0
p103,2039,IRA_low,2012,119976877.0
p103,2039,IRA_low,2013,122741454.0
p103,2040,IRA_low,2007,124633566.0
p103,2040,IRA_low,2008,125229183.0
p103,2040,IRA_low,2009,124885346.0
p103,2040,IRA_low,2010,123608211.0
p103,2040,IRA_low,2011,124445752.0
p103,2040,IRA_low,2012,122219717.0
p103,2040,IRA_low,2013,125147226.0
p103,2041,IRA_low,2007,126371101.0
p103,2041,IRA_low,2008,126985827.0
p103,2041,IRA_low,2009,126631029.0
p103,2041,IRA_low,2010,125319917.0
p103,2041,IRA_low,2011,126178139.0
p103,2041,IRA_low,2012,123886255.0
p103,2041,IRA_low,2013,126902193.0
p103,2042,IRA_low,2007,128108649.0
p103,2042,IRA_low,2008,128742361.0
p103,2042,IRA_low,2009,128376814.0
p103,2042,IRA_low,2010,127031593.0
p103,2042,IRA_low,2011,127910473.0
p103,2042,IRA_low,2012,125552771.0
p103,2042,IRA_low,2013,128657086.0
p103,2043,IRA_low,2007,129846385.0
p103,2043,IRA_low,2008,130499101.0
p103,2043,IRA_low,2009,130122397.0
p103,2043,IRA_low,2010,128743158.0
p103,2043,IRA_low,2011,129642886.0
p103,2043,IRA_low,2012,127219328.0
p103,2043,IRA_low,2013,130412054.0
p103,2044,IRA_low,2007,131584000.0
p103,2044,IRA_low,2008,132255639.0
p103,2044,IRA_low,2009,131868148.0
p103,2044,IRA_low,2010,130454833.0
p103,2044,IRA_low,2011,131375357.0
p103,2044,IRA_low,2012,128885828.0
p103,2044,IRA_low,2013,132166848.0
p103,2045,IRA_low,2007,133321533.0
p103,2045,IRA_low,2008,134012262.0
p103,2045,IRA_low,2009,133613781.0
p103,2045,IRA_low,2010,132166552.0
p103,2045,IRA_low,2011,133107741.0
p103,2045,IRA_low,2012,130552432.0
p103,2045,IRA_low,2013,133921934.0
p103,2046,IRA_low,2007,134453192.0
p103,2046,IRA_low,2008,135148084.0
p103,2046,IRA_low,2009,134742968.0
p103,2046,IRA_low,2010,133290830.0
p103,2046,IRA_low,2011,134235306.0
p103,2046,IRA_low,2012,131654831.0
p103,2046,IRA_low,2013,135058689.0
p103,2047,IRA_low,2007,135584792.0
p103,2047,IRA_low,2008,136283881.0
p103,2047,IRA_low,2009,135872086.0
p103,2047,IRA_low,2010,134415324.0
p103,2047,IRA_low,2011,135362925.0
p103,2047,IRA_low,2012,132757222.0
p103,2047,IRA_low,2013,136195490.0
p103,2048,IRA_low,2007,136716374.0
p103,2048,IRA_low,2008,137419738.0
p103,2048,IRA_low,2009,137001367.0
p103,2048,IRA_low,2010,135539677.0
p103,2048,IRA_low,2011,136490447.0
p103,2048,IRA_low,2012,133859570.0
p103,2048,IRA_low,2013,137332339.0
p103,2049,IRA_low,2007,137847993.0
p103,2049,IRA_low,2008,138555529.0
p103,2049,IRA_low,2009,138130407.0
p103,2049,IRA_low,2010,136664084.0
p103,2049,IRA_low,2011,137617986.0
p103,2049,IRA_low,2012,134962006.0
p103,2049,IRA_low,2013,138469101.0
p103,2050,IRA_low,2007,138979693.0
p103,2050,IRA_low,2008,139691368.0
p103,2050,IRA_low,2009,139259521.0
p103,2050,IRA_low,2010,137788425.0
p103,2050,IRA_low,2011,138745582.0
p103,2050,IRA_low,2012,136064407.0
p103,2050,IRA_low,2013,139605942.0
p104,2020,IRA_low,2007,5531378.05
p104,2020,IRA_low,2008,5531423.99
p104,2020,IRA_low,2009,5531291.8
p104,2020,IRA_low,2010,5531353.68
p104,2020,IRA_low,2011,5531442.74
p104,2020,IRA_low,2012,5531436.17
p104,2020,IRA_low,2013,5531305.86
p104,2021,IRA_low,2007,9100408.0
p104,2021,IRA_low,2008,9100299.0
p104,2021,IRA_low,2009,9100356.0
p104,2021,IRA_low,2010,9100403.0
p104,2021,IRA_low,2011,9100389.0
p104,2021,IRA_low,2012,9100343.0
p104,2021,IRA_low,2013,9100399.0
p104,2022,IRA_low,2007,9192438.0
p104,2022,IRA_low,2008,9192386.0
p104,2022,IRA_low,2009,9192381.0
p104,2022,IRA_low,2010,9192338.0
p104,2022,IRA_low,2011,9192432.0
p104,2022,IRA_low,2012,9192350.0
p104,2022,IRA_low,2013,9192380.0
p104,2023,IRA_low,2007,8901923.0
p104,2023,IRA_low,2008,8901940.0
p104,2023,IRA_low,2009,8902044.0
p104,2023,IRA_low,2010,8902011.0
p104,2023,IRA_low,2011,8901994.0
p104,2023,IRA_low,2012,8901950.0
p104,2023,IRA_low,2013,8902048.0
p104,2024,IRA_low,2007,8979893.0
p104,2024,IRA_low,2008,8979927.0
p104,2024,IRA_low,2009,8979872.0
p104,2024,IRA_low,2010,8979851.0
p104,2024,IRA_low,2011,8979852.0
p104,2024,IRA_low,2012,8979976.0
p104,2024,IRA_low,2013,8979852.0
p104,2025,IRA_low,2007,9023725.0
p104,2025,IRA_low,2008,9024635.0
p104,2025,IRA_low,2009,9023677.0
p104,2025,IRA_low,2010,9021751.0
p104,2025,IRA_low,2011,9023055.0
p104,2025,IRA_low,2012,9018746.0
p104,2025,IRA_low,2013,9024359.0
p104,2026,IRA_low,2007,9159286.0
p104,2026,IRA_low,2008,9162951.0
p104,2026,IRA_low,2009,9160363.0
p104,2026,IRA_low,2010,9152321.0
p104,2026,IRA_low,2011,9157663.0
p104,2026,IRA_low,2012,9142474.0
p104,2026,IRA_low,2013,9162356.0
p104,2027,IRA_low,2007,9294862.0
p104,2027,IRA_low,2008,9301410.0
p104,2027,IRA_low,2009,9297019.0
p104,2027,IRA_low,2010,9282645.0
p104,2027,IRA_low,2011,9292211.0
p104,2027,IRA_low,2012,9266253.0
p104,2027,IRA_low,2013,9300249.0
p104,2028,IRA_low,2007,9430407.0
p104,2028,IRA_low,2008,9439758.0
p104,2028,IRA_low,2009,9433848.0
p104,2028,IRA_low,2010,9413017.0
p104,2028,IRA_low,2011,9426789.0
p104,2028,IRA_low,2012,9389914.0
p104,2028,IRA_low,2013,9438159.0
p104,2029,IRA_low,2007,9565891.0
p104,2029,IRA_low,2008,9578220.0
p104,2029,IRA_low,2009,9570622.0
p104,2029,IRA_low,2010,9543516.0
p104,2029,IRA_low,2011,9561345.0
p104,2029,IRA_low,2012,9513577.0
p104,2029,IRA_low,2013,9576115.0
p104,2030,IRA_low,2007,9701462.0
p104,2030,IRA_low,2008,9716478.0
p104,2030,IRA_low,2009,9707381.0
p104,2030,IRA_low,2010,9673707.0
p104,2030,IRA_low,2011,9695944.0
p104,2030,IRA_low,2012,9637347.0
p104,2030,IRA_low,2013,9714029.0
p104,2031,IRA_low,2007,9877837.0
p104,2031,IRA_low,2008,9895806.0
p104,2031,IRA_low,2009,9884840.0
p104,2031,IRA_low,2010,9845220.0
p104,2031,IRA_low,2011,9871397.0
p104,2031,IRA_low,2012,9802262.0
p104,2031,IRA_low,2013,9893022.0
p104,2032,IRA_low,2007,10054150.0
p104,2032,IRA_low,2008,10075106.0
p104,2032,IRA_low,2009,10062551.0
p104,2032,IRA_low,2010,10016498.0
p104,2032,IRA_low,2011,10046829.0
p104,2032,IRA_low,2012,9966303.0
p104,2032,IRA_low,2013,10071889.0
p104,2033,IRA_low,2007,10230492.0
p104,2033,IRA_low,2008,10254384.0
p104,2033,IRA_low,2009,10240073.0
p104,2033,IRA_low,2010,10187756.0
p104,2033,IRA_low,2011,10222317.0
p104,2033,IRA_low,2012,10130610.0
p104,2033,IRA_low,2013,10250854.0
p104,2034,IRA_low,2007,10406863.0
p104,2034,IRA_low,2008,10433728.0
p104,2034,IRA_low,2009,10417729.0
p104,2034,IRA_low,2010,10359058.0
p104,2034,IRA_low,2011,10397661.0
p104,2034,IRA_low,2012,10295107.0
p104,2034,IRA_low,2013,10429710.0
p104,2035,IRA_low,2007,10583208.0
p104,2035,IRA_low,2008,10612917.0
p104,2035,IRA_low,2009,10595448.0
p104,2035,IRA_low,2010,10530327.0
p104,2035,IRA_low,2011,10573131.0
p104,2035,IRA_low,2012,10459568.0
p104,2035,IRA_low,2013,10608657.0
p104,2036,IRA_low,2007,10750890.0
p104,2036,IRA_low,2008,10783099.0
p104,2036,IRA_low,2009,10764128.0
p104,2036,IRA_low,2010,10694085.0
p104,2036,IRA_low,2011,10740204.0
p104,2036,IRA_low,2012,10617806.0
p104,2036,IRA_low,2013,10778491.0
p104,2037,IRA_low,2007,10918581.0
p104,2037,IRA_low,2008,10953179.0
p104,2037,IRA_low,2009,10932909.0
p104,2037,IRA_low,2010,10857813.0
p104,2037,IRA_low,2011,10907275.0
p104,2037,IRA_low,2012,10776228.0
p104,2037,IRA_low,2013,10948335.0
p104,2038,IRA_low,2007,11086327.0
p104,2038,IRA_low,2008,11123423.0
p104,2038,IRA_low,2009,11101746.0
p104,2038,IRA_low,2010,11021638.0
p104,2038,IRA_low,2011,11074252.0
p104,2038,IRA_low,2012,10934564.0
p104,2038,IRA_low,2013,11118213.0
p104,2039,IRA_low,2007,11254091.0
p104,2039,IRA_low,2008,11293524.0
p104,2039,IRA_low,2009,11270594.0
p104,2039,IRA_low,2010,11185455.0
p104,2039,IRA_low,2011,11241321.0
p104,2039,IRA_low,2012,11092937.0
p104,2039,IRA_low,2013,11287961.0
p104,2040,IRA_low,2007,11421575.0
p104,2040,IRA_low,2008,11463745.0
p104,2040,IRA_low,2009,11439345.0
p104,2040,IRA_low,2010,11349237.0
p104,2040,IRA_low,2011,11408299.0
p104,2040,IRA_low,2012,11251162.0
p104,2040,IRA_low,2013,11457847.0
p104,2041,IRA_low,2007,11544256.0
p104,2041,IRA_low,2008,11587733.0
p104,2041,IRA_low,2009,11562568.0
p104,2041,IRA_low,2010,11470042.0
p104,2041,IRA_low,2011,11530666.0
p104,2041,IRA_low,2012,11368908.0
p104,2041,IRA_low,2013,11581766.0
p104,2042,IRA_low,2007,11666971.0
p104,2042,IRA_low,2008,11711891.0
p104,2042,IRA_low,2009,11685883.0
p104,2042,IRA_low,2010,11590931.0
p104,2042,IRA_low,2011,11652924.0
p104,2042,IRA_low,2012,11486515.0
p104,2042,IRA_low,2013,11705672.0
p104,2043,IRA_low,2007,11789742.0
p104,2043,IRA_low,2008,11835705.0
p104,2043,IRA_low,2009,11809102.0
p104,2043,IRA_low,2010,11711784.0
p104,2043,IRA_low,2011,11775243.0
p104,2043,IRA_low,2012,11604207.0
p104,2043,IRA_low,2013,11829566.0
p104,2044,IRA_low,2007,11912330.0
p104,2044,IRA_low,2008,11959773.0
p104,2044,IRA_low,2009,11932349.0
p104,2044,IRA_low,2010,11832620.0
p104,2044,IRA_low,2011,11897505.0
p104,2044,IRA_low,2012,11721756.0
p104,2044,IRA_low,2013,11953515.0
p104,2045,IRA_low,2007,12034982.0
p104,2045,IRA_low,2008,12083799.0
p104,2045,IRA_low,2009,12055741.0
p104,2045,IRA_low,2010,11953410.0
p104,2045,IRA_low,2011,12019927.0
p104,2045,IRA_low,2012,11839555.0
p104,2045,IRA_low,2013,12077300.0
p104,2046,IRA_low,2007,12114846.0
p104,2046,IRA_low,2008,12163924.0
p104,2046,IRA_low,2009,12135276.0
p104,2046,IRA_low,2010,12032824.0
p104,2046,IRA_low,2011,12099448.0
p104,2046,IRA_low,2012,11917288.0
p104,2046,IRA_low,2013,12157568.0
p104,2047,IRA_low,2007,12194740.0
p104,2047,IRA_low,2008,12244081.0
p104,2047,IRA_low,2009,12215046.0
p104,2047,IRA_low,2010,12112169.0
p104,2047,IRA_low,2011,12179013.0
p104,2047,IRA_low,2012,11995119.0
p104,2047,IRA_low,2013,12237781.0
p104,2048,IRA_low,2007,12274623.0
p104,2048,IRA_low,2008,12324258.0
p104,2048,IRA_low,2009,12294774.0
p104,2048,IRA_low,2010,12191543.0
p104,2048,IRA_low,2011,12258583.0
p104,2048,IRA_low,2012,12072944.0
p104,2048,IRA_low,2013,12318112.0
p104,2049,IRA_low,2007,12354541.0
p104,2049,IRA_low,2008,12404456.0
p104,2049,IRA_low,2009,12374520.0
p104,2049,IRA_low,2010,12270888.0
p104,2049,IRA_low,2011,12338247.0
p104,2049,IRA_low,2012,12150758.0
p104,2049,IRA_low,2013,12398320.0
p104,2050,IRA_low,2007,12434371.0
p104,2050,IRA_low,2008,12484674.0
p104,2050,IRA_low,2009,12454121.0
p104,2050,IRA_low,2010,12350305.0
p104,2050,IRA_low,2011,12417874.0
p104,2050,IRA_low,2012,12228642.0
p104,2050,IRA_low,2013,12478649.0
p105,2020,IRA_low,2007,51020016.18
p105,2020,IRA_low,2008,51019955.57
p105,2020,IRA_low,2009,51018457.02
p105,2020,IRA_low,2010,51018073.2
p105,2020,IRA_low,2011,51019903.24
p105,2020,IRA_low,2012,51018866.55
p105,2020,IRA_low,2013,51018176.96
p105,2021,IRA_low,2007,63639979.0
p105,2021,IRA_low,2008,63639937.0
p105,2021,IRA_low,2009,63639977.0
p105,2021,IRA_low,2010,63639980.0
p105,2021,IRA_low,2011,63639988.0
p105,2021,IRA_low,2012,63639924.0
p105,2021,IRA_low,2013,63639979.0
p105,2022,IRA_low,2007,63626041.0
p105,2022,IRA_low,2008,63626074.0
p105,2022,IRA_low,2009,63626071.0
p105,2022,IRA_low,2010,63626029.0
p105,2022,IRA_low,2011,63626050.0
p105,2022,IRA_low,2012,63625989.0
p105,2022,IRA_low,2013,63626005.0
p105,2023,IRA_low,2007,61235009.0
p105,2023,IRA_low,2008,61235021.0
p105,2023,IRA_low,2009,61235019.0
p105,2023,IRA_low,2010,61235049.0
p105,2023,IRA_low,2011,61234979.0
p105,2023,IRA_low,2012,61234993.0
p105,2023,IRA_low,2013,61235007.0
p105,2024,IRA_low,2007,63625335.0
p105,2024,IRA_low,2008,63625348.0
p105,2024,IRA_low,2009,63624961.0
p105,2024,IRA_low,2010,63625345.0
p105,2024,IRA_low,2011,63625310.0
p105,2024,IRA_low,2012,63625331.0
p105,2024,IRA_low,2013,63625274.0
p105,2025,IRA_low,2007,63919793.0
p105,2025,IRA_low,2008,63922497.0
p105,2025,IRA_low,2009,63915410.0
p105,2025,IRA_low,2010,63920762.0
p105,2025,IRA_low,2011,63913881.0
p105,2025,IRA_low,2012,63903408.0
p105,2025,IRA_low,2013,63920781.0
p105,2026,IRA_low,2007,64572295.0
p105,2026,IRA_low,2008,64587496.0
p105,2026,IRA_low,2009,64568588.0
p105,2026,IRA_low,2010,64572354.0
p105,2026,IRA_low,2011,64557989.0
p105,2026,IRA_low,2012,64520657.0
p105,2026,IRA_low,2013,64581898.0
p105,2027,IRA_low,2007,65224608.0
p105,2027,IRA_low,2008,65252133.0
p105,2027,IRA_low,2009,65221842.0
p105,2027,IRA_low,2010,65223820.0
p105,2027,IRA_low,2011,65202063.0
p105,2027,IRA_low,2012,65137821.0
p105,2027,IRA_low,2013,65242896.0
p105,2028,IRA_low,2007,65876955.0
p105,2028,IRA_low,2008,65917064.0
p105,2028,IRA_low,2009,65874981.0
p105,2028,IRA_low,2010,65875368.0
p105,2028,IRA_low,2011,65846246.0
p105,2028,IRA_low,2012,65755187.0
p105,2028,IRA_low,2013,65903972.0
p105,2029,IRA_low,2007,66529344.0
p105,2029,IRA_low,2008,66581863.0
p105,2029,IRA_low,2009,66528031.0
p105,2029,IRA_low,2010,66526887.0
p105,2029,IRA_low,2011,66490269.0
p105,2029,IRA_low,2012,66372340.0
p105,2029,IRA_low,2013,66565028.0
p105,2030,IRA_low,2007,67181830.0
p105,2030,IRA_low,2008,67246738.0
p105,2030,IRA_low,2009,67181227.0
p105,2030,IRA_low,2010,67178444.0
p105,2030,IRA_low,2011,67134363.0
p105,2030,IRA_low,2012,66989647.0
p105,2030,IRA_low,2013,67226130.0
p105,2031,IRA_low,2007,68163434.0
p105,2031,IRA_low,2008,68240775.0
p105,2031,IRA_low,2009,68162670.0
p105,2031,IRA_low,2010,68160281.0
p105,2031,IRA_low,2011,68108150.0
p105,2031,IRA_low,2012,67935469.0
p105,2031,IRA_low,2013,68217621.0
p105,2032,IRA_low,2007,69145191.0
p105,2032,IRA_low,2008,69234597.0
p105,2032,IRA_low,2009,69144197.0
p105,2032,IRA_low,2010,69142082.0
p105,2032,IRA_low,2011,69081928.0
p105,2032,IRA_low,2012,68881360.0
p105,2032,IRA_low,2013,69209197.0
p105,2033,IRA_low,2007,70126891.0
p105,2033,IRA_low,2008,70228472.0
p105,2033,IRA_low,2009,70125618.0
p105,2033,IRA_low,2010,70123868.0
p105,2033,IRA_low,2011,70055517.0
p105,2033,IRA_low,2012,69827207.0
p105,2033,IRA_low,2013,70200672.0
p105,2034,IRA_low,2007,71108610.0
p105,2034,IRA_low,2008,71222445.0
p105,2034,IRA_low,2009,71107080.0
p105,2034,IRA_low,2010,71105741.0
p105,2034,IRA_low,2011,71029361.0
p105,2034,IRA_low,2012,70773135.0
p105,2034,IRA_low,2013,71192263.0
p105,2035,IRA_low,2007,72090152.0
p105,2035,IRA_low,2008,72216411.0
p105,2035,IRA_low,2009,72088459.0
p105,2035,IRA_low,2010,72087546.0
p105,2035,IRA_low,2011,72003144.0
p105,2035,IRA_low,2012,71718817.0
p105,2035,IRA_low,2013,72183720.0
p105,2036,IRA_low,2007,73111046.0
p105,2036,IRA_low,2008,73247287.0
p105,2036,IRA_low,2009,73109085.0
p105,2036,IRA_low,2010,73108949.0
p105,2036,IRA_low,2011,73017381.0
p105,2036,IRA_low,2012,72710395.0
p105,2036,IRA_low,2013,73213018.0
p105,2037,IRA_low,2007,74131893.0
p105,2037,IRA_low,2008,74278105.0
p105,2037,IRA_low,2009,74129517.0
p105,2037,IRA_low,2010,74130323.0
p105,2037,IRA_low,2011,74031640.0
p105,2037,IRA_low,2012,73701941.0
p105,2037,IRA_low,2013,74242244.0
p105,2038,IRA_low,2007,75152641.0
p105,2038,IRA_low,2008,75308967.0
p105,2038,IRA_low,2009,75149963.0
p105,2038,IRA_low,2010,75151762.0
p105,2038,IRA_low,2011,75045901.0
p105,2038,IRA_low,2012,74693504.0
p105,2038,IRA_low,2013,75271542.0
p105,2039,IRA_low,2007,76173566.0
p105,2039,IRA_low,2008,76339817.0
p105,2039,IRA_low,2009,76170508.0
p105,2039,IRA_low,2010,76173163.0
p105,2039,IRA_low,2011,76060269.0
p105,2039,IRA_low,2012,75685054.0
p105,2039,IRA_low,2013,76300470.0
p105,2040,IRA_low,2007,77194337.0
p105,2040,IRA_low,2008,77370587.0
p105,2040,IRA_low,2009,77190914.0
p105,2040,IRA_low,2010,77194597.0
p105,2040,IRA_low,2011,77074499.0
p105,2040,IRA_low,2012,76676485.0
p105,2040,IRA_low,2013,77330135.0
p105,2041,IRA_low,2007,78035606.0
p105,2041,IRA_low,2008,78217488.0
p105,2041,IRA_low,2009,78032124.0
p105,2041,IRA_low,2010,78036780.0
p105,2041,IRA_low,2011,77912363.0
p105,2041,IRA_low,2012,77502417.0
p105,2041,IRA_low,2013,78176674.0
p105,2042,IRA_low,2007,78876795.0
p105,2042,IRA_low,2008,79064433.0
p105,2042,IRA_low,2009,78873366.0
p105,2042,IRA_low,2010,78878968.0
p105,2042,IRA_low,2011,78750314.0
p105,2042,IRA_low,2012,78328323.0
p105,2042,IRA_low,2013,79023231.0
p105,2043,IRA_low,2007,79718102.0
p105,2043,IRA_low,2008,79911352.0
p105,2043,IRA_low,2009,79714471.0
p105,2043,IRA_low,2010,79721290.0
p105,2043,IRA_low,2011,79588217.0
p105,2043,IRA_low,2012,79154183.0
p105,2043,IRA_low,2013,79869867.0
p105,2044,IRA_low,2007,80559347.0
p105,2044,IRA_low,2008,80758249.0
p105,2044,IRA_low,2009,80555851.0
p105,2044,IRA_low,2010,80563580.0
p105,2044,IRA_low,2011,80426178.0
p105,2044,IRA_low,2012,79980094.0
p105,2044,IRA_low,2013,80716366.0
p105,2045,IRA_low,2007,81400497.0
p105,2045,IRA_low,2008,81605044.0
p105,2045,IRA_low,2009,81396972.0
p105,2045,IRA_low,2010,81405797.0
p105,2045,IRA_low,2011,81264061.0
p105,2045,IRA_low,2012,80805993.0
p105,2045,IRA_low,2013,81563025.0
p105,2046,IRA_low,2007,82009096.0
p105,2046,IRA_low,2008,82214573.0
p105,2046,IRA_low,2009,82003179.0
p105,2046,IRA_low,2010,82015462.0
p105,2046,IRA_low,2011,81870097.0
p105,2046,IRA_low,2012,81407049.0
p105,2046,IRA_low,2013,82172600.0
p105,2047,IRA_low,2007,82617795.0
p105,2047,IRA_low,2008,82824033.0
p105,2047,IRA_low,2009,82609442.0
p105,2047,IRA_low,2010,82625287.0
p105,2047,IRA_low,2011,82476083.0
p105,2047,IRA_low,2012,82008095.0
p105,2047,IRA_low,2013,82782063.0
p105,2048,IRA_low,2007,83226364.0
p105,2048,IRA_low,2008,83433413.0
p105,2048,IRA_low,2009,83215555.0
p105,2048,IRA_low,2010,83235047.0
p105,2048,IRA_low,2011,83082216.0
p105,2048,IRA_low,2012,82609119.0
p105,2048,IRA_low,2013,83391574.0
p105,2049,IRA_low,2007,83835049.0
p105,2049,IRA_low,2008,84043054.0
p105,2049,IRA_low,2009,83821817.0
p105,2049,IRA_low,2010,83844849.0
p105,2049,IRA_low,2011,83688205.0
p105,2049,IRA_low,2012,83210255.0
p105,2049,IRA_low,2013,84001071.0
p105,2050,IRA_low,2007,84443667.0
p105,2050,IRA_low,2008,84652475.0
p105,2050,IRA_low,2009,84428001.0
p105,2050,IRA_low,2010,84454508.0
p105,2050,IRA_low,2011,84294333.0
p105,2050,IRA_low,2012,83811317.0
p105,2050,IRA_low,2013,84610597.0
p106,2020,IRA_low,2007,17577211.81
p106,2020,IRA_low,2008,17577237.52
p106,2020,IRA_low,2009,17576698.52
p106,2020,IRA_low,2010,17576550.68
p106,2020,IRA_low,2011,17577243.03
p106,2020,IRA_low,2012,17576647.09
p106,2020,IRA_low,2013,17576557.11
p106,2021,IRA_low,2007,16925807.0
p106,2021,IRA_low,2008,16925835.0
p106,2021,IRA_low,2009,16925743.0
p106,2021,IRA_low,2010,16925786.0
p106,2021,IRA_low,2011,16925809.0
p106,2021,IRA_low,2012,16925796.0
p106,2021,IRA_low,2013,16925797.0
p106,2022,IRA_low,2007,16922147.0
p106,2022,IRA_low,2008,16922023.0
p106,2022,IRA_low,2009,16922088.0
p106,2022,IRA_low,2010,16922157.0
p106,2022,IRA_low,2011,16922052.0
p106,2022,IRA_low,2012,16922114.0
p106,2022,IRA_low,2013,16922112.0
p106,2023,IRA_low,2007,16286150.0
p106,2023,IRA_low,2008,16286145.0
p106,2023,IRA_low,2009,16286195.0
p106,2023,IRA_low,2010,16286180.0
p106,2023,IRA_low,2011,16286167.0
p106,2023,IRA_low,2012,16286168.0
p106,2023,IRA_low,2013,16286173.0
p106,2024,IRA_low,2007,16921868.0
p106,2024,IRA_low,2008,16921919.0
p106,2024,IRA_low,2009,16921901.0
p106,2024,IRA_low,2010,16921912.0
p106,2024,IRA_low,2011,16921893.0
p106,2024,IRA_low,2012,16921931.0
p106,2024,IRA_low,2013,16921853.0
p106,2025,IRA_low,2007,17017972.0
p106,2025,IRA_low,2008,17018917.0
p106,2025,IRA_low,2009,17016529.0
p106,2025,IRA_low,2010,17018317.0
p106,2025,IRA_low,2011,17016033.0
p106,2025,IRA_low,2012,17012702.0
p106,2025,IRA_low,2013,17018189.0
p106,2026,IRA_low,2007,17230823.0
p106,2026,IRA_low,2008,17235754.0
p106,2026,IRA_low,2009,17229697.0
p106,2026,IRA_low,2010,17230962.0
p106,2026,IRA_low,2011,17226189.0
p106,2026,IRA_low,2012,17214014.0
p106,2026,IRA_low,2013,17233926.0
p106,2027,IRA_low,2007,17443660.0
p106,2027,IRA_low,2008,17452697.0
p106,2027,IRA_low,2009,17442781.0
p106,2027,IRA_low,2010,17443447.0
p106,2027,IRA_low,2011,17436354.0
p106,2027,IRA_low,2012,17415511.0
p106,2027,IRA_low,2013,17449633.0
p106,2028,IRA_low,2007,17656645.0
p106,2028,IRA_low,2008,17669635.0
p106,2028,IRA_low,2009,17655871.0
p106,2028,IRA_low,2010,17656067.0
p106,2028,IRA_low,2011,17646590.0
p106,2028,IRA_low,2012,17616863.0
p106,2028,IRA_low,2013,17665232.0
p106,2029,IRA_low,2007,17869435.0
p106,2029,IRA_low,2008,17886650.0
p106,2029,IRA_low,2009,17869056.0
p106,2029,IRA_low,2010,17868629.0
p106,2029,IRA_low,2011,17856728.0
p106,2029,IRA_low,2012,17818252.0
p106,2029,IRA_low,2013,17881035.0
p106,2030,IRA_low,2007,18082321.0
p106,2030,IRA_low,2008,18103491.0
p106,2030,IRA_low,2009,18082072.0
p106,2030,IRA_low,2010,18081244.0
p106,2030,IRA_low,2011,18066863.0
p106,2030,IRA_low,2012,18019674.0
p106,2030,IRA_low,2013,18096640.0
p106,2031,IRA_low,2007,18402601.0
p106,2031,IRA_low,2008,18427736.0
p106,2031,IRA_low,2009,18402374.0
p106,2031,IRA_low,2010,18401677.0
p106,2031,IRA_low,2011,18384651.0
p106,2031,IRA_low,2012,18328278.0
p106,2031,IRA_low,2013,18420226.0
p106,2032,IRA_low,2007,18722994.0
p106,2032,IRA_low,2008,18752106.0
p106,2032,IRA_low,2009,18722586.0
p106,2032,IRA_low,2010,18721980.0
p106,2032,IRA_low,2011,18702242.0
p106,2032,IRA_low,2012,18636888.0
p106,2032,IRA_low,2013,18743739.0
p106,2033,IRA_low,2007,19043125.0
p106,2033,IRA_low,2008,19076462.0
p106,2033,IRA_low,2009,19042765.0
p106,2033,IRA_low,2010,19042239.0
p106,2033,IRA_low,2011,19020007.0
p106,2033,IRA_low,2012,18945532.0
p106,2033,IRA_low,2013,19067319.0
p106,2034,IRA_low,2007,19363593.0
p106,2034,IRA_low,2008,19400691.0
p106,2034,IRA_low,2009,19363079.0
p106,2034,IRA_low,2010,19362628.0
p106,2034,IRA_low,2011,19337735.0
p106,2034,IRA_low,2012,19254103.0
p106,2034,IRA_low,2013,19390738.0
p106,2035,IRA_low,2007,19683858.0
p106,2035,IRA_low,2008,19724986.0
p106,2035,IRA_low,2009,19683297.0
p106,2035,IRA_low,2010,19682978.0
p106,2035,IRA_low,2011,19655461.0
p106,2035,IRA_low,2012,19562712.0
p106,2035,IRA_low,2013,19714325.0
p106,2036,IRA_low,2007,20017003.0
p106,2036,IRA_low,2008,20061366.0
p106,2036,IRA_low,2009,20016255.0
p106,2036,IRA_low,2010,20016211.0
p106,2036,IRA_low,2011,19986365.0
p106,2036,IRA_low,2012,19886254.0
p106,2036,IRA_low,2013,20050158.0
p106,2037,IRA_low,2007,20350065.0
p106,2037,IRA_low,2008,20397750.0
p106,2037,IRA_low,2009,20349311.0
p106,2037,IRA_low,2010,20349488.0
p106,2037,IRA_low,2011,20317364.0
p106,2037,IRA_low,2012,20209801.0
p106,2037,IRA_low,2013,20385980.0
p106,2038,IRA_low,2007,20683162.0
p106,2038,IRA_low,2008,20734110.0
p106,2038,IRA_low,2009,20682240.0
p106,2038,IRA_low,2010,20682768.0
p106,2038,IRA_low,2011,20648284.0
p106,2038,IRA_low,2012,20533334.0
p106,2038,IRA_low,2013,20721790.0
p106,2039,IRA_low,2007,21016286.0
p106,2039,IRA_low,2008,21070447.0
p106,2039,IRA_low,2009,21015160.0
p106,2039,IRA_low,2010,21016040.0
p106,2039,IRA_low,2011,20979266.0
p106,2039,IRA_low,2012,20856868.0
p106,2039,IRA_low,2013,21057662.0
p106,2040,IRA_low,2007,21349281.0
p106,2040,IRA_low,2008,21406881.0
p106,2040,IRA_low,2009,21348136.0
p106,2040,IRA_low,2010,21349334.0
p106,2040,IRA_low,2011,21310157.0
p106,2040,IRA_low,2012,21180376.0
p106,2040,IRA_low,2013,21393517.0
p106,2041,IRA_low,2007,21623744.0
p106,2041,IRA_low,2008,21683124.0
p106,2041,IRA_low,2009,21622601.0
p106,2041,IRA_low,2010,21624110.0
p106,2041,IRA_low,2011,21583561.0
p106,2041,IRA_low,2012,21449790.0
p106,2041,IRA_low,2013,21669691.0
p106,2042,IRA_low,2007,21898213.0
p106,2042,IRA_low,2008,21959449.0
p106,2042,IRA_low,2009,21897116.0
p106,2042,IRA_low,2010,21898912.0
p106,2042,IRA_low,2011,21856944.0
p106,2042,IRA_low,2012,21719295.0
p106,2042,IRA_low,2013,21946019.0
p106,2043,IRA_low,2007,22172709.0
p106,2043,IRA_low,2008,22235754.0
p106,2043,IRA_low,2009,22171610.0
p106,2043,IRA_low,2010,22173747.0
p106,2043,IRA_low,2011,22130373.0
p106,2043,IRA_low,2012,21988813.0
p106,2043,IRA_low,2013,22222214.0
p106,2044,IRA_low,2007,22447200.0
p106,2044,IRA_low,2008,22512114.0
p106,2044,IRA_low,2009,22446089.0
p106,2044,IRA_low,2010,22448572.0
p106,2044,IRA_low,2011,22403684.0
p106,2044,IRA_low,2012,22258275.0
p106,2044,IRA_low,2013,22498436.0
p106,2045,IRA_low,2007,22721666.0
p106,2045,IRA_low,2008,22788422.0
p106,2045,IRA_low,2009,22720524.0
p106,2045,IRA_low,2010,22723397.0
p106,2045,IRA_low,2011,22677111.0
p106,2045,IRA_low,2012,22527715.0
p106,2045,IRA_low,2013,22774702.0
p106,2046,IRA_low,2007,22920314.0
p106,2046,IRA_low,2008,22987263.0
p106,2046,IRA_low,2009,22918375.0
p106,2046,IRA_low,2010,22922364.0
p106,2046,IRA_low,2011,22874906.0
p106,2046,IRA_low,2012,22723839.0
p106,2046,IRA_low,2013,22973459.0
p106,2047,IRA_low,2007,23118863.0
p106,2047,IRA_low,2008,23186162.0
p106,2047,IRA_low,2009,23116120.0
p106,2047,IRA_low,2010,23121249.0
p106,2047,IRA_low,2011,23072635.0
p106,2047,IRA_low,2012,22919964.0
p106,2047,IRA_low,2013,23172389.0
p106,2048,IRA_low,2007,23317436.0
p106,2048,IRA_low,2008,23385057.0
p106,2048,IRA_low,2009,23313904.0
p106,2048,IRA_low,2010,23320333.0
p106,2048,IRA_low,2011,23270353.0
p106,2048,IRA_low,2012,23116117.0
p106,2048,IRA_low,2013,23371238.0
p106,2049,IRA_low,2007,23516084.0
p106,2049,IRA_low,2008,23583861.0
p106,2049,IRA_low,2009,23511699.0
p106,2049,IRA_low,2010,23519214.0
p106,2049,IRA_low,2011,23468129.0
p106,2049,IRA_low,2012,23312263.0
p106,2049,IRA_low,2013,23570098.0
p106,2050,IRA_low,2007,23714618.0
p106,2050,IRA_low,2008,23782669.0
p106,2050,IRA_low,2009,23709476.0
p106,2050,IRA_low,2010,23718215.0
p106,2050,IRA_low,2011,23665872.0
p106,2050,IRA_low,2012,23508326.0
p106,2050,IRA_low,2013,23768973.0
p107,2020,IRA_low,2007,27786580.26
p107,2020,IRA_low,2008,27786555.47
p107,2020,IRA_low,2009,27785861.29
p107,2020,IRA_low,2010,27785570.21
p107,2020,IRA_low,2011,27786671.16
p107,2020,IRA_low,2012,27785826.39
p107,2020,IRA_low,2013,27785643.66
p107,2021,IRA_low,2007,26756413.0
p107,2021,IRA_low,2008,26756485.0
p107,2021,IRA_low,2009,26756501.0
p107,2021,IRA_low,2010,26756485.0
p107,2021,IRA_low,2011,26756448.0
p107,2021,IRA_low,2012,26756503.0
p107,2021,IRA_low,2013,26756481.0
p107,2022,IRA_low,2007,26750594.0
p107,2022,IRA_low,2008,26750643.0
p107,2022,IRA_low,2009,26750643.0
p107,2022,IRA_low,2010,26750623.0
p107,2022,IRA_low,2011,26750597.0
p107,2022,IRA_low,2012,26750609.0
p107,2022,IRA_low,2013,26750646.0
p107,2023,IRA_low,2007,25745348.0
p107,2023,IRA_low,2008,25745363.0
p107,2023,IRA_low,2009,25745350.0
p107,2023,IRA_low,2010,25745328.0
p107,2023,IRA_low,2011,25745347.0
p107,2023,IRA_low,2012,25745346.0
p107,2023,IRA_low,2013,25745304.0
p107,2024,IRA_low,2007,26750325.0
p107,2024,IRA_low,2008,26750295.0
p107,2024,IRA_low,2009,26750301.0
p107,2024,IRA_low,2010,26750334.0
p107,2024,IRA_low,2011,26750306.0
p107,2024,IRA_low,2012,26750301.0
p107,2024,IRA_low,2013,26750310.0
p107,2025,IRA_low,2007,26949886.0
p107,2025,IRA_low,2008,26951715.0
p107,2025,IRA_low,2009,26946937.0
p107,2025,IRA_low,2010,26950505.0
p107,2025,IRA_low,2011,26945868.0
p107,2025,IRA_low,2012,26938721.0
p107,2025,IRA_low,2013,26950494.0
p107,2026,IRA_low,2007,27391983.0
p107,2026,IRA_low,2008,27402265.0
p107,2026,IRA_low,2009,27389518.0
p107,2026,IRA_low,2010,27392082.0
p107,2026,IRA_low,2011,27382420.0
p107,2026,IRA_low,2012,27357078.0
p107,2026,IRA_low,2013,27398421.0
p107,2027,IRA_low,2007,27834111.0
p107,2027,IRA_low,2008,27852791.0
p107,2027,IRA_low,2009,27832180.0
p107,2027,IRA_low,2010,27833596.0
p107,2027,IRA_low,2011,27818824.0
p107,2027,IRA_low,2012,27775360.0
p107,2027,IRA_low,2013,27846387.0
p107,2028,IRA_low,2007,28276190.0
p107,2028,IRA_low,2008,28303282.0
p107,2028,IRA_low,2009,28274814.0
p107,2028,IRA_low,2010,28275050.0
p107,2028,IRA_low,2011,28255243.0
p107,2028,IRA_low,2012,28193631.0
p107,2028,IRA_low,2013,28294461.0
p107,2029,IRA_low,2007,28718370.0
p107,2029,IRA_low,2008,28753852.0
p107,2029,IRA_low,2009,28717408.0
p107,2029,IRA_low,2010,28716585.0
p107,2029,IRA_low,2011,28691860.0
p107,2029,IRA_low,2012,28612016.0
p107,2029,IRA_low,2013,28742376.0
p107,2030,IRA_low,2007,29160481.0
p107,2030,IRA_low,2008,29204374.0
p107,2030,IRA_low,2009,29160084.0
p107,2030,IRA_low,2010,29158156.0
p107,2030,IRA_low,2011,29128311.0
p107,2030,IRA_low,2012,29030232.0
p107,2030,IRA_low,2013,29190451.0
p107,2031,IRA_low,2007,29825718.0
p107,2031,IRA_low,2008,29877968.0
p107,2031,IRA_low,2009,29825175.0
p107,2031,IRA_low,2010,29823441.0
p107,2031,IRA_low,2011,29788168.0
p107,2031,IRA_low,2012,29671186.0
p107,2031,IRA_low,2013,29862320.0
p107,2032,IRA_low,2007,30490905.0
p107,2032,IRA_low,2008,30551483.0
p107,2032,IRA_low,2009,30490191.0
p107,2032,IRA_low,2010,30488784.0
p107,2032,IRA_low,2011,30447981.0
p107,2032,IRA_low,2012,30312100.0
p107,2032,IRA_low,2013,30534197.0
p107,2033,IRA_low,2007,31156107.0
p107,2033,IRA_low,2008,31224918.0
p107,2033,IRA_low,2009,31155273.0
p107,2033,IRA_low,2010,31154120.0
p107,2033,IRA_low,2011,31107838.0
p107,2033,IRA_low,2012,30953086.0
p107,2033,IRA_low,2013,31206117.0
p107,2034,IRA_low,2007,31821437.0
p107,2034,IRA_low,2008,31898582.0
p107,2034,IRA_low,2009,31820347.0
p107,2034,IRA_low,2010,31819461.0
p107,2034,IRA_low,2011,31767744.0
p107,2034,IRA_low,2012,31593952.0
p107,2034,IRA_low,2013,31878032.0
p107,2035,IRA_low,2007,32486652.0
p107,2035,IRA_low,2008,32572129.0
p107,2035,IRA_low,2009,32485393.0
p107,2035,IRA_low,2010,32484753.0
p107,2035,IRA_low,2011,32427606.0
p107,2035,IRA_low,2012,32234906.0
p107,2035,IRA_low,2013,32549944.0
p107,2036,IRA_low,2007,33178421.0
p107,2036,IRA_low,2008,33270706.0
p107,2036,IRA_low,2009,33177083.0
p107,2036,IRA_low,2010,33176973.0
p107,2036,IRA_low,2011,33114913.0
p107,2036,IRA_low,2012,32906961.0
p107,2036,IRA_low,2013,33247459.0
p107,2037,IRA_low,2007,33870192.0
p107,2037,IRA_low,2008,33969273.0
p107,2037,IRA_low,2009,33868612.0
p107,2037,IRA_low,2010,33869113.0
p107,2037,IRA_low,2011,33802240.0
p107,2037,IRA_low,2012,33578824.0
p107,2037,IRA_low,2013,33944988.0
p107,2038,IRA_low,2007,34561961.0
p107,2038,IRA_low,2008,34667833.0
p107,2038,IRA_low,2009,34560051.0
p107,2038,IRA_low,2010,34561174.0
p107,2038,IRA_low,2011,34489605.0
p107,2038,IRA_low,2012,34250780.0
p107,2038,IRA_low,2013,34642400.0
p107,2039,IRA_low,2007,35253731.0
p107,2039,IRA_low,2008,35366321.0
p107,2039,IRA_low,2009,35251680.0
p107,2039,IRA_low,2010,35253420.0
p107,2039,IRA_low,2011,35176886.0
p107,2039,IRA_low,2012,34922635.0
p107,2039,IRA_low,2013,35339886.0
p107,2040,IRA_low,2007,35945479.0
p107,2040,IRA_low,2008,36064993.0
p107,2040,IRA_low,2009,35943085.0
p107,2040,IRA_low,2010,35945612.0
p107,2040,IRA_low,2011,35864278.0
p107,2040,IRA_low,2012,35594565.0
p107,2040,IRA_low,2013,36037401.0
p107,2041,IRA_low,2007,36515580.0
p107,2041,IRA_low,2008,36638854.0
p107,2041,IRA_low,2009,36513221.0
p107,2041,IRA_low,2010,36516342.0
p107,2041,IRA_low,2011,36432068.0
p107,2041,IRA_low,2012,36154257.0
p107,2041,IRA_low,2013,36611133.0
p107,2042,IRA_low,2007,37085658.0
p107,2042,IRA_low,2008,37212672.0
p107,2042,IRA_low,2009,37083306.0
p107,2042,IRA_low,2010,37087121.0
p107,2042,IRA_low,2011,36999964.0
p107,2042,IRA_low,2012,36713835.0
p107,2042,IRA_low,2013,37184794.0
p107,2043,IRA_low,2007,37655736.0
p107,2043,IRA_low,2008,37786636.0
p107,2043,IRA_low,2009,37653308.0
p107,2043,IRA_low,2010,37657847.0
p107,2043,IRA_low,2011,37567744.0
p107,2043,IRA_low,2012,37273556.0
p107,2043,IRA_low,2013,37758559.0
p107,2044,IRA_low,2007,38225772.0
p107,2044,IRA_low,2008,38360616.0
p107,2044,IRA_low,2009,38223383.0
p107,2044,IRA_low,2010,38228619.0
p107,2044,IRA_low,2011,38135522.0
p107,2044,IRA_low,2012,37833226.0
p107,2044,IRA_low,2013,38332241.0
p107,2045,IRA_low,2007,38795876.0
p107,2045,IRA_low,2008,38934471.0
p107,2045,IRA_low,2009,38793425.0
p107,2045,IRA_low,2010,38799383.0
p107,2045,IRA_low,2011,38703360.0
p107,2045,IRA_low,2012,38392899.0
p107,2045,IRA_low,2013,38905891.0
p107,2046,IRA_low,2007,39208254.0
p107,2046,IRA_low,2008,39347458.0
p107,2046,IRA_low,2009,39204219.0
p107,2046,IRA_low,2010,39212485.0
p107,2046,IRA_low,2011,39114047.0
p107,2046,IRA_low,2012,38800227.0
p107,2046,IRA_low,2013,39319008.0
p107,2047,IRA_low,2007,39620787.0
p107,2047,IRA_low,2008,39760437.0
p107,2047,IRA_low,2009,39614975.0
p107,2047,IRA_low,2010,39625748.0
p107,2047,IRA_low,2011,39524724.0
p107,2047,IRA_low,2012,39207531.0
p107,2047,IRA_low,2013,39731978.0
p107,2048,IRA_low,2007,40033154.0
p107,2048,IRA_low,2008,40173488.0
p107,2048,IRA_low,2009,40025884.0
p107,2048,IRA_low,2010,40038984.0
p107,2048,IRA_low,2011,39935444.0
p107,2048,IRA_low,2012,39614825.0
p107,2048,IRA_low,2013,40145154.0
p107,2049,IRA_low,2007,40445625.0
p107,2049,IRA_low,2008,40586534.0
p107,2049,IRA_low,2009,40436589.0
p107,2049,IRA_low,2010,40452234.0
p107,2049,IRA_low,2011,40346161.0
p107,2049,IRA_low,2012,40022145.0
p107,2049,IRA_low,2013,40558053.0
p107,2050,IRA_low,2007,40858028.0
p107,2050,IRA_low,2008,40999544.0
p107,2050,IRA_low,2009,40847472.0
p107,2050,IRA_low,2010,40865371.0
p107,2050,IRA_low,2011,40756821.0
p107,2050,IRA_low,2012,40429440.0
p107,2050,IRA_low,2013,40971044.0
p108,2020,IRA_low,2007,4686825.56
p108,2020,IRA_low,2008,4686788.7
p108,2020,IRA_low,2009,4686516.86
p108,2020,IRA_low,2010,4686506.88
p108,2020,IRA_low,2011,4686789.47
p108,2020,IRA_low,2012,4686741.09
p108,2020,IRA_low,2013,4686452.36
p108,2021,IRA_low,2007,8236234.0
p108,2021,IRA_low,2008,8236186.0
p108,2021,IRA_low,2009,8236244.0
p108,2021,IRA_low,2010,8236161.0
p108,2021,IRA_low,2011,8236145.0
p108,2021,IRA_low,2012,8236233.0
p108,2021,IRA_low,2013,8236200.0
p108,2022,IRA_low,2007,8329907.0
p108,2022,IRA_low,2008,8329883.0
p108,2022,IRA_low,2009,8329908.0
p108,2022,IRA_low,2010,8329940.0
p108,2022,IRA_low,2011,8329895.0
p108,2022,IRA_low,2012,8329902.0
p108,2022,IRA_low,2013,8329878.0
p108,2023,IRA_low,2007,7877316.0
p108,2023,IRA_low,2008,7877347.0
p108,2023,IRA_low,2009,7877355.0
p108,2023,IRA_low,2010,7877376.0
p108,2023,IRA_low,2011,7877366.0
p108,2023,IRA_low,2012,7877411.0
p108,2023,IRA_low,2013,7877328.0
p108,2024,IRA_low,2007,8191702.0
p108,2024,IRA_low,2008,8191674.0
p108,2024,IRA_low,2009,8191624.0
p108,2024,IRA_low,2010,8191617.0
p108,2024,IRA_low,2011,8191705.0
p108,2024,IRA_low,2012,8191676.0
p108,2024,IRA_low,2013,8191741.0
p108,2025,IRA_low,2007,8291156.0
p108,2025,IRA_low,2008,8291881.0
p108,2025,IRA_low,2009,8290805.0
p108,2025,IRA_low,2010,8293501.0
p108,2025,IRA_low,2011,8290310.0
p108,2025,IRA_low,2012,8288734.0
p108,2025,IRA_low,2013,8291259.0
p108,2026,IRA_low,2007,8436741.0
p108,2026,IRA_low,2008,8439052.0
p108,2026,IRA_low,2009,8437221.0
p108,2026,IRA_low,2010,8441801.0
p108,2026,IRA_low,2011,8435492.0
p108,2026,IRA_low,2012,8431504.0
p108,2026,IRA_low,2013,8437917.0
p108,2027,IRA_low,2007,8582289.0
p108,2027,IRA_low,2008,8586244.0
p108,2027,IRA_low,2009,8583310.0
p108,2027,IRA_low,2010,8590253.0
p108,2027,IRA_low,2011,8580714.0
p108,2027,IRA_low,2012,8574303.0
p108,2027,IRA_low,2013,8584633.0
p108,2028,IRA_low,2007,8727768.0
p108,2028,IRA_low,2008,8733398.0
p108,2028,IRA_low,2009,8729831.0
p108,2028,IRA_low,2010,8738628.0
p108,2028,IRA_low,2011,8725880.0
p108,2028,IRA_low,2012,8717161.0
p108,2028,IRA_low,2013,8731563.0
p108,2029,IRA_low,2007,8873373.0
p108,2029,IRA_low,2008,8880620.0
p108,2029,IRA_low,2009,8876213.0
p108,2029,IRA_low,2010,8886958.0
p108,2029,IRA_low,2011,8871049.0
p108,2029,IRA_low,2012,8859919.0
p108,2029,IRA_low,2013,8878323.0
p108,2030,IRA_low,2007,9018822.0
p108,2030,IRA_low,2008,9027832.0
p108,2030,IRA_low,2009,9022516.0
p108,2030,IRA_low,2010,9035300.0
p108,2030,IRA_low,2011,9016243.0
p108,2030,IRA_low,2012,9003193.0
p108,2030,IRA_low,2013,9025126.0
p108,2031,IRA_low,2007,9210477.0
p108,2031,IRA_low,2008,9220959.0
p108,2031,IRA_low,2009,9214744.0
p108,2031,IRA_low,2010,9229903.0
p108,2031,IRA_low,2011,9207594.0
p108,2031,IRA_low,2012,9191465.0
p108,2031,IRA_low,2013,9218117.0
p108,2032,IRA_low,2007,9402020.0
p108,2032,IRA_low,2008,9414104.0
p108,2032,IRA_low,2009,9406988.0
p108,2032,IRA_low,2010,9424407.0
p108,2032,IRA_low,2011,9398859.0
p108,2032,IRA_low,2012,9380197.0
p108,2032,IRA_low,2013,9411087.0
p108,2033,IRA_low,2007,9593423.0
p108,2033,IRA_low,2008,9607207.0
p108,2033,IRA_low,2009,9599171.0
p108,2033,IRA_low,2010,9618927.0
p108,2033,IRA_low,2011,9590134.0
p108,2033,IRA_low,2012,9568947.0
p108,2033,IRA_low,2013,9604177.0
p108,2034,IRA_low,2007,9785191.0
p108,2034,IRA_low,2008,9800374.0
p108,2034,IRA_low,2009,9791490.0
p108,2034,IRA_low,2010,9813523.0
p108,2034,IRA_low,2011,9781385.0
p108,2034,IRA_low,2012,9757660.0
p108,2034,IRA_low,2013,9797172.0
p108,2035,IRA_low,2007,9976806.0
p108,2035,IRA_low,2008,9993527.0
p108,2035,IRA_low,2009,9983762.0
p108,2035,IRA_low,2010,10008016.0
p108,2035,IRA_low,2011,9972690.0
p108,2035,IRA_low,2012,9946388.0
p108,2035,IRA_low,2013,9990058.0
p108,2036,IRA_low,2007,10177706.0
p108,2036,IRA_low,2008,10195556.0
p108,2036,IRA_low,2009,10185015.0
p108,2036,IRA_low,2010,10211064.0
p108,2036,IRA_low,2011,10173289.0
p108,2036,IRA_low,2012,10144942.0
p108,2036,IRA_low,2013,10191982.0
p108,2037,IRA_low,2007,10378586.0
p108,2037,IRA_low,2008,10397598.0
p108,2037,IRA_low,2009,10386295.0
p108,2037,IRA_low,2010,10414171.0
p108,2037,IRA_low,2011,10373889.0
p108,2037,IRA_low,2012,10343559.0
p108,2037,IRA_low,2013,10393852.0
p108,2038,IRA_low,2007,10579512.0
p108,2038,IRA_low,2008,10599540.0
p108,2038,IRA_low,2009,10587582.0
p108,2038,IRA_low,2010,10617288.0
p108,2038,IRA_low,2011,10574504.0
p108,2038,IRA_low,2012,10542166.0
p108,2038,IRA_low,2013,10595699.0
p108,2039,IRA_low,2007,10780274.0
p108,2039,IRA_low,2008,10801613.0
p108,2039,IRA_low,2009,10788829.0
p108,2039,IRA_low,2010,10820445.0
p108,2039,IRA_low,2011,10774991.0
p108,2039,IRA_low,2012,10740701.0
p108,2039,IRA_low,2013,10797583.0
p108,2040,IRA_low,2007,10981206.0
p108,2040,IRA_low,2008,11003633.0
p108,2040,IRA_low,2009,10990029.0
p108,2040,IRA_low,2010,11023455.0
p108,2040,IRA_low,2011,10975606.0
p108,2040,IRA_low,2012,10939304.0
p108,2040,IRA_low,2013,10999481.0
p108,2041,IRA_low,2007,11163484.0
p108,2041,IRA_low,2008,11186278.0
p108,2041,IRA_low,2009,11172177.0
p108,2041,IRA_low,2010,11206873.0
p108,2041,IRA_low,2011,11157508.0
p108,2041,IRA_low,2012,11120307.0
p108,2041,IRA_low,2013,11182002.0
p108,2042,IRA_low,2007,11345786.0
p108,2042,IRA_low,2008,11369007.0
p108,2042,IRA_low,2009,11354412.0
p108,2042,IRA_low,2010,11390267.0
p108,2042,IRA_low,2011,11339438.0
p108,2042,IRA_low,2012,11301190.0
p108,2042,IRA_low,2013,11364566.0
p108,2043,IRA_low,2007,11527995.0
p108,2043,IRA_low,2008,11551526.0
p108,2043,IRA_low,2009,11536541.0
p108,2043,IRA_low,2010,11573461.0
p108,2043,IRA_low,2011,11521517.0
p108,2043,IRA_low,2012,11482183.0
p108,2043,IRA_low,2013,11547111.0
p108,2044,IRA_low,2007,11710336.0
p108,2044,IRA_low,2008,11734211.0
p108,2044,IRA_low,2009,11718848.0
p108,2044,IRA_low,2010,11756824.0
p108,2044,IRA_low,2011,11703338.0
p108,2044,IRA_low,2012,11663156.0
p108,2044,IRA_low,2013,11729743.0
p108,2045,IRA_low,2007,11892575.0
p108,2045,IRA_low,2008,11916790.0
p108,2045,IRA_low,2009,11901010.0
p108,2045,IRA_low,2010,11940214.0
p108,2045,IRA_low,2011,11885334.0
p108,2045,IRA_low,2012,11844055.0
p108,2045,IRA_low,2013,11912300.0
p108,2046,IRA_low,2007,12045581.0
p108,2046,IRA_low,2008,12069725.0
p108,2046,IRA_low,2009,12053308.0
p108,2046,IRA_low,2010,12093676.0
p108,2046,IRA_low,2011,12037792.0
p108,2046,IRA_low,2012,11996350.0
p108,2046,IRA_low,2013,12065007.0
p108,2047,IRA_low,2007,12198587.0
p108,2047,IRA_low,2008,12222458.0
p108,2047,IRA_low,2009,12205888.0
p108,2047,IRA_low,2010,12247178.0
p108,2047,IRA_low,2011,12190313.0
p108,2047,IRA_low,2012,12148439.0
p108,2047,IRA_low,2013,12217623.0
p108,2048,IRA_low,2007,12351581.0
p108,2048,IRA_low,2008,12375197.0
p108,2048,IRA_low,2009,12358108.0
p108,2048,IRA_low,2010,12400556.0
p108,2048,IRA_low,2011,12342886.0
p108,2048,IRA_low,2012,12300648.0
p108,2048,IRA_low,2013,12370258.0
p108,2049,IRA_low,2007,12504621.0
p108,2049,IRA_low,2008,12527903.0
p108,2049,IRA_low,2009,12510514.0
p108,2049,IRA_low,2010,12554102.0
p108,2049,IRA_low,2011,12495431.0
p108,2049,IRA_low,2012,12452780.0
p108,2049,IRA_low,2013,12522882.0
p108,2050,IRA_low,2007,12657636.0
p108,2050,IRA_low,2008,12680680.0
p108,2050,IRA_low,2009,12662888.0
p108,2050,IRA_low,2010,12707571.0
p108,2050,IRA_low,2011,12647962.0
p108,2050,IRA_low,2012,12604997.0
p108,2050,IRA_low,2013,12675544.0
p109,2020,IRA_low,2007,39551805.9
p109,2020,IRA_low,2008,39552030.9
p109,2020,IRA_low,2009,39550252.42
p109,2020,IRA_low,2010,39550701.65
p109,2020,IRA_low,2011,39551382.79
p109,2020,IRA_low,2012,39551521.01
p109,2020,IRA_low,2013,39550270.09
p109,2021,IRA_low,2007,48412592.0
p109,2021,IRA_low,2008,48412580.0
p109,2021,IRA_low,2009,48412534.0
p109,2021,IRA_low,2010,48412535.0
p109,2021,IRA_low,2011,48412579.0
p109,2021,IRA_low,2012,48412521.0
p109,2021,IRA_low,2013,48412539.0
p109,2022,IRA_low,2007,48963191.0
p109,2022,IRA_low,2008,48963215.0
p109,2022,IRA_low,2009,48963228.0
p109,2022,IRA_low,2010,48963255.0
p109,2022,IRA_low,2011,48963270.0
p109,2022,IRA_low,2012,48963234.0
p109,2022,IRA_low,2013,48963238.0
p109,2023,IRA_low,2007,46303240.0
p109,2023,IRA_low,2008,46303193.0
p109,2023,IRA_low,2009,46303251.0
p109,2023,IRA_low,2010,46303222.0
p109,2023,IRA_low,2011,46303250.0
p109,2023,IRA_low,2012,46303240.0
p109,2023,IRA_low,2013,46303216.0
p109,2024,IRA_low,2007,48150834.0
p109,2024,IRA_low,2008,48150883.0
p109,2024,IRA_low,2009,48150821.0
p109,2024,IRA_low,2010,48150845.0
p109,2024,IRA_low,2011,48150784.0
p109,2024,IRA_low,2012,48150897.0
p109,2024,IRA_low,2013,48150838.0
p109,2025,IRA_low,2007,48612838.0
p109,2025,IRA_low,2008,48615986.0
p109,2025,IRA_low,2009,48611048.0
p109,2025,IRA_low,2010,48622977.0
p109,2025,IRA_low,2011,48608568.0
p109,2025,IRA_low,2012,48601463.0
p109,2025,IRA_low,2013,48612953.0
p109,2026,IRA_low,2007,49288362.0
p109,2026,IRA_low,2008,49299138.0
p109,2026,IRA_low,2009,49290313.0
p109,2026,IRA_low,2010,49311730.0
p109,2026,IRA_low,2011,49282552.0
p109,2026,IRA_low,2012,49264220.0
p109,2026,IRA_low,2013,49294251.0
p109,2027,IRA_low,2007,49963890.0
p109,2027,IRA_low,2008,49982343.0
p109,2027,IRA_low,2009,49969479.0
p109,2027,IRA_low,2010,50000436.0
p109,2027,IRA_low,2011,49956546.0
p109,2027,IRA_low,2012,49927082.0
p109,2027,IRA_low,2013,49975574.0
p109,2028,IRA_low,2007,50639415.0
p109,2028,IRA_low,2008,50665515.0
p109,2028,IRA_low,2009,50648689.0
p109,2028,IRA_low,2010,50689145.0
p109,2028,IRA_low,2011,50630542.0
p109,2028,IRA_low,2012,50589892.0
p109,2028,IRA_low,2013,50657026.0
p109,2029,IRA_low,2007,51314880.0
p109,2029,IRA_low,2008,51348691.0
p109,2029,IRA_low,2009,51327964.0
p109,2029,IRA_low,2010,51377940.0
p109,2029,IRA_low,2011,51304482.0
p109,2029,IRA_low,2012,51252672.0
p109,2029,IRA_low,2013,51338286.0
p109,2030,IRA_low,2007,51990433.0
p109,2030,IRA_low,2008,52031844.0
p109,2030,IRA_low,2009,52007119.0
p109,2030,IRA_low,2010,52066580.0
p109,2030,IRA_low,2011,51978437.0
p109,2030,IRA_low,2012,51915559.0
p109,2030,IRA_low,2013,52019641.0
p109,2031,IRA_low,2007,52879635.0
p109,2031,IRA_low,2008,52928415.0
p109,2031,IRA_low,2009,52899415.0
p109,2031,IRA_low,2010,52969519.0
p109,2031,IRA_low,2011,52866248.0
p109,2031,IRA_low,2012,52791566.0
p109,2031,IRA_low,2013,52915481.0
p109,2032,IRA_low,2007,53768882.0
p109,2032,IRA_low,2008,53824883.0
p109,2032,IRA_low,2009,53791837.0
p109,2032,IRA_low,2010,53872502.0
p109,2032,IRA_low,2011,53754201.0
p109,2032,IRA_low,2012,53667484.0
p109,2032,IRA_low,2013,53811242.0
p109,2033,IRA_low,2007,54658088.0
p109,2033,IRA_low,2008,54721525.0
p109,2033,IRA_low,2009,54684070.0
p109,2033,IRA_low,2010,54775441.0
p109,2033,IRA_low,2011,54641985.0
p109,2033,IRA_low,2012,54543450.0
p109,2033,IRA_low,2013,54707111.0
p109,2034,IRA_low,2007,55547384.0
p109,2034,IRA_low,2008,55617967.0
p109,2034,IRA_low,2009,55576412.0
p109,2034,IRA_low,2010,55678415.0
p109,2034,IRA_low,2011,55529819.0
p109,2034,IRA_low,2012,55419407.0
p109,2034,IRA_low,2013,55602932.0
p109,2035,IRA_low,2007,56436676.0
p109,2035,IRA_low,2008,56514486.0
p109,2035,IRA_low,2009,56468773.0
p109,2035,IRA_low,2010,56581403.0
p109,2035,IRA_low,2011,56417663.0
p109,2035,IRA_low,2012,56295419.0
p109,2035,IRA_low,2013,56498723.0
p109,2036,IRA_low,2007,57369007.0
p109,2036,IRA_low,2008,57452191.0
p109,2036,IRA_low,2009,57403012.0
p109,2036,IRA_low,2010,57524138.0
p109,2036,IRA_low,2011,57348672.0
p109,2036,IRA_low,2012,57217166.0
p109,2036,IRA_low,2013,57435695.0
p109,2037,IRA_low,2007,58301473.0
p109,2037,IRA_low,2008,58389853.0
p109,2037,IRA_low,2009,58337255.0
p109,2037,IRA_low,2010,58466757.0
p109,2037,IRA_low,2011,58279648.0
p109,2037,IRA_low,2012,58138937.0
p109,2037,IRA_low,2013,58372720.0
p109,2038,IRA_low,2007,59233845.0
p109,2038,IRA_low,2008,59327522.0
p109,2038,IRA_low,2009,59271527.0
p109,2038,IRA_low,2010,59409494.0
p109,2038,IRA_low,2011,59210764.0
p109,2038,IRA_low,2012,59060601.0
p109,2038,IRA_low,2013,59309722.0
p109,2039,IRA_low,2007,60166272.0
p109,2039,IRA_low,2008,60265196.0
p109,2039,IRA_low,2009,60205758.0
p109,2039,IRA_low,2010,60352166.0
p109,2039,IRA_low,2011,60141743.0
p109,2039,IRA_low,2012,59982387.0
p109,2039,IRA_low,2013,60246693.0
p109,2040,IRA_low,2007,61098646.0
p109,2040,IRA_low,2008,61202978.0
p109,2040,IRA_low,2009,61139907.0
p109,2040,IRA_low,2010,61294978.0
p109,2040,IRA_low,2011,61072727.0
p109,2040,IRA_low,2012,60904140.0
p109,2040,IRA_low,2013,61183664.0
p109,2041,IRA_low,2007,61944777.0
p109,2041,IRA_low,2008,62050670.0
p109,2041,IRA_low,2009,61985515.0
p109,2041,IRA_low,2010,62145881.0
p109,2041,IRA_low,2011,61917156.0
p109,2041,IRA_low,2012,61744054.0
p109,2041,IRA_low,2013,62031087.0
p109,2042,IRA_low,2007,62790795.0
p109,2042,IRA_low,2008,62898480.0
p109,2042,IRA_low,2009,62831152.0
p109,2042,IRA_low,2010,62996947.0
p109,2042,IRA_low,2011,62761622.0
p109,2042,IRA_low,2012,62584032.0
p109,2042,IRA_low,2013,62878580.0
p109,2043,IRA_low,2007,63636851.0
p109,2043,IRA_low,2008,63746227.0
p109,2043,IRA_low,2009,63676680.0
p109,2043,IRA_low,2010,63847943.0
p109,2043,IRA_low,2011,63606205.0
p109,2043,IRA_low,2012,63423915.0
p109,2043,IRA_low,2013,63726008.0
p109,2044,IRA_low,2007,64482891.0
p109,2044,IRA_low,2008,64593978.0
p109,2044,IRA_low,2009,64522243.0
p109,2044,IRA_low,2010,64698958.0
p109,2044,IRA_low,2011,64450681.0
p109,2044,IRA_low,2012,64263772.0
p109,2044,IRA_low,2013,64573359.0
p109,2045,IRA_low,2007,65328949.0
p109,2045,IRA_low,2008,65441721.0
p109,2045,IRA_low,2009,65367776.0
p109,2045,IRA_low,2010,65549988.0
p109,2045,IRA_low,2011,65295092.0
p109,2045,IRA_low,2012,65103661.0
p109,2045,IRA_low,2013,65420794.0
p109,2046,IRA_low,2007,66039245.0
p109,2046,IRA_low,2008,66150805.0
p109,2046,IRA_low,2009,66075156.0
p109,2046,IRA_low,2010,66262256.0
p109,2046,IRA_low,2011,66003055.0
p109,2046,IRA_low,2012,65810086.0
p109,2046,IRA_low,2013,66129233.0
p109,2047,IRA_low,2007,66749393.0
p109,2047,IRA_low,2008,66859870.0
p109,2047,IRA_low,2009,66782504.0
p109,2047,IRA_low,2010,66974480.0
p109,2047,IRA_low,2011,66711055.0
p109,2047,IRA_low,2012,66516517.0
p109,2047,IRA_low,2013,66837930.0
p109,2048,IRA_low,2007,67459700.0
p109,2048,IRA_low,2008,67568989.0
p109,2048,IRA_low,2009,67489812.0
p109,2048,IRA_low,2010,67686782.0
p109,2048,IRA_low,2011,67419054.0
p109,2048,IRA_low,2012,67222881.0
p109,2048,IRA_low,2013,67546342.0
p109,2049,IRA_low,2007,68169927.0
p109,2049,IRA_low,2008,68278093.0
p109,2049,IRA_low,2009,68197095.0
p109,2049,IRA_low,2010,68399032.0
p109,2049,IRA_low,2011,68127014.0
p109,2049,IRA_low,2012,67929246.0
p109,2049,IRA_low,2013,68254908.0
p109,2050,IRA_low,2007,68880116.0
p109,2050,IRA_low,2008,68987171.0
p109,2050,IRA_low,2009,68904456.0
p109,2050,IRA_low,2010,69111328.0
p109,2050,IRA_low,2011,68834982.0
p109,2050,IRA_low,2012,68635575.0
p109,2050,IRA_low,2013,68963446.0
p11,2020,IRA_low,2007,24440903.93
p11,2020,IRA_low,2008,24441009.58
p11,2020,IRA_low,2009,24441080.02
p11,2020,IRA_low,2010,24442002.92
p11,2020,IRA_low,2011,24439789.41
p11,2020,IRA_low,2012,24441470.51
p11,2020,IRA_low,2013,24439757.3
p11,2021,IRA_low,2007,18680884.0
p11,2021,IRA_low,2008,18680870.0
p11,2021,IRA_low,2009,18680855.0
p11,2021,IRA_low,2010,18680877.0
p11,2021,IRA_low,2011,18680909.0
p11,2021,IRA_low,2012,18680840.0
p11,2021,IRA_low,2013,18680839.0
p11,2022,IRA_low,2007,19237311.0
p11,2022,IRA_low,2008,19237393.0
p11,2022,IRA_low,2009,19237395.0
p11,2022,IRA_low,2010,19237357.0
p11,2022,IRA_low,2011,19237373.0
p11,2022,IRA_low,2012,19237387.0
p11,2022,IRA_low,2013,19237365.0
p11,2023,IRA_low,2007,18609797.0
p11,2023,IRA_low,2008,18609826.0
p11,2023,IRA_low,2009,18609788.0
p11,2023,IRA_low,2010,18609825.0
p11,2023,IRA_low,2011,18609790.0
p11,2023,IRA_low,2012,18609825.0
p11,2023,IRA_low,2013,18609784.0
p11,2024,IRA_low,2007,19098564.0
p11,2024,IRA_low,2008,19098526.0
p11,2024,IRA_low,2009,19098604.0
p11,2024,IRA_low,2010,19098541.0
p11,2024,IRA_low,2011,19098534.0
p11,2024,IRA_low,2012,19098585.0
p11,2024,IRA_low,2013,19098550.0
p11,2025,IRA_low,2007,19535309.0
p11,2025,IRA_low,2008,19537778.0
p11,2025,IRA_low,2009,19536012.0
p11,2025,IRA_low,2010,19533388.0
p11,2025,IRA_low,2011,19537901.0
p11,2025,IRA_low,2012,19534402.0
p11,2025,IRA_low,2013,19536323.0
p11,2026,IRA_low,2007,20300069.0
p11,2026,IRA_low,2008,20304278.0
p11,2026,IRA_low,2009,20300979.0
p11,2026,IRA_low,2010,20296014.0
p11,2026,IRA_low,2011,20309296.0
p11,2026,IRA_low,2012,20296073.0
p11,2026,IRA_low,2013,20301789.0
p11,2027,IRA_low,2007,21064928.0
p11,2027,IRA_low,2008,21070746.0
p11,2027,IRA_low,2009,21066042.0
p11,2027,IRA_low,2010,21058763.0
p11,2027,IRA_low,2011,21080507.0
p11,2027,IRA_low,2012,21057717.0
p11,2027,IRA_low,2013,21067239.0
p11,2028,IRA_low,2007,21829767.0
p11,2028,IRA_low,2008,21837112.0
p11,2028,IRA_low,2009,21831055.0
p11,2028,IRA_low,2010,21821556.0
p11,2028,IRA_low,2011,21851912.0
p11,2028,IRA_low,2012,21819365.0
p11,2028,IRA_low,2013,21832762.0
p11,2029,IRA_low,2007,22594576.0
p11,2029,IRA_low,2008,22603549.0
p11,2029,IRA_low,2009,22596098.0
p11,2029,IRA_low,2010,22584188.0
p11,2029,IRA_low,2011,22623207.0
p11,2029,IRA_low,2012,22581070.0
p11,2029,IRA_low,2013,22598275.0
p11,2030,IRA_low,2007,23359357.0
p11,2030,IRA_low,2008,23370003.0
p11,2030,IRA_low,2009,23361016.0
p11,2030,IRA_low,2010,23347017.0
p11,2030,IRA_low,2011,23394440.0
p11,2030,IRA_low,2012,23342752.0
p11,2030,IRA_low,2013,23363821.0
p11,2031,IRA_low,2007,24293932.0
p11,2031,IRA_low,2008,24305923.0
p11,2031,IRA_low,2009,24295555.0
p11,2031,IRA_low,2010,24279156.0
p11,2031,IRA_low,2011,24334827.0
p11,2031,IRA_low,2012,24274159.0
p11,2031,IRA_low,2013,24298701.0
p11,2032,IRA_low,2007,25228570.0
p11,2032,IRA_low,2008,25241896.0
p11,2032,IRA_low,2009,25230180.0
p11,2032,IRA_low,2010,25211364.0
p11,2032,IRA_low,2011,25274942.0
p11,2032,IRA_low,2012,25205569.0
p11,2032,IRA_low,2013,25233527.0
p11,2033,IRA_low,2007,26163009.0
p11,2033,IRA_low,2008,26177869.0
p11,2033,IRA_low,2009,26164739.0
p11,2033,IRA_low,2010,26143664.0
p11,2033,IRA_low,2011,26215331.0
p11,2033,IRA_low,2012,26136923.0
p11,2033,IRA_low,2013,26168355.0
p11,2034,IRA_low,2007,27097725.0
p11,2034,IRA_low,2008,27113850.0
p11,2034,IRA_low,2009,27099394.0
p11,2034,IRA_low,2010,27075919.0
p11,2034,IRA_low,2011,27155753.0
p11,2034,IRA_low,2012,27068404.0
p11,2034,IRA_low,2013,27103284.0
p11,2035,IRA_low,2007,28032237.0
p11,2035,IRA_low,2008,28049757.0
p11,2035,IRA_low,2009,28033954.0
p11,2035,IRA_low,2010,28008128.0
p11,2035,IRA_low,2011,28095949.0
p11,2035,IRA_low,2012,27999842.0
p11,2035,IRA_low,2013,28038095.0
p11,2036,IRA_low,2007,28910538.0
p11,2036,IRA_low,2008,28929228.0
p11,2036,IRA_low,2009,28912324.0
p11,2036,IRA_low,2010,28885215.0
p11,2036,IRA_low,2011,28978506.0
p11,2036,IRA_low,2012,28875427.0
p11,2036,IRA_low,2013,28916322.0
p11,2037,IRA_low,2007,29788760.0
p11,2037,IRA_low,2008,29808661.0
p11,2037,IRA_low,2009,29790597.0
p11,2037,IRA_low,2010,29762156.0
p11,2037,IRA_low,2011,29861221.0
p11,2037,IRA_low,2012,29751024.0
p11,2037,IRA_low,2013,29794495.0
p11,2038,IRA_low,2007,30667171.0
p11,2038,IRA_low,2008,30688079.0
p11,2038,IRA_low,2009,30668986.0
p11,2038,IRA_low,2010,30639187.0
p11,2038,IRA_low,2011,30743803.0
p11,2038,IRA_low,2012,30626730.0
p11,2038,IRA_low,2013,30672686.0
p11,2039,IRA_low,2007,31545533.0
p11,2039,IRA_low,2008,31567478.0
p11,2039,IRA_low,2009,31547276.0
p11,2039,IRA_low,2010,31516181.0
p11,2039,IRA_low,2011,31626423.0
p11,2039,IRA_low,2012,31502299.0
p11,2039,IRA_low,2013,31550968.0
p11,2040,IRA_low,2007,32423736.0
p11,2040,IRA_low,2008,32446910.0
p11,2040,IRA_low,2009,32425559.0
p11,2040,IRA_low,2010,32393218.0
p11,2040,IRA_low,2011,32508962.0
p11,2040,IRA_low,2012,32377839.0
p11,2040,IRA_low,2013,32429193.0
p11,2041,IRA_low,2007,33125840.0
p11,2041,IRA_low,2008,33149878.0
p11,2041,IRA_low,2009,33127958.0
p11,2041,IRA_low,2010,33094731.0
p11,2041,IRA_low,2011,33212990.0
p11,2041,IRA_low,2012,33078687.0
p11,2041,IRA_low,2013,33131112.0
p11,2042,IRA_low,2007,33828022.0
p11,2042,IRA_low,2008,33852979.0
p11,2042,IRA_low,2009,33830203.0
p11,2042,IRA_low,2010,33796227.0
p11,2042,IRA_low,2011,33916910.0
p11,2042,IRA_low,2012,33779423.0
p11,2042,IRA_low,2013,33833133.0
p11,2043,IRA_low,2007,34530126.0
p11,2043,IRA_low,2008,34555970.0
p11,2043,IRA_low,2009,34532536.0
p11,2043,IRA_low,2010,34497701.0
p11,2043,IRA_low,2011,34620909.0
p11,2043,IRA_low,2012,34480214.0
p11,2043,IRA_low,2013,34535203.0
p11,2044,IRA_low,2007,35232137.0
p11,2044,IRA_low,2008,35258975.0
p11,2044,IRA_low,2009,35234939.0
p11,2044,IRA_low,2010,35199252.0
p11,2044,IRA_low,2011,35324851.0
p11,2044,IRA_low,2012,35180966.0
p11,2044,IRA_low,2013,35237249.0
p11,2045,IRA_low,2007,35934278.0
p11,2045,IRA_low,2008,35962000.0
p11,2045,IRA_low,2009,35937117.0
p11,2045,IRA_low,2010,35900664.0
p11,2045,IRA_low,2011,36028761.0
p11,2045,IRA_low,2012,35881800.0
p11,2045,IRA_low,2013,35939248.0
p11,2046,IRA_low,2007,36433789.0
p11,2046,IRA_low,2008,36462399.0
p11,2046,IRA_low,2009,36436895.0
p11,2046,IRA_low,2010,36399299.0
p11,2046,IRA_low,2011,36527901.0
p11,2046,IRA_low,2012,36381175.0
p11,2046,IRA_low,2013,36438893.0
p11,2047,IRA_low,2007,36933209.0
p11,2047,IRA_low,2008,36962764.0
p11,2047,IRA_low,2009,36936599.0
p11,2047,IRA_low,2010,36897955.0
p11,2047,IRA_low,2011,37027093.0
p11,2047,IRA_low,2012,36880386.0
p11,2047,IRA_low,2013,36938645.0
p11,2048,IRA_low,2007,37432447.0
p11,2048,IRA_low,2008,37463100.0
p11,2048,IRA_low,2009,37436361.0
p11,2048,IRA_low,2010,37396509.0
p11,2048,IRA_low,2011,37526189.0
p11,2048,IRA_low,2012,37379752.0
p11,2048,IRA_low,2013,37438369.0
p11,2049,IRA_low,2007,37931906.0
p11,2049,IRA_low,2008,37963501.0
p11,2049,IRA_low,2009,37936136.0
p11,2049,IRA_low,2010,37895105.0
p11,2049,IRA_low,2011,38025364.0
p11,2049,IRA_low,2012,37879091.0
p11,2049,IRA_low,2013,37938019.0
p11,2050,IRA_low,2007,38431236.0
p11,2050,IRA_low,2008,38463829.0
p11,2050,IRA_low,2009,38435900.0
p11,2050,IRA_low,2010,38393744.0
p11,2050,IRA_low,2011,38524495.0
p11,2050,IRA_low,2012,38378381.0
p11,2050,IRA_low,2013,38437850.0
p110,2020,IRA_low,2007,3408942.97
p110,2020,IRA_low,2008,3408974.45
p110,2020,IRA_low,2009,3408748.69
p110,2020,IRA_low,2010,3408866.94
p110,2020,IRA_low,2011,3408873.85
p110,2020,IRA_low,2012,3408893.05
p110,2020,IRA_low,2013,3408780.17
p110,2021,IRA_low,2007,5390465.0
p110,2021,IRA_low,2008,5390618.0
p110,2021,IRA_low,2009,5390540.0
p110,2021,IRA_low,2010,5390595.0
p110,2021,IRA_low,2011,5390610.0
p110,2021,IRA_low,2012,5390463.0
p110,2021,IRA_low,2013,5390578.0
p110,2022,IRA_low,2007,5451825.0
p110,2022,IRA_low,2008,5451917.0
p110,2022,IRA_low,2009,5451886.0
p110,2022,IRA_low,2010,5451799.0
p110,2022,IRA_low,2011,5451899.0
p110,2022,IRA_low,2012,5451835.0
p110,2022,IRA_low,2013,5451825.0
p110,2023,IRA_low,2007,5155736.0
p110,2023,IRA_low,2008,5155524.0
p110,2023,IRA_low,2009,5155635.0
p110,2023,IRA_low,2010,5155629.0
p110,2023,IRA_low,2011,5155698.0
p110,2023,IRA_low,2012,5155640.0
p110,2023,IRA_low,2013,5155650.0
p110,2024,IRA_low,2007,5361356.0
p110,2024,IRA_low,2008,5361353.0
p110,2024,IRA_low,2009,5361381.0
p110,2024,IRA_low,2010,5361397.0
p110,2024,IRA_low,2011,5361383.0
p110,2024,IRA_low,2012,5361341.0
p110,2024,IRA_low,2013,5361421.0
p110,2025,IRA_low,2007,5396287.0
p110,2025,IRA_low,2008,5396514.0
p110,2025,IRA_low,2009,5396231.0
p110,2025,IRA_low,2010,5397105.0
p110,2025,IRA_low,2011,5396038.0
p110,2025,IRA_low,2012,5395450.0
p110,2025,IRA_low,2013,5396370.0
p110,2026,IRA_low,2007,5447483.0
p110,2026,IRA_low,2008,5448306.0
p110,2026,IRA_low,2009,5447806.0
p110,2026,IRA_low,2010,5449498.0
p110,2026,IRA_low,2011,5446994.0
p110,2026,IRA_low,2012,5445722.0
p110,2026,IRA_low,2013,5447985.0
p110,2027,IRA_low,2007,5498593.0
p110,2027,IRA_low,2008,5499977.0
p110,2027,IRA_low,2009,5499095.0
p110,2027,IRA_low,2010,5501457.0
p110,2027,IRA_low,2011,5498033.0
p110,2027,IRA_low,2012,5495881.0
p110,2027,IRA_low,2013,5499498.0
p110,2028,IRA_low,2007,5549721.0
p110,2028,IRA_low,2008,5551705.0
p110,2028,IRA_low,2009,5550625.0
p110,2028,IRA_low,2010,5553632.0
p110,2028,IRA_low,2011,5549035.0
p110,2028,IRA_low,2012,5546030.0
p110,2028,IRA_low,2013,5551152.0
p110,2029,IRA_low,2007,5600615.0
p110,2029,IRA_low,2008,5603501.0
p110,2029,IRA_low,2009,5601967.0
p110,2029,IRA_low,2010,5605674.0
p110,2029,IRA_low,2011,5600546.0
p110,2029,IRA_low,2012,5596250.0
p110,2029,IRA_low,2013,5602702.0
p110,2030,IRA_low,2007,5652119.0
p110,2030,IRA_low,2008,5655251.0
p110,2030,IRA_low,2009,5653383.0
p110,2030,IRA_low,2010,5657915.0
p110,2030,IRA_low,2011,5651129.0
p110,2030,IRA_low,2012,5646395.0
p110,2030,IRA_low,2013,5654358.0
p110,2031,IRA_low,2007,5719375.0
p110,2031,IRA_low,2008,5723107.0
p110,2031,IRA_low,2009,5720986.0
p110,2031,IRA_low,2010,5726243.0
p110,2031,IRA_low,2011,5718394.0
p110,2031,IRA_low,2012,5712702.0
p110,2031,IRA_low,2013,5722162.0
p110,2032,IRA_low,2007,5786671.0
p110,2032,IRA_low,2008,5791001.0
p110,2032,IRA_low,2009,5788498.0
p110,2032,IRA_low,2010,5794633.0
p110,2032,IRA_low,2011,5785705.0
p110,2032,IRA_low,2012,5779035.0
p110,2032,IRA_low,2013,5789948.0
p110,2033,IRA_low,2007,5854034.0
p110,2033,IRA_low,2008,5858836.0
p110,2033,IRA_low,2009,5855995.0
p110,2033,IRA_low,2010,5862911.0
p110,2033,IRA_low,2011,5852781.0
p110,2033,IRA_low,2012,5845438.0
p110,2033,IRA_low,2013,5857850.0
p110,2034,IRA_low,2007,5921452.0
p110,2034,IRA_low,2008,5926710.0
p110,2034,IRA_low,2009,5923631.0
p110,2034,IRA_low,2010,5931301.0
p110,2034,IRA_low,2011,5920046.0
p110,2034,IRA_low,2012,5911631.0
p110,2034,IRA_low,2013,5925622.0
p110,2035,IRA_low,2007,5988650.0
p110,2035,IRA_low,2008,5994624.0
p110,2035,IRA_low,2009,5991125.0
p110,2035,IRA_low,2010,5999701.0
p110,2035,IRA_low,2011,5987252.0
p110,2035,IRA_low,2012,5977986.0
p110,2035,IRA_low,2013,5993388.0
p110,2036,IRA_low,2007,6059320.0
p110,2036,IRA_low,2008,6065605.0
p110,2036,IRA_low,2009,6061914.0
p110,2036,IRA_low,2010,6071123.0
p110,2036,IRA_low,2011,6057846.0
p110,2036,IRA_low,2012,6047849.0
p110,2036,IRA_low,2013,6064409.0
p110,2037,IRA_low,2007,6129939.0
p110,2037,IRA_low,2008,6136615.0
p110,2037,IRA_low,2009,6132648.0
p110,2037,IRA_low,2010,6142437.0
p110,2037,IRA_low,2011,6128237.0
p110,2037,IRA_low,2012,6117491.0
p110,2037,IRA_low,2013,6135412.0
p110,2038,IRA_low,2007,6200576.0
p110,2038,IRA_low,2008,6207585.0
p110,2038,IRA_low,2009,6203422.0
p110,2038,IRA_low,2010,6213837.0
p110,2038,IRA_low,2011,6198797.0
p110,2038,IRA_low,2012,6187386.0
p110,2038,IRA_low,2013,6206281.0
p110,2039,IRA_low,2007,6271022.0
p110,2039,IRA_low,2008,6278632.0
p110,2039,IRA_low,2009,6274101.0
p110,2039,IRA_low,2010,6285271.0
p110,2039,IRA_low,2011,6269326.0
p110,2039,IRA_low,2012,6257190.0
p110,2039,IRA_low,2013,6277203.0
p110,2040,IRA_low,2007,6341681.0
p110,2040,IRA_low,2008,6349558.0
p110,2040,IRA_low,2009,6344841.0
p110,2040,IRA_low,2010,6356512.0
p110,2040,IRA_low,2011,6339756.0
p110,2040,IRA_low,2012,6326991.0
p110,2040,IRA_low,2013,6348208.0
p110,2041,IRA_low,2007,6405758.0
p110,2041,IRA_low,2008,6413720.0
p110,2041,IRA_low,2009,6408887.0
p110,2041,IRA_low,2010,6421008.0
p110,2041,IRA_low,2011,6403619.0
p110,2041,IRA_low,2012,6390681.0
p110,2041,IRA_low,2013,6412333.0
p110,2042,IRA_low,2007,6469827.0
p110,2042,IRA_low,2008,6478045.0
p110,2042,IRA_low,2009,6472772.0
p110,2042,IRA_low,2010,6485491.0
p110,2042,IRA_low,2011,6467568.0
p110,2042,IRA_low,2012,6454240.0
p110,2042,IRA_low,2013,6476478.0
p110,2043,IRA_low,2007,6533979.0
p110,2043,IRA_low,2008,6542116.0
p110,2043,IRA_low,2009,6536885.0
p110,2043,IRA_low,2010,6549917.0
p110,2043,IRA_low,2011,6531556.0
p110,2043,IRA_low,2012,6517813.0
p110,2043,IRA_low,2013,6540637.0
p110,2044,IRA_low,2007,6597900.0
p110,2044,IRA_low,2008,6606403.0
p110,2044,IRA_low,2009,6601026.0
p110,2044,IRA_low,2010,6614345.0
p110,2044,IRA_low,2011,6595514.0
p110,2044,IRA_low,2012,6581366.0
p110,2044,IRA_low,2013,6604879.0
p110,2045,IRA_low,2007,6661928.0
p110,2045,IRA_low,2008,6670594.0
p110,2045,IRA_low,2009,6664975.0
p110,2045,IRA_low,2010,6678742.0
p110,2045,IRA_low,2011,6659532.0
p110,2045,IRA_low,2012,6644931.0
p110,2045,IRA_low,2013,6668955.0
p110,2046,IRA_low,2007,6714848.0
p110,2046,IRA_low,2008,6724319.0
p110,2046,IRA_low,2009,6717807.0
p110,2046,IRA_low,2010,6732809.0
p110,2046,IRA_low,2011,6713953.0
p110,2046,IRA_low,2012,6698475.0
p110,2046,IRA_low,2013,6723100.0
p110,2047,IRA_low,2007,6769635.0
p110,2047,IRA_low,2008,6777938.0
p110,2047,IRA_low,2009,6771998.0
p110,2047,IRA_low,2010,6786590.0
p110,2047,IRA_low,2011,6766625.0
p110,2047,IRA_low,2012,6752147.0
p110,2047,IRA_low,2013,6776286.0
p110,2048,IRA_low,2007,6823350.0
p110,2048,IRA_low,2008,6831594.0
p110,2048,IRA_low,2009,6825621.0
p110,2048,IRA_low,2010,6840590.0
p110,2048,IRA_low,2011,6820215.0
p110,2048,IRA_low,2012,6805370.0
p110,2048,IRA_low,2013,6829859.0
p110,2049,IRA_low,2007,6877140.0
p110,2049,IRA_low,2008,6885343.0
p110,2049,IRA_low,2009,6879235.0
p110,2049,IRA_low,2010,6894502.0
p110,2049,IRA_low,2011,6873933.0
p110,2049,IRA_low,2012,6858947.0
p110,2049,IRA_low,2013,6883661.0
p110,2050,IRA_low,2007,6930796.0
p110,2050,IRA_low,2008,6939023.0
p110,2050,IRA_low,2009,6932797.0
p110,2050,IRA_low,2010,6948304.0
p110,2050,IRA_low,2011,6927420.0
p110,2050,IRA_low,2012,6912357.0
p110,2050,IRA_low,2013,6937165.0
p111,2020,IRA_low,2007,52528519.94
p111,2020,IRA_low,2008,52528849.87
p111,2020,IRA_low,2009,52526494.95
p111,2020,IRA_low,2010,52527110.32
p111,2020,IRA_low,2011,52528031.53
p111,2020,IRA_low,2012,52527955.54
p111,2020,IRA_low,2013,52526511.63
p111,2021,IRA_low,2007,48933716.0
p111,2021,IRA_low,2008,48933758.0
p111,2021,IRA_low,2009,48933781.0
p111,2021,IRA_low,2010,48933770.0
p111,2021,IRA_low,2011,48933742.0
p111,2021,IRA_low,2012,48933776.0
p111,2021,IRA_low,2013,48933771.0
p111,2022,IRA_low,2007,49542003.0
p111,2022,IRA_low,2008,49542021.0
p111,2022,IRA_low,2009,49541998.0
p111,2022,IRA_low,2010,49542034.0
p111,2022,IRA_low,2011,49541988.0
p111,2022,IRA_low,2012,49542002.0
p111,2022,IRA_low,2013,49542005.0
p111,2023,IRA_low,2007,48597602.0
p111,2023,IRA_low,2008,48597684.0
p111,2023,IRA_low,2009,48597638.0
p111,2023,IRA_low,2010,48597596.0
p111,2023,IRA_low,2011,48597643.0
p111,2023,IRA_low,2012,48597647.0
p111,2023,IRA_low,2013,48597617.0
p111,2024,IRA_low,2007,51009307.0
p111,2024,IRA_low,2008,51009284.0
p111,2024,IRA_low,2009,51009240.0
p111,2024,IRA_low,2010,51009280.0
p111,2024,IRA_low,2011,51009266.0
p111,2024,IRA_low,2012,51009250.0
p111,2024,IRA_low,2013,51009319.0
p111,2025,IRA_low,2007,51603336.0
p111,2025,IRA_low,2008,51603639.0
p111,2025,IRA_low,2009,51597117.0
p111,2025,IRA_low,2010,51603674.0
p111,2025,IRA_low,2011,51594390.0
p111,2025,IRA_low,2012,51580216.0
p111,2025,IRA_low,2013,51600525.0
p111,2026,IRA_low,2007,52738964.0
p111,2026,IRA_low,2008,52746680.0
p111,2026,IRA_low,2009,52731352.0
p111,2026,IRA_low,2010,52737452.0
p111,2026,IRA_low,2011,52713974.0
p111,2026,IRA_low,2012,52662419.0
p111,2026,IRA_low,2013,52738011.0
p111,2027,IRA_low,2007,53874404.0
p111,2027,IRA_low,2008,53889888.0
p111,2027,IRA_low,2009,53865539.0
p111,2027,IRA_low,2010,53871288.0
p111,2027,IRA_low,2011,53833536.0
p111,2027,IRA_low,2012,53744527.0
p111,2027,IRA_low,2013,53875590.0
p111,2028,IRA_low,2007,55009934.0
p111,2028,IRA_low,2008,55032965.0
p111,2028,IRA_low,2009,54999776.0
p111,2028,IRA_low,2010,55004988.0
p111,2028,IRA_low,2011,54953039.0
p111,2028,IRA_low,2012,54826745.0
p111,2028,IRA_low,2013,55013050.0
p111,2029,IRA_low,2007,56145445.0
p111,2029,IRA_low,2008,56176089.0
p111,2029,IRA_low,2009,56133996.0
p111,2029,IRA_low,2010,56138796.0
p111,2029,IRA_low,2011,56072503.0
p111,2029,IRA_low,2012,55908883.0
p111,2029,IRA_low,2013,56150695.0
p111,2030,IRA_low,2007,57281024.0
p111,2030,IRA_low,2008,57319169.0
p111,2030,IRA_low,2009,57268214.0
p111,2030,IRA_low,2010,57272432.0
p111,2030,IRA_low,2011,57192054.0
p111,2030,IRA_low,2012,56991066.0
p111,2030,IRA_low,2013,57288122.0
p111,2031,IRA_low,2007,58551161.0
p111,2031,IRA_low,2008,58597295.0
p111,2031,IRA_low,2009,58536444.0
p111,2031,IRA_low,2010,58542084.0
p111,2031,IRA_low,2011,58446758.0
p111,2031,IRA_low,2012,58207292.0
p111,2031,IRA_low,2013,58561277.0
p111,2032,IRA_low,2007,59821260.0
p111,2032,IRA_low,2008,59875407.0
p111,2032,IRA_low,2009,59804579.0
p111,2032,IRA_low,2010,59811530.0
p111,2032,IRA_low,2011,59701353.0
p111,2032,IRA_low,2012,59423488.0
p111,2032,IRA_low,2013,59834357.0
p111,2033,IRA_low,2007,61091469.0
p111,2033,IRA_low,2008,61153422.0
p111,2033,IRA_low,2009,61072774.0
p111,2033,IRA_low,2010,61081137.0
p111,2033,IRA_low,2011,60956022.0
p111,2033,IRA_low,2012,60639740.0
p111,2033,IRA_low,2013,61107575.0
p111,2034,IRA_low,2007,62361590.0
p111,2034,IRA_low,2008,62431535.0
p111,2034,IRA_low,2009,62340953.0
p111,2034,IRA_low,2010,62350660.0
p111,2034,IRA_low,2011,62210707.0
p111,2034,IRA_low,2012,61856031.0
p111,2034,IRA_low,2013,62380677.0
p111,2035,IRA_low,2007,63631701.0
p111,2035,IRA_low,2008,63709676.0
p111,2035,IRA_low,2009,63609194.0
p111,2035,IRA_low,2010,63620261.0
p111,2035,IRA_low,2011,63465333.0
p111,2035,IRA_low,2012,63072298.0
p111,2035,IRA_low,2013,63653780.0
p111,2036,IRA_low,2007,64788196.0
p111,2036,IRA_low,2008,64872802.0
p111,2036,IRA_low,2009,64764323.0
p111,2036,IRA_low,2010,64776810.0
p111,2036,IRA_low,2011,64610091.0
p111,2036,IRA_low,2012,64187035.0
p111,2036,IRA_low,2013,64813216.0
p111,2037,IRA_low,2007,65944811.0
p111,2037,IRA_low,2008,66035830.0
p111,2037,IRA_low,2009,65919495.0
p111,2037,IRA_low,2010,65933398.0
p111,2037,IRA_low,2011,65754814.0
p111,2037,IRA_low,2012,65301847.0
p111,2037,IRA_low,2013,65972615.0
p111,2038,IRA_low,2007,67101315.0
p111,2038,IRA_low,2008,67198948.0
p111,2038,IRA_low,2009,67074575.0
p111,2038,IRA_low,2010,67089848.0
p111,2038,IRA_low,2011,66899595.0
p111,2038,IRA_low,2012,66416671.0
p111,2038,IRA_low,2013,67131962.0
p111,2039,IRA_low,2007,68257830.0
p111,2039,IRA_low,2008,68362065.0
p111,2039,IRA_low,2009,68229813.0
p111,2039,IRA_low,2010,68246479.0
p111,2039,IRA_low,2011,68044311.0
p111,2039,IRA_low,2012,67531416.0
p111,2039,IRA_low,2013,68291351.0
p111,2040,IRA_low,2007,69414406.0
p111,2040,IRA_low,2008,69525079.0
p111,2040,IRA_low,2009,69384960.0
p111,2040,IRA_low,2010,69402981.0
p111,2040,IRA_low,2011,69189086.0
p111,2040,IRA_low,2012,68646252.0
p111,2040,IRA_low,2013,69450851.0
p111,2041,IRA_low,2007,70362270.0
p111,2041,IRA_low,2008,70476921.0
p111,2041,IRA_low,2009,70332173.0
p111,2041,IRA_low,2010,70352001.0
p111,2041,IRA_low,2011,70131503.0
p111,2041,IRA_low,2012,69573868.0
p111,2041,IRA_low,2013,70401106.0
p111,2042,IRA_low,2007,71310243.0
p111,2042,IRA_low,2008,71428746.0
p111,2042,IRA_low,2009,71279494.0
p111,2042,IRA_low,2010,71301005.0
p111,2042,IRA_low,2011,71073982.0
p111,2042,IRA_low,2012,70501400.0
p111,2042,IRA_low,2013,71351162.0
p111,2043,IRA_low,2007,72258221.0
p111,2043,IRA_low,2008,72380443.0
p111,2043,IRA_low,2009,72226767.0
p111,2043,IRA_low,2010,72249994.0
p111,2043,IRA_low,2011,72016441.0
p111,2043,IRA_low,2012,71428898.0
p111,2043,IRA_low,2013,72301387.0
p111,2044,IRA_low,2007,73206069.0
p111,2044,IRA_low,2008,73332188.0
p111,2044,IRA_low,2009,73174047.0
p111,2044,IRA_low,2010,73198947.0
p111,2044,IRA_low,2011,72958843.0
p111,2044,IRA_low,2012,72356334.0
p111,2044,IRA_low,2013,73251583.0
p111,2045,IRA_low,2007,74154035.0
p111,2045,IRA_low,2008,74283978.0
p111,2045,IRA_low,2009,74121390.0
p111,2045,IRA_low,2010,74147904.0
p111,2045,IRA_low,2011,73901409.0
p111,2045,IRA_low,2012,73283839.0
p111,2045,IRA_low,2013,74201933.0
p111,2046,IRA_low,2007,74892713.0
p111,2046,IRA_low,2008,75023002.0
p111,2046,IRA_low,2009,74857590.0
p111,2046,IRA_low,2010,74887901.0
p111,2046,IRA_low,2011,74637539.0
p111,2046,IRA_low,2012,74015366.0
p111,2046,IRA_low,2013,74940471.0
p111,2047,IRA_low,2007,75631463.0
p111,2047,IRA_low,2008,75762164.0
p111,2047,IRA_low,2009,75593814.0
p111,2047,IRA_low,2010,75627925.0
p111,2047,IRA_low,2011,75373684.0
p111,2047,IRA_low,2012,74746638.0
p111,2047,IRA_low,2013,75679170.0
p111,2048,IRA_low,2007,76370310.0
p111,2048,IRA_low,2008,76501198.0
p111,2048,IRA_low,2009,76330053.0
p111,2048,IRA_low,2010,76368025.0
p111,2048,IRA_low,2011,76109892.0
p111,2048,IRA_low,2012,75478086.0
p111,2048,IRA_low,2013,76417863.0
p111,2049,IRA_low,2007,77108966.0
p111,2049,IRA_low,2008,77240238.0
p111,2049,IRA_low,2009,77066315.0
p111,2049,IRA_low,2010,77108028.0
p111,2049,IRA_low,2011,76846165.0
p111,2049,IRA_low,2012,76209461.0
p111,2049,IRA_low,2013,77156577.0
p111,2050,IRA_low,2007,77847744.0
p111,2050,IRA_low,2008,77979290.0
p111,2050,IRA_low,2009,77802597.0
p111,2050,IRA_low,2010,77847970.0
p111,2050,IRA_low,2011,77582291.0
p111,2050,IRA_low,2012,76940877.0
p111,2050,IRA_low,2013,77895217.0
p112,2020,IRA_low,2007,51455951.34
p112,2020,IRA_low,2008,51456248.83
p112,2020,IRA_low,2009,51453908.74
p112,2020,IRA_low,2010,51454405.49
p112,2020,IRA_low,2011,51455382.3
p112,2020,IRA_low,2012,51455343.38
p112,2020,IRA_low,2013,51453958.78
p112,2021,IRA_low,2007,63158025.0
p112,2021,IRA_low,2008,63158024.0
p112,2021,IRA_low,2009,63157996.0
p112,2021,IRA_low,2010,63157993.0
p112,2021,IRA_low,2011,63157968.0
p112,2021,IRA_low,2012,63157997.0
p112,2021,IRA_low,2013,63158001.0
p112,2022,IRA_low,2007,63942982.0
p112,2022,IRA_low,2008,63943043.0
p112,2022,IRA_low,2009,63943012.0
p112,2022,IRA_low,2010,63943055.0
p112,2022,IRA_low,2011,63943050.0
p112,2022,IRA_low,2012,63943033.0
p112,2022,IRA_low,2013,63943084.0
p112,2023,IRA_low,2007,62724103.0
p112,2023,IRA_low,2008,62724196.0
p112,2023,IRA_low,2009,62724133.0
p112,2023,IRA_low,2010,62724174.0
p112,2023,IRA_low,2011,62724182.0
p112,2023,IRA_low,2012,62724133.0
p112,2023,IRA_low,2013,62724190.0
p112,2024,IRA_low,2007,65836871.0
p112,2024,IRA_low,2008,65836811.0
p112,2024,IRA_low,2009,65836782.0
p112,2024,IRA_low,2010,65836778.0
p112,2024,IRA_low,2011,65836799.0
p112,2024,IRA_low,2012,65836852.0
p112,2024,IRA_low,2013,65836856.0
p112,2025,IRA_low,2007,66478596.0
p112,2025,IRA_low,2008,66478773.0
p112,2025,IRA_low,2009,66471625.0
p112,2025,IRA_low,2010,66478721.0
p112,2025,IRA_low,2011,66468804.0
p112,2025,IRA_low,2012,66453446.0
p112,2025,IRA_low,2013,66475364.0
p112,2026,IRA_low,2007,67704714.0
p112,2026,IRA_low,2008,67713181.0
p112,2026,IRA_low,2009,67696489.0
p112,2026,IRA_low,2010,67703069.0
p112,2026,IRA_low,2011,67677795.0
p112,2026,IRA_low,2012,67622139.0
p112,2026,IRA_low,2013,67703778.0
p112,2027,IRA_low,2007,68931039.0
p112,2027,IRA_low,2008,68947800.0
p112,2027,IRA_low,2009,68921357.0
p112,2027,IRA_low,2010,68927398.0
p112,2027,IRA_low,2011,68886737.0
p112,2027,IRA_low,2012,68790742.0
p112,2027,IRA_low,2013,68932180.0
p112,2028,IRA_low,2007,70157268.0
p112,2028,IRA_low,2008,70182190.0
p112,2028,IRA_low,2009,70146212.0
p112,2028,IRA_low,2010,70151745.0
p112,2028,IRA_low,2011,70095828.0
p112,2028,IRA_low,2012,69959532.0
p112,2028,IRA_low,2013,70160632.0
p112,2029,IRA_low,2007,71383594.0
p112,2029,IRA_low,2008,71416603.0
p112,2029,IRA_low,2009,71371051.0
p112,2029,IRA_low,2010,71376251.0
p112,2029,IRA_low,2011,71304759.0
p112,2029,IRA_low,2012,71128024.0
p112,2029,IRA_low,2013,71389070.0
p112,2030,IRA_low,2007,72609789.0
p112,2030,IRA_low,2008,72651151.0
p112,2030,IRA_low,2009,72595943.0
p112,2030,IRA_low,2010,72600574.0
p112,2030,IRA_low,2011,72513784.0
p112,2030,IRA_low,2012,72296765.0
p112,2030,IRA_low,2013,72617516.0
p112,2031,IRA_low,2007,73981547.0
p112,2031,IRA_low,2008,74031427.0
p112,2031,IRA_low,2009,73965497.0
p112,2031,IRA_low,2010,73971629.0
p112,2031,IRA_low,2011,73868718.0
p112,2031,IRA_low,2012,73610210.0
p112,2031,IRA_low,2013,73992401.0
p112,2032,IRA_low,2007,75353192.0
p112,2032,IRA_low,2008,75411553.0
p112,2032,IRA_low,2009,75335009.0
p112,2032,IRA_low,2010,75342670.0
p112,2032,IRA_low,2011,75223612.0
p112,2032,IRA_low,2012,74923626.0
p112,2032,IRA_low,2013,75367322.0
p112,2033,IRA_low,2007,76724838.0
p112,2033,IRA_low,2008,76791855.0
p112,2033,IRA_low,2009,76704727.0
p112,2033,IRA_low,2010,76713627.0
p112,2033,IRA_low,2011,76578582.0
p112,2033,IRA_low,2012,76237082.0
p112,2033,IRA_low,2013,76742232.0
p112,2034,IRA_low,2007,78096508.0
p112,2034,IRA_low,2008,78172058.0
p112,2034,IRA_low,2009,78074228.0
p112,2034,IRA_low,2010,78084743.0
p112,2034,IRA_low,2011,77933510.0
p112,2034,IRA_low,2012,77550552.0
p112,2034,IRA_low,2013,78117121.0
p112,2035,IRA_low,2007,79468168.0
p112,2035,IRA_low,2008,79552361.0
p112,2035,IRA_low,2009,79443804.0
p112,2035,IRA_low,2010,79455708.0
p112,2035,IRA_low,2011,79288463.0
p112,2035,IRA_low,2012,78864006.0
p112,2035,IRA_low,2013,79492084.0
p112,2036,IRA_low,2007,80717174.0
p112,2036,IRA_low,2008,80808414.0
p112,2036,IRA_low,2009,80691265.0
p112,2036,IRA_low,2010,80704734.0
p112,2036,IRA_low,2011,80524748.0
p112,2036,IRA_low,2012,80067917.0
p112,2036,IRA_low,2013,80744060.0
p112,2037,IRA_low,2007,81966113.0
p112,2037,IRA_low,2008,82064480.0
p112,2037,IRA_low,2009,81938719.0
p112,2037,IRA_low,2010,81953733.0
p112,2037,IRA_low,2011,81760965.0
p112,2037,IRA_low,2012,81271841.0
p112,2037,IRA_low,2013,81996113.0
p112,2038,IRA_low,2007,83215047.0
p112,2038,IRA_low,2008,83320557.0
p112,2038,IRA_low,2009,83186240.0
p112,2038,IRA_low,2010,83202735.0
p112,2038,IRA_low,2011,82997274.0
p112,2038,IRA_low,2012,82475724.0
p112,2038,IRA_low,2013,83248164.0
p112,2039,IRA_low,2007,84464042.0
p112,2039,IRA_low,2008,84576540.0
p112,2039,IRA_low,2009,84433756.0
p112,2039,IRA_low,2010,84451734.0
p112,2039,IRA_low,2011,84233520.0
p112,2039,IRA_low,2012,83679618.0
p112,2039,IRA_low,2013,84500274.0
p112,2040,IRA_low,2007,85713023.0
p112,2040,IRA_low,2008,85832633.0
p112,2040,IRA_low,2009,85681163.0
p112,2040,IRA_low,2010,85700704.0
p112,2040,IRA_low,2011,85469626.0
p112,2040,IRA_low,2012,84883564.0
p112,2040,IRA_low,2013,85752399.0
p112,2041,IRA_low,2007,86736762.0
p112,2041,IRA_low,2008,86860528.0
p112,2041,IRA_low,2009,86704133.0
p112,2041,IRA_low,2010,86725568.0
p112,2041,IRA_low,2011,86487593.0
p112,2041,IRA_low,2012,85885191.0
p112,2041,IRA_low,2013,86778621.0
p112,2042,IRA_low,2007,87760353.0
p112,2042,IRA_low,2008,87888292.0
p112,2042,IRA_low,2009,87727150.0
p112,2042,IRA_low,2010,87750368.0
p112,2042,IRA_low,2011,87505311.0
p112,2042,IRA_low,2012,86886886.0
p112,2042,IRA_low,2013,87804654.0
p112,2043,IRA_low,2007,88784152.0
p112,2043,IRA_low,2008,88916224.0
p112,2043,IRA_low,2009,88750184.0
p112,2043,IRA_low,2010,88775189.0
p112,2043,IRA_low,2011,88523169.0
p112,2043,IRA_low,2012,87888560.0
p112,2043,IRA_low,2013,88830827.0
p112,2044,IRA_low,2007,89807841.0
p112,2044,IRA_low,2008,89944115.0
p112,2044,IRA_low,2009,89773128.0
p112,2044,IRA_low,2010,89800037.0
p112,2044,IRA_low,2011,89540843.0
p112,2044,IRA_low,2012,88890208.0
p112,2044,IRA_low,2013,89857010.0
p112,2045,IRA_low,2007,90831518.0
p112,2045,IRA_low,2008,90971897.0
p112,2045,IRA_low,2009,90796162.0
p112,2045,IRA_low,2010,90824956.0
p112,2045,IRA_low,2011,90558622.0
p112,2045,IRA_low,2012,89891801.0
p112,2045,IRA_low,2013,90883164.0
p112,2046,IRA_low,2007,91629350.0
p112,2046,IRA_low,2008,91770047.0
p112,2046,IRA_low,2009,91591232.0
p112,2046,IRA_low,2010,91624064.0
p112,2046,IRA_low,2011,91353659.0
p112,2046,IRA_low,2012,90681754.0
p112,2046,IRA_low,2013,91680916.0
p112,2047,IRA_low,2007,92427108.0
p112,2047,IRA_low,2008,92568140.0
p112,2047,IRA_low,2009,92386307.0
p112,2047,IRA_low,2010,92423149.0
p112,2047,IRA_low,2011,92148719.0
p112,2047,IRA_low,2012,91471577.0
p112,2047,IRA_low,2013,92478555.0
p112,2048,IRA_low,2007,93224897.0
p112,2048,IRA_low,2008,93366260.0
p112,2048,IRA_low,2009,93181405.0
p112,2048,IRA_low,2010,93222542.0
p112,2048,IRA_low,2011,92943795.0
p112,2048,IRA_low,2012,92261388.0
p112,2048,IRA_low,2013,93276395.0
p112,2049,IRA_low,2007,94022629.0
p112,2049,IRA_low,2008,94164396.0
p112,2049,IRA_low,2009,93976519.0
p112,2049,IRA_low,2010,94021495.0
p112,2049,IRA_low,2011,93738683.0
p112,2049,IRA_low,2012,93051228.0
p112,2049,IRA_low,2013,94074025.0
p112,2050,IRA_low,2007,94820492.0
p112,2050,IRA_low,2008,94962611.0
p112,2050,IRA_low,2009,94771635.0
p112,2050,IRA_low,2010,94820740.0
p112,2050,IRA_low,2011,94533770.0
p112,2050,IRA_low,2012,93841118.0
p112,2050,IRA_low,2013,94871775.0
p113,2020,IRA_low,2007,12741952.04
p113,2020,IRA_low,2008,12742064.18
p113,2020,IRA_low,2009,12741597.08
p113,2020,IRA_low,2010,12741699.03
p113,2020,IRA_low,2011,12741867.7
p113,2020,IRA_low,2012,12741770.39
p113,2020,IRA_low,2013,12741610.99
p113,2021,IRA_low,2007,14141267.0
p113,2021,IRA_low,2008,14141249.0
p113,2021,IRA_low,2009,14141228.0
p113,2021,IRA_low,2010,14141246.0
p113,2021,IRA_low,2011,14141276.0
p113,2021,IRA_low,2012,14141232.0
p113,2021,IRA_low,2013,14141259.0
p113,2022,IRA_low,2007,14317022.0
p113,2022,IRA_low,2008,14317030.0
p113,2022,IRA_low,2009,14317054.0
p113,2022,IRA_low,2010,14317027.0
p113,2022,IRA_low,2011,14317001.0
p113,2022,IRA_low,2012,14317049.0
p113,2022,IRA_low,2013,14317036.0
p113,2023,IRA_low,2007,14044122.0
p113,2023,IRA_low,2008,14044149.0
p113,2023,IRA_low,2009,14044089.0
p113,2023,IRA_low,2010,14044104.0
p113,2023,IRA_low,2011,14044113.0
p113,2023,IRA_low,2012,14044166.0
p113,2023,IRA_low,2013,14044138.0
p113,2024,IRA_low,2007,14741102.0
p113,2024,IRA_low,2008,14740996.0
p113,2024,IRA_low,2009,14741042.0
p113,2024,IRA_low,2010,14741033.0
p113,2024,IRA_low,2011,14741086.0
p113,2024,IRA_low,2012,14741072.0
p113,2024,IRA_low,2013,14741020.0
p113,2025,IRA_low,2007,14879492.0
p113,2025,IRA_low,2008,14879482.0
p113,2025,IRA_low,2009,14877998.0
p113,2025,IRA_low,2010,14879513.0
p113,2025,IRA_low,2011,14877389.0
p113,2025,IRA_low,2012,14873991.0
p113,2025,IRA_low,2013,14878702.0
p113,2026,IRA_low,2007,15144058.0
p113,2026,IRA_low,2008,15145824.0
p113,2026,IRA_low,2009,15142299.0
p113,2026,IRA_low,2010,15143580.0
p113,2026,IRA_low,2011,15138098.0
p113,2026,IRA_low,2012,15126113.0
p113,2026,IRA_low,2013,15143840.0
p113,2027,IRA_low,2007,15408552.0
p113,2027,IRA_low,2008,15412133.0
p113,2027,IRA_low,2009,15406456.0
p113,2027,IRA_low,2010,15407773.0
p113,2027,IRA_low,2011,15398914.0
p113,2027,IRA_low,2012,15378282.0
p113,2027,IRA_low,2013,15408879.0
p113,2028,IRA_low,2007,15673185.0
p113,2028,IRA_low,2008,15678477.0
p113,2028,IRA_low,2009,15670741.0
p113,2028,IRA_low,2010,15671881.0
p113,2028,IRA_low,2011,15659827.0
p113,2028,IRA_low,2012,15630452.0
p113,2028,IRA_low,2013,15673856.0
p113,2029,IRA_low,2007,15937692.0
p113,2029,IRA_low,2008,15944758.0
p113,2029,IRA_low,2009,15934993.0
p113,2029,IRA_low,2010,15936058.0
p113,2029,IRA_low,2011,15920613.0
p113,2029,IRA_low,2012,15882448.0
p113,2029,IRA_low,2013,15938848.0
p113,2030,IRA_low,2007,16202131.0
p113,2030,IRA_low,2008,16211103.0
p113,2030,IRA_low,2009,16199171.0
p113,2030,IRA_low,2010,16200137.0
p113,2030,IRA_low,2011,16181366.0
p113,2030,IRA_low,2012,16134578.0
p113,2030,IRA_low,2013,16203850.0
p113,2031,IRA_low,2007,16498080.0
p113,2031,IRA_low,2008,16508822.0
p113,2031,IRA_low,2009,16494645.0
p113,2031,IRA_low,2010,16495816.0
p113,2031,IRA_low,2011,16473666.0
p113,2031,IRA_low,2012,16417876.0
p113,2031,IRA_low,2013,16500328.0
p113,2032,IRA_low,2007,16793965.0
p113,2032,IRA_low,2008,16806572.0
p113,2032,IRA_low,2009,16790106.0
p113,2032,IRA_low,2010,16791754.0
p113,2032,IRA_low,2011,16766047.0
p113,2032,IRA_low,2012,16701283.0
p113,2032,IRA_low,2013,16797012.0
p113,2033,IRA_low,2007,17089853.0
p113,2033,IRA_low,2008,17104267.0
p113,2033,IRA_low,2009,17085484.0
p113,2033,IRA_low,2010,17087436.0
p113,2033,IRA_low,2011,17058230.0
p113,2033,IRA_low,2012,16984572.0
p113,2033,IRA_low,2013,17093613.0
p113,2034,IRA_low,2007,17385761.0
p113,2034,IRA_low,2008,17401981.0
p113,2034,IRA_low,2009,17380881.0
p113,2034,IRA_low,2010,17383314.0
p113,2034,IRA_low,2011,17350585.0
p113,2034,IRA_low,2012,17267980.0
p113,2034,IRA_low,2013,17390239.0
p113,2035,IRA_low,2007,17681656.0
p113,2035,IRA_low,2008,17699760.0
p113,2035,IRA_low,2009,17676397.0
p113,2035,IRA_low,2010,17679001.0
p113,2035,IRA_low,2011,17642832.0
p113,2035,IRA_low,2012,17551253.0
p113,2035,IRA_low,2013,17686806.0
p113,2036,IRA_low,2007,17951032.0
p113,2036,IRA_low,2008,17970787.0
p113,2036,IRA_low,2009,17945595.0
p113,2036,IRA_low,2010,17948374.0
p113,2036,IRA_low,2011,17909522.0
p113,2036,IRA_low,2012,17811003.0
p113,2036,IRA_low,2013,17956943.0
p113,2037,IRA_low,2007,18220131.0
p113,2037,IRA_low,2008,18241769.0
p113,2037,IRA_low,2009,18214710.0
p113,2037,IRA_low,2010,18217837.0
p113,2037,IRA_low,2011,18176215.0
p113,2037,IRA_low,2012,18070678.0
p113,2037,IRA_low,2013,18226975.0
p113,2038,IRA_low,2007,18490039.0
p113,2038,IRA_low,2008,18512703.0
p113,2038,IRA_low,2009,18483804.0
p113,2038,IRA_low,2010,18487273.0
p113,2038,IRA_low,2011,18442883.0
p113,2038,IRA_low,2012,18330426.0
p113,2038,IRA_low,2013,18497157.0
p113,2039,IRA_low,2007,18759376.0
p113,2039,IRA_low,2008,18783635.0
p113,2039,IRA_low,2009,18752871.0
p113,2039,IRA_low,2010,18756662.0
p113,2039,IRA_low,2011,18709620.0
p113,2039,IRA_low,2012,18590134.0
p113,2039,IRA_low,2013,18767252.0
p113,2040,IRA_low,2007,19028828.0
p113,2040,IRA_low,2008,19054584.0
p113,2040,IRA_low,2009,19021979.0
p113,2040,IRA_low,2010,19026082.0
p113,2040,IRA_low,2011,18976304.0
p113,2040,IRA_low,2012,18849653.0
p113,2040,IRA_low,2013,19037318.0
p113,2041,IRA_low,2007,19249658.0
p113,2041,IRA_low,2008,19276280.0
p113,2041,IRA_low,2009,19242663.0
p113,2041,IRA_low,2010,19247234.0
p113,2041,IRA_low,2011,19195826.0
p113,2041,IRA_low,2012,19065897.0
p113,2041,IRA_low,2013,19258640.0
p113,2042,IRA_low,2007,19470533.0
p113,2042,IRA_low,2008,19498035.0
p113,2042,IRA_low,2009,19463312.0
p113,2042,IRA_low,2010,19468236.0
p113,2042,IRA_low,2011,19415452.0
p113,2042,IRA_low,2012,19282038.0
p113,2042,IRA_low,2013,19480124.0
p113,2043,IRA_low,2007,19691327.0
p113,2043,IRA_low,2008,19719823.0
p113,2043,IRA_low,2009,19684005.0
p113,2043,IRA_low,2010,19689426.0
p113,2043,IRA_low,2011,19634969.0
p113,2043,IRA_low,2012,19498045.0
p113,2043,IRA_low,2013,19701427.0
p113,2044,IRA_low,2007,19912251.0
p113,2044,IRA_low,2008,19941518.0
p113,2044,IRA_low,2009,19904709.0
p113,2044,IRA_low,2010,19910509.0
p113,2044,IRA_low,2011,19854625.0
p113,2044,IRA_low,2012,19714172.0
p113,2044,IRA_low,2013,19922748.0
p113,2045,IRA_low,2007,20133012.0
p113,2045,IRA_low,2008,20163340.0
p113,2045,IRA_low,2009,20125379.0
p113,2045,IRA_low,2010,20131576.0
p113,2045,IRA_low,2011,20074107.0
p113,2045,IRA_low,2012,19930201.0
p113,2045,IRA_low,2013,20144100.0
p113,2046,IRA_low,2007,20305162.0
p113,2046,IRA_low,2008,20335435.0
p113,2046,IRA_low,2009,20296937.0
p113,2046,IRA_low,2010,20303972.0
p113,2046,IRA_low,2011,20245658.0
p113,2046,IRA_low,2012,20100694.0
p113,2046,IRA_low,2013,20316241.0
p113,2047,IRA_low,2007,20477167.0
p113,2047,IRA_low,2008,20507608.0
p113,2047,IRA_low,2009,20468459.0
p113,2047,IRA_low,2010,20476374.0
p113,2047,IRA_low,2011,20417094.0
p113,2047,IRA_low,2012,20271049.0
p113,2047,IRA_low,2013,20488373.0
p113,2048,IRA_low,2007,20649335.0
p113,2048,IRA_low,2008,20679773.0
p113,2048,IRA_low,2009,20639960.0
p113,2048,IRA_low,2010,20648694.0
p113,2048,IRA_low,2011,20588570.0
p113,2048,IRA_low,2012,20441366.0
p113,2048,IRA_low,2013,20660468.0
p113,2049,IRA_low,2007,20821427.0
p113,2049,IRA_low,2008,20851956.0
p113,2049,IRA_low,2009,20811491.0
p113,2049,IRA_low,2010,20821168.0
p113,2049,IRA_low,2011,20760069.0
p113,2049,IRA_low,2012,20611819.0
p113,2049,IRA_low,2013,20832512.0
p113,2050,IRA_low,2007,20993595.0
p113,2050,IRA_low,2008,21024109.0
p113,2050,IRA_low,2009,20982974.0
p113,2050,IRA_low,2010,20993535.0
p113,2050,IRA_low,2011,20931629.0
p113,2050,IRA_low,2012,20782185.0
p113,2050,IRA_low,2013,21004562.0
p114,2020,IRA_low,2007,20167928.79
p114,2020,IRA_low,2008,20168089.12
p114,2020,IRA_low,2009,20167175.33
p114,2020,IRA_low,2010,20167441.31
p114,2020,IRA_low,2011,20167738.8
p114,2020,IRA_low,2012,20167653.54
p114,2020,IRA_low,2013,20167134.55
p114,2021,IRA_low,2007,22837431.0
p114,2021,IRA_low,2008,22837463.0
p114,2021,IRA_low,2009,22837418.0
p114,2021,IRA_low,2010,22837453.0
p114,2021,IRA_low,2011,22837494.0
p114,2021,IRA_low,2012,22837424.0
p114,2021,IRA_low,2013,22837389.0
p114,2022,IRA_low,2007,23121295.0
p114,2022,IRA_low,2008,23121249.0
p114,2022,IRA_low,2009,23121368.0
p114,2022,IRA_low,2010,23121323.0
p114,2022,IRA_low,2011,23121351.0
p114,2022,IRA_low,2012,23121329.0
p114,2022,IRA_low,2013,23121284.0
p114,2023,IRA_low,2007,22680580.0
p114,2023,IRA_low,2008,22680585.0
p114,2023,IRA_low,2009,22680466.0
p114,2023,IRA_low,2010,22680464.0
p114,2023,IRA_low,2011,22680556.0
p114,2023,IRA_low,2012,22680569.0
p114,2023,IRA_low,2013,22680598.0
p114,2024,IRA_low,2007,23806105.0
p114,2024,IRA_low,2008,23806154.0
p114,2024,IRA_low,2009,23806042.0
p114,2024,IRA_low,2010,23806072.0
p114,2024,IRA_low,2011,23806167.0
p114,2024,IRA_low,2012,23806136.0
p114,2024,IRA_low,2013,23806092.0
p114,2025,IRA_low,2007,24059373.0
p114,2025,IRA_low,2008,24059456.0
p114,2025,IRA_low,2009,24056611.0
p114,2025,IRA_low,2010,24059352.0
p114,2025,IRA_low,2011,24055554.0
p114,2025,IRA_low,2012,24049432.0
p114,2025,IRA_low,2013,24058038.0
p114,2026,IRA_low,2007,24543338.0
p114,2026,IRA_low,2008,24546615.0
p114,2026,IRA_low,2009,24539976.0
p114,2026,IRA_low,2010,24542523.0
p114,2026,IRA_low,2011,24532640.0
p114,2026,IRA_low,2012,24510665.0
p114,2026,IRA_low,2013,24542864.0
p114,2027,IRA_low,2007,25027273.0
p114,2027,IRA_low,2008,25033742.0
p114,2027,IRA_low,2009,25023385.0
p114,2027,IRA_low,2010,25025759.0
p114,2027,IRA_low,2011,25009777.0
p114,2027,IRA_low,2012,24971878.0
p114,2027,IRA_low,2013,25027599.0
p114,2028,IRA_low,2007,25511201.0
p114,2028,IRA_low,2008,25520915.0
p114,2028,IRA_low,2009,25506670.0
p114,2028,IRA_low,2010,25508960.0
p114,2028,IRA_low,2011,25486814.0
p114,2028,IRA_low,2012,25433022.0
p114,2028,IRA_low,2013,25512436.0
p114,2029,IRA_low,2007,25995177.0
p114,2029,IRA_low,2008,26008028.0
p114,2029,IRA_low,2009,25990163.0
p114,2029,IRA_low,2010,25992088.0
p114,2029,IRA_low,2011,25963943.0
p114,2029,IRA_low,2012,25894205.0
p114,2029,IRA_low,2013,25997258.0
p114,2030,IRA_low,2007,26479066.0
p114,2030,IRA_low,2008,26495213.0
p114,2030,IRA_low,2009,26473563.0
p114,2030,IRA_low,2010,26475350.0
p114,2030,IRA_low,2011,26441069.0
p114,2030,IRA_low,2012,26355444.0
p114,2030,IRA_low,2013,26481986.0
p114,2031,IRA_low,2007,27020340.0
p114,2031,IRA_low,2008,27039927.0
p114,2031,IRA_low,2009,27014016.0
p114,2031,IRA_low,2010,27016392.0
p114,2031,IRA_low,2011,26975767.0
p114,2031,IRA_low,2012,26873825.0
p114,2031,IRA_low,2013,27024602.0
p114,2032,IRA_low,2007,27561665.0
p114,2032,IRA_low,2008,27584569.0
p114,2032,IRA_low,2009,27554506.0
p114,2032,IRA_low,2010,27557443.0
p114,2032,IRA_low,2011,27510443.0
p114,2032,IRA_low,2012,27392122.0
p114,2032,IRA_low,2013,27567189.0
p114,2033,IRA_low,2007,28102932.0
p114,2033,IRA_low,2008,28129239.0
p114,2033,IRA_low,2009,28094968.0
p114,2033,IRA_low,2010,28098499.0
p114,2033,IRA_low,2011,28045212.0
p114,2033,IRA_low,2012,27910469.0
p114,2033,IRA_low,2013,28109790.0
p114,2034,IRA_low,2007,28644300.0
p114,2034,IRA_low,2008,28673871.0
p114,2034,IRA_low,2009,28635433.0
p114,2034,IRA_low,2010,28639608.0
p114,2034,IRA_low,2011,28579812.0
p114,2034,IRA_low,2012,28428731.0
p114,2034,IRA_low,2013,28652345.0
p114,2035,IRA_low,2007,29185654.0
p114,2035,IRA_low,2008,29218531.0
p114,2035,IRA_low,2009,29175960.0
p114,2035,IRA_low,2010,29180700.0
p114,2035,IRA_low,2011,29114567.0
p114,2035,IRA_low,2012,28947076.0
p114,2035,IRA_low,2013,29194896.0
p114,2036,IRA_low,2007,29678541.0
p114,2036,IRA_low,2008,29714235.0
p114,2036,IRA_low,2009,29668224.0
p114,2036,IRA_low,2010,29673498.0
p114,2036,IRA_low,2011,29602374.0
p114,2036,IRA_low,2012,29422226.0
p114,2036,IRA_low,2013,29689030.0
p114,2037,IRA_low,2007,30171375.0
p114,2037,IRA_low,2008,30209932.0
p114,2037,IRA_low,2009,30160600.0
p114,2037,IRA_low,2010,30166411.0
p114,2037,IRA_low,2011,30090252.0
p114,2037,IRA_low,2012,29897278.0
p114,2037,IRA_low,2013,30183159.0
p114,2038,IRA_low,2007,30664253.0
p114,2038,IRA_low,2008,30705647.0
p114,2038,IRA_low,2009,30652831.0
p114,2038,IRA_low,2010,30659335.0
p114,2038,IRA_low,2011,30578127.0
p114,2038,IRA_low,2012,30372430.0
p114,2038,IRA_low,2013,30677281.0
p114,2039,IRA_low,2007,31157180.0
p114,2039,IRA_low,2008,31201354.0
p114,2039,IRA_low,2009,31145145.0
p114,2039,IRA_low,2010,31152178.0
p114,2039,IRA_low,2011,31066035.0
p114,2039,IRA_low,2012,30847537.0
p114,2039,IRA_low,2013,31171382.0
p114,2040,IRA_low,2007,31650126.0
p114,2040,IRA_low,2008,31696975.0
p114,2040,IRA_low,2009,31637461.0
p114,2040,IRA_low,2010,31645155.0
p114,2040,IRA_low,2011,31553907.0
p114,2040,IRA_low,2012,31322598.0
p114,2040,IRA_low,2013,31665513.0
p114,2041,IRA_low,2007,32054097.0
p114,2041,IRA_low,2008,32102677.0
p114,2041,IRA_low,2009,32041195.0
p114,2041,IRA_low,2010,32049533.0
p114,2041,IRA_low,2011,31955512.0
p114,2041,IRA_low,2012,31717840.0
p114,2041,IRA_low,2013,32070504.0
p114,2042,IRA_low,2007,32458084.0
p114,2042,IRA_low,2008,32508301.0
p114,2042,IRA_low,2009,32444909.0
p114,2042,IRA_low,2010,32454014.0
p114,2042,IRA_low,2011,32357179.0
p114,2042,IRA_low,2012,32113172.0
p114,2042,IRA_low,2013,32475427.0
p114,2043,IRA_low,2007,32861996.0
p114,2043,IRA_low,2008,32913912.0
p114,2043,IRA_low,2009,32848558.0
p114,2043,IRA_low,2010,32858398.0
p114,2043,IRA_low,2011,32758842.0
p114,2043,IRA_low,2012,32508446.0
p114,2043,IRA_low,2013,32880348.0
p114,2044,IRA_low,2007,33266049.0
p114,2044,IRA_low,2008,33319516.0
p114,2044,IRA_low,2009,33252344.0
p114,2044,IRA_low,2010,33262902.0
p114,2044,IRA_low,2011,33160492.0
p114,2044,IRA_low,2012,32903709.0
p114,2044,IRA_low,2013,33285278.0
p114,2045,IRA_low,2007,33670043.0
p114,2045,IRA_low,2008,33725167.0
p114,2045,IRA_low,2009,33655975.0
p114,2045,IRA_low,2010,33667313.0
p114,2045,IRA_low,2011,33562161.0
p114,2045,IRA_low,2012,33298997.0
p114,2045,IRA_low,2013,33690229.0
p114,2046,IRA_low,2007,33984871.0
p114,2046,IRA_low,2008,34040153.0
p114,2046,IRA_low,2009,33969770.0
p114,2046,IRA_low,2010,33982690.0
p114,2046,IRA_low,2011,33875897.0
p114,2046,IRA_low,2012,33610651.0
p114,2046,IRA_low,2013,34005062.0
p114,2047,IRA_low,2007,34299638.0
p114,2047,IRA_low,2008,34355077.0
p114,2047,IRA_low,2009,34283547.0
p114,2047,IRA_low,2010,34298029.0
p114,2047,IRA_low,2011,34189629.0
p114,2047,IRA_low,2012,33922398.0
p114,2047,IRA_low,2013,34319840.0
p114,2048,IRA_low,2007,34614503.0
p114,2048,IRA_low,2008,34670118.0
p114,2048,IRA_low,2009,34597337.0
p114,2048,IRA_low,2010,34613408.0
p114,2048,IRA_low,2011,34503412.0
p114,2048,IRA_low,2012,34234000.0
p114,2048,IRA_low,2013,34634658.0
p114,2049,IRA_low,2007,34929357.0
p114,2049,IRA_low,2008,34985039.0
p114,2049,IRA_low,2009,34911077.0
p114,2049,IRA_low,2010,34928812.0
p114,2049,IRA_low,2011,34817149.0
p114,2049,IRA_low,2012,34545774.0
p114,2049,IRA_low,2013,34949497.0
p114,2050,IRA_low,2007,35244230.0
p114,2050,IRA_low,2008,35300014.0
p114,2050,IRA_low,2009,35224781.0
p114,2050,IRA_low,2010,35244172.0
p114,2050,IRA_low,2011,35130902.0
p114,2050,IRA_low,2012,34857433.0
p114,2050,IRA_low,2013,35264275.0
p115,2020,IRA_low,2007,25381114.63
p115,2020,IRA_low,2008,25381336.94
p115,2020,IRA_low,2009,25380146.27
p115,2020,IRA_low,2010,25380593.71
p115,2020,IRA_low,2011,25380641.76
p115,2020,IRA_low,2012,25380911.16
p115,2020,IRA_low,2013,25380311.12
p115,2021,IRA_low,2007,30598894.0
p115,2021,IRA_low,2008,30598874.0
p115,2021,IRA_low,2009,30598867.0
p115,2021,IRA_low,2010,30598896.0
p115,2021,IRA_low,2011,30598855.0
p115,2021,IRA_low,2012,30598880.0
p115,2021,IRA_low,2013,30598932.0
p115,2022,IRA_low,2007,31105185.0
p115,2022,IRA_low,2008,31105131.0
p115,2022,IRA_low,2009,31105231.0
p115,2022,IRA_low,2010,31105160.0
p115,2022,IRA_low,2011,31105193.0
p115,2022,IRA_low,2012,31105173.0
p115,2022,IRA_low,2013,31105231.0
p115,2023,IRA_low,2007,29959784.0
p115,2023,IRA_low,2008,29959843.0
p115,2023,IRA_low,2009,29959826.0
p115,2023,IRA_low,2010,29959767.0
p115,2023,IRA_low,2011,29959842.0
p115,2023,IRA_low,2012,29959792.0
p115,2023,IRA_low,2013,29959821.0
p115,2024,IRA_low,2007,30422479.0
p115,2024,IRA_low,2008,30422452.0
p115,2024,IRA_low,2009,30422395.0
p115,2024,IRA_low,2010,30422434.0
p115,2024,IRA_low,2011,30422456.0
p115,2024,IRA_low,2012,30422419.0
p115,2024,IRA_low,2013,30422434.0
p115,2025,IRA_low,2007,30607655.0
p115,2025,IRA_low,2008,30604874.0
p115,2025,IRA_low,2009,30604988.0
p115,2025,IRA_low,2010,30605438.0
p115,2025,IRA_low,2011,30601203.0
p115,2025,IRA_low,2012,30593405.0
p115,2025,IRA_low,2013,30606011.0
p115,2026,IRA_low,2007,31150413.0
p115,2026,IRA_low,2008,31142601.0
p115,2026,IRA_low,2009,31145473.0
p115,2026,IRA_low,2010,31140359.0
p115,2026,IRA_low,2011,31129111.0
p115,2026,IRA_low,2012,31102113.0
p115,2026,IRA_low,2013,31146881.0
p115,2027,IRA_low,2007,31693195.0
p115,2027,IRA_low,2008,31680246.0
p115,2027,IRA_low,2009,31685834.0
p115,2027,IRA_low,2010,31675207.0
p115,2027,IRA_low,2011,31657054.0
p115,2027,IRA_low,2012,31610763.0
p115,2027,IRA_low,2013,31687754.0
p115,2028,IRA_low,2007,32235923.0
p115,2028,IRA_low,2008,32217984.0
p115,2028,IRA_low,2009,32226359.0
p115,2028,IRA_low,2010,32210115.0
p115,2028,IRA_low,2011,32184916.0
p115,2028,IRA_low,2012,32119455.0
p115,2028,IRA_low,2013,32228667.0
p115,2029,IRA_low,2007,32778733.0
p115,2029,IRA_low,2008,32755617.0
p115,2029,IRA_low,2009,32766858.0
p115,2029,IRA_low,2010,32744974.0
p115,2029,IRA_low,2011,32712853.0
p115,2029,IRA_low,2012,32628158.0
p115,2029,IRA_low,2013,32769462.0
p115,2030,IRA_low,2007,33321487.0
p115,2030,IRA_low,2008,33293415.0
p115,2030,IRA_low,2009,33307225.0
p115,2030,IRA_low,2010,33279908.0
p115,2030,IRA_low,2011,33240772.0
p115,2030,IRA_low,2012,33136796.0
p115,2030,IRA_low,2013,33310307.0
p115,2031,IRA_low,2007,33984838.0
p115,2031,IRA_low,2008,33951265.0
p115,2031,IRA_low,2009,33967862.0
p115,2031,IRA_low,2010,33935781.0
p115,2031,IRA_low,2011,33889157.0
p115,2031,IRA_low,2012,33765319.0
p115,2031,IRA_low,2013,33972163.0
p115,2032,IRA_low,2007,34648190.0
p115,2032,IRA_low,2008,34609200.0
p115,2032,IRA_low,2009,34628423.0
p115,2032,IRA_low,2010,34591617.0
p115,2032,IRA_low,2011,34537576.0
p115,2032,IRA_low,2012,34393916.0
p115,2032,IRA_low,2013,34634022.0
p115,2033,IRA_low,2007,35311445.0
p115,2033,IRA_low,2008,35267017.0
p115,2033,IRA_low,2009,35288977.0
p115,2033,IRA_low,2010,35247465.0
p115,2033,IRA_low,2011,35186034.0
p115,2033,IRA_low,2012,35022426.0
p115,2033,IRA_low,2013,35295903.0
p115,2034,IRA_low,2007,35974824.0
p115,2034,IRA_low,2008,35924975.0
p115,2034,IRA_low,2009,35949530.0
p115,2034,IRA_low,2010,35903404.0
p115,2034,IRA_low,2011,35834391.0
p115,2034,IRA_low,2012,35650888.0
p115,2034,IRA_low,2013,35957674.0
p115,2035,IRA_low,2007,36638163.0
p115,2035,IRA_low,2008,36582917.0
p115,2035,IRA_low,2009,36610129.0
p115,2035,IRA_low,2010,36559276.0
p115,2035,IRA_low,2011,36482875.0
p115,2035,IRA_low,2012,36279438.0
p115,2035,IRA_low,2013,36619548.0
p115,2036,IRA_low,2007,37261919.0
p115,2036,IRA_low,2008,37202628.0
p115,2036,IRA_low,2009,37231838.0
p115,2036,IRA_low,2010,37177341.0
p115,2036,IRA_low,2011,37094737.0
p115,2036,IRA_low,2012,36875862.0
p115,2036,IRA_low,2013,37242317.0
p115,2037,IRA_low,2007,37885793.0
p115,2037,IRA_low,2008,37822345.0
p115,2037,IRA_low,2009,37853476.0
p115,2037,IRA_low,2010,37795528.0
p115,2037,IRA_low,2011,37706762.0
p115,2037,IRA_low,2012,37472143.0
p115,2037,IRA_low,2013,37865243.0
p115,2038,IRA_low,2007,38509472.0
p115,2038,IRA_low,2008,38442142.0
p115,2038,IRA_low,2009,38475116.0
p115,2038,IRA_low,2010,38413532.0
p115,2038,IRA_low,2011,38318722.0
p115,2038,IRA_low,2012,38068434.0
p115,2038,IRA_low,2013,38488073.0
p115,2039,IRA_low,2007,39133252.0
p115,2039,IRA_low,2008,39061906.0
p115,2039,IRA_low,2009,39096829.0
p115,2039,IRA_low,2010,39031708.0
p115,2039,IRA_low,2011,38930677.0
p115,2039,IRA_low,2012,38664807.0
p115,2039,IRA_low,2013,39110906.0
p115,2040,IRA_low,2007,39756981.0
p115,2040,IRA_low,2008,39681564.0
p115,2040,IRA_low,2009,39718514.0
p115,2040,IRA_low,2010,39649846.0
p115,2040,IRA_low,2011,39542716.0
p115,2040,IRA_low,2012,39261155.0
p115,2040,IRA_low,2013,39733794.0
p115,2041,IRA_low,2007,40320040.0
p115,2041,IRA_low,2008,40243014.0
p115,2041,IRA_low,2009,40280819.0
p115,2041,IRA_low,2010,40210320.0
p115,2041,IRA_low,2011,40099912.0
p115,2041,IRA_low,2012,39810291.0
p115,2041,IRA_low,2013,40296734.0
p115,2042,IRA_low,2007,40883081.0
p115,2042,IRA_low,2008,40804227.0
p115,2042,IRA_low,2009,40843229.0
p115,2042,IRA_low,2010,40770958.0
p115,2042,IRA_low,2011,40657008.0
p115,2042,IRA_low,2012,40359377.0
p115,2042,IRA_low,2013,40859803.0
p115,2043,IRA_low,2007,41445981.0
p115,2043,IRA_low,2008,41365573.0
p115,2043,IRA_low,2009,41405573.0
p115,2043,IRA_low,2010,41331519.0
p115,2043,IRA_low,2011,41214114.0
p115,2043,IRA_low,2012,40908530.0
p115,2043,IRA_low,2013,41422864.0
p115,2044,IRA_low,2007,42009032.0
p115,2044,IRA_low,2008,41926863.0
p115,2044,IRA_low,2009,41967956.0
p115,2044,IRA_low,2010,41892100.0
p115,2044,IRA_low,2011,41771393.0
p115,2044,IRA_low,2012,41457684.0
p115,2044,IRA_low,2013,41985827.0
p115,2045,IRA_low,2007,42572115.0
p115,2045,IRA_low,2008,42488160.0
p115,2045,IRA_low,2009,42530310.0
p115,2045,IRA_low,2010,42452614.0
p115,2045,IRA_low,2011,42328516.0
p115,2045,IRA_low,2012,42006813.0
p115,2045,IRA_low,2013,42548890.0
p115,2046,IRA_low,2007,43020968.0
p115,2046,IRA_low,2008,42935630.0
p115,2046,IRA_low,2009,42978005.0
p115,2046,IRA_low,2010,42901231.0
p115,2046,IRA_low,2011,42774796.0
p115,2046,IRA_low,2012,42449686.0
p115,2046,IRA_low,2013,42997448.0
p115,2047,IRA_low,2007,43469940.0
p115,2047,IRA_low,2008,43383230.0
p115,2047,IRA_low,2009,43425649.0
p115,2047,IRA_low,2010,43349816.0
p115,2047,IRA_low,2011,43221232.0
p115,2047,IRA_low,2012,42892667.0
p115,2047,IRA_low,2013,43446013.0
p115,2048,IRA_low,2007,43918782.0
p115,2048,IRA_low,2008,43830770.0
p115,2048,IRA_low,2009,43873301.0
p115,2048,IRA_low,2010,43798428.0
p115,2048,IRA_low,2011,43667650.0
p115,2048,IRA_low,2012,43335623.0
p115,2048,IRA_low,2013,43894650.0
p115,2049,IRA_low,2007,44367722.0
p115,2049,IRA_low,2008,44278314.0
p115,2049,IRA_low,2009,44321145.0
p115,2049,IRA_low,2010,44246974.0
p115,2049,IRA_low,2011,44113981.0
p115,2049,IRA_low,2012,43778637.0
p115,2049,IRA_low,2013,44343334.0
p115,2050,IRA_low,2007,44816569.0
p115,2050,IRA_low,2008,44725835.0
p115,2050,IRA_low,2009,44768788.0
p115,2050,IRA_low,2010,44695616.0
p115,2050,IRA_low,2011,44560433.0
p115,2050,IRA_low,2012,44221514.0
p115,2050,IRA_low,2013,44791726.0
p116,2020,IRA_low,2007,20694518.19
p116,2020,IRA_low,2008,20694973.05
p116,2020,IRA_low,2009,20694034.28
p116,2020,IRA_low,2010,20694038.28
p116,2020,IRA_low,2011,20694339.85
p116,2020,IRA_low,2012,20694755.64
p116,2020,IRA_low,2013,20694319.81
p116,2021,IRA_low,2007,18307309.0
p116,2021,IRA_low,2008,18307239.0
p116,2021,IRA_low,2009,18307182.0
p116,2021,IRA_low,2010,18307299.0
p116,2021,IRA_low,2011,18307282.0
p116,2021,IRA_low,2012,18307278.0
p116,2021,IRA_low,2013,18307333.0
p116,2022,IRA_low,2007,18295989.0
p116,2022,IRA_low,2008,18295920.0
p116,2022,IRA_low,2009,18295992.0
p116,2022,IRA_low,2010,18295979.0
p116,2022,IRA_low,2011,18295986.0
p116,2022,IRA_low,2012,18295992.0
p116,2022,IRA_low,2013,18296017.0
p116,2023,IRA_low,2007,17873781.0
p116,2023,IRA_low,2008,17873813.0
p116,2023,IRA_low,2009,17873698.0
p116,2023,IRA_low,2010,17873762.0
p116,2023,IRA_low,2011,17873715.0
p116,2023,IRA_low,2012,17873688.0
p116,2023,IRA_low,2013,17873773.0
p116,2024,IRA_low,2007,18423592.0
p116,2024,IRA_low,2008,18423615.0
p116,2024,IRA_low,2009,18423634.0
p116,2024,IRA_low,2010,18423701.0
p116,2024,IRA_low,2011,18423643.0
p116,2024,IRA_low,2012,18423646.0
p116,2024,IRA_low,2013,18423670.0
p116,2025,IRA_low,2007,18517184.0
p116,2025,IRA_low,2008,18517511.0
p116,2025,IRA_low,2009,18516854.0
p116,2025,IRA_low,2010,18516895.0
p116,2025,IRA_low,2011,18517443.0
p116,2025,IRA_low,2012,18517737.0
p116,2025,IRA_low,2013,18517138.0
p116,2026,IRA_low,2007,18593074.0
p116,2026,IRA_low,2008,18595109.0
p116,2026,IRA_low,2009,18594271.0
p116,2026,IRA_low,2010,18595489.0
p116,2026,IRA_low,2011,18591661.0
p116,2026,IRA_low,2012,18589630.0
p116,2026,IRA_low,2013,18595153.0
p116,2027,IRA_low,2007,18668917.0
p116,2027,IRA_low,2008,18672764.0
p116,2027,IRA_low,2009,18671636.0
p116,2027,IRA_low,2010,18674094.0
p116,2027,IRA_low,2011,18665952.0
p116,2027,IRA_low,2012,18661313.0
p116,2027,IRA_low,2013,18672975.0
p116,2028,IRA_low,2007,18744946.0
p116,2028,IRA_low,2008,18750381.0
p116,2028,IRA_low,2009,18749124.0
p116,2028,IRA_low,2010,18752621.0
p116,2028,IRA_low,2011,18740290.0
p116,2028,IRA_low,2012,18733194.0
p116,2028,IRA_low,2013,18750908.0
p116,2029,IRA_low,2007,18820780.0
p116,2029,IRA_low,2008,18828072.0
p116,2029,IRA_low,2009,18826564.0
p116,2029,IRA_low,2010,18831220.0
p116,2029,IRA_low,2011,18814656.0
p116,2029,IRA_low,2012,18804961.0
p116,2029,IRA_low,2013,18828925.0
p116,2030,IRA_low,2007,18896661.0
p116,2030,IRA_low,2008,18905722.0
p116,2030,IRA_low,2009,18903975.0
p116,2030,IRA_low,2010,18909758.0
p116,2030,IRA_low,2011,18888934.0
p116,2030,IRA_low,2012,18876687.0
p116,2030,IRA_low,2013,18906777.0
p116,2031,IRA_low,2007,19109240.0
p116,2031,IRA_low,2008,19120626.0
p116,2031,IRA_low,2009,19118723.0
p116,2031,IRA_low,2010,19124821.0
p116,2031,IRA_low,2011,19100557.0
p116,2031,IRA_low,2012,19085922.0
p116,2031,IRA_low,2013,19122038.0
p116,2032,IRA_low,2007,19321897.0
p116,2032,IRA_low,2008,19335509.0
p116,2032,IRA_low,2009,19333448.0
p116,2032,IRA_low,2010,19339743.0
p116,2032,IRA_low,2011,19312347.0
p116,2032,IRA_low,2012,19295169.0
p116,2032,IRA_low,2013,19337313.0
p116,2033,IRA_low,2007,19534407.0
p116,2033,IRA_low,2008,19550324.0
p116,2033,IRA_low,2009,19548187.0
p116,2033,IRA_low,2010,19554632.0
p116,2033,IRA_low,2011,19524029.0
p116,2033,IRA_low,2012,19504282.0
p116,2033,IRA_low,2013,19552491.0
p116,2034,IRA_low,2007,19746917.0
p116,2034,IRA_low,2008,19765147.0
p116,2034,IRA_low,2009,19762951.0
p116,2034,IRA_low,2010,19769671.0
p116,2034,IRA_low,2011,19735684.0
p116,2034,IRA_low,2012,19713543.0
p116,2034,IRA_low,2013,19767785.0
p116,2035,IRA_low,2007,19959512.0
p116,2035,IRA_low,2008,19979962.0
p116,2035,IRA_low,2009,19977696.0
p116,2035,IRA_low,2010,19984680.0
p116,2035,IRA_low,2011,19947407.0
p116,2035,IRA_low,2012,19922724.0
p116,2035,IRA_low,2013,19983077.0
p116,2036,IRA_low,2007,20191781.0
p116,2036,IRA_low,2008,20214310.0
p116,2036,IRA_low,2009,20211825.0
p116,2036,IRA_low,2010,20219086.0
p116,2036,IRA_low,2011,20178877.0
p116,2036,IRA_low,2012,20152018.0
p116,2036,IRA_low,2013,20217657.0
p116,2037,IRA_low,2007,20424025.0
p116,2037,IRA_low,2008,20448536.0
p116,2037,IRA_low,2009,20446203.0
p116,2037,IRA_low,2010,20453495.0
p116,2037,IRA_low,2011,20410221.0
p116,2037,IRA_low,2012,20381388.0
p116,2037,IRA_low,2013,20452218.0
p116,2038,IRA_low,2007,20656263.0
p116,2038,IRA_low,2008,20682797.0
p116,2038,IRA_low,2009,20680379.0
p116,2038,IRA_low,2010,20687782.0
p116,2038,IRA_low,2011,20641542.0
p116,2038,IRA_low,2012,20610672.0
p116,2038,IRA_low,2013,20686783.0
p116,2039,IRA_low,2007,20888589.0
p116,2039,IRA_low,2008,20917125.0
p116,2039,IRA_low,2009,20914522.0
p116,2039,IRA_low,2010,20922275.0
p116,2039,IRA_low,2011,20872942.0
p116,2039,IRA_low,2012,20839948.0
p116,2039,IRA_low,2013,20921433.0
p116,2040,IRA_low,2007,21120691.0
p116,2040,IRA_low,2008,21151290.0
p116,2040,IRA_low,2009,21148719.0
p116,2040,IRA_low,2010,21156592.0
p116,2040,IRA_low,2011,21104365.0
p116,2040,IRA_low,2012,21069219.0
p116,2040,IRA_low,2013,21155978.0
p116,2041,IRA_low,2007,21382455.0
p116,2041,IRA_low,2008,21414129.0
p116,2041,IRA_low,2009,21411515.0
p116,2041,IRA_low,2010,21420493.0
p116,2041,IRA_low,2011,21365025.0
p116,2041,IRA_low,2012,21328069.0
p116,2041,IRA_low,2013,21419117.0
p116,2042,IRA_low,2007,21644222.0
p116,2042,IRA_low,2008,21677120.0
p116,2042,IRA_low,2009,21674211.0
p116,2042,IRA_low,2010,21684486.0
p116,2042,IRA_low,2011,21625774.0
p116,2042,IRA_low,2012,21586989.0
p116,2042,IRA_low,2013,21682285.0
p116,2043,IRA_low,2007,21905957.0
p116,2043,IRA_low,2008,21939916.0
p116,2043,IRA_low,2009,21936936.0
p116,2043,IRA_low,2010,21948471.0
p116,2043,IRA_low,2011,21886463.0
p116,2043,IRA_low,2012,21845866.0
p116,2043,IRA_low,2013,21945543.0
p116,2044,IRA_low,2007,22167688.0
p116,2044,IRA_low,2008,22202985.0
p116,2044,IRA_low,2009,22199654.0
p116,2044,IRA_low,2010,22212389.0
p116,2044,IRA_low,2011,22147215.0
p116,2044,IRA_low,2012,22104831.0
p116,2044,IRA_low,2013,22208686.0
p116,2045,IRA_low,2007,22429470.0
p116,2045,IRA_low,2008,22465891.0
p116,2045,IRA_low,2009,22462430.0
p116,2045,IRA_low,2010,22476304.0
p116,2045,IRA_low,2011,22407921.0
p116,2045,IRA_low,2012,22363607.0
p116,2045,IRA_low,2013,22471865.0
p116,2046,IRA_low,2007,22615227.0
p116,2046,IRA_low,2008,22651754.0
p116,2046,IRA_low,2009,22648385.0
p116,2046,IRA_low,2010,22662525.0
p116,2046,IRA_low,2011,22593361.0
p116,2046,IRA_low,2012,22548816.0
p116,2046,IRA_low,2013,22657860.0
p116,2047,IRA_low,2007,22800901.0
p116,2047,IRA_low,2008,22837596.0
p116,2047,IRA_low,2009,22834423.0
p116,2047,IRA_low,2010,22848740.0
p116,2047,IRA_low,2011,22778961.0
p116,2047,IRA_low,2012,22733958.0
p116,2047,IRA_low,2013,22844078.0
p116,2048,IRA_low,2007,22986730.0
p116,2048,IRA_low,2008,23023439.0
p116,2048,IRA_low,2009,23020381.0
p116,2048,IRA_low,2010,23034928.0
p116,2048,IRA_low,2011,22964294.0
p116,2048,IRA_low,2012,22919049.0
p116,2048,IRA_low,2013,23030123.0
p116,2049,IRA_low,2007,23172433.0
p116,2049,IRA_low,2008,23209375.0
p116,2049,IRA_low,2009,23206269.0
p116,2049,IRA_low,2010,23221133.0
p116,2049,IRA_low,2011,23149805.0
p116,2049,IRA_low,2012,23104242.0
p116,2049,IRA_low,2013,23216176.0
p116,2050,IRA_low,2007,23358135.0
p116,2050,IRA_low,2008,23395212.0
p116,2050,IRA_low,2009,23392350.0
p116,2050,IRA_low,2010,23407363.0
p116,2050,IRA_low,2011,23335210.0
p116,2050,IRA_low,2012,23289309.0
p116,2050,IRA_low,2013,23402298.0
p117,2020,IRA_low,2007,12700752.84
p117,2020,IRA_low,2008,12700881.08
p117,2020,IRA_low,2009,12700310.01
p117,2020,IRA_low,2010,12700373.13
p117,2020,IRA_low,2011,12700622.6
p117,2020,IRA_low,2012,12700607.57
p117,2020,IRA_low,2013,12700323.03
p117,2021,IRA_low,2007,15267941.0
p117,2021,IRA_low,2008,15267920.0
p117,2021,IRA_low,2009,15267913.0
p117,2021,IRA_low,2010,15267933.0
p117,2021,IRA_low,2011,15267938.0
p117,2021,IRA_low,2012,15267935.0
p117,2021,IRA_low,2013,15267952.0
p117,2022,IRA_low,2007,15258553.0
p117,2022,IRA_low,2008,15258554.0
p117,2022,IRA_low,2009,15258529.0
p117,2022,IRA_low,2010,15258554.0
p117,2022,IRA_low,2011,15258574.0
p117,2022,IRA_low,2012,15258562.0
p117,2022,IRA_low,2013,15258556.0
p117,2023,IRA_low,2007,14906390.0
p117,2023,IRA_low,2008,14906344.0
p117,2023,IRA_low,2009,14906397.0
p117,2023,IRA_low,2010,14906399.0
p117,2023,IRA_low,2011,14906386.0
p117,2023,IRA_low,2012,14906365.0
p117,2023,IRA_low,2013,14906387.0
p117,2024,IRA_low,2007,15364995.0
p117,2024,IRA_low,2008,15365051.0
p117,2024,IRA_low,2009,15364957.0
p117,2024,IRA_low,2010,15364974.0
p117,2024,IRA_low,2011,15365010.0
p117,2024,IRA_low,2012,15364994.0
p117,2024,IRA_low,2013,15365002.0
p117,2025,IRA_low,2007,15404522.0
p117,2025,IRA_low,2008,15404924.0
p117,2025,IRA_low,2009,15404612.0
p117,2025,IRA_low,2010,15404660.0
p117,2025,IRA_low,2011,15404974.0
p117,2025,IRA_low,2012,15405106.0
p117,2025,IRA_low,2013,15404688.0
p117,2026,IRA_low,2007,15437140.0
p117,2026,IRA_low,2008,15437934.0
p117,2026,IRA_low,2009,15437525.0
p117,2026,IRA_low,2010,15438051.0
p117,2026,IRA_low,2011,15436475.0
p117,2026,IRA_low,2012,15435571.0
p117,2026,IRA_low,2013,15437931.0
p117,2027,IRA_low,2007,15469507.0
p117,2027,IRA_low,2008,15470954.0
p117,2027,IRA_low,2009,15470524.0
p117,2027,IRA_low,2010,15471481.0
p117,2027,IRA_low,2011,15468044.0
p117,2027,IRA_low,2012,15466014.0
p117,2027,IRA_low,2013,15471001.0
p117,2028,IRA_low,2007,15501637.0
p117,2028,IRA_low,2008,15504021.0
p117,2028,IRA_low,2009,15503351.0
p117,2028,IRA_low,2010,15504879.0
p117,2028,IRA_low,2011,15499613.0
p117,2028,IRA_low,2012,15496678.0
p117,2028,IRA_low,2013,15504206.0
p117,2029,IRA_low,2007,15533916.0
p117,2029,IRA_low,2008,15537000.0
p117,2029,IRA_low,2009,15536228.0
p117,2029,IRA_low,2010,15538297.0
p117,2029,IRA_low,2011,15531186.0
p117,2029,IRA_low,2012,15527175.0
p117,2029,IRA_low,2013,15537333.0
p117,2030,IRA_low,2007,15566158.0
p117,2030,IRA_low,2008,15569975.0
p117,2030,IRA_low,2009,15569179.0
p117,2030,IRA_low,2010,15571696.0
p117,2030,IRA_low,2011,15562852.0
p117,2030,IRA_low,2012,15557699.0
p117,2030,IRA_low,2013,15570488.0
p117,2031,IRA_low,2007,15656569.0
p117,2031,IRA_low,2008,15661359.0
p117,2031,IRA_low,2009,15660546.0
p117,2031,IRA_low,2010,15663114.0
p117,2031,IRA_low,2011,15652869.0
p117,2031,IRA_low,2012,15646641.0
p117,2031,IRA_low,2013,15662053.0
p117,2032,IRA_low,2007,15746896.0
p117,2032,IRA_low,2008,15752774.0
p117,2032,IRA_low,2009,15751835.0
p117,2032,IRA_low,2010,15754572.0
p117,2032,IRA_low,2011,15742836.0
p117,2032,IRA_low,2012,15735685.0
p117,2032,IRA_low,2013,15753520.0
p117,2033,IRA_low,2007,15837325.0
p117,2033,IRA_low,2008,15844073.0
p117,2033,IRA_low,2009,15843180.0
p117,2033,IRA_low,2010,15845930.0
p117,2033,IRA_low,2011,15832910.0
p117,2033,IRA_low,2012,15824574.0
p117,2033,IRA_low,2013,15844998.0
p117,2034,IRA_low,2007,15927792.0
p117,2034,IRA_low,2008,15935530.0
p117,2034,IRA_low,2009,15934502.0
p117,2034,IRA_low,2010,15937372.0
p117,2034,IRA_low,2011,15922900.0
p117,2034,IRA_low,2012,15913519.0
p117,2034,IRA_low,2013,15936641.0
p117,2035,IRA_low,2007,16018140.0
p117,2035,IRA_low,2008,16026870.0
p117,2035,IRA_low,2009,16025799.0
p117,2035,IRA_low,2010,16028850.0
p117,2035,IRA_low,2011,16012903.0
p117,2035,IRA_low,2012,16002459.0
p117,2035,IRA_low,2013,16028087.0
p117,2036,IRA_low,2007,16116917.0
p117,2036,IRA_low,2008,16126481.0
p117,2036,IRA_low,2009,16125433.0
p117,2036,IRA_low,2010,16128390.0
p117,2036,IRA_low,2011,16111243.0
p117,2036,IRA_low,2012,16100025.0
p117,2036,IRA_low,2013,16127829.0
p117,2037,IRA_low,2007,16215893.0
p117,2037,IRA_low,2008,16226097.0
p117,2037,IRA_low,2009,16225030.0
p117,2037,IRA_low,2010,16228128.0
p117,2037,IRA_low,2011,16209690.0
p117,2037,IRA_low,2012,16197454.0
p117,2037,IRA_low,2013,16227653.0
p117,2038,IRA_low,2007,16314410.0
p117,2038,IRA_low,2008,16325728.0
p117,2038,IRA_low,2009,16324575.0
p117,2038,IRA_low,2010,16327815.0
p117,2038,IRA_low,2011,16308169.0
p117,2038,IRA_low,2012,16295026.0
p117,2038,IRA_low,2013,16327381.0
p117,2039,IRA_low,2007,16413204.0
p117,2039,IRA_low,2008,16425271.0
p117,2039,IRA_low,2009,16424244.0
p117,2039,IRA_low,2010,16427482.0
p117,2039,IRA_low,2011,16406463.0
p117,2039,IRA_low,2012,16392471.0
p117,2039,IRA_low,2013,16427196.0
p117,2040,IRA_low,2007,16511938.0
p117,2040,IRA_low,2008,16524925.0
p117,2040,IRA_low,2009,16523788.0
p117,2040,IRA_low,2010,16527143.0
p117,2040,IRA_low,2011,16504869.0
p117,2040,IRA_low,2012,16490088.0
p117,2040,IRA_low,2013,16526896.0
p117,2041,IRA_low,2007,16623210.0
p117,2041,IRA_low,2008,16636781.0
p117,2041,IRA_low,2009,16635508.0
p117,2041,IRA_low,2010,16639367.0
p117,2041,IRA_low,2011,16615759.0
p117,2041,IRA_low,2012,16600092.0
p117,2041,IRA_low,2013,16638850.0
p117,2042,IRA_low,2007,16734523.0
p117,2042,IRA_low,2008,16748538.0
p117,2042,IRA_low,2009,16747152.0
p117,2042,IRA_low,2010,16751622.0
p117,2042,IRA_low,2011,16726612.0
p117,2042,IRA_low,2012,16710172.0
p117,2042,IRA_low,2013,16750688.0
p117,2043,IRA_low,2007,16845848.0
p117,2043,IRA_low,2008,16860440.0
p117,2043,IRA_low,2009,16858925.0
p117,2043,IRA_low,2010,16863854.0
p117,2043,IRA_low,2011,16837513.0
p117,2043,IRA_low,2012,16820291.0
p117,2043,IRA_low,2013,16862697.0
p117,2044,IRA_low,2007,16957191.0
p117,2044,IRA_low,2008,16972144.0
p117,2044,IRA_low,2009,16970719.0
p117,2044,IRA_low,2010,16976006.0
p117,2044,IRA_low,2011,16948475.0
p117,2044,IRA_low,2012,16930418.0
p117,2044,IRA_low,2013,16974534.0
p117,2045,IRA_low,2007,17068585.0
p117,2045,IRA_low,2008,17083225.0
p117,2045,IRA_low,2009,17082412.0
p117,2045,IRA_low,2010,17088322.0
p117,2045,IRA_low,2011,17059238.0
p117,2045,IRA_low,2012,17040556.0
p117,2045,IRA_low,2013,17086436.0
p117,2046,IRA_low,2007,17147475.0
p117,2046,IRA_low,2008,17162992.0
p117,2046,IRA_low,2009,17161520.0
p117,2046,IRA_low,2010,17167558.0
p117,2046,IRA_low,2011,17138118.0
p117,2046,IRA_low,2012,17120119.0
p117,2046,IRA_low,2013,17165605.0
p117,2047,IRA_low,2007,17226451.0
p117,2047,IRA_low,2008,17242086.0
p117,2047,IRA_low,2009,17240589.0
p117,2047,IRA_low,2010,17246713.0
p117,2047,IRA_low,2011,17216996.0
p117,2047,IRA_low,2012,17197974.0
p117,2047,IRA_low,2013,17244725.0
p117,2048,IRA_low,2007,17305481.0
p117,2048,IRA_low,2008,17321088.0
p117,2048,IRA_low,2009,17319610.0
p117,2048,IRA_low,2010,17325916.0
p117,2048,IRA_low,2011,17295862.0
p117,2048,IRA_low,2012,17276658.0
p117,2048,IRA_low,2013,17323909.0
p117,2049,IRA_low,2007,17384339.0
p117,2049,IRA_low,2008,17400044.0
p117,2049,IRA_low,2009,17398696.0
p117,2049,IRA_low,2010,17405057.0
p117,2049,IRA_low,2011,17374728.0
p117,2049,IRA_low,2012,17355340.0
p117,2049,IRA_low,2013,17402995.0
p117,2050,IRA_low,2007,17463494.0
p117,2050,IRA_low,2008,17479200.0
p117,2050,IRA_low,2009,17477748.0
p117,2050,IRA_low,2010,17484252.0
p117,2050,IRA_low,2011,17453641.0
p117,2050,IRA_low,2012,17434087.0
p117,2050,IRA_low,2013,17482108.0
p118,2020,IRA_low,2007,18291191.23
p118,2020,IRA_low,2008,18291336.77
p118,2020,IRA_low,2009,18290484.18
p118,2020,IRA_low,2010,18290714.36
p118,2020,IRA_low,2011,18290981.69
p118,2020,IRA_low,2012,18290974.47
p118,2020,IRA_low,2013,18290541.98
p118,2021,IRA_low,2007,23059223.0
p118,2021,IRA_low,2008,23059236.0
p118,2021,IRA_low,2009,23059160.0
p118,2021,IRA_low,2010,23059191.0
p118,2021,IRA_low,2011,23059220.0
p118,2021,IRA_low,2012,23059174.0
p118,2021,IRA_low,2013,23059204.0
p118,2022,IRA_low,2007,24293764.0
p118,2022,IRA_low,2008,24293738.0
p118,2022,IRA_low,2009,24293773.0
p118,2022,IRA_low,2010,24293742.0
p118,2022,IRA_low,2011,24293774.0
p118,2022,IRA_low,2012,24293762.0
p118,2022,IRA_low,2013,24293750.0
p118,2023,IRA_low,2007,24343588.0
p118,2023,IRA_low,2008,24343636.0
p118,2023,IRA_low,2009,24343549.0
p118,2023,IRA_low,2010,24343529.0
p118,2023,IRA_low,2011,24343541.0
p118,2023,IRA_low,2012,24343568.0
p118,2023,IRA_low,2013,24343542.0
p118,2024,IRA_low,2007,25020688.0
p118,2024,IRA_low,2008,25020727.0
p118,2024,IRA_low,2009,25020722.0
p118,2024,IRA_low,2010,25020699.0
p118,2024,IRA_low,2011,25020701.0
p118,2024,IRA_low,2012,25020695.0
p118,2024,IRA_low,2013,25020698.0
p118,2025,IRA_low,2007,25747000.0
p118,2025,IRA_low,2008,25744221.0
p118,2025,IRA_low,2009,25744246.0
p118,2025,IRA_low,2010,25749036.0
p118,2025,IRA_low,2011,25745791.0
p118,2025,IRA_low,2012,25744714.0
p118,2025,IRA_low,2013,25743761.0
p118,2026,IRA_low,2007,26711113.0
p118,2026,IRA_low,2008,26706887.0
p118,2026,IRA_low,2009,26708118.0
p118,2026,IRA_low,2010,26715924.0
p118,2026,IRA_low,2011,26708690.0
p118,2026,IRA_low,2012,26705386.0
p118,2026,IRA_low,2013,26707359.0
p118,2027,IRA_low,2007,27675161.0
p118,2027,IRA_low,2008,27669433.0
p118,2027,IRA_low,2009,27672070.0
p118,2027,IRA_low,2010,27682814.0
p118,2027,IRA_low,2011,27671566.0
p118,2027,IRA_low,2012,27666090.0
p118,2027,IRA_low,2013,27670910.0
p118,2028,IRA_low,2007,28639258.0
p118,2028,IRA_low,2008,28632100.0
p118,2028,IRA_low,2009,28635900.0
p118,2028,IRA_low,2010,28649693.0
p118,2028,IRA_low,2011,28634495.0
p118,2028,IRA_low,2012,28626870.0
p118,2028,IRA_low,2013,28634446.0
p118,2029,IRA_low,2007,29603368.0
p118,2029,IRA_low,2008,29594703.0
p118,2029,IRA_low,2009,29599797.0
p118,2029,IRA_low,2010,29616673.0
p118,2029,IRA_low,2011,29597333.0
p118,2029,IRA_low,2012,29587600.0
p118,2029,IRA_low,2013,29597945.0
p118,2030,IRA_low,2007,30567508.0
p118,2030,IRA_low,2008,30557338.0
p118,2030,IRA_low,2009,30563639.0
p118,2030,IRA_low,2010,30583517.0
p118,2030,IRA_low,2011,30560180.0
p118,2030,IRA_low,2012,30548262.0
p118,2030,IRA_low,2013,30561601.0
p118,2031,IRA_low,2007,31311601.0
p118,2031,IRA_low,2008,31300906.0
p118,2031,IRA_low,2009,31309395.0
p118,2031,IRA_low,2010,31330933.0
p118,2031,IRA_low,2011,31303132.0
p118,2031,IRA_low,2012,31288461.0
p118,2031,IRA_low,2013,31307005.0
p118,2032,IRA_low,2007,32055706.0
p118,2032,IRA_low,2008,32044287.0
p118,2032,IRA_low,2009,32055131.0
p118,2032,IRA_low,2010,32078176.0
p118,2032,IRA_low,2011,32046035.0
p118,2032,IRA_low,2012,32028720.0
p118,2032,IRA_low,2013,32052382.0
p118,2033,IRA_low,2007,32799737.0
p118,2033,IRA_low,2008,32788222.0
p118,2033,IRA_low,2009,32800850.0
p118,2033,IRA_low,2010,32825556.0
p118,2033,IRA_low,2011,32789057.0
p118,2033,IRA_low,2012,32768962.0
p118,2033,IRA_low,2013,32797936.0
p118,2034,IRA_low,2007,33543828.0
p118,2034,IRA_low,2008,33531864.0
p118,2034,IRA_low,2009,33546472.0
p118,2034,IRA_low,2010,33572906.0
p118,2034,IRA_low,2011,33532014.0
p118,2034,IRA_low,2012,33509098.0
p118,2034,IRA_low,2013,33543353.0
p118,2035,IRA_low,2007,34287908.0
p118,2035,IRA_low,2008,34275503.0
p118,2035,IRA_low,2009,34292163.0
p118,2035,IRA_low,2010,34320195.0
p118,2035,IRA_low,2011,34274979.0
p118,2035,IRA_low,2012,34249327.0
p118,2035,IRA_low,2013,34288798.0
p118,2036,IRA_low,2007,34802217.0
p118,2036,IRA_low,2008,34788718.0
p118,2036,IRA_low,2009,34806653.0
p118,2036,IRA_low,2010,34836889.0
p118,2036,IRA_low,2011,34788257.0
p118,2036,IRA_low,2012,34760632.0
p118,2036,IRA_low,2013,34802971.0
p118,2037,IRA_low,2007,35316532.0
p118,2037,IRA_low,2008,35301991.0
p118,2037,IRA_low,2009,35321153.0
p118,2037,IRA_low,2010,35353666.0
p118,2037,IRA_low,2011,35301430.0
p118,2037,IRA_low,2012,35271962.0
p118,2037,IRA_low,2013,35317239.0
p118,2038,IRA_low,2007,35830867.0
p118,2038,IRA_low,2008,35815266.0
p118,2038,IRA_low,2009,35835553.0
p118,2038,IRA_low,2010,35870346.0
p118,2038,IRA_low,2011,35814766.0
p118,2038,IRA_low,2012,35783290.0
p118,2038,IRA_low,2013,35831487.0
p118,2039,IRA_low,2007,36345219.0
p118,2039,IRA_low,2008,36328474.0
p118,2039,IRA_low,2009,36350027.0
p118,2039,IRA_low,2010,36387044.0
p118,2039,IRA_low,2011,36327836.0
p118,2039,IRA_low,2012,36294671.0
p118,2039,IRA_low,2013,36345696.0
p118,2040,IRA_low,2007,36859516.0
p118,2040,IRA_low,2008,36841780.0
p118,2040,IRA_low,2009,36864490.0
p118,2040,IRA_low,2010,36903631.0
p118,2040,IRA_low,2011,36841313.0
p118,2040,IRA_low,2012,36805944.0
p118,2040,IRA_low,2013,36859987.0
p118,2041,IRA_low,2007,37402843.0
p118,2041,IRA_low,2008,37383724.0
p118,2041,IRA_low,2009,37407136.0
p118,2041,IRA_low,2010,37448818.0
p118,2041,IRA_low,2011,37383589.0
p118,2041,IRA_low,2012,37346931.0
p118,2041,IRA_low,2013,37402508.0
p118,2042,IRA_low,2007,37946188.0
p118,2042,IRA_low,2008,37925848.0
p118,2042,IRA_low,2009,37949694.0
p118,2042,IRA_low,2010,37994160.0
p118,2042,IRA_low,2011,37926103.0
p118,2042,IRA_low,2012,37887919.0
p118,2042,IRA_low,2013,37945049.0
p118,2043,IRA_low,2007,38489531.0
p118,2043,IRA_low,2008,38467793.0
p118,2043,IRA_low,2009,38492364.0
p118,2043,IRA_low,2010,38539343.0
p118,2043,IRA_low,2011,38468473.0
p118,2043,IRA_low,2012,38428922.0
p118,2043,IRA_low,2013,38487445.0
p118,2044,IRA_low,2007,39032845.0
p118,2044,IRA_low,2008,39009866.0
p118,2044,IRA_low,2009,39035117.0
p118,2044,IRA_low,2010,39084471.0
p118,2044,IRA_low,2011,39010964.0
p118,2044,IRA_low,2012,38969926.0
p118,2044,IRA_low,2013,39029936.0
p118,2045,IRA_low,2007,39576144.0
p118,2045,IRA_low,2008,39551915.0
p118,2045,IRA_low,2009,39577707.0
p118,2045,IRA_low,2010,39629772.0
p118,2045,IRA_low,2011,39553373.0
p118,2045,IRA_low,2012,39510945.0
p118,2045,IRA_low,2013,39572320.0
p118,2046,IRA_low,2007,40116191.0
p118,2046,IRA_low,2008,40090338.0
p118,2046,IRA_low,2009,40116324.0
p118,2046,IRA_low,2010,40170927.0
p118,2046,IRA_low,2011,40092802.0
p118,2046,IRA_low,2012,40049450.0
p118,2046,IRA_low,2013,40110919.0
p118,2047,IRA_low,2007,40656075.0
p118,2047,IRA_low,2008,40628804.0
p118,2047,IRA_low,2009,40655029.0
p118,2047,IRA_low,2010,40712245.0
p118,2047,IRA_low,2011,40632025.0
p118,2047,IRA_low,2012,40587882.0
p118,2047,IRA_low,2013,40649379.0
p118,2048,IRA_low,2007,41196080.0
p118,2048,IRA_low,2008,41167512.0
p118,2048,IRA_low,2009,41193672.0
p118,2048,IRA_low,2010,41253499.0
p118,2048,IRA_low,2011,41171328.0
p118,2048,IRA_low,2012,41126350.0
p118,2048,IRA_low,2013,41187936.0
p118,2049,IRA_low,2007,41736042.0
p118,2049,IRA_low,2008,41705963.0
p118,2049,IRA_low,2009,41732269.0
p118,2049,IRA_low,2010,41794747.0
p118,2049,IRA_low,2011,41710712.0
p118,2049,IRA_low,2012,41664809.0
p118,2049,IRA_low,2013,41726418.0
p118,2050,IRA_low,2007,42276042.0
p118,2050,IRA_low,2008,42244429.0
p118,2050,IRA_low,2009,42270935.0
p118,2050,IRA_low,2010,42335983.0
p118,2050,IRA_low,2011,42250000.0
p118,2050,IRA_low,2012,42203243.0
p118,2050,IRA_low,2013,42264957.0
p119,2020,IRA_low,2007,2702198.85
p119,2020,IRA_low,2008,2702222.4
p119,2020,IRA_low,2009,2702068.86
p119,2020,IRA_low,2010,2702143.28
p119,2020,IRA_low,2011,2702180.01
p119,2020,IRA_low,2012,2702190.37
p119,2020,IRA_low,2013,2702146.1
p119,2021,IRA_low,2007,3676278.0
p119,2021,IRA_low,2008,3676425.0
p119,2021,IRA_low,2009,3676400.0
p119,2021,IRA_low,2010,3676246.0
p119,2021,IRA_low,2011,3676262.0
p119,2021,IRA_low,2012,3676282.0
p119,2021,IRA_low,2013,3676285.0
p119,2022,IRA_low,2007,3737221.0
p119,2022,IRA_low,2008,3737273.0
p119,2022,IRA_low,2009,3737130.0
p119,2022,IRA_low,2010,3737217.0
p119,2022,IRA_low,2011,3737254.0
p119,2022,IRA_low,2012,3737221.0
p119,2022,IRA_low,2013,3737225.0
p119,2023,IRA_low,2007,3599592.0
p119,2023,IRA_low,2008,3599580.0
p119,2023,IRA_low,2009,3599549.0
p119,2023,IRA_low,2010,3599570.0
p119,2023,IRA_low,2011,3599559.0
p119,2023,IRA_low,2012,3599510.0
p119,2023,IRA_low,2013,3599560.0
p119,2024,IRA_low,2007,3655149.0
p119,2024,IRA_low,2008,3655038.0
p119,2024,IRA_low,2009,3655142.0
p119,2024,IRA_low,2010,3655130.0
p119,2024,IRA_low,2011,3655132.0
p119,2024,IRA_low,2012,3655196.0
p119,2024,IRA_low,2013,3655175.0
p119,2025,IRA_low,2007,3673255.0
p119,2025,IRA_low,2008,3672944.0
p119,2025,IRA_low,2009,3673005.0
p119,2025,IRA_low,2010,3673067.0
p119,2025,IRA_low,2011,3672655.0
p119,2025,IRA_low,2012,3671822.0
p119,2025,IRA_low,2013,3673138.0
p119,2026,IRA_low,2007,3726429.0
p119,2026,IRA_low,2008,3725667.0
p119,2026,IRA_low,2009,3725948.0
p119,2026,IRA_low,2010,3725536.0
p119,2026,IRA_low,2011,3724397.0
p119,2026,IRA_low,2012,3721684.0
p119,2026,IRA_low,2013,3726077.0
p119,2027,IRA_low,2007,3779706.0
p119,2027,IRA_low,2008,3778391.0
p119,2027,IRA_low,2009,3778950.0
p119,2027,IRA_low,2010,3777868.0
p119,2027,IRA_low,2011,3776045.0
p119,2027,IRA_low,2012,3771535.0
p119,2027,IRA_low,2013,3779062.0
p119,2028,IRA_low,2007,3832765.0
p119,2028,IRA_low,2008,3831084.0
p119,2028,IRA_low,2009,3831888.0
p119,2028,IRA_low,2010,3830258.0
p119,2028,IRA_low,2011,3827834.0
p119,2028,IRA_low,2012,3821379.0
p119,2028,IRA_low,2013,3832107.0
p119,2029,IRA_low,2007,3886004.0
p119,2029,IRA_low,2008,3883754.0
p119,2029,IRA_low,2009,3884871.0
p119,2029,IRA_low,2010,3882692.0
p119,2029,IRA_low,2011,3879570.0
p119,2029,IRA_low,2012,3871244.0
p119,2029,IRA_low,2013,3885192.0
p119,2030,IRA_low,2007,3939076.0
p119,2030,IRA_low,2008,3936343.0
p119,2030,IRA_low,2009,3937780.0
p119,2030,IRA_low,2010,3935155.0
p119,2030,IRA_low,2011,3931251.0
p119,2030,IRA_low,2012,3921205.0
p119,2030,IRA_low,2013,3938019.0
p119,2031,IRA_low,2007,4004152.0
p119,2031,IRA_low,2008,4000920.0
p119,2031,IRA_low,2009,4002506.0
p119,2031,IRA_low,2010,3999378.0
p119,2031,IRA_low,2011,3994771.0
p119,2031,IRA_low,2012,3982575.0
p119,2031,IRA_low,2013,4002859.0
p119,2032,IRA_low,2007,4069061.0
p119,2032,IRA_low,2008,4065352.0
p119,2032,IRA_low,2009,4067266.0
p119,2032,IRA_low,2010,4063608.0
p119,2032,IRA_low,2011,4058385.0
p119,2032,IRA_low,2012,4044190.0
p119,2032,IRA_low,2013,4067722.0
p119,2033,IRA_low,2007,4134139.0
p119,2033,IRA_low,2008,4129846.0
p119,2033,IRA_low,2009,4131985.0
p119,2033,IRA_low,2010,4127882.0
p119,2033,IRA_low,2011,4121841.0
p119,2033,IRA_low,2012,4105847.0
p119,2033,IRA_low,2013,4132590.0
p119,2034,IRA_low,2007,4199166.0
p119,2034,IRA_low,2008,4194330.0
p119,2034,IRA_low,2009,4196753.0
p119,2034,IRA_low,2010,4192242.0
p119,2034,IRA_low,2011,4185355.0
p119,2034,IRA_low,2012,4167420.0
p119,2034,IRA_low,2013,4197499.0
p119,2035,IRA_low,2007,4264104.0
p119,2035,IRA_low,2008,4258774.0
p119,2035,IRA_low,2009,4261404.0
p119,2035,IRA_low,2010,4256451.0
p119,2035,IRA_low,2011,4248834.0
p119,2035,IRA_low,2012,4228978.0
p119,2035,IRA_low,2013,4262386.0
p119,2036,IRA_low,2007,4325281.0
p119,2036,IRA_low,2008,4319509.0
p119,2036,IRA_low,2009,4322314.0
p119,2036,IRA_low,2010,4317016.0
p119,2036,IRA_low,2011,4308880.0
p119,2036,IRA_low,2012,4287534.0
p119,2036,IRA_low,2013,4323309.0
p119,2037,IRA_low,2007,4386355.0
p119,2037,IRA_low,2008,4380253.0
p119,2037,IRA_low,2009,4383229.0
p119,2037,IRA_low,2010,4377565.0
p119,2037,IRA_low,2011,4368812.0
p119,2037,IRA_low,2012,4345813.0
p119,2037,IRA_low,2013,4384374.0
p119,2038,IRA_low,2007,4447486.0
p119,2038,IRA_low,2008,4440883.0
p119,2038,IRA_low,2009,4444170.0
p119,2038,IRA_low,2010,4438028.0
p119,2038,IRA_low,2011,4428745.0
p119,2038,IRA_low,2012,4404234.0
p119,2038,IRA_low,2013,4445426.0
p119,2039,IRA_low,2007,4508557.0
p119,2039,IRA_low,2008,4501588.0
p119,2039,IRA_low,2009,4505066.0
p119,2039,IRA_low,2010,4498646.0
p119,2039,IRA_low,2011,4488735.0
p119,2039,IRA_low,2012,4462680.0
p119,2039,IRA_low,2013,4506393.0
p119,2040,IRA_low,2007,4569669.0
p119,2040,IRA_low,2008,4562320.0
p119,2040,IRA_low,2009,4565909.0
p119,2040,IRA_low,2010,4559185.0
p119,2040,IRA_low,2011,4548701.0
p119,2040,IRA_low,2012,4521044.0
p119,2040,IRA_low,2013,4567376.0
p119,2041,IRA_low,2007,4624797.0
p119,2041,IRA_low,2008,4617335.0
p119,2041,IRA_low,2009,4621033.0
p119,2041,IRA_low,2010,4614133.0
p119,2041,IRA_low,2011,4603342.0
p119,2041,IRA_low,2012,4574833.0
p119,2041,IRA_low,2013,4622574.0
p119,2042,IRA_low,2007,4679979.0
p119,2042,IRA_low,2008,4672267.0
p119,2042,IRA_low,2009,4676102.0
p119,2042,IRA_low,2010,4669094.0
p119,2042,IRA_low,2011,4657915.0
p119,2042,IRA_low,2012,4628663.0
p119,2042,IRA_low,2013,4677753.0
p119,2043,IRA_low,2007,4735113.0
p119,2043,IRA_low,2008,4727280.0
p119,2043,IRA_low,2009,4731270.0
p119,2043,IRA_low,2010,4724047.0
p119,2043,IRA_low,2011,4712531.0
p119,2043,IRA_low,2012,4682449.0
p119,2043,IRA_low,2013,4732934.0
p119,2044,IRA_low,2007,4790276.0
p119,2044,IRA_low,2008,4782316.0
p119,2044,IRA_low,2009,4786285.0
p119,2044,IRA_low,2010,4778924.0
p119,2044,IRA_low,2011,4767118.0
p119,2044,IRA_low,2012,4736230.0
p119,2044,IRA_low,2013,4788061.0
p119,2045,IRA_low,2007,4845437.0
p119,2045,IRA_low,2008,4837288.0
p119,2045,IRA_low,2009,4841398.0
p119,2045,IRA_low,2010,4833788.0
p119,2045,IRA_low,2011,4821690.0
p119,2045,IRA_low,2012,4789985.0
p119,2045,IRA_low,2013,4843247.0
p119,2046,IRA_low,2007,4889417.0
p119,2046,IRA_low,2008,4881184.0
p119,2046,IRA_low,2009,4885260.0
p119,2046,IRA_low,2010,4877865.0
p119,2046,IRA_low,2011,4865418.0
p119,2046,IRA_low,2012,4833452.0
p119,2046,IRA_low,2013,4887194.0
p119,2047,IRA_low,2007,4933503.0
p119,2047,IRA_low,2008,4925060.0
p119,2047,IRA_low,2009,4929116.0
p119,2047,IRA_low,2010,4921755.0
p119,2047,IRA_low,2011,4909153.0
p119,2047,IRA_low,2012,4876775.0
p119,2047,IRA_low,2013,4931118.0
p119,2048,IRA_low,2007,4977482.0
p119,2048,IRA_low,2008,4968874.0
p119,2048,IRA_low,2009,4972991.0
p119,2048,IRA_low,2010,4965690.0
p119,2048,IRA_low,2011,4952864.0
p119,2048,IRA_low,2012,4920288.0
p119,2048,IRA_low,2013,4975132.0
p119,2049,IRA_low,2007,5021424.0
p119,2049,IRA_low,2008,5012710.0
p119,2049,IRA_low,2009,5016895.0
p119,2049,IRA_low,2010,5009769.0
p119,2049,IRA_low,2011,4996626.0
p119,2049,IRA_low,2012,4963649.0
p119,2049,IRA_low,2013,5019068.0
p119,2050,IRA_low,2007,5065421.0
p119,2050,IRA_low,2008,5056561.0
p119,2050,IRA_low,2009,5060844.0
p119,2050,IRA_low,2010,5053654.0
p119,2050,IRA_low,2011,5040376.0
p119,2050,IRA_low,2012,5007037.0
p119,2050,IRA_low,2013,5062937.0
p12,2020,IRA_low,2007,12450124.46
p12,2020,IRA_low,2008,12449836.82
p12,2020,IRA_low,2009,12450373.83
p12,2020,IRA_low,2010,12450436.46
p12,2020,IRA_low,2011,12449815.94
p12,2020,IRA_low,2012,12450427.18
p12,2020,IRA_low,2013,12449798.54
p12,2021,IRA_low,2007,13197993.0
p12,2021,IRA_low,2008,13198014.0
p12,2021,IRA_low,2009,13197977.0
p12,2021,IRA_low,2010,13197969.0
p12,2021,IRA_low,2011,13198000.0
p12,2021,IRA_low,2012,13198012.0
p12,2021,IRA_low,2013,13198023.0
p12,2022,IRA_low,2007,13380840.0
p12,2022,IRA_low,2008,13380879.0
p12,2022,IRA_low,2009,13380849.0
p12,2022,IRA_low,2010,13380751.0
p12,2022,IRA_low,2011,13380827.0
p12,2022,IRA_low,2012,13380782.0
p12,2022,IRA_low,2013,13380817.0
p12,2023,IRA_low,2007,13118239.0
p12,2023,IRA_low,2008,13118299.0
p12,2023,IRA_low,2009,13118354.0
p12,2023,IRA_low,2010,13118240.0
p12,2023,IRA_low,2011,13118302.0
p12,2023,IRA_low,2012,13118322.0
p12,2023,IRA_low,2013,13118251.0
p12,2024,IRA_low,2007,13985121.0
p12,2024,IRA_low,2008,13985108.0
p12,2024,IRA_low,2009,13985171.0
p12,2024,IRA_low,2010,13985177.0
p12,2024,IRA_low,2011,13985176.0
p12,2024,IRA_low,2012,13985219.0
p12,2024,IRA_low,2013,13985137.0
p12,2025,IRA_low,2007,14279116.0
p12,2025,IRA_low,2008,14278029.0
p12,2025,IRA_low,2009,14277413.0
p12,2025,IRA_low,2010,14275305.0
p12,2025,IRA_low,2011,14276219.0
p12,2025,IRA_low,2012,14276322.0
p12,2025,IRA_low,2013,14278176.0
p12,2026,IRA_low,2007,14674990.0
p12,2026,IRA_low,2008,14673715.0
p12,2026,IRA_low,2009,14672799.0
p12,2026,IRA_low,2010,14668806.0
p12,2026,IRA_low,2011,14671736.0
p12,2026,IRA_low,2012,14668632.0
p12,2026,IRA_low,2013,14675096.0
p12,2027,IRA_low,2007,15071444.0
p12,2027,IRA_low,2008,15069580.0
p12,2027,IRA_low,2009,15068263.0
p12,2027,IRA_low,2010,15062385.0
p12,2027,IRA_low,2011,15067322.0
p12,2027,IRA_low,2012,15060967.0
p12,2027,IRA_low,2013,15071418.0
p12,2028,IRA_low,2007,15467739.0
p12,2028,IRA_low,2008,15465352.0
p12,2028,IRA_low,2009,15463637.0
p12,2028,IRA_low,2010,15455904.0
p12,2028,IRA_low,2011,15462942.0
p12,2028,IRA_low,2012,15453267.0
p12,2028,IRA_low,2013,15467918.0
p12,2029,IRA_low,2007,15863858.0
p12,2029,IRA_low,2008,15861167.0
p12,2029,IRA_low,2009,15859040.0
p12,2029,IRA_low,2010,15849408.0
p12,2029,IRA_low,2011,15858354.0
p12,2029,IRA_low,2012,15845658.0
p12,2029,IRA_low,2013,15864449.0
p12,2030,IRA_low,2007,16260078.0
p12,2030,IRA_low,2008,16256990.0
p12,2030,IRA_low,2009,16254368.0
p12,2030,IRA_low,2010,16242953.0
p12,2030,IRA_low,2011,16254045.0
p12,2030,IRA_low,2012,16237900.0
p12,2030,IRA_low,2013,16261054.0
p12,2031,IRA_low,2007,16615777.0
p12,2031,IRA_low,2008,16612385.0
p12,2031,IRA_low,2009,16609420.0
p12,2031,IRA_low,2010,16596247.0
p12,2031,IRA_low,2011,16609245.0
p12,2031,IRA_low,2012,16589754.0
p12,2031,IRA_low,2013,16617186.0
p12,2032,IRA_low,2007,16971370.0
p12,2032,IRA_low,2008,16967676.0
p12,2032,IRA_low,2009,16964438.0
p12,2032,IRA_low,2010,16949531.0
p12,2032,IRA_low,2011,16964580.0
p12,2032,IRA_low,2012,16941676.0
p12,2032,IRA_low,2013,16973348.0
p12,2033,IRA_low,2007,17326980.0
p12,2033,IRA_low,2008,17323090.0
p12,2033,IRA_low,2009,17319396.0
p12,2033,IRA_low,2010,17302824.0
p12,2033,IRA_low,2011,17319798.0
p12,2033,IRA_low,2012,17293598.0
p12,2033,IRA_low,2013,17329518.0
p12,2034,IRA_low,2007,17682618.0
p12,2034,IRA_low,2008,17678422.0
p12,2034,IRA_low,2009,17674559.0
p12,2034,IRA_low,2010,17655798.0
p12,2034,IRA_low,2011,17675169.0
p12,2034,IRA_low,2012,17645389.0
p12,2034,IRA_low,2013,17685673.0
p12,2035,IRA_low,2007,18038315.0
p12,2035,IRA_low,2008,18033813.0
p12,2035,IRA_low,2009,18029423.0
p12,2035,IRA_low,2010,18009349.0
p12,2035,IRA_low,2011,18030478.0
p12,2035,IRA_low,2012,17997309.0
p12,2035,IRA_low,2013,18041831.0
p12,2036,IRA_low,2007,18336065.0
p12,2036,IRA_low,2008,18331041.0
p12,2036,IRA_low,2009,18326340.0
p12,2036,IRA_low,2010,18304769.0
p12,2036,IRA_low,2011,18327273.0
p12,2036,IRA_low,2012,18291968.0
p12,2036,IRA_low,2013,18339526.0
p12,2037,IRA_low,2007,18633801.0
p12,2037,IRA_low,2008,18628300.0
p12,2037,IRA_low,2009,18623080.0
p12,2037,IRA_low,2010,18600191.0
p12,2037,IRA_low,2011,18624034.0
p12,2037,IRA_low,2012,18586495.0
p12,2037,IRA_low,2013,18637439.0
p12,2038,IRA_low,2007,18931491.0
p12,2038,IRA_low,2008,18925472.0
p12,2038,IRA_low,2009,18920126.0
p12,2038,IRA_low,2010,18895591.0
p12,2038,IRA_low,2011,18920808.0
p12,2038,IRA_low,2012,18881085.0
p12,2038,IRA_low,2013,18935152.0
p12,2039,IRA_low,2007,19229316.0
p12,2039,IRA_low,2008,19222647.0
p12,2039,IRA_low,2009,19216953.0
p12,2039,IRA_low,2010,19190987.0
p12,2039,IRA_low,2011,19217730.0
p12,2039,IRA_low,2012,19175740.0
p12,2039,IRA_low,2013,19232835.0
p12,2040,IRA_low,2007,19527045.0
p12,2040,IRA_low,2008,19519938.0
p12,2040,IRA_low,2009,19513880.0
p12,2040,IRA_low,2010,19486445.0
p12,2040,IRA_low,2011,19514415.0
p12,2040,IRA_low,2012,19470380.0
p12,2040,IRA_low,2013,19530671.0
p12,2041,IRA_low,2007,19809789.0
p12,2041,IRA_low,2008,19802262.0
p12,2041,IRA_low,2009,19795913.0
p12,2041,IRA_low,2010,19767446.0
p12,2041,IRA_low,2011,19796139.0
p12,2041,IRA_low,2012,19751214.0
p12,2041,IRA_low,2013,19813225.0
p12,2042,IRA_low,2007,20092627.0
p12,2042,IRA_low,2008,20084562.0
p12,2042,IRA_low,2009,20077931.0
p12,2042,IRA_low,2010,20048429.0
p12,2042,IRA_low,2011,20077825.0
p12,2042,IRA_low,2012,20032118.0
p12,2042,IRA_low,2013,20095790.0
p12,2043,IRA_low,2007,20375436.0
p12,2043,IRA_low,2008,20366860.0
p12,2043,IRA_low,2009,20360013.0
p12,2043,IRA_low,2010,20329438.0
p12,2043,IRA_low,2011,20359434.0
p12,2043,IRA_low,2012,20313016.0
p12,2043,IRA_low,2013,20378299.0
p12,2044,IRA_low,2007,20658308.0
p12,2044,IRA_low,2008,20649088.0
p12,2044,IRA_low,2009,20642019.0
p12,2044,IRA_low,2010,20610613.0
p12,2044,IRA_low,2011,20641130.0
p12,2044,IRA_low,2012,20593888.0
p12,2044,IRA_low,2013,20660793.0
p12,2045,IRA_low,2007,20941166.0
p12,2045,IRA_low,2008,20931372.0
p12,2045,IRA_low,2009,20924006.0
p12,2045,IRA_low,2010,20891587.0
p12,2045,IRA_low,2011,20922800.0
p12,2045,IRA_low,2012,20874796.0
p12,2045,IRA_low,2013,20943333.0
p12,2046,IRA_low,2007,21219089.0
p12,2046,IRA_low,2008,21208495.0
p12,2046,IRA_low,2009,21200907.0
p12,2046,IRA_low,2010,21167300.0
p12,2046,IRA_low,2011,21198901.0
p12,2046,IRA_low,2012,21151220.0
p12,2046,IRA_low,2013,21220465.0
p12,2047,IRA_low,2007,21497164.0
p12,2047,IRA_low,2008,21485737.0
p12,2047,IRA_low,2009,21477866.0
p12,2047,IRA_low,2010,21443203.0
p12,2047,IRA_low,2011,21474962.0
p12,2047,IRA_low,2012,21427708.0
p12,2047,IRA_low,2013,21497575.0
p12,2048,IRA_low,2007,21775307.0
p12,2048,IRA_low,2008,21762866.0
p12,2048,IRA_low,2009,21754677.0
p12,2048,IRA_low,2010,21718960.0
p12,2048,IRA_low,2011,21751011.0
p12,2048,IRA_low,2012,21704090.0
p12,2048,IRA_low,2013,21774815.0
p12,2049,IRA_low,2007,22053264.0
p12,2049,IRA_low,2008,22039980.0
p12,2049,IRA_low,2009,22031632.0
p12,2049,IRA_low,2010,21994764.0
p12,2049,IRA_low,2011,22027144.0
p12,2049,IRA_low,2012,21980526.0
p12,2049,IRA_low,2013,22052007.0
p12,2050,IRA_low,2007,22331251.0
p12,2050,IRA_low,2008,22317143.0
p12,2050,IRA_low,2009,22308538.0
p12,2050,IRA_low,2010,22270650.0
p12,2050,IRA_low,2011,22303252.0
p12,2050,IRA_low,2012,22256931.0
p12,2050,IRA_low,2013,22329110.0
p120,2020,IRA_low,2007,1756586.05
p120,2020,IRA_low,2008,1757123.92
p120,2020,IRA_low,2009,1756570.03
p120,2020,IRA_low,2010,1756521.05
p120,2020,IRA_low,2011,1756565.32
p120,2020,IRA_low,2012,1756895.02
p120,2020,IRA_low,2013,1756578.51
p120,2021,IRA_low,2007,2154835.0
p120,2021,IRA_low,2008,2154883.0
p120,2021,IRA_low,2009,2154788.0
p120,2021,IRA_low,2010,2154842.0
p120,2021,IRA_low,2011,2154806.0
p120,2021,IRA_low,2012,2154875.0
p120,2021,IRA_low,2013,2154862.0
p120,2022,IRA_low,2007,2190519.0
p120,2022,IRA_low,2008,2190497.0
p120,2022,IRA_low,2009,2190384.0
p120,2022,IRA_low,2010,2190401.0
p120,2022,IRA_low,2011,2190483.0
p120,2022,IRA_low,2012,2190466.0
p120,2022,IRA_low,2013,2190524.0
p120,2023,IRA_low,2007,2109716.0
p120,2023,IRA_low,2008,2109782.0
p120,2023,IRA_low,2009,2109787.0
p120,2023,IRA_low,2010,2109863.0
p120,2023,IRA_low,2011,2109803.0
p120,2023,IRA_low,2012,2109831.0
p120,2023,IRA_low,2013,2109806.0
p120,2024,IRA_low,2007,2142421.0
p120,2024,IRA_low,2008,2142176.0
p120,2024,IRA_low,2009,2142475.0
p120,2024,IRA_low,2010,2142355.0
p120,2024,IRA_low,2011,2142426.0
p120,2024,IRA_low,2012,2142427.0
p120,2024,IRA_low,2013,2142424.0
p120,2025,IRA_low,2007,2153955.0
p120,2025,IRA_low,2008,2153835.0
p120,2025,IRA_low,2009,2153835.0
p120,2025,IRA_low,2010,2153823.0
p120,2025,IRA_low,2011,2153624.0
p120,2025,IRA_low,2012,2153135.0
p120,2025,IRA_low,2013,2153917.0
p120,2026,IRA_low,2007,2188153.0
p120,2026,IRA_low,2008,2187390.0
p120,2026,IRA_low,2009,2188111.0
p120,2026,IRA_low,2010,2187076.0
p120,2026,IRA_low,2011,2186733.0
p120,2026,IRA_low,2012,2184885.0
p120,2026,IRA_low,2013,2187986.0
p120,2027,IRA_low,2007,2221774.0
p120,2027,IRA_low,2008,2221108.0
p120,2027,IRA_low,2009,2221310.0
p120,2027,IRA_low,2010,2220725.0
p120,2027,IRA_low,2011,2219570.0
p120,2027,IRA_low,2012,2216815.0
p120,2027,IRA_low,2013,2221401.0
p120,2028,IRA_low,2007,2255679.0
p120,2028,IRA_low,2008,2254599.0
p120,2028,IRA_low,2009,2255121.0
p120,2028,IRA_low,2010,2254087.0
p120,2028,IRA_low,2011,2252587.0
p120,2028,IRA_low,2012,2248492.0
p120,2028,IRA_low,2013,2255301.0
p120,2029,IRA_low,2007,2289662.0
p120,2029,IRA_low,2008,2288119.0
p120,2029,IRA_low,2009,2288853.0
p120,2029,IRA_low,2010,2287532.0
p120,2029,IRA_low,2011,2285483.0
p120,2029,IRA_low,2012,2280214.0
p120,2029,IRA_low,2013,2289158.0
p120,2030,IRA_low,2007,2323558.0
p120,2030,IRA_low,2008,2321820.0
p120,2030,IRA_low,2009,2322717.0
p120,2030,IRA_low,2010,2320979.0
p120,2030,IRA_low,2011,2318531.0
p120,2030,IRA_low,2012,2311952.0
p120,2030,IRA_low,2013,2322968.0
p120,2031,IRA_low,2007,2364966.0
p120,2031,IRA_low,2008,2362890.0
p120,2031,IRA_low,2009,2363939.0
p120,2031,IRA_low,2010,2361895.0
p120,2031,IRA_low,2011,2359070.0
p120,2031,IRA_low,2012,2351324.0
p120,2031,IRA_low,2013,2364236.0
p120,2032,IRA_low,2007,2406398.0
p120,2032,IRA_low,2008,2404029.0
p120,2032,IRA_low,2009,2405163.0
p120,2032,IRA_low,2010,2402848.0
p120,2032,IRA_low,2011,2399558.0
p120,2032,IRA_low,2012,2390629.0
p120,2032,IRA_low,2013,2405552.0
p120,2033,IRA_low,2007,2447891.0
p120,2033,IRA_low,2008,2445368.0
p120,2033,IRA_low,2009,2446443.0
p120,2033,IRA_low,2010,2443902.0
p120,2033,IRA_low,2011,2440126.0
p120,2033,IRA_low,2012,2429876.0
p120,2033,IRA_low,2013,2446911.0
p120,2034,IRA_low,2007,2489270.0
p120,2034,IRA_low,2008,2486258.0
p120,2034,IRA_low,2009,2487808.0
p120,2034,IRA_low,2010,2484594.0
p120,2034,IRA_low,2011,2480220.0
p120,2034,IRA_low,2012,2469107.0
p120,2034,IRA_low,2013,2488373.0
p120,2035,IRA_low,2007,2530782.0
p120,2035,IRA_low,2008,2527298.0
p120,2035,IRA_low,2009,2529023.0
p120,2035,IRA_low,2010,2525851.0
p120,2035,IRA_low,2011,2521100.0
p120,2035,IRA_low,2012,2508373.0
p120,2035,IRA_low,2013,2529690.0
p120,2036,IRA_low,2007,2569743.0
p120,2036,IRA_low,2008,2566057.0
p120,2036,IRA_low,2009,2567934.0
p120,2036,IRA_low,2010,2564510.0
p120,2036,IRA_low,2011,2559261.0
p120,2036,IRA_low,2012,2545671.0
p120,2036,IRA_low,2013,2568507.0
p120,2037,IRA_low,2007,2608719.0
p120,2037,IRA_low,2008,2604709.0
p120,2037,IRA_low,2009,2606614.0
p120,2037,IRA_low,2010,2603057.0
p120,2037,IRA_low,2011,2597554.0
p120,2037,IRA_low,2012,2582814.0
p120,2037,IRA_low,2013,2607435.0
p120,2038,IRA_low,2007,2647726.0
p120,2038,IRA_low,2008,2643486.0
p120,2038,IRA_low,2009,2645529.0
p120,2038,IRA_low,2010,2641690.0
p120,2038,IRA_low,2011,2635778.0
p120,2038,IRA_low,2012,2620120.0
p120,2038,IRA_low,2013,2646330.0
p120,2039,IRA_low,2007,2686578.0
p120,2039,IRA_low,2008,2682202.0
p120,2039,IRA_low,2009,2684392.0
p120,2039,IRA_low,2010,2680276.0
p120,2039,IRA_low,2011,2674032.0
p120,2039,IRA_low,2012,2657378.0
p120,2039,IRA_low,2013,2685295.0
p120,2040,IRA_low,2007,2725596.0
p120,2040,IRA_low,2008,2720954.0
p120,2040,IRA_low,2009,2723272.0
p120,2040,IRA_low,2010,2718881.0
p120,2040,IRA_low,2011,2712233.0
p120,2040,IRA_low,2012,2694650.0
p120,2040,IRA_low,2013,2724126.0
p120,2041,IRA_low,2007,2760755.0
p120,2041,IRA_low,2008,2756058.0
p120,2041,IRA_low,2009,2758370.0
p120,2041,IRA_low,2010,2753920.0
p120,2041,IRA_low,2011,2747087.0
p120,2041,IRA_low,2012,2729061.0
p120,2041,IRA_low,2013,2759303.0
p120,2042,IRA_low,2007,2795977.0
p120,2042,IRA_low,2008,2791029.0
p120,2042,IRA_low,2009,2793490.0
p120,2042,IRA_low,2010,2788965.0
p120,2042,IRA_low,2011,2781841.0
p120,2042,IRA_low,2012,2763319.0
p120,2042,IRA_low,2013,2794567.0
p120,2043,IRA_low,2007,2831088.0
p120,2043,IRA_low,2008,2826095.0
p120,2043,IRA_low,2009,2828569.0
p120,2043,IRA_low,2010,2824054.0
p120,2043,IRA_low,2011,2816659.0
p120,2043,IRA_low,2012,2797605.0
p120,2043,IRA_low,2013,2829632.0
p120,2044,IRA_low,2007,2866260.0
p120,2044,IRA_low,2008,2861161.0
p120,2044,IRA_low,2009,2863759.0
p120,2044,IRA_low,2010,2859035.0
p120,2044,IRA_low,2011,2851417.0
p120,2044,IRA_low,2012,2831889.0
p120,2044,IRA_low,2013,2864862.0
p120,2045,IRA_low,2007,2901426.0
p120,2045,IRA_low,2008,2896380.0
p120,2045,IRA_low,2009,2898885.0
p120,2045,IRA_low,2010,2893951.0
p120,2045,IRA_low,2011,2886177.0
p120,2045,IRA_low,2012,2866117.0
p120,2045,IRA_low,2013,2899960.0
p120,2046,IRA_low,2007,2929496.0
p120,2046,IRA_low,2008,2924224.0
p120,2046,IRA_low,2009,2926823.0
p120,2046,IRA_low,2010,2922042.0
p120,2046,IRA_low,2011,2914171.0
p120,2046,IRA_low,2012,2893896.0
p120,2046,IRA_low,2013,2928054.0
p120,2047,IRA_low,2007,2957528.0
p120,2047,IRA_low,2008,2952170.0
p120,2047,IRA_low,2009,2954805.0
p120,2047,IRA_low,2010,2950114.0
p120,2047,IRA_low,2011,2942038.0
p120,2047,IRA_low,2012,2921515.0
p120,2047,IRA_low,2013,2956083.0
p120,2048,IRA_low,2007,2985601.0
p120,2048,IRA_low,2008,2980133.0
p120,2048,IRA_low,2009,2982798.0
p120,2048,IRA_low,2010,2978108.0
p120,2048,IRA_low,2011,2969983.0
p120,2048,IRA_low,2012,2949204.0
p120,2048,IRA_low,2013,2984122.0
p120,2049,IRA_low,2007,3013637.0
p120,2049,IRA_low,2008,3008082.0
p120,2049,IRA_low,2009,3010748.0
p120,2049,IRA_low,2010,3006100.0
p120,2049,IRA_low,2011,2997831.0
p120,2049,IRA_low,2012,2976854.0
p120,2049,IRA_low,2013,3012166.0
p120,2050,IRA_low,2007,3041701.0
p120,2050,IRA_low,2008,3035995.0
p120,2050,IRA_low,2009,3038728.0
p120,2050,IRA_low,2010,3034094.0
p120,2050,IRA_low,2011,3025742.0
p120,2050,IRA_low,2012,3004540.0
p120,2050,IRA_low,2013,3040202.0
p121,2020,IRA_low,2007,4484774.34
p121,2020,IRA_low,2008,4484539.5
p121,2020,IRA_low,2009,4484566.97
p121,2020,IRA_low,2010,4484632.55
p121,2020,IRA_low,2011,4484646.73
p121,2020,IRA_low,2012,4484886.89
p121,2020,IRA_low,2013,4484666.23
p121,2021,IRA_low,2007,6159734.0
p121,2021,IRA_low,2008,6159704.0
p121,2021,IRA_low,2009,6159686.0
p121,2021,IRA_low,2010,6159740.0
p121,2021,IRA_low,2011,6159711.0
p121,2021,IRA_low,2012,6159690.0
p121,2021,IRA_low,2013,6159705.0
p121,2022,IRA_low,2007,6238055.0
p121,2022,IRA_low,2008,6238059.0
p121,2022,IRA_low,2009,6238032.0
p121,2022,IRA_low,2010,6238111.0
p121,2022,IRA_low,2011,6238034.0
p121,2022,IRA_low,2012,6238049.0
p121,2022,IRA_low,2013,6238041.0
p121,2023,IRA_low,2007,5988237.0
p121,2023,IRA_low,2008,5988255.0
p121,2023,IRA_low,2009,5988241.0
p121,2023,IRA_low,2010,5988228.0
p121,2023,IRA_low,2011,5988353.0
p121,2023,IRA_low,2012,5988272.0
p121,2023,IRA_low,2013,5988266.0
p121,2024,IRA_low,2007,6172620.0
p121,2024,IRA_low,2008,6172375.0
p121,2024,IRA_low,2009,6172861.0
p121,2024,IRA_low,2010,6172535.0
p121,2024,IRA_low,2011,6172701.0
p121,2024,IRA_low,2012,6171885.0
p121,2024,IRA_low,2013,6172692.0
p121,2025,IRA_low,2007,6213644.0
p121,2025,IRA_low,2008,6212303.0
p121,2025,IRA_low,2009,6213383.0
p121,2025,IRA_low,2010,6214308.0
p121,2025,IRA_low,2011,6212462.0
p121,2025,IRA_low,2012,6210473.0
p121,2025,IRA_low,2013,6213217.0
p121,2026,IRA_low,2007,6325438.0
p121,2026,IRA_low,2008,6322421.0
p121,2026,IRA_low,2009,6324934.0
p121,2026,IRA_low,2010,6326933.0
p121,2026,IRA_low,2011,6321969.0
p121,2026,IRA_low,2012,6317137.0
p121,2026,IRA_low,2013,6324727.0
p121,2027,IRA_low,2007,6437242.0
p121,2027,IRA_low,2008,6432455.0
p121,2027,IRA_low,2009,6436470.0
p121,2027,IRA_low,2010,6439689.0
p121,2027,IRA_low,2011,6431393.0
p121,2027,IRA_low,2012,6423784.0
p121,2027,IRA_low,2013,6436159.0
p121,2028,IRA_low,2007,6549081.0
p121,2028,IRA_low,2008,6542527.0
p121,2028,IRA_low,2009,6547998.0
p121,2028,IRA_low,2010,6552334.0
p121,2028,IRA_low,2011,6540813.0
p121,2028,IRA_low,2012,6530480.0
p121,2028,IRA_low,2013,6547643.0
p121,2029,IRA_low,2007,6660949.0
p121,2029,IRA_low,2008,6652651.0
p121,2029,IRA_low,2009,6659514.0
p121,2029,IRA_low,2010,6665014.0
p121,2029,IRA_low,2011,6650277.0
p121,2029,IRA_low,2012,6637149.0
p121,2029,IRA_low,2013,6659133.0
p121,2030,IRA_low,2007,6772731.0
p121,2030,IRA_low,2008,6762720.0
p121,2030,IRA_low,2009,6771055.0
p121,2030,IRA_low,2010,6777680.0
p121,2030,IRA_low,2011,6759705.0
p121,2030,IRA_low,2012,6743805.0
p121,2030,IRA_low,2013,6770591.0
p121,2031,IRA_low,2007,6936045.0
p121,2031,IRA_low,2008,6924158.0
p121,2031,IRA_low,2009,6934099.0
p121,2031,IRA_low,2010,6942055.0
p121,2031,IRA_low,2011,6920494.0
p121,2031,IRA_low,2012,6901439.0
p121,2031,IRA_low,2013,6933591.0
p121,2032,IRA_low,2007,7099339.0
p121,2032,IRA_low,2008,7085593.0
p121,2032,IRA_low,2009,7097226.0
p121,2032,IRA_low,2010,7106405.0
p121,2032,IRA_low,2011,7081122.0
p121,2032,IRA_low,2012,7059056.0
p121,2032,IRA_low,2013,7096554.0
p121,2033,IRA_low,2007,7262625.0
p121,2033,IRA_low,2008,7247012.0
p121,2033,IRA_low,2009,7260336.0
p121,2033,IRA_low,2010,7270746.0
p121,2033,IRA_low,2011,7241879.0
p121,2033,IRA_low,2012,7216700.0
p121,2033,IRA_low,2013,7259554.0
p121,2034,IRA_low,2007,7425931.0
p121,2034,IRA_low,2008,7408392.0
p121,2034,IRA_low,2009,7423383.0
p121,2034,IRA_low,2010,7435090.0
p121,2034,IRA_low,2011,7402569.0
p121,2034,IRA_low,2012,7374274.0
p121,2034,IRA_low,2013,7422575.0
p121,2035,IRA_low,2007,7589220.0
p121,2035,IRA_low,2008,7569818.0
p121,2035,IRA_low,2009,7586447.0
p121,2035,IRA_low,2010,7599480.0
p121,2035,IRA_low,2011,7563296.0
p121,2035,IRA_low,2012,7531923.0
p121,2035,IRA_low,2013,7585612.0
p121,2036,IRA_low,2007,7758408.0
p121,2036,IRA_low,2008,7737509.0
p121,2036,IRA_low,2009,7755481.0
p121,2036,IRA_low,2010,7769446.0
p121,2036,IRA_low,2011,7730271.0
p121,2036,IRA_low,2012,7696254.0
p121,2036,IRA_low,2013,7754532.0
p121,2037,IRA_low,2007,7927575.0
p121,2037,IRA_low,2008,7905181.0
p121,2037,IRA_low,2009,7924625.0
p121,2037,IRA_low,2010,7939490.0
p121,2037,IRA_low,2011,7897164.0
p121,2037,IRA_low,2012,7860592.0
p121,2037,IRA_low,2013,7923499.0
p121,2038,IRA_low,2007,8096745.0
p121,2038,IRA_low,2008,8072861.0
p121,2038,IRA_low,2009,8093625.0
p121,2038,IRA_low,2010,8109513.0
p121,2038,IRA_low,2011,8064075.0
p121,2038,IRA_low,2012,8024916.0
p121,2038,IRA_low,2013,8092466.0
p121,2039,IRA_low,2007,8265902.0
p121,2039,IRA_low,2008,8240514.0
p121,2039,IRA_low,2009,8262701.0
p121,2039,IRA_low,2010,8279588.0
p121,2039,IRA_low,2011,8231016.0
p121,2039,IRA_low,2012,8189305.0
p121,2039,IRA_low,2013,8261430.0
p121,2040,IRA_low,2007,8435110.0
p121,2040,IRA_low,2008,8408160.0
p121,2040,IRA_low,2009,8431755.0
p121,2040,IRA_low,2010,8449640.0
p121,2040,IRA_low,2011,8397956.0
p121,2040,IRA_low,2012,8353635.0
p121,2040,IRA_low,2013,8430394.0
p121,2041,IRA_low,2007,8584320.0
p121,2041,IRA_low,2008,8556191.0
p121,2041,IRA_low,2009,8580601.0
p121,2041,IRA_low,2010,8599586.0
p121,2041,IRA_low,2011,8545587.0
p121,2041,IRA_low,2012,8499414.0
p121,2041,IRA_low,2013,8579281.0
p121,2042,IRA_low,2007,8733413.0
p121,2042,IRA_low,2008,8704055.0
p121,2042,IRA_low,2009,8729458.0
p121,2042,IRA_low,2010,8749552.0
p121,2042,IRA_low,2011,8693260.0
p121,2042,IRA_low,2012,8645108.0
p121,2042,IRA_low,2013,8728061.0
p121,2043,IRA_low,2007,8882630.0
p121,2043,IRA_low,2008,8852135.0
p121,2043,IRA_low,2009,8878326.0
p121,2043,IRA_low,2010,8899502.0
p121,2043,IRA_low,2011,8840846.0
p121,2043,IRA_low,2012,8790826.0
p121,2043,IRA_low,2013,8876928.0
p121,2044,IRA_low,2007,9031776.0
p121,2044,IRA_low,2008,8999995.0
p121,2044,IRA_low,2009,9027124.0
p121,2044,IRA_low,2010,9049485.0
p121,2044,IRA_low,2011,8988434.0
p121,2044,IRA_low,2012,8936637.0
p121,2044,IRA_low,2013,9025708.0
p121,2045,IRA_low,2007,9180948.0
p121,2045,IRA_low,2008,9147984.0
p121,2045,IRA_low,2009,9176012.0
p121,2045,IRA_low,2010,9199436.0
p121,2045,IRA_low,2011,9136027.0
p121,2045,IRA_low,2012,9082346.0
p121,2045,IRA_low,2013,9174607.0
p121,2046,IRA_low,2007,9279418.0
p121,2046,IRA_low,2008,9245631.0
p121,2046,IRA_low,2009,9273988.0
p121,2046,IRA_low,2010,9298584.0
p121,2046,IRA_low,2011,9233733.0
p121,2046,IRA_low,2012,9179082.0
p121,2046,IRA_low,2013,9272599.0
p121,2047,IRA_low,2007,9377897.0
p121,2047,IRA_low,2008,9343243.0
p121,2047,IRA_low,2009,9371989.0
p121,2047,IRA_low,2010,9397724.0
p121,2047,IRA_low,2011,9331428.0
p121,2047,IRA_low,2012,9275794.0
p121,2047,IRA_low,2013,9370755.0
p121,2048,IRA_low,2007,9476349.0
p121,2048,IRA_low,2008,9440882.0
p121,2048,IRA_low,2009,9469982.0
p121,2048,IRA_low,2010,9496790.0
p121,2048,IRA_low,2011,9429148.0
p121,2048,IRA_low,2012,9372486.0
p121,2048,IRA_low,2013,9468794.0
p121,2049,IRA_low,2007,9574827.0
p121,2049,IRA_low,2008,9538547.0
p121,2049,IRA_low,2009,9567965.0
p121,2049,IRA_low,2010,9595946.0
p121,2049,IRA_low,2011,9526895.0
p121,2049,IRA_low,2012,9469257.0
p121,2049,IRA_low,2013,9566856.0
p121,2050,IRA_low,2007,9673315.0
p121,2050,IRA_low,2008,9636143.0
p121,2050,IRA_low,2009,9666030.0
p121,2050,IRA_low,2010,9695015.0
p121,2050,IRA_low,2011,9624579.0
p121,2050,IRA_low,2012,9565968.0
p121,2050,IRA_low,2013,9664946.0
p122,2020,IRA_low,2007,109486414.43
p122,2020,IRA_low,2008,109487406.34
p122,2020,IRA_low,2009,109483028.92
p122,2020,IRA_low,2010,109484795.15
p122,2020,IRA_low,2011,109484524.8
p122,2020,IRA_low,2012,109486169.51
p122,2020,IRA_low,2013,109483822.07
p122,2021,IRA_low,2007,113158294.0
p122,2021,IRA_low,2008,113158271.0
p122,2021,IRA_low,2009,113158229.0
p122,2021,IRA_low,2010,113158234.0
p122,2021,IRA_low,2011,113158265.0
p122,2021,IRA_low,2012,113158222.0
p122,2021,IRA_low,2013,113158258.0
p122,2022,IRA_low,2007,115030653.0
p122,2022,IRA_low,2008,115030712.0
p122,2022,IRA_low,2009,115030696.0
p122,2022,IRA_low,2010,115030661.0
p122,2022,IRA_low,2011,115030670.0
p122,2022,IRA_low,2012,115030692.0
p122,2022,IRA_low,2013,115030747.0
p122,2023,IRA_low,2007,110794935.0
p122,2023,IRA_low,2008,110794981.0
p122,2023,IRA_low,2009,110794961.0
p122,2023,IRA_low,2010,110794936.0
p122,2023,IRA_low,2011,110794958.0
p122,2023,IRA_low,2012,110794971.0
p122,2023,IRA_low,2013,110794963.0
p122,2024,IRA_low,2007,112505720.0
p122,2024,IRA_low,2008,112505776.0
p122,2024,IRA_low,2009,112505734.0
p122,2024,IRA_low,2010,112505720.0
p122,2024,IRA_low,2011,112505739.0
p122,2024,IRA_low,2012,112505801.0
p122,2024,IRA_low,2013,112505806.0
p122,2025,IRA_low,2007,112983385.0
p122,2025,IRA_low,2008,112976453.0
p122,2025,IRA_low,2009,112976566.0
p122,2025,IRA_low,2010,112977926.0
p122,2025,IRA_low,2011,112966907.0
p122,2025,IRA_low,2012,112946648.0
p122,2025,IRA_low,2013,112979134.0
p122,2026,IRA_low,2007,114383325.0
p122,2026,IRA_low,2008,114363386.0
p122,2026,IRA_low,2009,114370574.0
p122,2026,IRA_low,2010,114357609.0
p122,2026,IRA_low,2011,114328572.0
p122,2026,IRA_low,2012,114258707.0
p122,2026,IRA_low,2013,114374192.0
p122,2027,IRA_low,2007,115783215.0
p122,2027,IRA_low,2008,115750227.0
p122,2027,IRA_low,2009,115764643.0
p122,2027,IRA_low,2010,115737228.0
p122,2027,IRA_low,2011,115690185.0
p122,2027,IRA_low,2012,115570845.0
p122,2027,IRA_low,2013,115769316.0
p122,2028,IRA_low,2007,117183201.0
p122,2028,IRA_low,2008,117137104.0
p122,2028,IRA_low,2009,117158583.0
p122,2028,IRA_low,2010,117116782.0
p122,2028,IRA_low,2011,117051786.0
p122,2028,IRA_low,2012,116882842.0
p122,2028,IRA_low,2013,117164389.0
p122,2029,IRA_low,2007,118583181.0
p122,2029,IRA_low,2008,118523982.0
p122,2029,IRA_low,2009,118552617.0
p122,2029,IRA_low,2010,118496383.0
p122,2029,IRA_low,2011,118413463.0
p122,2029,IRA_low,2012,118194885.0
p122,2029,IRA_low,2013,118559468.0
p122,2030,IRA_low,2007,119983043.0
p122,2030,IRA_low,2008,119910910.0
p122,2030,IRA_low,2009,119946584.0
p122,2030,IRA_low,2010,119876031.0
p122,2030,IRA_low,2011,119775032.0
p122,2030,IRA_low,2012,119506982.0
p122,2030,IRA_low,2013,119954577.0
p122,2031,IRA_low,2007,121694011.0
p122,2031,IRA_low,2008,121607791.0
p122,2031,IRA_low,2009,121650475.0
p122,2031,IRA_low,2010,121567671.0
p122,2031,IRA_low,2011,121447461.0
p122,2031,IRA_low,2012,121128151.0
p122,2031,IRA_low,2013,121661609.0
p122,2032,IRA_low,2007,123404874.0
p122,2032,IRA_low,2008,123304717.0
p122,2032,IRA_low,2009,123354259.0
p122,2032,IRA_low,2010,123259441.0
p122,2032,IRA_low,2011,123119969.0
p122,2032,IRA_low,2012,122749196.0
p122,2032,IRA_low,2013,123368652.0
p122,2033,IRA_low,2007,125115852.0
p122,2033,IRA_low,2008,125001577.0
p122,2033,IRA_low,2009,125058038.0
p122,2033,IRA_low,2010,124951058.0
p122,2033,IRA_low,2011,124792319.0
p122,2033,IRA_low,2012,124370429.0
p122,2033,IRA_low,2013,125075723.0
p122,2034,IRA_low,2007,126826827.0
p122,2034,IRA_low,2008,126698491.0
p122,2034,IRA_low,2009,126761928.0
p122,2034,IRA_low,2010,126642864.0
p122,2034,IRA_low,2011,126464769.0
p122,2034,IRA_low,2012,125991487.0
p122,2034,IRA_low,2013,126782793.0
p122,2035,IRA_low,2007,128537828.0
p122,2035,IRA_low,2008,128395450.0
p122,2035,IRA_low,2009,128465761.0
p122,2035,IRA_low,2010,128334544.0
p122,2035,IRA_low,2011,128137274.0
p122,2035,IRA_low,2012,127612645.0
p122,2035,IRA_low,2013,128489811.0
p122,2036,IRA_low,2007,130146728.0
p122,2036,IRA_low,2008,129993961.0
p122,2036,IRA_low,2009,130069097.0
p122,2036,IRA_low,2010,129928723.0
p122,2036,IRA_low,2011,129715709.0
p122,2036,IRA_low,2012,129150769.0
p122,2036,IRA_low,2013,130096372.0
p122,2037,IRA_low,2007,131755591.0
p122,2037,IRA_low,2008,131592504.0
p122,2037,IRA_low,2009,131672596.0
p122,2037,IRA_low,2010,131523127.0
p122,2037,IRA_low,2011,131294197.0
p122,2037,IRA_low,2012,130688953.0
p122,2037,IRA_low,2013,131702800.0
p122,2038,IRA_low,2007,133364485.0
p122,2038,IRA_low,2008,133190992.0
p122,2038,IRA_low,2009,133275994.0
p122,2038,IRA_low,2010,133117372.0
p122,2038,IRA_low,2011,132872632.0
p122,2038,IRA_low,2012,132227098.0
p122,2038,IRA_low,2013,133309278.0
p122,2039,IRA_low,2007,134973282.0
p122,2039,IRA_low,2008,134789577.0
p122,2039,IRA_low,2009,134879454.0
p122,2039,IRA_low,2010,134711552.0
p122,2039,IRA_low,2011,134451151.0
p122,2039,IRA_low,2012,133765253.0
p122,2039,IRA_low,2013,134915755.0
p122,2040,IRA_low,2007,136582103.0
p122,2040,IRA_low,2008,136388102.0
p122,2040,IRA_low,2009,136482936.0
p122,2040,IRA_low,2010,136305949.0
p122,2040,IRA_low,2011,136029578.0
p122,2040,IRA_low,2012,135303403.0
p122,2040,IRA_low,2013,136522324.0
p122,2041,IRA_low,2007,138034391.0
p122,2041,IRA_low,2008,137835857.0
p122,2041,IRA_low,2009,137933403.0
p122,2041,IRA_low,2010,137751826.0
p122,2041,IRA_low,2011,137466618.0
p122,2041,IRA_low,2012,136719733.0
p122,2041,IRA_low,2013,137974439.0
p122,2042,IRA_low,2007,139486558.0
p122,2042,IRA_low,2008,139283593.0
p122,2042,IRA_low,2009,139383894.0
p122,2042,IRA_low,2010,139197730.0
p122,2042,IRA_low,2011,138903678.0
p122,2042,IRA_low,2012,138136084.0
p122,2042,IRA_low,2013,139426615.0
p122,2043,IRA_low,2007,140938760.0
p122,2043,IRA_low,2008,140731382.0
p122,2043,IRA_low,2009,140834400.0
p122,2043,IRA_low,2010,140643553.0
p122,2043,IRA_low,2011,140340818.0
p122,2043,IRA_low,2012,139552382.0
p122,2043,IRA_low,2013,140878893.0
p122,2044,IRA_low,2007,142390859.0
p122,2044,IRA_low,2008,142179118.0
p122,2044,IRA_low,2009,142284840.0
p122,2044,IRA_low,2010,142089379.0
p122,2044,IRA_low,2011,141777864.0
p122,2044,IRA_low,2012,140968762.0
p122,2044,IRA_low,2013,142331035.0
p122,2045,IRA_low,2007,143843072.0
p122,2045,IRA_low,2008,143626922.0
p122,2045,IRA_low,2009,143735356.0
p122,2045,IRA_low,2010,143535267.0
p122,2045,IRA_low,2011,143214838.0
p122,2045,IRA_low,2012,142385112.0
p122,2045,IRA_low,2013,143783326.0
p122,2046,IRA_low,2007,145001017.0
p122,2046,IRA_low,2008,144781235.0
p122,2046,IRA_low,2009,144890111.0
p122,2046,IRA_low,2010,144692306.0
p122,2046,IRA_low,2011,144366311.0
p122,2046,IRA_low,2012,143527626.0
p122,2046,IRA_low,2013,144940340.0
p122,2047,IRA_low,2007,146158806.0
p122,2047,IRA_low,2008,145935495.0
p122,2047,IRA_low,2009,146044835.0
p122,2047,IRA_low,2010,145849337.0
p122,2047,IRA_low,2011,145517662.0
p122,2047,IRA_low,2012,144670099.0
p122,2047,IRA_low,2013,146097341.0
p122,2048,IRA_low,2007,147316689.0
p122,2048,IRA_low,2008,147089822.0
p122,2048,IRA_low,2009,147199587.0
p122,2048,IRA_low,2010,147006474.0
p122,2048,IRA_low,2011,146668987.0
p122,2048,IRA_low,2012,145812584.0
p122,2048,IRA_low,2013,147254370.0
p122,2049,IRA_low,2007,148474517.0
p122,2049,IRA_low,2008,148244262.0
p122,2049,IRA_low,2009,148354342.0
p122,2049,IRA_low,2010,148163444.0
p122,2049,IRA_low,2011,147820393.0
p122,2049,IRA_low,2012,146955100.0
p122,2049,IRA_low,2013,148411318.0
p122,2050,IRA_low,2007,149632361.0
p122,2050,IRA_low,2008,149398529.0
p122,2050,IRA_low,2009,149509175.0
p122,2050,IRA_low,2010,149320519.0
p122,2050,IRA_low,2011,148971700.0
p122,2050,IRA_low,2012,148097590.0
p122,2050,IRA_low,2013,149568339.0
p123,2020,IRA_low,2007,56405720.46
p123,2020,IRA_low,2008,56406224.72
p123,2020,IRA_low,2009,56404173.14
p123,2020,IRA_low,2010,56404759.81
p123,2020,IRA_low,2011,56404670.3
p123,2020,IRA_low,2012,56405661.09
p123,2020,IRA_low,2013,56404394.69
p123,2021,IRA_low,2007,64117521.0
p123,2021,IRA_low,2008,64117538.0
p123,2021,IRA_low,2009,64117492.0
p123,2021,IRA_low,2010,64117527.0
p123,2021,IRA_low,2011,64117468.0
p123,2021,IRA_low,2012,64117518.0
p123,2021,IRA_low,2013,64117553.0
p123,2022,IRA_low,2007,64932945.0
p123,2022,IRA_low,2008,64932956.0
p123,2022,IRA_low,2009,64932945.0
p123,2022,IRA_low,2010,64932937.0
p123,2022,IRA_low,2011,64932957.0
p123,2022,IRA_low,2012,64932914.0
p123,2022,IRA_low,2013,64932965.0
p123,2023,IRA_low,2007,62332861.0
p123,2023,IRA_low,2008,62332849.0
p123,2023,IRA_low,2009,62332886.0
p123,2023,IRA_low,2010,62332873.0
p123,2023,IRA_low,2011,62332827.0
p123,2023,IRA_low,2012,62332857.0
p123,2023,IRA_low,2013,62332879.0
p123,2024,IRA_low,2007,64253335.0
p123,2024,IRA_low,2008,64253344.0
p123,2024,IRA_low,2009,64253348.0
p123,2024,IRA_low,2010,64253342.0
p123,2024,IRA_low,2011,64253320.0
p123,2024,IRA_low,2012,64253346.0
p123,2024,IRA_low,2013,64253341.0
p123,2025,IRA_low,2007,64678451.0
p123,2025,IRA_low,2008,64666773.0
p123,2025,IRA_low,2009,64673825.0
p123,2025,IRA_low,2010,64686315.0
p123,2025,IRA_low,2011,64665114.0
p123,2025,IRA_low,2012,64649694.0
p123,2025,IRA_low,2013,64671999.0
p123,2026,IRA_low,2007,65817992.0
p123,2026,IRA_low,2008,65785406.0
p123,2026,IRA_low,2009,65810981.0
p123,2026,IRA_low,2010,65835156.0
p123,2026,IRA_low,2011,65778412.0
p123,2026,IRA_low,2012,65730949.0
p123,2026,IRA_low,2013,65805232.0
p123,2027,IRA_low,2007,66957500.0
p123,2027,IRA_low,2008,66904035.0
p123,2027,IRA_low,2009,66948188.0
p123,2027,IRA_low,2010,66984069.0
p123,2027,IRA_low,2011,66891631.0
p123,2027,IRA_low,2012,66812258.0
p123,2027,IRA_low,2013,66938387.0
p123,2028,IRA_low,2007,68096990.0
p123,2028,IRA_low,2008,68022716.0
p123,2028,IRA_low,2009,68085224.0
p123,2028,IRA_low,2010,68133037.0
p123,2028,IRA_low,2011,68004810.0
p123,2028,IRA_low,2012,67893533.0
p123,2028,IRA_low,2013,68071590.0
p123,2029,IRA_low,2007,69236431.0
p123,2029,IRA_low,2008,69141292.0
p123,2029,IRA_low,2009,69222458.0
p123,2029,IRA_low,2010,69281891.0
p123,2029,IRA_low,2011,69118086.0
p123,2029,IRA_low,2012,68974883.0
p123,2029,IRA_low,2013,69204815.0
p123,2030,IRA_low,2007,70375917.0
p123,2030,IRA_low,2008,70259902.0
p123,2030,IRA_low,2009,70359452.0
p123,2030,IRA_low,2010,70430804.0
p123,2030,IRA_low,2011,70231338.0
p123,2030,IRA_low,2012,70056258.0
p123,2030,IRA_low,2013,70338046.0
p123,2031,IRA_low,2007,72019601.0
p123,2031,IRA_low,2008,71881196.0
p123,2031,IRA_low,2009,72002055.0
p123,2031,IRA_low,2010,72085375.0
p123,2031,IRA_low,2011,71846373.0
p123,2031,IRA_low,2012,71635280.0
p123,2031,IRA_low,2013,71975719.0
p123,2032,IRA_low,2007,73663125.0
p123,2032,IRA_low,2008,73502532.0
p123,2032,IRA_low,2009,73644585.0
p123,2032,IRA_low,2010,73739800.0
p123,2032,IRA_low,2011,73461462.0
p123,2032,IRA_low,2012,73214438.0
p123,2032,IRA_low,2013,73613294.0
p123,2033,IRA_low,2007,75306807.0
p123,2033,IRA_low,2008,75123728.0
p123,2033,IRA_low,2009,75287115.0
p123,2033,IRA_low,2010,75394326.0
p123,2033,IRA_low,2011,75076506.0
p123,2033,IRA_low,2012,74793533.0
p123,2033,IRA_low,2013,75251052.0
p123,2034,IRA_low,2007,76950374.0
p123,2034,IRA_low,2008,76745027.0
p123,2034,IRA_low,2009,76929609.0
p123,2034,IRA_low,2010,77048845.0
p123,2034,IRA_low,2011,76691576.0
p123,2034,IRA_low,2012,76372613.0
p123,2034,IRA_low,2013,76888680.0
p123,2035,IRA_low,2007,78594059.0
p123,2035,IRA_low,2008,78366282.0
p123,2035,IRA_low,2009,78572156.0
p123,2035,IRA_low,2010,78703349.0
p123,2035,IRA_low,2011,78306697.0
p123,2035,IRA_low,2012,77951723.0
p123,2035,IRA_low,2013,78526327.0
p123,2036,IRA_low,2007,80278122.0
p123,2036,IRA_low,2008,80032740.0
p123,2036,IRA_low,2009,80256197.0
p123,2036,IRA_low,2010,80396664.0
p123,2036,IRA_low,2011,79966446.0
p123,2036,IRA_low,2012,79581523.0
p123,2036,IRA_low,2013,80205833.0
p123,2037,IRA_low,2007,81962116.0
p123,2037,IRA_low,2008,81699297.0
p123,2037,IRA_low,2009,81940100.0
p123,2037,IRA_low,2010,82089895.0
p123,2037,IRA_low,2011,81626253.0
p123,2037,IRA_low,2012,81211175.0
p123,2037,IRA_low,2013,81885434.0
p123,2038,IRA_low,2007,83646304.0
p123,2038,IRA_low,2008,83365779.0
p123,2038,IRA_low,2009,83624092.0
p123,2038,IRA_low,2010,83783164.0
p123,2038,IRA_low,2011,83285982.0
p123,2038,IRA_low,2012,82840984.0
p123,2038,IRA_low,2013,83565096.0
p123,2039,IRA_low,2007,85330379.0
p123,2039,IRA_low,2008,85032265.0
p123,2039,IRA_low,2009,85308060.0
p123,2039,IRA_low,2010,85476399.0
p123,2039,IRA_low,2011,84945809.0
p123,2039,IRA_low,2012,84470618.0
p123,2039,IRA_low,2013,85244633.0
p123,2040,IRA_low,2007,87014290.0
p123,2040,IRA_low,2008,86698797.0
p123,2040,IRA_low,2009,86992086.0
p123,2040,IRA_low,2010,87169668.0
p123,2040,IRA_low,2011,86605714.0
p123,2040,IRA_low,2012,86100390.0
p123,2040,IRA_low,2013,86924195.0
p123,2041,IRA_low,2007,88488547.0
p123,2041,IRA_low,2008,88159851.0
p123,2041,IRA_low,2009,88463834.0
p123,2041,IRA_low,2010,88651968.0
p123,2041,IRA_low,2011,88063667.0
p123,2041,IRA_low,2012,87537949.0
p123,2041,IRA_low,2013,88394059.0
p123,2042,IRA_low,2007,89962843.0
p123,2042,IRA_low,2008,89620940.0
p123,2042,IRA_low,2009,89935417.0
p123,2042,IRA_low,2010,90134113.0
p123,2042,IRA_low,2011,89521564.0
p123,2042,IRA_low,2012,88975375.0
p123,2042,IRA_low,2013,89863892.0
p123,2043,IRA_low,2007,91437143.0
p123,2043,IRA_low,2008,91082038.0
p123,2043,IRA_low,2009,91407120.0
p123,2043,IRA_low,2010,91616390.0
p123,2043,IRA_low,2011,90979559.0
p123,2043,IRA_low,2012,90412945.0
p123,2043,IRA_low,2013,91333702.0
p123,2044,IRA_low,2007,92911443.0
p123,2044,IRA_low,2008,92543145.0
p123,2044,IRA_low,2009,92878821.0
p123,2044,IRA_low,2010,93098611.0
p123,2044,IRA_low,2011,92437444.0
p123,2044,IRA_low,2012,91850442.0
p123,2044,IRA_low,2013,92803484.0
p123,2045,IRA_low,2007,94385658.0
p123,2045,IRA_low,2008,94004262.0
p123,2045,IRA_low,2009,94350377.0
p123,2045,IRA_low,2010,94580827.0
p123,2045,IRA_low,2011,93895510.0
p123,2045,IRA_low,2012,93287958.0
p123,2045,IRA_low,2013,94273291.0
p123,2046,IRA_low,2007,95388336.0
p123,2046,IRA_low,2008,94997470.0
p123,2046,IRA_low,2009,95348290.0
p123,2046,IRA_low,2010,95590260.0
p123,2046,IRA_low,2011,94889506.0
p123,2046,IRA_low,2012,94270674.0
p123,2046,IRA_low,2013,95270852.0
p123,2047,IRA_low,2007,96391019.0
p123,2047,IRA_low,2008,95990683.0
p123,2047,IRA_low,2009,96346164.0
p123,2047,IRA_low,2010,96599703.0
p123,2047,IRA_low,2011,95883468.0
p123,2047,IRA_low,2012,95253512.0
p123,2047,IRA_low,2013,96268340.0
p123,2048,IRA_low,2007,97393587.0
p123,2048,IRA_low,2008,96983865.0
p123,2048,IRA_low,2009,97344091.0
p123,2048,IRA_low,2010,97609085.0
p123,2048,IRA_low,2011,96877483.0
p123,2048,IRA_low,2012,96236298.0
p123,2048,IRA_low,2013,97265936.0
p123,2049,IRA_low,2007,98396298.0
p123,2049,IRA_low,2008,97977069.0
p123,2049,IRA_low,2009,98341954.0
p123,2049,IRA_low,2010,98618540.0
p123,2049,IRA_low,2011,97871465.0
p123,2049,IRA_low,2012,97219121.0
p123,2049,IRA_low,2013,98263520.0
p123,2050,IRA_low,2007,99398927.0
p123,2050,IRA_low,2008,98970266.0
p123,2050,IRA_low,2009,99339845.0
p123,2050,IRA_low,2010,99627994.0
p123,2050,IRA_low,2011,98865493.0
p123,2050,IRA_low,2012,98201792.0
p123,2050,IRA_low,2013,99261031.0
p124,2020,IRA_low,2007,727445.52
p124,2020,IRA_low,2008,726889.17
p124,2020,IRA_low,2009,727349.53
p124,2020,IRA_low,2010,727295.85
p124,2020,IRA_low,2011,727320.62
p124,2020,IRA_low,2012,726866.46
p124,2020,IRA_low,2013,727426.94
p124,2021,IRA_low,2007,633457.0
p124,2021,IRA_low,2008,633415.0
p124,2021,IRA_low,2009,633478.0
p124,2021,IRA_low,2010,633453.0
p124,2021,IRA_low,2011,633486.0
p124,2021,IRA_low,2012,633516.0
p124,2021,IRA_low,2013,633435.0
p124,2022,IRA_low,2007,667595.0
p124,2022,IRA_low,2008,667454.0
p124,2022,IRA_low,2009,667482.0
p124,2022,IRA_low,2010,667307.0
p124,2022,IRA_low,2011,667414.0
p124,2022,IRA_low,2012,667358.0
p124,2022,IRA_low,2013,667496.0
p124,2023,IRA_low,2007,668682.0
p124,2023,IRA_low,2008,668729.0
p124,2023,IRA_low,2009,669024.0
p124,2023,IRA_low,2010,668699.0
p124,2023,IRA_low,2011,668947.0
p124,2023,IRA_low,2012,668687.0
p124,2023,IRA_low,2013,669157.0
p124,2024,IRA_low,2007,687526.0
p124,2024,IRA_low,2008,687396.0
p124,2024,IRA_low,2009,687261.0
p124,2024,IRA_low,2010,687512.0
p124,2024,IRA_low,2011,687399.0
p124,2024,IRA_low,2012,687408.0
p124,2024,IRA_low,2013,687467.0
p124,2025,IRA_low,2007,723339.0
p124,2025,IRA_low,2008,723131.0
p124,2025,IRA_low,2009,723258.0
p124,2025,IRA_low,2010,723485.0
p124,2025,IRA_low,2011,723419.0
p124,2025,IRA_low,2012,723332.0
p124,2025,IRA_low,2013,723305.0
p124,2026,IRA_low,2007,770599.0
p124,2026,IRA_low,2008,770965.0
p124,2026,IRA_low,2009,770705.0
p124,2026,IRA_low,2010,771116.0
p124,2026,IRA_low,2011,770667.0
p124,2026,IRA_low,2012,770793.0
p124,2026,IRA_low,2013,770917.0
p124,2027,IRA_low,2007,818668.0
p124,2027,IRA_low,2008,818363.0
p124,2027,IRA_low,2009,818331.0
p124,2027,IRA_low,2010,819112.0
p124,2027,IRA_low,2011,818351.0
p124,2027,IRA_low,2012,818081.0
p124,2027,IRA_low,2013,818568.0
p124,2028,IRA_low,2007,866382.0
p124,2028,IRA_low,2008,866039.0
p124,2028,IRA_low,2009,866062.0
p124,2028,IRA_low,2010,867042.0
p124,2028,IRA_low,2011,865910.0
p124,2028,IRA_low,2012,865601.0
p124,2028,IRA_low,2013,866240.0
p124,2029,IRA_low,2007,913697.0
p124,2029,IRA_low,2008,913633.0
p124,2029,IRA_low,2009,913893.0
p124,2029,IRA_low,2010,914467.0
p124,2029,IRA_low,2011,913622.0
p124,2029,IRA_low,2012,913120.0
p124,2029,IRA_low,2013,913758.0
p124,2030,IRA_low,2007,961659.0
p124,2030,IRA_low,2008,961197.0
p124,2030,IRA_low,2009,961484.0
p124,2030,IRA_low,2010,962435.0
p124,2030,IRA_low,2011,961252.0
p124,2030,IRA_low,2012,960675.0
p124,2030,IRA_low,2013,961266.0
p124,2031,IRA_low,2007,998401.0
p124,2031,IRA_low,2008,997992.0
p124,2031,IRA_low,2009,998353.0
p124,2031,IRA_low,2010,999460.0
p124,2031,IRA_low,2011,997970.0
p124,2031,IRA_low,2012,997259.0
p124,2031,IRA_low,2013,998091.0
p124,2032,IRA_low,2007,1035380.0
p124,2032,IRA_low,2008,1034806.0
p124,2032,IRA_low,2009,1035147.0
p124,2032,IRA_low,2010,1036558.0
p124,2032,IRA_low,2011,1034687.0
p124,2032,IRA_low,2012,1033922.0
p124,2032,IRA_low,2013,1034869.0
p124,2033,IRA_low,2007,1072059.0
p124,2033,IRA_low,2008,1071558.0
p124,2033,IRA_low,2009,1072077.0
p124,2033,IRA_low,2010,1073402.0
p124,2033,IRA_low,2011,1071485.0
p124,2033,IRA_low,2012,1070549.0
p124,2033,IRA_low,2013,1071875.0
p124,2034,IRA_low,2007,1108859.0
p124,2034,IRA_low,2008,1108321.0
p124,2034,IRA_low,2009,1108972.0
p124,2034,IRA_low,2010,1110328.0
p124,2034,IRA_low,2011,1108302.0
p124,2034,IRA_low,2012,1107097.0
p124,2034,IRA_low,2013,1108755.0
p124,2035,IRA_low,2007,1145617.0
p124,2035,IRA_low,2008,1145450.0
p124,2035,IRA_low,2009,1145916.0
p124,2035,IRA_low,2010,1147216.0
p124,2035,IRA_low,2011,1145102.0
p124,2035,IRA_low,2012,1143282.0
p124,2035,IRA_low,2013,1145654.0
p124,2036,IRA_low,2007,1170966.0
p124,2036,IRA_low,2008,1170437.0
p124,2036,IRA_low,2009,1171205.0
p124,2036,IRA_low,2010,1172680.0
p124,2036,IRA_low,2011,1170262.0
p124,2036,IRA_low,2012,1168932.0
p124,2036,IRA_low,2013,1171125.0
p124,2037,IRA_low,2007,1196512.0
p124,2037,IRA_low,2008,1195949.0
p124,2037,IRA_low,2009,1196880.0
p124,2037,IRA_low,2010,1198351.0
p124,2037,IRA_low,2011,1195933.0
p124,2037,IRA_low,2012,1194325.0
p124,2037,IRA_low,2013,1196627.0
p124,2038,IRA_low,2007,1221888.0
p124,2038,IRA_low,2008,1221280.0
p124,2038,IRA_low,2009,1222309.0
p124,2038,IRA_low,2010,1223865.0
p124,2038,IRA_low,2011,1221159.0
p124,2038,IRA_low,2012,1219709.0
p124,2038,IRA_low,2013,1222052.0
p124,2039,IRA_low,2007,1247361.0
p124,2039,IRA_low,2008,1246643.0
p124,2039,IRA_low,2009,1247664.0
p124,2039,IRA_low,2010,1249499.0
p124,2039,IRA_low,2011,1246585.0
p124,2039,IRA_low,2012,1244781.0
p124,2039,IRA_low,2013,1247410.0
p124,2040,IRA_low,2007,1272790.0
p124,2040,IRA_low,2008,1272084.0
p124,2040,IRA_low,2009,1273147.0
p124,2040,IRA_low,2010,1275150.0
p124,2040,IRA_low,2011,1272071.0
p124,2040,IRA_low,2012,1270230.0
p124,2040,IRA_low,2013,1272907.0
p124,2041,IRA_low,2007,1299337.0
p124,2041,IRA_low,2008,1298883.0
p124,2041,IRA_low,2009,1300048.0
p124,2041,IRA_low,2010,1302118.0
p124,2041,IRA_low,2011,1299094.0
p124,2041,IRA_low,2012,1296960.0
p124,2041,IRA_low,2013,1299772.0
p124,2042,IRA_low,2007,1326431.0
p124,2042,IRA_low,2008,1325664.0
p124,2042,IRA_low,2009,1326824.0
p124,2042,IRA_low,2010,1329048.0
p124,2042,IRA_low,2011,1325648.0
p124,2042,IRA_low,2012,1323693.0
p124,2042,IRA_low,2013,1326514.0
p124,2043,IRA_low,2007,1353300.0
p124,2043,IRA_low,2008,1352476.0
p124,2043,IRA_low,2009,1353532.0
p124,2043,IRA_low,2010,1356012.0
p124,2043,IRA_low,2011,1352533.0
p124,2043,IRA_low,2012,1350361.0
p124,2043,IRA_low,2013,1353280.0
p124,2044,IRA_low,2007,1380175.0
p124,2044,IRA_low,2008,1379193.0
p124,2044,IRA_low,2009,1380417.0
p124,2044,IRA_low,2010,1383034.0
p124,2044,IRA_low,2011,1379297.0
p124,2044,IRA_low,2012,1376999.0
p124,2044,IRA_low,2013,1380250.0
p124,2045,IRA_low,2007,1407057.0
p124,2045,IRA_low,2008,1405880.0
p124,2045,IRA_low,2009,1407354.0
p124,2045,IRA_low,2010,1409917.0
p124,2045,IRA_low,2011,1406215.0
p124,2045,IRA_low,2012,1403808.0
p124,2045,IRA_low,2013,1407086.0
p124,2046,IRA_low,2007,1433749.0
p124,2046,IRA_low,2008,1432747.0
p124,2046,IRA_low,2009,1434018.0
p124,2046,IRA_low,2010,1436644.0
p124,2046,IRA_low,2011,1432897.0
p124,2046,IRA_low,2012,1430510.0
p124,2046,IRA_low,2013,1433711.0
p124,2047,IRA_low,2007,1460442.0
p124,2047,IRA_low,2008,1459272.0
p124,2047,IRA_low,2009,1460534.0
p124,2047,IRA_low,2010,1463413.0
p124,2047,IRA_low,2011,1459401.0
p124,2047,IRA_low,2012,1457069.0
p124,2047,IRA_low,2013,1460231.0
p124,2048,IRA_low,2007,1487009.0
p124,2048,IRA_low,2008,1485848.0
p124,2048,IRA_low,2009,1487123.0
p124,2048,IRA_low,2010,1490276.0
p124,2048,IRA_low,2011,1486142.0
p124,2048,IRA_low,2012,1483741.0
p124,2048,IRA_low,2013,1486756.0
p124,2049,IRA_low,2007,1513808.0
p124,2049,IRA_low,2008,1512569.0
p124,2049,IRA_low,2009,1513824.0
p124,2049,IRA_low,2010,1517006.0
p124,2049,IRA_low,2011,1512743.0
p124,2049,IRA_low,2012,1510242.0
p124,2049,IRA_low,2013,1513459.0
p124,2050,IRA_low,2007,1540572.0
p124,2050,IRA_low,2008,1539023.0
p124,2050,IRA_low,2009,1540516.0
p124,2050,IRA_low,2010,1543699.0
p124,2050,IRA_low,2011,1539404.0
p124,2050,IRA_low,2012,1536833.0
p124,2050,IRA_low,2013,1540223.0
p125,2020,IRA_low,2007,11809728.37
p125,2020,IRA_low,2008,11809929.16
p125,2020,IRA_low,2009,11809431.54
p125,2020,IRA_low,2010,11809565.4
p125,2020,IRA_low,2011,11809506.23
p125,2020,IRA_low,2012,11809703.15
p125,2020,IRA_low,2013,11809483.92
p125,2021,IRA_low,2007,12310773.0
p125,2021,IRA_low,2008,12310733.0
p125,2021,IRA_low,2009,12310782.0
p125,2021,IRA_low,2010,12310799.0
p125,2021,IRA_low,2011,12310764.0
p125,2021,IRA_low,2012,12310785.0
p125,2021,IRA_low,2013,12310797.0
p125,2022,IRA_low,2007,12471939.0
p125,2022,IRA_low,2008,12471946.0
p125,2022,IRA_low,2009,12471888.0
p125,2022,IRA_low,2010,12471958.0
p125,2022,IRA_low,2011,12471929.0
p125,2022,IRA_low,2012,12471942.0
p125,2022,IRA_low,2013,12471889.0
p125,2023,IRA_low,2007,11939387.0
p125,2023,IRA_low,2008,11939345.0
p125,2023,IRA_low,2009,11939328.0
p125,2023,IRA_low,2010,11939269.0
p125,2023,IRA_low,2011,11939378.0
p125,2023,IRA_low,2012,11939378.0
p125,2023,IRA_low,2013,11939402.0
p125,2024,IRA_low,2007,12208872.0
p125,2024,IRA_low,2008,12208894.0
p125,2024,IRA_low,2009,12208891.0
p125,2024,IRA_low,2010,12208878.0
p125,2024,IRA_low,2011,12208877.0
p125,2024,IRA_low,2012,12208901.0
p125,2024,IRA_low,2013,12208895.0
p125,2025,IRA_low,2007,12312256.0
p125,2025,IRA_low,2008,12310871.0
p125,2025,IRA_low,2009,12310854.0
p125,2025,IRA_low,2010,12313584.0
p125,2025,IRA_low,2011,12310945.0
p125,2025,IRA_low,2012,12309220.0
p125,2025,IRA_low,2013,12311426.0
p125,2026,IRA_low,2007,12497106.0
p125,2026,IRA_low,2008,12492971.0
p125,2026,IRA_low,2009,12494561.0
p125,2026,IRA_low,2010,12499491.0
p125,2026,IRA_low,2011,12492844.0
p125,2026,IRA_low,2012,12486839.0
p125,2026,IRA_low,2013,12495014.0
p125,2027,IRA_low,2007,12682034.0
p125,2027,IRA_low,2008,12675129.0
p125,2027,IRA_low,2009,12678277.0
p125,2027,IRA_low,2010,12685431.0
p125,2027,IRA_low,2011,12674823.0
p125,2027,IRA_low,2012,12664447.0
p125,2027,IRA_low,2013,12678672.0
p125,2028,IRA_low,2007,12867030.0
p125,2028,IRA_low,2008,12857290.0
p125,2028,IRA_low,2009,12861993.0
p125,2028,IRA_low,2010,12871166.0
p125,2028,IRA_low,2011,12856663.0
p125,2028,IRA_low,2012,12841993.0
p125,2028,IRA_low,2013,12862298.0
p125,2029,IRA_low,2007,13051906.0
p125,2029,IRA_low,2008,13039430.0
p125,2029,IRA_low,2009,13045729.0
p125,2029,IRA_low,2010,13057128.0
p125,2029,IRA_low,2011,13038584.0
p125,2029,IRA_low,2012,13019622.0
p125,2029,IRA_low,2013,13045999.0
p125,2030,IRA_low,2007,13236753.0
p125,2030,IRA_low,2008,13221575.0
p125,2030,IRA_low,2009,13229439.0
p125,2030,IRA_low,2010,13243014.0
p125,2030,IRA_low,2011,13220515.0
p125,2030,IRA_low,2012,13197202.0
p125,2030,IRA_low,2013,13229611.0
p125,2031,IRA_low,2007,13504254.0
p125,2031,IRA_low,2008,13486058.0
p125,2031,IRA_low,2009,13495974.0
p125,2031,IRA_low,2010,13512056.0
p125,2031,IRA_low,2011,13484997.0
p125,2031,IRA_low,2012,13456428.0
p125,2031,IRA_low,2013,13496194.0
p125,2032,IRA_low,2007,13771831.0
p125,2032,IRA_low,2008,13750501.0
p125,2032,IRA_low,2009,13762375.0
p125,2032,IRA_low,2010,13780963.0
p125,2032,IRA_low,2011,13749451.0
p125,2032,IRA_low,2012,13715666.0
p125,2032,IRA_low,2013,13762828.0
p125,2033,IRA_low,2007,14039290.0
p125,2033,IRA_low,2008,14014987.0
p125,2033,IRA_low,2009,14028929.0
p125,2033,IRA_low,2010,14049873.0
p125,2033,IRA_low,2011,14013954.0
p125,2033,IRA_low,2012,13975001.0
p125,2033,IRA_low,2013,14029436.0
p125,2034,IRA_low,2007,14306883.0
p125,2034,IRA_low,2008,14279452.0
p125,2034,IRA_low,2009,14295329.0
p125,2034,IRA_low,2010,14318819.0
p125,2034,IRA_low,2011,14278384.0
p125,2034,IRA_low,2012,14234234.0
p125,2034,IRA_low,2013,14296080.0
p125,2035,IRA_low,2007,14574306.0
p125,2035,IRA_low,2008,14543863.0
p125,2035,IRA_low,2009,14561869.0
p125,2035,IRA_low,2010,14587802.0
p125,2035,IRA_low,2011,14542862.0
p125,2035,IRA_low,2012,14493525.0
p125,2035,IRA_low,2013,14562636.0
p125,2036,IRA_low,2007,14850360.0
p125,2036,IRA_low,2008,14817395.0
p125,2036,IRA_low,2009,14837256.0
p125,2036,IRA_low,2010,14865369.0
p125,2036,IRA_low,2011,14816334.0
p125,2036,IRA_low,2012,14762396.0
p125,2036,IRA_low,2013,14838016.0
p125,2037,IRA_low,2007,15126550.0
p125,2037,IRA_low,2008,15090917.0
p125,2037,IRA_low,2009,15112499.0
p125,2037,IRA_low,2010,15142810.0
p125,2037,IRA_low,2011,15089715.0
p125,2037,IRA_low,2012,15031176.0
p125,2037,IRA_low,2013,15113510.0
p125,2038,IRA_low,2007,15402667.0
p125,2038,IRA_low,2008,15364495.0
p125,2038,IRA_low,2009,15387862.0
p125,2038,IRA_low,2010,15420359.0
p125,2038,IRA_low,2011,15363241.0
p125,2038,IRA_low,2012,15299988.0
p125,2038,IRA_low,2013,15388907.0
p125,2039,IRA_low,2007,15678897.0
p125,2039,IRA_low,2008,15638029.0
p125,2039,IRA_low,2009,15663089.0
p125,2039,IRA_low,2010,15697833.0
p125,2039,IRA_low,2011,15636671.0
p125,2039,IRA_low,2012,15568815.0
p125,2039,IRA_low,2013,15664405.0
p125,2040,IRA_low,2007,15955023.0
p125,2040,IRA_low,2008,15911583.0
p125,2040,IRA_low,2009,15938417.0
p125,2040,IRA_low,2010,15975414.0
p125,2040,IRA_low,2011,15910119.0
p125,2040,IRA_low,2012,15837718.0
p125,2040,IRA_low,2013,15939798.0
p125,2041,IRA_low,2007,16201873.0
p125,2041,IRA_low,2008,16156292.0
p125,2041,IRA_low,2009,16184369.0
p125,2041,IRA_low,2010,16223866.0
p125,2041,IRA_low,2011,16154939.0
p125,2041,IRA_low,2012,16079159.0
p125,2041,IRA_low,2013,16185825.0
p125,2042,IRA_low,2007,16448818.0
p125,2042,IRA_low,2008,16401017.0
p125,2042,IRA_low,2009,16430391.0
p125,2042,IRA_low,2010,16472276.0
p125,2042,IRA_low,2011,16399757.0
p125,2042,IRA_low,2012,16320685.0
p125,2042,IRA_low,2013,16431810.0
p125,2043,IRA_low,2007,16695638.0
p125,2043,IRA_low,2008,16645692.0
p125,2043,IRA_low,2009,16676352.0
p125,2043,IRA_low,2010,16720835.0
p125,2043,IRA_low,2011,16644667.0
p125,2043,IRA_low,2012,16562100.0
p125,2043,IRA_low,2013,16677836.0
p125,2044,IRA_low,2007,16942555.0
p125,2044,IRA_low,2008,16890443.0
p125,2044,IRA_low,2009,16922379.0
p125,2044,IRA_low,2010,16969184.0
p125,2044,IRA_low,2011,16889535.0
p125,2044,IRA_low,2012,16803618.0
p125,2044,IRA_low,2013,16923853.0
p125,2045,IRA_low,2007,17189357.0
p125,2045,IRA_low,2008,17135264.0
p125,2045,IRA_low,2009,17168288.0
p125,2045,IRA_low,2010,17217608.0
p125,2045,IRA_low,2011,17134363.0
p125,2045,IRA_low,2012,17045019.0
p125,2045,IRA_low,2013,17169848.0
p125,2046,IRA_low,2007,17372755.0
p125,2046,IRA_low,2008,17317041.0
p125,2046,IRA_low,2009,17350518.0
p125,2046,IRA_low,2010,17402123.0
p125,2046,IRA_low,2011,17316464.0
p125,2046,IRA_low,2012,17225166.0
p125,2046,IRA_low,2013,17352394.0
p125,2047,IRA_low,2007,17556180.0
p125,2047,IRA_low,2008,17498969.0
p125,2047,IRA_low,2009,17532880.0
p125,2047,IRA_low,2010,17586525.0
p125,2047,IRA_low,2011,17498632.0
p125,2047,IRA_low,2012,17405270.0
p125,2047,IRA_low,2013,17534843.0
p125,2048,IRA_low,2007,17739574.0
p125,2048,IRA_low,2008,17680820.0
p125,2048,IRA_low,2009,17715210.0
p125,2048,IRA_low,2010,17770985.0
p125,2048,IRA_low,2011,17680655.0
p125,2048,IRA_low,2012,17585384.0
p125,2048,IRA_low,2013,17717343.0
p125,2049,IRA_low,2007,17922988.0
p125,2049,IRA_low,2008,17862762.0
p125,2049,IRA_low,2009,17897520.0
p125,2049,IRA_low,2010,17955366.0
p125,2049,IRA_low,2011,17862813.0
p125,2049,IRA_low,2012,17765449.0
p125,2049,IRA_low,2013,17899796.0
p125,2050,IRA_low,2007,18106349.0
p125,2050,IRA_low,2008,18044585.0
p125,2050,IRA_low,2009,18079759.0
p125,2050,IRA_low,2010,18139911.0
p125,2050,IRA_low,2011,18044922.0
p125,2050,IRA_low,2012,17945598.0
p125,2050,IRA_low,2013,18082273.0
p126,2020,IRA_low,2007,71857908.64
p126,2020,IRA_low,2008,71858214.1
p126,2020,IRA_low,2009,71855899.56
p126,2020,IRA_low,2010,71857122.35
p126,2020,IRA_low,2011,71856590.62
p126,2020,IRA_low,2012,71857657.86
p126,2020,IRA_low,2013,71856462.4
p126,2021,IRA_low,2007,76095978.0
p126,2021,IRA_low,2008,76095935.0
p126,2021,IRA_low,2009,76095988.0
p126,2021,IRA_low,2010,76095943.0
p126,2021,IRA_low,2011,76095983.0
p126,2021,IRA_low,2012,76095934.0
p126,2021,IRA_low,2013,76095964.0
p126,2022,IRA_low,2007,78318953.0
p126,2022,IRA_low,2008,78318878.0
p126,2022,IRA_low,2009,78318847.0
p126,2022,IRA_low,2010,78318926.0
p126,2022,IRA_low,2011,78318918.0
p126,2022,IRA_low,2012,78318913.0
p126,2022,IRA_low,2013,78318910.0
p126,2023,IRA_low,2007,74996616.0
p126,2023,IRA_low,2008,74996680.0
p126,2023,IRA_low,2009,74996630.0
p126,2023,IRA_low,2010,74996648.0
p126,2023,IRA_low,2011,74996616.0
p126,2023,IRA_low,2012,74996626.0
p126,2023,IRA_low,2013,74996663.0
p126,2024,IRA_low,2007,77346244.0
p126,2024,IRA_low,2008,77346267.0
p126,2024,IRA_low,2009,77346244.0
p126,2024,IRA_low,2010,77346229.0
p126,2024,IRA_low,2011,77346208.0
p126,2024,IRA_low,2012,77346230.0
p126,2024,IRA_low,2013,77346225.0
p126,2025,IRA_low,2007,78601178.0
p126,2025,IRA_low,2008,78573312.0
p126,2025,IRA_low,2009,78582932.0
p126,2025,IRA_low,2010,78586049.0
p126,2025,IRA_low,2011,78563677.0
p126,2025,IRA_low,2012,78521777.0
p126,2025,IRA_low,2013,78585084.0
p126,2026,IRA_low,2007,81249909.0
p126,2026,IRA_low,2008,81169659.0
p126,2026,IRA_low,2009,81207420.0
p126,2026,IRA_low,2010,81188985.0
p126,2026,IRA_low,2011,81129635.0
p126,2026,IRA_low,2012,81009295.0
p126,2026,IRA_low,2013,81207825.0
p126,2027,IRA_low,2007,83898618.0
p126,2027,IRA_low,2008,83766042.0
p126,2027,IRA_low,2009,83831938.0
p126,2027,IRA_low,2010,83791808.0
p126,2027,IRA_low,2011,83695540.0
p126,2027,IRA_low,2012,83496798.0
p126,2027,IRA_low,2013,83830466.0
p126,2028,IRA_low,2007,86547404.0
p126,2028,IRA_low,2008,86362389.0
p126,2028,IRA_low,2009,86456368.0
p126,2028,IRA_low,2010,86394641.0
p126,2028,IRA_low,2011,86261554.0
p126,2028,IRA_low,2012,85984423.0
p126,2028,IRA_low,2013,86453082.0
p126,2029,IRA_low,2007,89196048.0
p126,2029,IRA_low,2008,88958752.0
p126,2029,IRA_low,2009,89080941.0
p126,2029,IRA_low,2010,88997404.0
p126,2029,IRA_low,2011,88827598.0
p126,2029,IRA_low,2012,88471804.0
p126,2029,IRA_low,2013,89075823.0
p126,2030,IRA_low,2007,91844706.0
p126,2030,IRA_low,2008,91555126.0
p126,2030,IRA_low,2009,91705368.0
p126,2030,IRA_low,2010,91600265.0
p126,2030,IRA_low,2011,91393556.0
p126,2030,IRA_low,2012,90959216.0
p126,2030,IRA_low,2013,91698591.0
p126,2031,IRA_low,2007,95049807.0
p126,2031,IRA_low,2008,94704378.0
p126,2031,IRA_low,2009,94883155.0
p126,2031,IRA_low,2010,94761268.0
p126,2031,IRA_low,2011,94514362.0
p126,2031,IRA_low,2012,93996464.0
p126,2031,IRA_low,2013,94877828.0
p126,2032,IRA_low,2007,98254697.0
p126,2032,IRA_low,2008,97853694.0
p126,2032,IRA_low,2009,98060917.0
p126,2032,IRA_low,2010,97922234.0
p126,2032,IRA_low,2011,97635258.0
p126,2032,IRA_low,2012,97033622.0
p126,2032,IRA_low,2013,98057047.0
p126,2033,IRA_low,2007,101459718.0
p126,2033,IRA_low,2008,101002888.0
p126,2033,IRA_low,2009,101238614.0
p126,2033,IRA_low,2010,101083136.0
p126,2033,IRA_low,2011,100756054.0
p126,2033,IRA_low,2012,100070882.0
p126,2033,IRA_low,2013,101236421.0
p126,2034,IRA_low,2007,104664730.0
p126,2034,IRA_low,2008,104152150.0
p126,2034,IRA_low,2009,104416422.0
p126,2034,IRA_low,2010,104244082.0
p126,2034,IRA_low,2011,103876928.0
p126,2034,IRA_low,2012,103108086.0
p126,2034,IRA_low,2013,104415809.0
p126,2035,IRA_low,2007,107869770.0
p126,2035,IRA_low,2008,107301512.0
p126,2035,IRA_low,2009,107594243.0
p126,2035,IRA_low,2010,107405043.0
p126,2035,IRA_low,2011,106997768.0
p126,2035,IRA_low,2012,106145203.0
p126,2035,IRA_low,2013,107595059.0
p126,2036,IRA_low,2007,110820674.0
p126,2036,IRA_low,2008,110209766.0
p126,2036,IRA_low,2009,110522054.0
p126,2036,IRA_low,2010,110324372.0
p126,2036,IRA_low,2011,109884069.0
p126,2036,IRA_low,2012,108966299.0
p126,2036,IRA_low,2013,110526621.0
p126,2037,IRA_low,2007,113771679.0
p126,2037,IRA_low,2008,113118111.0
p126,2037,IRA_low,2009,113449878.0
p126,2037,IRA_low,2010,113243623.0
p126,2037,IRA_low,2011,112770278.0
p126,2037,IRA_low,2012,111787244.0
p126,2037,IRA_low,2013,113458088.0
p126,2038,IRA_low,2007,116722709.0
p126,2038,IRA_low,2008,116026482.0
p126,2038,IRA_low,2009,116377677.0
p126,2038,IRA_low,2010,116162945.0
p126,2038,IRA_low,2011,115656553.0
p126,2038,IRA_low,2012,114608283.0
p126,2038,IRA_low,2013,116389584.0
p126,2039,IRA_low,2007,119673662.0
p126,2039,IRA_low,2008,118934859.0
p126,2039,IRA_low,2009,119305561.0
p126,2039,IRA_low,2010,119082140.0
p126,2039,IRA_low,2011,118542886.0
p126,2039,IRA_low,2012,117429251.0
p126,2039,IRA_low,2013,119321115.0
p126,2040,IRA_low,2007,122624714.0
p126,2040,IRA_low,2008,121843177.0
p126,2040,IRA_low,2009,122233301.0
p126,2040,IRA_low,2010,122001436.0
p126,2040,IRA_low,2011,121429145.0
p126,2040,IRA_low,2012,120250276.0
p126,2040,IRA_low,2013,122252650.0
p126,2041,IRA_low,2007,125022277.0
p126,2041,IRA_low,2008,124218695.0
p126,2041,IRA_low,2009,124618621.0
p126,2041,IRA_low,2010,124384949.0
p126,2041,IRA_low,2011,123794275.0
p126,2041,IRA_low,2012,122580147.0
p126,2041,IRA_low,2013,124640914.0
p126,2042,IRA_low,2007,127419903.0
p126,2042,IRA_low,2008,126594316.0
p126,2042,IRA_low,2009,127003890.0
p126,2042,IRA_low,2010,126768430.0
p126,2042,IRA_low,2011,126159381.0
p126,2042,IRA_low,2012,124909922.0
p126,2042,IRA_low,2013,127028984.0
p126,2043,IRA_low,2007,129817539.0
p126,2043,IRA_low,2008,128969965.0
p126,2043,IRA_low,2009,129389182.0
p126,2043,IRA_low,2010,129151897.0
p126,2043,IRA_low,2011,128524401.0
p126,2043,IRA_low,2012,127239671.0
p126,2043,IRA_low,2013,129417348.0
p126,2044,IRA_low,2007,132215182.0
p126,2044,IRA_low,2008,131345606.0
p126,2044,IRA_low,2009,131774504.0
p126,2044,IRA_low,2010,131535371.0
p126,2044,IRA_low,2011,130889548.0
p126,2044,IRA_low,2012,129569423.0
p126,2044,IRA_low,2013,131805353.0
p126,2045,IRA_low,2007,134612791.0
p126,2045,IRA_low,2008,133721071.0
p126,2045,IRA_low,2009,134159780.0
p126,2045,IRA_low,2010,133918913.0
p126,2045,IRA_low,2011,133254681.0
p126,2045,IRA_low,2012,131899247.0
p126,2045,IRA_low,2013,134193700.0
p126,2046,IRA_low,2007,136325816.0
p126,2046,IRA_low,2008,135421132.0
p126,2046,IRA_low,2009,135862424.0
p126,2046,IRA_low,2010,135630241.0
p126,2046,IRA_low,2011,134954248.0
p126,2046,IRA_low,2012,133579914.0
p126,2046,IRA_low,2013,135900568.0
p126,2047,IRA_low,2007,138038844.0
p126,2047,IRA_low,2008,137121151.0
p126,2047,IRA_low,2009,137565105.0
p126,2047,IRA_low,2010,137341586.0
p126,2047,IRA_low,2011,136653663.0
p126,2047,IRA_low,2012,135260627.0
p126,2047,IRA_low,2013,137607567.0
p126,2048,IRA_low,2007,139751786.0
p126,2048,IRA_low,2008,138821088.0
p126,2048,IRA_low,2009,139267784.0
p126,2048,IRA_low,2010,139052916.0
p126,2048,IRA_low,2011,138353186.0
p126,2048,IRA_low,2012,136941309.0
p126,2048,IRA_low,2013,139314421.0
p126,2049,IRA_low,2007,141464871.0
p126,2049,IRA_low,2008,140521044.0
p126,2049,IRA_low,2009,140970390.0
p126,2049,IRA_low,2010,140764259.0
p126,2049,IRA_low,2011,140052717.0
p126,2049,IRA_low,2012,138622035.0
p126,2049,IRA_low,2013,141021313.0
p126,2050,IRA_low,2007,143177833.0
p126,2050,IRA_low,2008,142220983.0
p126,2050,IRA_low,2009,142673088.0
p126,2050,IRA_low,2010,142475665.0
p126,2050,IRA_low,2011,141752133.0
p126,2050,IRA_low,2012,140302707.0
p126,2050,IRA_low,2013,142728239.0
p127,2020,IRA_low,2007,121654271.11
p127,2020,IRA_low,2008,121654778.33
p127,2020,IRA_low,2009,121651359.05
p127,2020,IRA_low,2010,121652148.49
p127,2020,IRA_low,2011,121652807.68
p127,2020,IRA_low,2012,121653803.37
p127,2020,IRA_low,2013,121651454.77
p127,2021,IRA_low,2007,125387565.0
p127,2021,IRA_low,2008,125387591.0
p127,2021,IRA_low,2009,125387590.0
p127,2021,IRA_low,2010,125387614.0
p127,2021,IRA_low,2011,125387607.0
p127,2021,IRA_low,2012,125387528.0
p127,2021,IRA_low,2013,125387593.0
p127,2022,IRA_low,2007,127844127.0
p127,2022,IRA_low,2008,127844112.0
p127,2022,IRA_low,2009,127844165.0
p127,2022,IRA_low,2010,127844126.0
p127,2022,IRA_low,2011,127844172.0
p127,2022,IRA_low,2012,127844170.0
p127,2022,IRA_low,2013,127844140.0
p127,2023,IRA_low,2007,125007782.0
p127,2023,IRA_low,2008,125007808.0
p127,2023,IRA_low,2009,125007801.0
p127,2023,IRA_low,2010,125007758.0
p127,2023,IRA_low,2011,125007805.0
p127,2023,IRA_low,2012,125007822.0
p127,2023,IRA_low,2013,125007806.0
p127,2024,IRA_low,2007,125832069.0
p127,2024,IRA_low,2008,125832068.0
p127,2024,IRA_low,2009,125832091.0
p127,2024,IRA_low,2010,125832064.0
p127,2024,IRA_low,2011,125832092.0
p127,2024,IRA_low,2012,125832080.0
p127,2024,IRA_low,2013,125832071.0
p127,2025,IRA_low,2007,126892284.0
p127,2025,IRA_low,2008,126866758.0
p127,2025,IRA_low,2009,126877398.0
p127,2025,IRA_low,2010,126872586.0
p127,2025,IRA_low,2011,126858193.0
p127,2025,IRA_low,2012,126812978.0
p127,2025,IRA_low,2013,126879182.0
p127,2026,IRA_low,2007,129694425.0
p127,2026,IRA_low,2008,129608892.0
p127,2026,IRA_low,2009,129668960.0
p127,2026,IRA_low,2010,129601159.0
p127,2026,IRA_low,2011,129569055.0
p127,2026,IRA_low,2012,129404244.0
p127,2026,IRA_low,2013,129654045.0
p127,2027,IRA_low,2007,132496622.0
p127,2027,IRA_low,2008,132351102.0
p127,2027,IRA_low,2009,132460580.0
p127,2027,IRA_low,2010,132329772.0
p127,2027,IRA_low,2011,132279795.0
p127,2027,IRA_low,2012,131995555.0
p127,2027,IRA_low,2013,132428919.0
p127,2028,IRA_low,2007,135298713.0
p127,2028,IRA_low,2008,135093228.0
p127,2028,IRA_low,2009,135252150.0
p127,2028,IRA_low,2010,135058453.0
p127,2028,IRA_low,2011,134990544.0
p127,2028,IRA_low,2012,134586825.0
p127,2028,IRA_low,2013,135203815.0
p127,2029,IRA_low,2007,138100870.0
p127,2029,IRA_low,2008,137835423.0
p127,2029,IRA_low,2009,138043747.0
p127,2029,IRA_low,2010,137787056.0
p127,2029,IRA_low,2011,137701256.0
p127,2029,IRA_low,2012,137178095.0
p127,2029,IRA_low,2013,137978690.0
p127,2030,IRA_low,2007,140903089.0
p127,2030,IRA_low,2008,140577474.0
p127,2030,IRA_low,2009,140835416.0
p127,2030,IRA_low,2010,140515637.0
p127,2030,IRA_low,2011,140412021.0
p127,2030,IRA_low,2012,139769401.0
p127,2030,IRA_low,2013,140753491.0
p127,2031,IRA_low,2007,144515762.0
p127,2031,IRA_low,2008,144123911.0
p127,2031,IRA_low,2009,144435087.0
p127,2031,IRA_low,2010,144052477.0
p127,2031,IRA_low,2011,143926572.0
p127,2031,IRA_low,2012,143153271.0
p127,2031,IRA_low,2013,144338221.0
p127,2032,IRA_low,2007,148128508.0
p127,2032,IRA_low,2008,147670381.0
p127,2032,IRA_low,2009,148034778.0
p127,2032,IRA_low,2010,147589434.0
p127,2032,IRA_low,2011,147440979.0
p127,2032,IRA_low,2012,146537184.0
p127,2032,IRA_low,2013,147922849.0
p127,2033,IRA_low,2007,151741294.0
p127,2033,IRA_low,2008,151216794.0
p127,2033,IRA_low,2009,151634443.0
p127,2033,IRA_low,2010,151126249.0
p127,2033,IRA_low,2011,150955474.0
p127,2033,IRA_low,2012,149921131.0
p127,2033,IRA_low,2013,151507680.0
p127,2034,IRA_low,2007,155353944.0
p127,2034,IRA_low,2008,154763199.0
p127,2034,IRA_low,2009,155234079.0
p127,2034,IRA_low,2010,154663082.0
p127,2034,IRA_low,2011,154469983.0
p127,2034,IRA_low,2012,153305034.0
p127,2034,IRA_low,2013,155092324.0
p127,2035,IRA_low,2007,158966705.0
p127,2035,IRA_low,2008,158309691.0
p127,2035,IRA_low,2009,158833861.0
p127,2035,IRA_low,2010,158199876.0
p127,2035,IRA_low,2011,157984417.0
p127,2035,IRA_low,2012,156688975.0
p127,2035,IRA_low,2013,158677063.0
p127,2036,IRA_low,2007,162300495.0
p127,2036,IRA_low,2008,161591225.0
p127,2036,IRA_low,2009,162155281.0
p127,2036,IRA_low,2010,161474523.0
p127,2036,IRA_low,2011,161239246.0
p127,2036,IRA_low,2012,159838924.0
p127,2036,IRA_low,2013,161988991.0
p127,2037,IRA_low,2007,165634363.0
p127,2037,IRA_low,2008,164872850.0
p127,2037,IRA_low,2009,165476918.0
p127,2037,IRA_low,2010,164749135.0
p127,2037,IRA_low,2011,164494204.0
p127,2037,IRA_low,2012,162988883.0
p127,2037,IRA_low,2013,165300882.0
p127,2038,IRA_low,2007,168968180.0
p127,2038,IRA_low,2008,168154414.0
p127,2038,IRA_low,2009,168798453.0
p127,2038,IRA_low,2010,168023647.0
p127,2038,IRA_low,2011,167749048.0
p127,2038,IRA_low,2012,166138876.0
p127,2038,IRA_low,2013,168612824.0
p127,2039,IRA_low,2007,172302072.0
p127,2039,IRA_low,2008,171436008.0
p127,2039,IRA_low,2009,172119990.0
p127,2039,IRA_low,2010,171298298.0
p127,2039,IRA_low,2011,171003959.0
p127,2039,IRA_low,2012,169288750.0
p127,2039,IRA_low,2013,171924748.0
p127,2040,IRA_low,2007,175635806.0
p127,2040,IRA_low,2008,174717520.0
p127,2040,IRA_low,2009,175441497.0
p127,2040,IRA_low,2010,174572942.0
p127,2040,IRA_low,2011,174258866.0
p127,2040,IRA_low,2012,172438672.0
p127,2040,IRA_low,2013,175236626.0
p127,2041,IRA_low,2007,178379534.0
p127,2041,IRA_low,2008,177432541.0
p127,2041,IRA_low,2009,178178865.0
p127,2041,IRA_low,2010,177285487.0
p127,2041,IRA_low,2011,176959327.0
p127,2041,IRA_low,2012,175079774.0
p127,2041,IRA_low,2013,177968976.0
p127,2042,IRA_low,2007,181123235.0
p127,2042,IRA_low,2008,180147684.0
p127,2042,IRA_low,2009,180916165.0
p127,2042,IRA_low,2010,179998057.0
p127,2042,IRA_low,2011,179659983.0
p127,2042,IRA_low,2012,177720787.0
p127,2042,IRA_low,2013,180701265.0
p127,2043,IRA_low,2007,183866980.0
p127,2043,IRA_low,2008,182862612.0
p127,2043,IRA_low,2009,183653449.0
p127,2043,IRA_low,2010,182710619.0
p127,2043,IRA_low,2011,182360529.0
p127,2043,IRA_low,2012,180361790.0
p127,2043,IRA_low,2013,183433652.0
p127,2044,IRA_low,2007,186610589.0
p127,2044,IRA_low,2008,185577621.0
p127,2044,IRA_low,2009,186390787.0
p127,2044,IRA_low,2010,185423234.0
p127,2044,IRA_low,2011,185061085.0
p127,2044,IRA_low,2012,183002739.0
p127,2044,IRA_low,2013,186165933.0
p127,2045,IRA_low,2007,189354302.0
p127,2045,IRA_low,2008,188292643.0
p127,2045,IRA_low,2009,189128064.0
p127,2045,IRA_low,2010,188135866.0
p127,2045,IRA_low,2011,187761609.0
p127,2045,IRA_low,2012,185643730.0
p127,2045,IRA_low,2013,188898317.0
p127,2046,IRA_low,2007,191319390.0
p127,2046,IRA_low,2008,190238456.0
p127,2046,IRA_low,2009,191083828.0
p127,2046,IRA_low,2010,190088837.0
p127,2046,IRA_low,2011,189703721.0
p127,2046,IRA_low,2012,187551500.0
p127,2046,IRA_low,2013,190855548.0
p127,2047,IRA_low,2007,193284414.0
p127,2047,IRA_low,2008,192184177.0
p127,2047,IRA_low,2009,193039556.0
p127,2047,IRA_low,2010,192041860.0
p127,2047,IRA_low,2011,191645800.0
p127,2047,IRA_low,2012,189459248.0
p127,2047,IRA_low,2013,192812679.0
p127,2048,IRA_low,2007,195249518.0
p127,2048,IRA_low,2008,194129925.0
p127,2048,IRA_low,2009,194995280.0
p127,2048,IRA_low,2010,193994790.0
p127,2048,IRA_low,2011,193587853.0
p127,2048,IRA_low,2012,191366964.0
p127,2048,IRA_low,2013,194769973.0
p127,2049,IRA_low,2007,197214611.0
p127,2049,IRA_low,2008,196075678.0
p127,2049,IRA_low,2009,196950967.0
p127,2049,IRA_low,2010,195947697.0
p127,2049,IRA_low,2011,195530010.0
p127,2049,IRA_low,2012,193274678.0
p127,2049,IRA_low,2013,196727240.0
p127,2050,IRA_low,2007,199179657.0
p127,2050,IRA_low,2008,198021416.0
p127,2050,IRA_low,2009,198906743.0
p127,2050,IRA_low,2010,197900706.0
p127,2050,IRA_low,2011,197472009.0
p127,2050,IRA_low,2012,195182356.0
p127,2050,IRA_low,2013,198684346.0
p128,2020,IRA_low,2007,21990651.17
p128,2020,IRA_low,2008,21990753.8
p128,2020,IRA_low,2009,21990017.64
p128,2020,IRA_low,2010,21990407.43
p128,2020,IRA_low,2011,21990356.12
p128,2020,IRA_low,2012,21990519.92
p128,2020,IRA_low,2013,21990119.28
p128,2021,IRA_low,2007,20384212.0
p128,2021,IRA_low,2008,20384274.0
p128,2021,IRA_low,2009,20384296.0
p128,2021,IRA_low,2010,20384243.0
p128,2021,IRA_low,2011,20384304.0
p128,2021,IRA_low,2012,20384290.0
p128,2021,IRA_low,2013,20384344.0
p128,2022,IRA_low,2007,20783634.0
p128,2022,IRA_low,2008,20783651.0
p128,2022,IRA_low,2009,20783689.0
p128,2022,IRA_low,2010,20783649.0
p128,2022,IRA_low,2011,20783685.0
p128,2022,IRA_low,2012,20783624.0
p128,2022,IRA_low,2013,20783677.0
p128,2023,IRA_low,2007,20322538.0
p128,2023,IRA_low,2008,20322543.0
p128,2023,IRA_low,2009,20322562.0
p128,2023,IRA_low,2010,20322578.0
p128,2023,IRA_low,2011,20322535.0
p128,2023,IRA_low,2012,20322545.0
p128,2023,IRA_low,2013,20322501.0
p128,2024,IRA_low,2007,20456579.0
p128,2024,IRA_low,2008,20456568.0
p128,2024,IRA_low,2009,20456521.0
p128,2024,IRA_low,2010,20456526.0
p128,2024,IRA_low,2011,20456541.0
p128,2024,IRA_low,2012,20456584.0
p128,2024,IRA_low,2013,20456582.0
p128,2025,IRA_low,2007,20641040.0
p128,2025,IRA_low,2008,20636535.0
p128,2025,IRA_low,2009,20638334.0
p128,2025,IRA_low,2010,20637665.0
p128,2025,IRA_low,2011,20635202.0
p128,2025,IRA_low,2012,20627210.0
p128,2025,IRA_low,2013,20638869.0
p128,2026,IRA_low,2007,21128597.0
p128,2026,IRA_low,2008,21113537.0
p128,2026,IRA_low,2009,21124094.0
p128,2026,IRA_low,2010,21112390.0
p128,2026,IRA_low,2011,21106760.0
p128,2026,IRA_low,2012,21078088.0
p128,2026,IRA_low,2013,21121586.0
p128,2027,IRA_low,2007,21616123.0
p128,2027,IRA_low,2008,21590772.0
p128,2027,IRA_low,2009,21609856.0
p128,2027,IRA_low,2010,21587058.0
p128,2027,IRA_low,2011,21578377.0
p128,2027,IRA_low,2012,21528902.0
p128,2027,IRA_low,2013,21604344.0
p128,2028,IRA_low,2007,22103673.0
p128,2028,IRA_low,2008,22067794.0
p128,2028,IRA_low,2009,22095482.0
p128,2028,IRA_low,2010,22061838.0
p128,2028,IRA_low,2011,22050040.0
p128,2028,IRA_low,2012,21979707.0
p128,2028,IRA_low,2013,22087087.0
p128,2029,IRA_low,2007,22591211.0
p128,2029,IRA_low,2008,22544888.0
p128,2029,IRA_low,2009,22581115.0
p128,2029,IRA_low,2010,22536538.0
p128,2029,IRA_low,2011,22521611.0
p128,2029,IRA_low,2012,22430620.0
p128,2029,IRA_low,2013,22569983.0
p128,2030,IRA_low,2007,23078740.0
p128,2030,IRA_low,2008,23022024.0
p128,2030,IRA_low,2009,23066916.0
p128,2030,IRA_low,2010,23011240.0
p128,2030,IRA_low,2011,22993301.0
p128,2030,IRA_low,2012,22881445.0
p128,2030,IRA_low,2013,23052655.0
p128,2031,IRA_low,2007,23707375.0
p128,2031,IRA_low,2008,23639071.0
p128,2031,IRA_low,2009,23693251.0
p128,2031,IRA_low,2010,23626649.0
p128,2031,IRA_low,2011,23604771.0
p128,2031,IRA_low,2012,23470218.0
p128,2031,IRA_low,2013,23676477.0
p128,2032,IRA_low,2007,24335877.0
p128,2032,IRA_low,2008,24256155.0
p128,2032,IRA_low,2009,24319516.0
p128,2032,IRA_low,2010,24242077.0
p128,2032,IRA_low,2011,24216220.0
p128,2032,IRA_low,2012,24059014.0
p128,2032,IRA_low,2013,24300175.0
p128,2033,IRA_low,2007,24964433.0
p128,2033,IRA_low,2008,24873151.0
p128,2033,IRA_low,2009,24945777.0
p128,2033,IRA_low,2010,24857397.0
p128,2033,IRA_low,2011,24827722.0
p128,2033,IRA_low,2012,24647694.0
p128,2033,IRA_low,2013,24923809.0
p128,2034,IRA_low,2007,25593077.0
p128,2034,IRA_low,2008,25490146.0
p128,2034,IRA_low,2009,25572104.0
p128,2034,IRA_low,2010,25472775.0
p128,2034,IRA_low,2011,25439234.0
p128,2034,IRA_low,2012,25236483.0
p128,2034,IRA_low,2013,25547578.0
p128,2035,IRA_low,2007,26221583.0
p128,2035,IRA_low,2008,26107172.0
p128,2035,IRA_low,2009,26198362.0
p128,2035,IRA_low,2010,26088176.0
p128,2035,IRA_low,2011,26050686.0
p128,2035,IRA_low,2012,25825210.0
p128,2035,IRA_low,2013,26171248.0
p128,2036,IRA_low,2007,26801653.0
p128,2036,IRA_low,2008,26678192.0
p128,2036,IRA_low,2009,26776252.0
p128,2036,IRA_low,2010,26657881.0
p128,2036,IRA_low,2011,26616965.0
p128,2036,IRA_low,2012,26373291.0
p128,2036,IRA_low,2013,26747458.0
p128,2037,IRA_low,2007,27381702.0
p128,2037,IRA_low,2008,27249143.0
p128,2037,IRA_low,2009,27354177.0
p128,2037,IRA_low,2010,27227634.0
p128,2037,IRA_low,2011,27183308.0
p128,2037,IRA_low,2012,26921249.0
p128,2037,IRA_low,2013,27323699.0
p128,2038,IRA_low,2007,27961709.0
p128,2038,IRA_low,2008,27820126.0
p128,2038,IRA_low,2009,27932081.0
p128,2038,IRA_low,2010,27797321.0
p128,2038,IRA_low,2011,27749627.0
p128,2038,IRA_low,2012,27469474.0
p128,2038,IRA_low,2013,27899889.0
p128,2039,IRA_low,2007,28541732.0
p128,2039,IRA_low,2008,28391020.0
p128,2039,IRA_low,2009,28510007.0
p128,2039,IRA_low,2010,28367098.0
p128,2039,IRA_low,2011,28316007.0
p128,2039,IRA_low,2012,28017469.0
p128,2039,IRA_low,2013,28476159.0
p128,2040,IRA_low,2007,29121819.0
p128,2040,IRA_low,2008,28961956.0
p128,2040,IRA_low,2009,29087897.0
p128,2040,IRA_low,2010,28936836.0
p128,2040,IRA_low,2011,28882213.0
p128,2040,IRA_low,2012,28565583.0
p128,2040,IRA_low,2013,29052375.0
p128,2041,IRA_low,2007,29599147.0
p128,2041,IRA_low,2008,29434372.0
p128,2041,IRA_low,2009,29564242.0
p128,2041,IRA_low,2010,29408918.0
p128,2041,IRA_low,2011,29352100.0
p128,2041,IRA_low,2012,29025042.0
p128,2041,IRA_low,2013,29527797.0
p128,2042,IRA_low,2007,30076576.0
p128,2042,IRA_low,2008,29906746.0
p128,2042,IRA_low,2009,30040450.0
p128,2042,IRA_low,2010,29880742.0
p128,2042,IRA_low,2011,29821904.0
p128,2042,IRA_low,2012,29484523.0
p128,2042,IRA_low,2013,30003132.0
p128,2043,IRA_low,2007,30553945.0
p128,2043,IRA_low,2008,30379180.0
p128,2043,IRA_low,2009,30516776.0
p128,2043,IRA_low,2010,30352742.0
p128,2043,IRA_low,2011,30291755.0
p128,2043,IRA_low,2012,29944060.0
p128,2043,IRA_low,2013,30478490.0
p128,2044,IRA_low,2007,31031249.0
p128,2044,IRA_low,2008,30851638.0
p128,2044,IRA_low,2009,30992967.0
p128,2044,IRA_low,2010,30824685.0
p128,2044,IRA_low,2011,30761636.0
p128,2044,IRA_low,2012,30403531.0
p128,2044,IRA_low,2013,30953951.0
p128,2045,IRA_low,2007,31508667.0
p128,2045,IRA_low,2008,31323882.0
p128,2045,IRA_low,2009,31469293.0
p128,2045,IRA_low,2010,31296643.0
p128,2045,IRA_low,2011,31231572.0
p128,2045,IRA_low,2012,30863075.0
p128,2045,IRA_low,2013,31429394.0
p128,2046,IRA_low,2007,31850515.0
p128,2046,IRA_low,2008,31662403.0
p128,2046,IRA_low,2009,31809499.0
p128,2046,IRA_low,2010,31636428.0
p128,2046,IRA_low,2011,31569418.0
p128,2046,IRA_low,2012,31194967.0
p128,2046,IRA_low,2013,31769879.0
p128,2047,IRA_low,2007,32192413.0
p128,2047,IRA_low,2008,32000957.0
p128,2047,IRA_low,2009,32149808.0
p128,2047,IRA_low,2010,31976197.0
p128,2047,IRA_low,2011,31907360.0
p128,2047,IRA_low,2012,31526892.0
p128,2047,IRA_low,2013,32110447.0
p128,2048,IRA_low,2007,32534373.0
p128,2048,IRA_low,2008,32339451.0
p128,2048,IRA_low,2009,32490050.0
p128,2048,IRA_low,2010,32316014.0
p128,2048,IRA_low,2011,32245189.0
p128,2048,IRA_low,2012,31858810.0
p128,2048,IRA_low,2013,32450974.0
p128,2049,IRA_low,2007,32876276.0
p128,2049,IRA_low,2008,32678053.0
p128,2049,IRA_low,2009,32830352.0
p128,2049,IRA_low,2010,32655858.0
p128,2049,IRA_low,2011,32583182.0
p128,2049,IRA_low,2012,32190712.0
p128,2049,IRA_low,2013,32791490.0
p128,2050,IRA_low,2007,33218154.0
p128,2050,IRA_low,2008,33016627.0
p128,2050,IRA_low,2009,33170580.0
p128,2050,IRA_low,2010,32995679.0
p128,2050,IRA_low,2011,32920988.0
p128,2050,IRA_low,2012,32522613.0
p128,2050,IRA_low,2013,33131960.0
p129,2020,IRA_low,2007,5473487.15
p129,2020,IRA_low,2008,5473601.29
p129,2020,IRA_low,2009,5473258.86
p129,2020,IRA_low,2010,5473284.45
p129,2020,IRA_low,2011,5473517.65
p129,2020,IRA_low,2012,5473355.29
p129,2020,IRA_low,2013,5473261.81
p129,2021,IRA_low,2007,5575065.0
p129,2021,IRA_low,2008,5573976.0
p129,2021,IRA_low,2009,5573495.0
p129,2021,IRA_low,2010,5577031.0
p129,2021,IRA_low,2011,5576445.0
p129,2021,IRA_low,2012,5574266.0
p129,2021,IRA_low,2013,5575502.0
p129,2022,IRA_low,2007,5640655.0
p129,2022,IRA_low,2008,5640969.0
p129,2022,IRA_low,2009,5640584.0
p129,2022,IRA_low,2010,5640539.0
p129,2022,IRA_low,2011,5640655.0
p129,2022,IRA_low,2012,5640925.0
p129,2022,IRA_low,2013,5640623.0
p129,2023,IRA_low,2007,5561621.0
p129,2023,IRA_low,2008,5561522.0
p129,2023,IRA_low,2009,5561686.0
p129,2023,IRA_low,2010,5561614.0
p129,2023,IRA_low,2011,5561624.0
p129,2023,IRA_low,2012,5561656.0
p129,2023,IRA_low,2013,5561634.0
p129,2024,IRA_low,2007,5629563.0
p129,2024,IRA_low,2008,5629683.0
p129,2024,IRA_low,2009,5629673.0
p129,2024,IRA_low,2010,5629516.0
p129,2024,IRA_low,2011,5629561.0
p129,2024,IRA_low,2012,5629540.0
p129,2024,IRA_low,2013,5629622.0
p129,2025,IRA_low,2007,5669886.0
p129,2025,IRA_low,2008,5667450.0
p129,2025,IRA_low,2009,5668640.0
p129,2025,IRA_low,2010,5665302.0
p129,2025,IRA_low,2011,5666661.0
p129,2025,IRA_low,2012,5663446.0
p129,2025,IRA_low,2013,5668039.0
p129,2026,IRA_low,2007,5829313.0
p129,2026,IRA_low,2008,5821077.0
p129,2026,IRA_low,2009,5825593.0
p129,2026,IRA_low,2010,5813744.0
p129,2026,IRA_low,2011,5818610.0
p129,2026,IRA_low,2012,5807407.0
p129,2026,IRA_low,2013,5823284.0
p129,2027,IRA_low,2007,5988591.0
p129,2027,IRA_low,2008,5974719.0
p129,2027,IRA_low,2009,5982436.0
p129,2027,IRA_low,2010,5962010.0
p129,2027,IRA_low,2011,5970402.0
p129,2027,IRA_low,2012,5951259.0
p129,2027,IRA_low,2013,5978486.0
p129,2028,IRA_low,2007,6148073.0
p129,2028,IRA_low,2008,6128397.0
p129,2028,IRA_low,2009,6139370.0
p129,2028,IRA_low,2010,6110483.0
p129,2028,IRA_low,2011,6122411.0
p129,2028,IRA_low,2012,6095054.0
p129,2028,IRA_low,2013,6133712.0
p129,2029,IRA_low,2007,6307313.0
p129,2029,IRA_low,2008,6282011.0
p129,2029,IRA_low,2009,6296202.0
p129,2029,IRA_low,2010,6258694.0
p129,2029,IRA_low,2011,6274281.0
p129,2029,IRA_low,2012,6238905.0
p129,2029,IRA_low,2013,6288890.0
p129,2030,IRA_low,2007,6466776.0
p129,2030,IRA_low,2008,6435738.0
p129,2030,IRA_low,2009,6453152.0
p129,2030,IRA_low,2010,6407115.0
p129,2030,IRA_low,2011,6426241.0
p129,2030,IRA_low,2012,6382838.0
p129,2030,IRA_low,2013,6444263.0
p129,2031,IRA_low,2007,6692587.0
p129,2031,IRA_low,2008,6655420.0
p129,2031,IRA_low,2009,6676060.0
p129,2031,IRA_low,2010,6621556.0
p129,2031,IRA_low,2011,6643929.0
p129,2031,IRA_low,2012,6592361.0
p129,2031,IRA_low,2013,6665689.0
p129,2032,IRA_low,2007,6918303.0
p129,2032,IRA_low,2008,6875098.0
p129,2032,IRA_low,2009,6898943.0
p129,2032,IRA_low,2010,6836055.0
p129,2032,IRA_low,2011,6861446.0
p129,2032,IRA_low,2012,6801904.0
p129,2032,IRA_low,2013,6887221.0
p129,2033,IRA_low,2007,7144101.0
p129,2033,IRA_low,2008,7094754.0
p129,2033,IRA_low,2009,7121809.0
p129,2033,IRA_low,2010,7050483.0
p129,2033,IRA_low,2011,7079141.0
p129,2033,IRA_low,2012,7011345.0
p129,2033,IRA_low,2013,7108746.0
p129,2034,IRA_low,2007,7369701.0
p129,2034,IRA_low,2008,7314435.0
p129,2034,IRA_low,2009,7344768.0
p129,2034,IRA_low,2010,7265011.0
p129,2034,IRA_low,2011,7296781.0
p129,2034,IRA_low,2012,7220920.0
p129,2034,IRA_low,2013,7330243.0
p129,2035,IRA_low,2007,7595489.0
p129,2035,IRA_low,2008,7534088.0
p129,2035,IRA_low,2009,7567613.0
p129,2035,IRA_low,2010,7479392.0
p129,2035,IRA_low,2011,7514422.0
p129,2035,IRA_low,2012,7430389.0
p129,2035,IRA_low,2013,7551648.0
p129,2036,IRA_low,2007,7829396.0
p129,2036,IRA_low,2008,7763156.0
p129,2036,IRA_low,2009,7799048.0
p129,2036,IRA_low,2010,7704174.0
p129,2036,IRA_low,2011,7741844.0
p129,2036,IRA_low,2012,7651312.0
p129,2036,IRA_low,2013,7782382.0
p129,2037,IRA_low,2007,8063318.0
p129,2037,IRA_low,2008,7992295.0
p129,2037,IRA_low,2009,8030541.0
p129,2037,IRA_low,2010,7928918.0
p129,2037,IRA_low,2011,7969294.0
p129,2037,IRA_low,2012,7872253.0
p129,2037,IRA_low,2013,8013130.0
p129,2038,IRA_low,2007,8297250.0
p129,2038,IRA_low,2008,8221372.0
p129,2038,IRA_low,2009,8262059.0
p129,2038,IRA_low,2010,8153731.0
p129,2038,IRA_low,2011,8196814.0
p129,2038,IRA_low,2012,8093140.0
p129,2038,IRA_low,2013,8243845.0
p129,2039,IRA_low,2007,8531265.0
p129,2039,IRA_low,2008,8450423.0
p129,2039,IRA_low,2009,8493517.0
p129,2039,IRA_low,2010,8378540.0
p129,2039,IRA_low,2011,8424291.0
p129,2039,IRA_low,2012,8314132.0
p129,2039,IRA_low,2013,8474611.0
p129,2040,IRA_low,2007,8765222.0
p129,2040,IRA_low,2008,8679479.0
p129,2040,IRA_low,2009,8725133.0
p129,2040,IRA_low,2010,8603241.0
p129,2040,IRA_low,2011,8651846.0
p129,2040,IRA_low,2012,8534999.0
p129,2040,IRA_low,2013,8705252.0
p129,2041,IRA_low,2007,8941714.0
p129,2041,IRA_low,2008,8853330.0
p129,2041,IRA_low,2009,8900133.0
p129,2041,IRA_low,2010,8774646.0
p129,2041,IRA_low,2011,8824445.0
p129,2041,IRA_low,2012,8703694.0
p129,2041,IRA_low,2013,8880052.0
p129,2042,IRA_low,2007,9118292.0
p129,2042,IRA_low,2008,9027266.0
p129,2042,IRA_low,2009,9075379.0
p129,2042,IRA_low,2010,8945961.0
p129,2042,IRA_low,2011,8997097.0
p129,2042,IRA_low,2012,8872230.0
p129,2042,IRA_low,2013,9054715.0
p129,2043,IRA_low,2007,9294872.0
p129,2043,IRA_low,2008,9201065.0
p129,2043,IRA_low,2009,9250536.0
p129,2043,IRA_low,2010,9117328.0
p129,2043,IRA_low,2011,9169758.0
p129,2043,IRA_low,2012,9040809.0
p129,2043,IRA_low,2013,9229438.0
p129,2044,IRA_low,2007,9471379.0
p129,2044,IRA_low,2008,9374915.0
p129,2044,IRA_low,2009,9425727.0
p129,2044,IRA_low,2010,9288621.0
p129,2044,IRA_low,2011,9342450.0
p129,2044,IRA_low,2012,9209541.0
p129,2044,IRA_low,2013,9404115.0
p129,2045,IRA_low,2007,9647889.0
p129,2045,IRA_low,2008,9548725.0
p129,2045,IRA_low,2009,9600736.0
p129,2045,IRA_low,2010,9459976.0
p129,2045,IRA_low,2011,9515049.0
p129,2045,IRA_low,2012,9378114.0
p129,2045,IRA_low,2013,9578734.0
p129,2046,IRA_low,2007,9751030.0
p129,2046,IRA_low,2008,9650632.0
p129,2046,IRA_low,2009,9703091.0
p129,2046,IRA_low,2010,9560647.0
p129,2046,IRA_low,2011,9616308.0
p129,2046,IRA_low,2012,9477456.0
p129,2046,IRA_low,2013,9680809.0
p129,2047,IRA_low,2007,9853866.0
p129,2047,IRA_low,2008,9752193.0
p129,2047,IRA_low,2009,9805150.0
p129,2047,IRA_low,2010,9660968.0
p129,2047,IRA_low,2011,9717267.0
p129,2047,IRA_low,2012,9576573.0
p129,2047,IRA_low,2013,9782681.0
p129,2048,IRA_low,2007,9956964.0
p129,2048,IRA_low,2008,9853949.0
p129,2048,IRA_low,2009,9907454.0
p129,2048,IRA_low,2010,9761526.0
p129,2048,IRA_low,2011,9818473.0
p129,2048,IRA_low,2012,9675937.0
p129,2048,IRA_low,2013,9884679.0
p129,2049,IRA_low,2007,10059829.0
p129,2049,IRA_low,2008,9955557.0
p129,2049,IRA_low,2009,10009482.0
p129,2049,IRA_low,2010,9861942.0
p129,2049,IRA_low,2011,9919422.0
p129,2049,IRA_low,2012,9775046.0
p129,2049,IRA_low,2013,9986603.0
p129,2050,IRA_low,2007,10162829.0
p129,2050,IRA_low,2008,10057303.0
p129,2050,IRA_low,2009,10111706.0
p129,2050,IRA_low,2010,9962382.0
p129,2050,IRA_low,2011,10020623.0
p129,2050,IRA_low,2012,9874316.0
p129,2050,IRA_low,2013,10088544.0
p13,2020,IRA_low,2007,34983987.97
p13,2020,IRA_low,2008,34982760.84
p13,2020,IRA_low,2009,34983754.84
p13,2020,IRA_low,2010,34985225.54
p13,2020,IRA_low,2011,34981102.24
p13,2020,IRA_low,2012,34983945.05
p13,2020,IRA_low,2013,34982949.9
p13,2021,IRA_low,2007,26685424.0
p13,2021,IRA_low,2008,26685496.0
p13,2021,IRA_low,2009,26685475.0
p13,2021,IRA_low,2010,26685470.0
p13,2021,IRA_low,2011,26685431.0
p13,2021,IRA_low,2012,26685438.0
p13,2021,IRA_low,2013,26685439.0
p13,2022,IRA_low,2007,27055172.0
p13,2022,IRA_low,2008,27055175.0
p13,2022,IRA_low,2009,27054977.0
p13,2022,IRA_low,2010,27055110.0
p13,2022,IRA_low,2011,27055091.0
p13,2022,IRA_low,2012,27055128.0
p13,2022,IRA_low,2013,27055117.0
p13,2023,IRA_low,2007,26524237.0
p13,2023,IRA_low,2008,26524201.0
p13,2023,IRA_low,2009,26524274.0
p13,2023,IRA_low,2010,26524242.0
p13,2023,IRA_low,2011,26524231.0
p13,2023,IRA_low,2012,26524194.0
p13,2023,IRA_low,2013,26524205.0
p13,2024,IRA_low,2007,28276960.0
p13,2024,IRA_low,2008,28277033.0
p13,2024,IRA_low,2009,28277035.0
p13,2024,IRA_low,2010,28277020.0
p13,2024,IRA_low,2011,28277060.0
p13,2024,IRA_low,2012,28277006.0
p13,2024,IRA_low,2013,28277051.0
p13,2025,IRA_low,2007,29145861.0
p13,2025,IRA_low,2008,29142581.0
p13,2025,IRA_low,2009,29140850.0
p13,2025,IRA_low,2010,29134857.0
p13,2025,IRA_low,2011,29137957.0
p13,2025,IRA_low,2012,29137674.0
p13,2025,IRA_low,2013,29143267.0
p13,2026,IRA_low,2007,30317015.0
p13,2026,IRA_low,2008,30312604.0
p13,2026,IRA_low,2009,30309805.0
p13,2026,IRA_low,2010,30298166.0
p13,2026,IRA_low,2011,30307155.0
p13,2026,IRA_low,2012,30297336.0
p13,2026,IRA_low,2013,30315538.0
p13,2027,IRA_low,2007,31488311.0
p13,2027,IRA_low,2008,31482645.0
p13,2027,IRA_low,2009,31478478.0
p13,2027,IRA_low,2010,31461431.0
p13,2027,IRA_low,2011,31476311.0
p13,2027,IRA_low,2012,31457086.0
p13,2027,IRA_low,2013,31487790.0
p13,2028,IRA_low,2007,32659463.0
p13,2028,IRA_low,2008,32652644.0
p13,2028,IRA_low,2009,32647305.0
p13,2028,IRA_low,2010,32624755.0
p13,2028,IRA_low,2011,32645473.0
p13,2028,IRA_low,2012,32616777.0
p13,2028,IRA_low,2013,32660134.0
p13,2029,IRA_low,2007,33830690.0
p13,2029,IRA_low,2008,33822753.0
p13,2029,IRA_low,2009,33816129.0
p13,2029,IRA_low,2010,33788082.0
p13,2029,IRA_low,2011,33814501.0
p13,2029,IRA_low,2012,33776486.0
p13,2029,IRA_low,2013,33832296.0
p13,2030,IRA_low,2007,35001789.0
p13,2030,IRA_low,2008,34992815.0
p13,2030,IRA_low,2009,34984816.0
p13,2030,IRA_low,2010,34951322.0
p13,2030,IRA_low,2011,34983465.0
p13,2030,IRA_low,2012,34936273.0
p13,2030,IRA_low,2013,35004747.0
p13,2031,IRA_low,2007,36053106.0
p13,2031,IRA_low,2008,36043153.0
p13,2031,IRA_low,2009,36034281.0
p13,2031,IRA_low,2010,35995540.0
p13,2031,IRA_low,2011,36034043.0
p13,2031,IRA_low,2012,35976312.0
p13,2031,IRA_low,2013,36057507.0
p13,2032,IRA_low,2007,37104418.0
p13,2032,IRA_low,2008,37093628.0
p13,2032,IRA_low,2009,37083709.0
p13,2032,IRA_low,2010,37039878.0
p13,2032,IRA_low,2011,37084248.0
p13,2032,IRA_low,2012,37016509.0
p13,2032,IRA_low,2013,37110338.0
p13,2033,IRA_low,2007,38155525.0
p13,2033,IRA_low,2008,38144028.0
p13,2033,IRA_low,2009,38133069.0
p13,2033,IRA_low,2010,38084154.0
p13,2033,IRA_low,2011,38134529.0
p13,2033,IRA_low,2012,38056694.0
p13,2033,IRA_low,2013,38163029.0
p13,2034,IRA_low,2007,39206809.0
p13,2034,IRA_low,2008,39194582.0
p13,2034,IRA_low,2009,39182538.0
p13,2034,IRA_low,2010,39128425.0
p13,2034,IRA_low,2011,39184887.0
p13,2034,IRA_low,2012,39096826.0
p13,2034,IRA_low,2013,39215864.0
p13,2035,IRA_low,2007,40258069.0
p13,2035,IRA_low,2008,40245062.0
p13,2035,IRA_low,2009,40231934.0
p13,2035,IRA_low,2010,40172816.0
p13,2035,IRA_low,2011,40235060.0
p13,2035,IRA_low,2012,40136982.0
p13,2035,IRA_low,2013,40268557.0
p13,2036,IRA_low,2007,41138233.0
p13,2036,IRA_low,2008,41123581.0
p13,2036,IRA_low,2009,41109616.0
p13,2036,IRA_low,2010,41046059.0
p13,2036,IRA_low,2011,41112515.0
p13,2036,IRA_low,2012,41007783.0
p13,2036,IRA_low,2013,41148752.0
p13,2037,IRA_low,2007,42018299.0
p13,2037,IRA_low,2008,42002164.0
p13,2037,IRA_low,2009,41987070.0
p13,2037,IRA_low,2010,41919241.0
p13,2037,IRA_low,2011,41989832.0
p13,2037,IRA_low,2012,41878642.0
p13,2037,IRA_low,2013,42028975.0
p13,2038,IRA_low,2007,42898512.0
p13,2038,IRA_low,2008,42880692.0
p13,2038,IRA_low,2009,42864651.0
p13,2038,IRA_low,2010,42792579.0
p13,2038,IRA_low,2011,42867223.0
p13,2038,IRA_low,2012,42749495.0
p13,2038,IRA_low,2013,42909266.0
p13,2039,IRA_low,2007,43778343.0
p13,2039,IRA_low,2008,43759331.0
p13,2039,IRA_low,2009,43742293.0
p13,2039,IRA_low,2010,43665754.0
p13,2039,IRA_low,2011,43744555.0
p13,2039,IRA_low,2012,43620312.0
p13,2039,IRA_low,2013,43789498.0
p13,2040,IRA_low,2007,44658648.0
p13,2040,IRA_low,2008,44637934.0
p13,2040,IRA_low,2009,44619948.0
p13,2040,IRA_low,2010,44538981.0
p13,2040,IRA_low,2011,44621984.0
p13,2040,IRA_low,2012,44491100.0
p13,2040,IRA_low,2013,44669657.0
p13,2041,IRA_low,2007,45494754.0
p13,2041,IRA_low,2008,45472413.0
p13,2041,IRA_low,2009,45453714.0
p13,2041,IRA_low,2010,45369766.0
p13,2041,IRA_low,2011,45454546.0
p13,2041,IRA_low,2012,45321414.0
p13,2041,IRA_low,2013,45504798.0
p13,2042,IRA_low,2007,46330761.0
p13,2042,IRA_low,2008,46306846.0
p13,2042,IRA_low,2009,46287419.0
p13,2042,IRA_low,2010,46200379.0
p13,2042,IRA_low,2011,46287130.0
p13,2042,IRA_low,2012,46151851.0
p13,2042,IRA_low,2013,46339967.0
p13,2043,IRA_low,2007,47166765.0
p13,2043,IRA_low,2008,47141260.0
p13,2043,IRA_low,2009,47121129.0
p13,2043,IRA_low,2010,47031080.0
p13,2043,IRA_low,2011,47119677.0
p13,2043,IRA_low,2012,46982139.0
p13,2043,IRA_low,2013,47175189.0
p13,2044,IRA_low,2007,48002818.0
p13,2044,IRA_low,2008,47975721.0
p13,2044,IRA_low,2009,47954860.0
p13,2044,IRA_low,2010,47861754.0
p13,2044,IRA_low,2011,47952334.0
p13,2044,IRA_low,2012,47812534.0
p13,2044,IRA_low,2013,48010374.0
p13,2045,IRA_low,2007,48838894.0
p13,2045,IRA_low,2008,48810136.0
p13,2045,IRA_low,2009,48788597.0
p13,2045,IRA_low,2010,48692422.0
p13,2045,IRA_low,2011,48784801.0
p13,2045,IRA_low,2012,48642765.0
p13,2045,IRA_low,2013,48845510.0
p13,2046,IRA_low,2007,49660809.0
p13,2046,IRA_low,2008,49629464.0
p13,2046,IRA_low,2009,49606985.0
p13,2046,IRA_low,2010,49507826.0
p13,2046,IRA_low,2011,49600943.0
p13,2046,IRA_low,2012,49459970.0
p13,2046,IRA_low,2013,49664805.0
p13,2047,IRA_low,2007,50482589.0
p13,2047,IRA_low,2008,50448727.0
p13,2047,IRA_low,2009,50425446.0
p13,2047,IRA_low,2010,50323148.0
p13,2047,IRA_low,2011,50417004.0
p13,2047,IRA_low,2012,50277127.0
p13,2047,IRA_low,2013,50484115.0
p13,2048,IRA_low,2007,51304487.0
p13,2048,IRA_low,2008,51267948.0
p13,2048,IRA_low,2009,51243920.0
p13,2048,IRA_low,2010,51138439.0
p13,2048,IRA_low,2011,51233128.0
p13,2048,IRA_low,2012,51094225.0
p13,2048,IRA_low,2013,51303469.0
p13,2049,IRA_low,2007,52126377.0
p13,2049,IRA_low,2008,52087355.0
p13,2049,IRA_low,2009,52062376.0
p13,2049,IRA_low,2010,51953841.0
p13,2049,IRA_low,2011,52049252.0
p13,2049,IRA_low,2012,51911349.0
p13,2049,IRA_low,2013,52122808.0
p13,2050,IRA_low,2007,52948275.0
p13,2050,IRA_low,2008,52906545.0
p13,2050,IRA_low,2009,52880868.0
p13,2050,IRA_low,2010,52769181.0
p13,2050,IRA_low,2011,52865384.0
p13,2050,IRA_low,2012,52728523.0
p13,2050,IRA_low,2013,52942199.0
p130,2020,IRA_low,2007,10982932.37
p130,2020,IRA_low,2008,10983170.5
p130,2020,IRA_low,2009,10982743.06
p130,2020,IRA_low,2010,10982878.57
p130,2020,IRA_low,2011,10983038.98
p130,2020,IRA_low,2012,10983063.89
p130,2020,IRA_low,2013,10983084.82
p130,2021,IRA_low,2007,11145527.0
p130,2021,IRA_low,2008,11145516.0
p130,2021,IRA_low,2009,11145539.0
p130,2021,IRA_low,2010,11145535.0
p130,2021,IRA_low,2011,11145491.0
p130,2021,IRA_low,2012,11145536.0
p130,2021,IRA_low,2013,11145496.0
p130,2022,IRA_low,2007,11131644.0
p130,2022,IRA_low,2008,11131708.0
p130,2022,IRA_low,2009,11131692.0
p130,2022,IRA_low,2010,11131657.0
p130,2022,IRA_low,2011,11131699.0
p130,2022,IRA_low,2012,11131731.0
p130,2022,IRA_low,2013,11131695.0
p130,2023,IRA_low,2007,10938576.0
p130,2023,IRA_low,2008,10938628.0
p130,2023,IRA_low,2009,10938583.0
p130,2023,IRA_low,2010,10938549.0
p130,2023,IRA_low,2011,10938578.0
p130,2023,IRA_low,2012,10938585.0
p130,2023,IRA_low,2013,10938602.0
p130,2024,IRA_low,2007,11307398.0
p130,2024,IRA_low,2008,11307392.0
p130,2024,IRA_low,2009,11307357.0
p130,2024,IRA_low,2010,11307353.0
p130,2024,IRA_low,2011,11307367.0
p130,2024,IRA_low,2012,11307378.0
p130,2024,IRA_low,2013,11307427.0
p130,2025,IRA_low,2007,11366936.0
p130,2025,IRA_low,2008,11363223.0
p130,2025,IRA_low,2009,11364919.0
p130,2025,IRA_low,2010,11359591.0
p130,2025,IRA_low,2011,11362456.0
p130,2025,IRA_low,2012,11356206.0
p130,2025,IRA_low,2013,11363746.0
p130,2026,IRA_low,2007,11633881.0
p130,2026,IRA_low,2008,11622552.0
p130,2026,IRA_low,2009,11628673.0
p130,2026,IRA_low,2010,11607164.0
p130,2026,IRA_low,2011,11618658.0
p130,2026,IRA_low,2012,11596210.0
p130,2026,IRA_low,2013,11623822.0
p130,2027,IRA_low,2007,11900918.0
p130,2027,IRA_low,2008,11881872.0
p130,2027,IRA_low,2009,11892335.0
p130,2027,IRA_low,2010,11854744.0
p130,2027,IRA_low,2011,11874856.0
p130,2027,IRA_low,2012,11836209.0
p130,2027,IRA_low,2013,11883869.0
p130,2028,IRA_low,2007,12168029.0
p130,2028,IRA_low,2008,12141175.0
p130,2028,IRA_low,2009,12156113.0
p130,2028,IRA_low,2010,12102298.0
p130,2028,IRA_low,2011,12131102.0
p130,2028,IRA_low,2012,12076147.0
p130,2028,IRA_low,2013,12143966.0
p130,2029,IRA_low,2007,12434978.0
p130,2029,IRA_low,2008,12400533.0
p130,2029,IRA_low,2009,12419921.0
p130,2029,IRA_low,2010,12349822.0
p130,2029,IRA_low,2011,12387235.0
p130,2029,IRA_low,2012,12316106.0
p130,2029,IRA_low,2013,12404115.0
p130,2030,IRA_low,2007,12702032.0
p130,2030,IRA_low,2008,12659810.0
p130,2030,IRA_low,2009,12683651.0
p130,2030,IRA_low,2010,12597342.0
p130,2030,IRA_low,2011,12643493.0
p130,2030,IRA_low,2012,12556095.0
p130,2030,IRA_low,2013,12664144.0
p130,2031,IRA_low,2007,13061814.0
p130,2031,IRA_low,2008,13010754.0
p130,2031,IRA_low,2009,13039493.0
p130,2031,IRA_low,2010,12936541.0
p130,2031,IRA_low,2011,12991299.0
p130,2031,IRA_low,2012,12886581.0
p130,2031,IRA_low,2013,13016604.0
p130,2032,IRA_low,2007,13421680.0
p130,2032,IRA_low,2008,13361817.0
p130,2032,IRA_low,2009,13395355.0
p130,2032,IRA_low,2010,13275673.0
p130,2032,IRA_low,2011,13339133.0
p130,2032,IRA_low,2012,13217015.0
p130,2032,IRA_low,2013,13369072.0
p130,2033,IRA_low,2007,13781408.0
p130,2033,IRA_low,2008,13712776.0
p130,2033,IRA_low,2009,13751197.0
p130,2033,IRA_low,2010,13614663.0
p130,2033,IRA_low,2011,13687062.0
p130,2033,IRA_low,2012,13547449.0
p130,2033,IRA_low,2013,13721441.0
p130,2034,IRA_low,2007,14141234.0
p130,2034,IRA_low,2008,14063756.0
p130,2034,IRA_low,2009,14107004.0
p130,2034,IRA_low,2010,13953811.0
p130,2034,IRA_low,2011,14034903.0
p130,2034,IRA_low,2012,13877876.0
p130,2034,IRA_low,2013,14073830.0
p130,2035,IRA_low,2007,14500980.0
p130,2035,IRA_low,2008,14414739.0
p130,2035,IRA_low,2009,14462949.0
p130,2035,IRA_low,2010,14293014.0
p130,2035,IRA_low,2011,14382683.0
p130,2035,IRA_low,2012,14208382.0
p130,2035,IRA_low,2013,14426155.0
p130,2036,IRA_low,2007,14861849.0
p130,2036,IRA_low,2008,14768526.0
p130,2036,IRA_low,2009,14820554.0
p130,2036,IRA_low,2010,14637175.0
p130,2036,IRA_low,2011,14733770.0
p130,2036,IRA_low,2012,14545233.0
p130,2036,IRA_low,2013,14780993.0
p130,2037,IRA_low,2007,15222782.0
p130,2037,IRA_low,2008,15122250.0
p130,2037,IRA_low,2009,15177935.0
p130,2037,IRA_low,2010,14981247.0
p130,2037,IRA_low,2011,15084795.0
p130,2037,IRA_low,2012,14882056.0
p130,2037,IRA_low,2013,15135835.0
p130,2038,IRA_low,2007,15583576.0
p130,2038,IRA_low,2008,15476073.0
p130,2038,IRA_low,2009,15535476.0
p130,2038,IRA_low,2010,15325343.0
p130,2038,IRA_low,2011,15435923.0
p130,2038,IRA_low,2012,15218940.0
p130,2038,IRA_low,2013,15490560.0
p130,2039,IRA_low,2007,15944454.0
p130,2039,IRA_low,2008,15829934.0
p130,2039,IRA_low,2009,15892994.0
p130,2039,IRA_low,2010,15669366.0
p130,2039,IRA_low,2011,15786999.0
p130,2039,IRA_low,2012,15555787.0
p130,2039,IRA_low,2013,15845422.0
p130,2040,IRA_low,2007,16305355.0
p130,2040,IRA_low,2008,16183733.0
p130,2040,IRA_low,2009,16250536.0
p130,2040,IRA_low,2010,16013432.0
p130,2040,IRA_low,2011,16138071.0
p130,2040,IRA_low,2012,15892795.0
p130,2040,IRA_low,2013,16200263.0
p130,2041,IRA_low,2007,16582463.0
p130,2041,IRA_low,2008,16456479.0
p130,2041,IRA_low,2009,16525459.0
p130,2041,IRA_low,2010,16280683.0
p130,2041,IRA_low,2011,16409159.0
p130,2041,IRA_low,2012,16155513.0
p130,2041,IRA_low,2013,16473627.0
p130,2042,IRA_low,2007,16859640.0
p130,2042,IRA_low,2008,16729282.0
p130,2042,IRA_low,2009,16800474.0
p130,2042,IRA_low,2010,16547906.0
p130,2042,IRA_low,2011,16680067.0
p130,2042,IRA_low,2012,16418303.0
p130,2042,IRA_low,2013,16747173.0
p130,2043,IRA_low,2007,17136765.0
p130,2043,IRA_low,2008,17002089.0
p130,2043,IRA_low,2009,17075362.0
p130,2043,IRA_low,2010,16815133.0
p130,2043,IRA_low,2011,16951206.0
p130,2043,IRA_low,2012,16681089.0
p130,2043,IRA_low,2013,17020651.0
p130,2044,IRA_low,2007,17413869.0
p130,2044,IRA_low,2008,17274835.0
p130,2044,IRA_low,2009,17350328.0
p130,2044,IRA_low,2010,17082289.0
p130,2044,IRA_low,2011,17222280.0
p130,2044,IRA_low,2012,16943845.0
p130,2044,IRA_low,2013,17294130.0
p130,2045,IRA_low,2007,17691081.0
p130,2045,IRA_low,2008,17547602.0
p130,2045,IRA_low,2009,17625234.0
p130,2045,IRA_low,2010,17349573.0
p130,2045,IRA_low,2011,17493292.0
p130,2045,IRA_low,2012,17206591.0
p130,2045,IRA_low,2013,17567576.0
p130,2046,IRA_low,2007,17883106.0
p130,2046,IRA_low,2008,17737264.0
p130,2046,IRA_low,2009,17816121.0
p130,2046,IRA_low,2010,17536710.0
p130,2046,IRA_low,2011,17682256.0
p130,2046,IRA_low,2012,17391058.0
p130,2046,IRA_low,2013,17757592.0
p130,2047,IRA_low,2007,18075232.0
p130,2047,IRA_low,2008,17926895.0
p130,2047,IRA_low,2009,18006997.0
p130,2047,IRA_low,2010,17723913.0
p130,2047,IRA_low,2011,17871183.0
p130,2047,IRA_low,2012,17575513.0
p130,2047,IRA_low,2013,17947600.0
p130,2048,IRA_low,2007,18267275.0
p130,2048,IRA_low,2008,18116565.0
p130,2048,IRA_low,2009,18197885.0
p130,2048,IRA_low,2010,17911020.0
p130,2048,IRA_low,2011,18060094.0
p130,2048,IRA_low,2012,17759931.0
p130,2048,IRA_low,2013,18137719.0
p130,2049,IRA_low,2007,18459349.0
p130,2049,IRA_low,2008,18306139.0
p130,2049,IRA_low,2009,18388820.0
p130,2049,IRA_low,2010,18098153.0
p130,2049,IRA_low,2011,18249015.0
p130,2049,IRA_low,2012,17944375.0
p130,2049,IRA_low,2013,18327815.0
p130,2050,IRA_low,2007,18651448.0
p130,2050,IRA_low,2008,18495808.0
p130,2050,IRA_low,2009,18579723.0
p130,2050,IRA_low,2010,18285281.0
p130,2050,IRA_low,2011,18437953.0
p130,2050,IRA_low,2012,18128855.0
p130,2050,IRA_low,2013,18517866.0
p131,2020,IRA_low,2007,48792161.3
p131,2020,IRA_low,2008,48792852.21
p131,2020,IRA_low,2009,48791285.3
p131,2020,IRA_low,2010,48791811.27
p131,2020,IRA_low,2011,48792040.35
p131,2020,IRA_low,2012,48792328.99
p131,2020,IRA_low,2013,48791833.26
p131,2021,IRA_low,2007,53514198.0
p131,2021,IRA_low,2008,53514187.0
p131,2021,IRA_low,2009,53514210.0
p131,2021,IRA_low,2010,53514256.0
p131,2021,IRA_low,2011,53514173.0
p131,2021,IRA_low,2012,53514183.0
p131,2021,IRA_low,2013,53514212.0
p131,2022,IRA_low,2007,54561192.0
p131,2022,IRA_low,2008,54561206.0
p131,2022,IRA_low,2009,54561215.0
p131,2022,IRA_low,2010,54561222.0
p131,2022,IRA_low,2011,54561269.0
p131,2022,IRA_low,2012,54561247.0
p131,2022,IRA_low,2013,54561217.0
p131,2023,IRA_low,2007,53750281.0
p131,2023,IRA_low,2008,53750275.0
p131,2023,IRA_low,2009,53750262.0
p131,2023,IRA_low,2010,53750332.0
p131,2023,IRA_low,2011,53750267.0
p131,2023,IRA_low,2012,53750276.0
p131,2023,IRA_low,2013,53750252.0
p131,2024,IRA_low,2007,53012321.0
p131,2024,IRA_low,2008,53012313.0
p131,2024,IRA_low,2009,53012325.0
p131,2024,IRA_low,2010,53012341.0
p131,2024,IRA_low,2011,53012382.0
p131,2024,IRA_low,2012,53012323.0
p131,2024,IRA_low,2013,53012295.0
p131,2025,IRA_low,2007,53670773.0
p131,2025,IRA_low,2008,53647504.0
p131,2025,IRA_low,2009,53654917.0
p131,2025,IRA_low,2010,53646905.0
p131,2025,IRA_low,2011,53645316.0
p131,2025,IRA_low,2012,53614455.0
p131,2025,IRA_low,2013,53657053.0
p131,2026,IRA_low,2007,55286177.0
p131,2026,IRA_low,2008,55218942.0
p131,2026,IRA_low,2009,55255542.0
p131,2026,IRA_low,2010,55192698.0
p131,2026,IRA_low,2011,55201441.0
p131,2026,IRA_low,2012,55093734.0
p131,2026,IRA_low,2013,55243786.0
p131,2027,IRA_low,2007,56901641.0
p131,2027,IRA_low,2008,56790398.0
p131,2027,IRA_low,2009,56856156.0
p131,2027,IRA_low,2010,56738617.0
p131,2027,IRA_low,2011,56757581.0
p131,2027,IRA_low,2012,56572958.0
p131,2027,IRA_low,2013,56830423.0
p131,2028,IRA_low,2007,58517103.0
p131,2028,IRA_low,2008,58361892.0
p131,2028,IRA_low,2009,58456718.0
p131,2028,IRA_low,2010,58284485.0
p131,2028,IRA_low,2011,58313648.0
p131,2028,IRA_low,2012,58052330.0
p131,2028,IRA_low,2013,58417146.0
p131,2029,IRA_low,2007,60132636.0
p131,2029,IRA_low,2008,59933395.0
p131,2029,IRA_low,2009,60057231.0
p131,2029,IRA_low,2010,59830282.0
p131,2029,IRA_low,2011,59869768.0
p131,2029,IRA_low,2012,59531577.0
p131,2029,IRA_low,2013,60003795.0
p131,2030,IRA_low,2007,61748081.0
p131,2030,IRA_low,2008,61504924.0
p131,2030,IRA_low,2009,61657913.0
p131,2030,IRA_low,2010,61376174.0
p131,2030,IRA_low,2011,61425895.0
p131,2030,IRA_low,2012,61010928.0
p131,2030,IRA_low,2013,61590596.0
p131,2031,IRA_low,2007,63878383.0
p131,2031,IRA_low,2008,63586549.0
p131,2031,IRA_low,2009,63771711.0
p131,2031,IRA_low,2010,63431440.0
p131,2031,IRA_low,2011,63490190.0
p131,2031,IRA_low,2012,62992438.0
p131,2031,IRA_low,2013,63690771.0
p131,2032,IRA_low,2007,66008796.0
p131,2032,IRA_low,2008,65668147.0
p131,2032,IRA_low,2009,65885574.0
p131,2032,IRA_low,2010,65486743.0
p131,2032,IRA_low,2011,65554517.0
p131,2032,IRA_low,2012,64974089.0
p131,2032,IRA_low,2013,65790986.0
p131,2033,IRA_low,2007,68139118.0
p131,2033,IRA_low,2008,67749774.0
p131,2033,IRA_low,2009,67999451.0
p131,2033,IRA_low,2010,67542065.0
p131,2033,IRA_low,2011,67618706.0
p131,2033,IRA_low,2012,66955682.0
p131,2033,IRA_low,2013,67891229.0
p131,2034,IRA_low,2007,70269455.0
p131,2034,IRA_low,2008,69831442.0
p131,2034,IRA_low,2009,70113306.0
p131,2034,IRA_low,2010,69597307.0
p131,2034,IRA_low,2011,69683111.0
p131,2034,IRA_low,2012,68937292.0
p131,2034,IRA_low,2013,69991394.0
p131,2035,IRA_low,2007,72399845.0
p131,2035,IRA_low,2008,71913044.0
p131,2035,IRA_low,2009,72227233.0
p131,2035,IRA_low,2010,71652645.0
p131,2035,IRA_low,2011,71747342.0
p131,2035,IRA_low,2012,70918873.0
p131,2035,IRA_low,2013,72091617.0
p131,2036,IRA_low,2007,74475850.0
p131,2036,IRA_low,2008,73948334.0
p131,2036,IRA_low,2009,74288422.0
p131,2036,IRA_low,2010,73666596.0
p131,2036,IRA_low,2011,73767443.0
p131,2036,IRA_low,2012,72870279.0
p131,2036,IRA_low,2013,74142528.0
p131,2037,IRA_low,2007,76551846.0
p131,2037,IRA_low,2008,75983563.0
p131,2037,IRA_low,2009,76349703.0
p131,2037,IRA_low,2010,75680439.0
p131,2037,IRA_low,2011,75787623.0
p131,2037,IRA_low,2012,74821745.0
p131,2037,IRA_low,2013,76193507.0
p131,2038,IRA_low,2007,78627825.0
p131,2038,IRA_low,2008,78018910.0
p131,2038,IRA_low,2009,78410983.0
p131,2038,IRA_low,2010,77694362.0
p131,2038,IRA_low,2011,77807709.0
p131,2038,IRA_low,2012,76773203.0
p131,2038,IRA_low,2013,78244330.0
p131,2039,IRA_low,2007,80703884.0
p131,2039,IRA_low,2008,80054267.0
p131,2039,IRA_low,2009,80472283.0
p131,2039,IRA_low,2010,79708354.0
p131,2039,IRA_low,2011,79827842.0
p131,2039,IRA_low,2012,78724733.0
p131,2039,IRA_low,2013,80295259.0
p131,2040,IRA_low,2007,82779977.0
p131,2040,IRA_low,2008,82089472.0
p131,2040,IRA_low,2009,82533524.0
p131,2040,IRA_low,2010,81722216.0
p131,2040,IRA_low,2011,81847967.0
p131,2040,IRA_low,2012,80676158.0
p131,2040,IRA_low,2013,82346222.0
p131,2041,IRA_low,2007,84360246.0
p131,2041,IRA_low,2008,83644318.0
p131,2041,IRA_low,2009,84102741.0
p131,2041,IRA_low,2010,83266387.0
p131,2041,IRA_low,2011,83393723.0
p131,2041,IRA_low,2012,82180422.0
p131,2041,IRA_low,2013,83911559.0
p131,2042,IRA_low,2007,85940510.0
p131,2042,IRA_low,2008,85199137.0
p131,2042,IRA_low,2009,85672038.0
p131,2042,IRA_low,2010,84810561.0
p131,2042,IRA_low,2011,84939562.0
p131,2042,IRA_low,2012,83684842.0
p131,2042,IRA_low,2013,85476944.0
p131,2043,IRA_low,2007,87520817.0
p131,2043,IRA_low,2008,86753910.0
p131,2043,IRA_low,2009,87241141.0
p131,2043,IRA_low,2010,86354757.0
p131,2043,IRA_low,2011,86485354.0
p131,2043,IRA_low,2012,85189094.0
p131,2043,IRA_low,2013,87042209.0
p131,2044,IRA_low,2007,89101122.0
p131,2044,IRA_low,2008,88308768.0
p131,2044,IRA_low,2009,88810407.0
p131,2044,IRA_low,2010,87898967.0
p131,2044,IRA_low,2011,88031153.0
p131,2044,IRA_low,2012,86693496.0
p131,2044,IRA_low,2013,88607684.0
p131,2045,IRA_low,2007,90681327.0
p131,2045,IRA_low,2008,89863561.0
p131,2045,IRA_low,2009,90379644.0
p131,2045,IRA_low,2010,89443057.0
p131,2045,IRA_low,2011,89576972.0
p131,2045,IRA_low,2012,88197772.0
p131,2045,IRA_low,2013,90173026.0
p131,2046,IRA_low,2007,91754942.0
p131,2046,IRA_low,2008,90918872.0
p131,2046,IRA_low,2009,91442010.0
p131,2046,IRA_low,2010,90497420.0
p131,2046,IRA_low,2011,90629116.0
p131,2046,IRA_low,2012,89225152.0
p131,2046,IRA_low,2013,91236874.0
p131,2047,IRA_low,2007,92828531.0
p131,2047,IRA_low,2008,91974311.0
p131,2047,IRA_low,2009,92504416.0
p131,2047,IRA_low,2010,91551868.0
p131,2047,IRA_low,2011,91681218.0
p131,2047,IRA_low,2012,90252548.0
p131,2047,IRA_low,2013,92300581.0
p131,2048,IRA_low,2007,93902061.0
p131,2048,IRA_low,2008,93029639.0
p131,2048,IRA_low,2009,93566871.0
p131,2048,IRA_low,2010,92606318.0
p131,2048,IRA_low,2011,92733259.0
p131,2048,IRA_low,2012,91279997.0
p131,2048,IRA_low,2013,93364373.0
p131,2049,IRA_low,2007,94975596.0
p131,2049,IRA_low,2008,94084876.0
p131,2049,IRA_low,2009,94629252.0
p131,2049,IRA_low,2010,93660770.0
p131,2049,IRA_low,2011,93785414.0
p131,2049,IRA_low,2012,92307370.0
p131,2049,IRA_low,2013,94428197.0
p131,2050,IRA_low,2007,96049149.0
p131,2050,IRA_low,2008,95140291.0
p131,2050,IRA_low,2009,95691661.0
p131,2050,IRA_low,2010,94715183.0
p131,2050,IRA_low,2011,94837546.0
p131,2050,IRA_low,2012,93334724.0
p131,2050,IRA_low,2013,95492004.0
p132,2020,IRA_low,2007,26118066.67
p132,2020,IRA_low,2008,26118447.0
p132,2020,IRA_low,2009,26117459.96
p132,2020,IRA_low,2010,26117854.96
p132,2020,IRA_low,2011,26117796.31
p132,2020,IRA_low,2012,26118003.43
p132,2020,IRA_low,2013,26117796.31
p132,2021,IRA_low,2007,29175823.0
p132,2021,IRA_low,2008,29175831.0
p132,2021,IRA_low,2009,29175892.0
p132,2021,IRA_low,2010,29175828.0
p132,2021,IRA_low,2011,29175894.0
p132,2021,IRA_low,2012,29175895.0
p132,2021,IRA_low,2013,29175858.0
p132,2022,IRA_low,2007,29170799.0
p132,2022,IRA_low,2008,29170821.0
p132,2022,IRA_low,2009,29170834.0
p132,2022,IRA_low,2010,29170814.0
p132,2022,IRA_low,2011,29170816.0
p132,2022,IRA_low,2012,29170826.0
p132,2022,IRA_low,2013,29170825.0
p132,2023,IRA_low,2007,28384191.0
p132,2023,IRA_low,2008,28384174.0
p132,2023,IRA_low,2009,28384204.0
p132,2023,IRA_low,2010,28384159.0
p132,2023,IRA_low,2011,28384169.0
p132,2023,IRA_low,2012,28384152.0
p132,2023,IRA_low,2013,28384161.0
p132,2024,IRA_low,2007,28753467.0
p132,2024,IRA_low,2008,28753497.0
p132,2024,IRA_low,2009,28753519.0
p132,2024,IRA_low,2010,28753471.0
p132,2024,IRA_low,2011,28753512.0
p132,2024,IRA_low,2012,28753417.0
p132,2024,IRA_low,2013,28753454.0
p132,2025,IRA_low,2007,28940630.0
p132,2025,IRA_low,2008,28933357.0
p132,2025,IRA_low,2009,28937178.0
p132,2025,IRA_low,2010,28931942.0
p132,2025,IRA_low,2011,28933879.0
p132,2025,IRA_low,2012,28918500.0
p132,2025,IRA_low,2013,28937076.0
p132,2026,IRA_low,2007,29588297.0
p132,2026,IRA_low,2008,29566526.0
p132,2026,IRA_low,2009,29582676.0
p132,2026,IRA_low,2010,29554102.0
p132,2026,IRA_low,2011,29562922.0
p132,2026,IRA_low,2012,29514664.0
p132,2026,IRA_low,2013,29577616.0
p132,2027,IRA_low,2007,30236016.0
p132,2027,IRA_low,2008,30199770.0
p132,2027,IRA_low,2009,30228103.0
p132,2027,IRA_low,2010,30176182.0
p132,2027,IRA_low,2011,30192011.0
p132,2027,IRA_low,2012,30110768.0
p132,2027,IRA_low,2013,30218176.0
p132,2028,IRA_low,2007,30883621.0
p132,2028,IRA_low,2008,30832871.0
p132,2028,IRA_low,2009,30873483.0
p132,2028,IRA_low,2010,30798310.0
p132,2028,IRA_low,2011,30821111.0
p132,2028,IRA_low,2012,30706921.0
p132,2028,IRA_low,2013,30858734.0
p132,2029,IRA_low,2007,31531325.0
p132,2029,IRA_low,2008,31466067.0
p132,2029,IRA_low,2009,31518935.0
p132,2029,IRA_low,2010,31420384.0
p132,2029,IRA_low,2011,31450192.0
p132,2029,IRA_low,2012,31303120.0
p132,2029,IRA_low,2013,31499362.0
p132,2030,IRA_low,2007,32178897.0
p132,2030,IRA_low,2008,32099271.0
p132,2030,IRA_low,2009,32164407.0
p132,2030,IRA_low,2010,32042463.0
p132,2030,IRA_low,2011,32079243.0
p132,2030,IRA_low,2012,31899263.0
p132,2030,IRA_low,2013,32139845.0
p132,2031,IRA_low,2007,32973547.0
p132,2031,IRA_low,2008,32879111.0
p132,2031,IRA_low,2009,32956884.0
p132,2031,IRA_low,2010,32810794.0
p132,2031,IRA_low,2011,32854364.0
p132,2031,IRA_low,2012,32640656.0
p132,2031,IRA_low,2013,32927464.0
p132,2032,IRA_low,2007,33768349.0
p132,2032,IRA_low,2008,33658850.0
p132,2032,IRA_low,2009,33749422.0
p132,2032,IRA_low,2010,33579021.0
p132,2032,IRA_low,2011,33629526.0
p132,2032,IRA_low,2012,33382005.0
p132,2032,IRA_low,2013,33715054.0
p132,2033,IRA_low,2007,34562934.0
p132,2033,IRA_low,2008,34438734.0
p132,2033,IRA_low,2009,34541932.0
p132,2033,IRA_low,2010,34347256.0
p132,2033,IRA_low,2011,34404736.0
p132,2033,IRA_low,2012,34123474.0
p132,2033,IRA_low,2013,34502605.0
p132,2034,IRA_low,2007,35357666.0
p132,2034,IRA_low,2008,35218498.0
p132,2034,IRA_low,2009,35334385.0
p132,2034,IRA_low,2010,35115539.0
p132,2034,IRA_low,2011,35179888.0
p132,2034,IRA_low,2012,34864832.0
p132,2034,IRA_low,2013,35290245.0
p132,2035,IRA_low,2007,36152299.0
p132,2035,IRA_low,2008,35998310.0
p132,2035,IRA_low,2009,36126906.0
p132,2035,IRA_low,2010,35883772.0
p132,2035,IRA_low,2011,35955085.0
p132,2035,IRA_low,2012,35606220.0
p132,2035,IRA_low,2013,36077851.0
p132,2036,IRA_low,2007,36889730.0
p132,2036,IRA_low,2008,36724012.0
p132,2036,IRA_low,2009,36862408.0
p132,2036,IRA_low,2010,36600457.0
p132,2036,IRA_low,2011,36676716.0
p132,2036,IRA_low,2012,36301491.0
p132,2036,IRA_low,2013,36809626.0
p132,2037,IRA_low,2007,37627233.0
p132,2037,IRA_low,2008,37449784.0
p132,2037,IRA_low,2009,37597906.0
p132,2037,IRA_low,2010,37317124.0
p132,2037,IRA_low,2011,37398408.0
p132,2037,IRA_low,2012,36996679.0
p132,2037,IRA_low,2013,37541413.0
p132,2038,IRA_low,2007,38364716.0
p132,2038,IRA_low,2008,38175434.0
p132,2038,IRA_low,2009,38333465.0
p132,2038,IRA_low,2010,38033861.0
p132,2038,IRA_low,2011,38120234.0
p132,2038,IRA_low,2012,37691984.0
p132,2038,IRA_low,2013,38273267.0
p132,2039,IRA_low,2007,39102203.0
p132,2039,IRA_low,2008,38901167.0
p132,2039,IRA_low,2009,39068956.0
p132,2039,IRA_low,2010,38750457.0
p132,2039,IRA_low,2011,38841831.0
p132,2039,IRA_low,2012,38387185.0
p132,2039,IRA_low,2013,39005006.0
p132,2040,IRA_low,2007,39839640.0
p132,2040,IRA_low,2008,39626912.0
p132,2040,IRA_low,2009,39804484.0
p132,2040,IRA_low,2010,39467090.0
p132,2040,IRA_low,2011,39563471.0
p132,2040,IRA_low,2012,39082486.0
p132,2040,IRA_low,2013,39736813.0
p132,2041,IRA_low,2007,40392482.0
p132,2041,IRA_low,2008,40173112.0
p132,2041,IRA_low,2009,40355504.0
p132,2041,IRA_low,2010,40008961.0
p132,2041,IRA_low,2011,40107440.0
p132,2041,IRA_low,2012,39611631.0
p132,2041,IRA_low,2013,40286686.0
p132,2042,IRA_low,2007,40945278.0
p132,2042,IRA_low,2008,40719144.0
p132,2042,IRA_low,2009,40906584.0
p132,2042,IRA_low,2010,40550889.0
p132,2042,IRA_low,2011,40651523.0
p132,2042,IRA_low,2012,40140783.0
p132,2042,IRA_low,2013,40836633.0
p132,2043,IRA_low,2007,41498213.0
p132,2043,IRA_low,2008,41265327.0
p132,2043,IRA_low,2009,41457630.0
p132,2043,IRA_low,2010,41092642.0
p132,2043,IRA_low,2011,41195562.0
p132,2043,IRA_low,2012,40669968.0
p132,2043,IRA_low,2013,41386464.0
p132,2044,IRA_low,2007,42051011.0
p132,2044,IRA_low,2008,41811363.0
p132,2044,IRA_low,2009,42008717.0
p132,2044,IRA_low,2010,41634564.0
p132,2044,IRA_low,2011,41739587.0
p132,2044,IRA_low,2012,41199129.0
p132,2044,IRA_low,2013,41936426.0
p132,2045,IRA_low,2007,42603843.0
p132,2045,IRA_low,2008,42357483.0
p132,2045,IRA_low,2009,42559768.0
p132,2045,IRA_low,2010,42176447.0
p132,2045,IRA_low,2011,42283572.0
p132,2045,IRA_low,2012,41728316.0
p132,2045,IRA_low,2013,42486294.0
p132,2046,IRA_low,2007,42998376.0
p132,2046,IRA_low,2008,42748025.0
p132,2046,IRA_low,2009,42952249.0
p132,2046,IRA_low,2010,42566660.0
p132,2046,IRA_low,2011,42673908.0
p132,2046,IRA_low,2012,42111161.0
p132,2046,IRA_low,2013,42879035.0
p132,2047,IRA_low,2007,43392903.0
p132,2047,IRA_low,2008,43138536.0
p132,2047,IRA_low,2009,43344781.0
p132,2047,IRA_low,2010,42956898.0
p132,2047,IRA_low,2011,43064246.0
p132,2047,IRA_low,2012,42494125.0
p132,2047,IRA_low,2013,43272015.0
p132,2048,IRA_low,2007,43787358.0
p132,2048,IRA_low,2008,43529116.0
p132,2048,IRA_low,2009,43737198.0
p132,2048,IRA_low,2010,43347028.0
p132,2048,IRA_low,2011,43454578.0
p132,2048,IRA_low,2012,42877038.0
p132,2048,IRA_low,2013,43664835.0
p132,2049,IRA_low,2007,44181882.0
p132,2049,IRA_low,2008,43919618.0
p132,2049,IRA_low,2009,44129760.0
p132,2049,IRA_low,2010,43737202.0
p132,2049,IRA_low,2011,43844941.0
p132,2049,IRA_low,2012,43259947.0
p132,2049,IRA_low,2013,44057789.0
p132,2050,IRA_low,2007,44576410.0
p132,2050,IRA_low,2008,44310157.0
p132,2050,IRA_low,2009,44522246.0
p132,2050,IRA_low,2010,44127388.0
p132,2050,IRA_low,2011,44235267.0
p132,2050,IRA_low,2012,43642832.0
p132,2050,IRA_low,2013,44450584.0
p133,2020,IRA_low,2007,8047835.48
p133,2020,IRA_low,2008,8047783.49
p133,2020,IRA_low,2009,8047701.08
p133,2020,IRA_low,2010,8047712.85
p133,2020,IRA_low,2011,8047837.44
p133,2020,IRA_low,2012,8047820.76
p133,2020,IRA_low,2013,8047723.65
p133,2021,IRA_low,2007,7961679.0
p133,2021,IRA_low,2008,7961676.0
p133,2021,IRA_low,2009,7961714.0
p133,2021,IRA_low,2010,7961659.0
p133,2021,IRA_low,2011,7961636.0
p133,2021,IRA_low,2012,7961626.0
p133,2021,IRA_low,2013,7961665.0
p133,2022,IRA_low,2007,8263395.0
p133,2022,IRA_low,2008,8263416.0
p133,2022,IRA_low,2009,8263372.0
p133,2022,IRA_low,2010,8263413.0
p133,2022,IRA_low,2011,8263355.0
p133,2022,IRA_low,2012,8263369.0
p133,2022,IRA_low,2013,8263419.0
p133,2023,IRA_low,2007,8072405.0
p133,2023,IRA_low,2008,8072345.0
p133,2023,IRA_low,2009,8072368.0
p133,2023,IRA_low,2010,8072447.0
p133,2023,IRA_low,2011,8072405.0
p133,2023,IRA_low,2012,8072390.0
p133,2023,IRA_low,2013,8072395.0
p133,2024,IRA_low,2007,8256710.0
p133,2024,IRA_low,2008,8256657.0
p133,2024,IRA_low,2009,8256517.0
p133,2024,IRA_low,2010,8256660.0
p133,2024,IRA_low,2011,8256713.0
p133,2024,IRA_low,2012,8256728.0
p133,2024,IRA_low,2013,8256639.0
p133,2025,IRA_low,2007,8284507.0
p133,2025,IRA_low,2008,8281252.0
p133,2025,IRA_low,2009,8282557.0
p133,2025,IRA_low,2010,8281412.0
p133,2025,IRA_low,2011,8280801.0
p133,2025,IRA_low,2012,8276226.0
p133,2025,IRA_low,2013,8282849.0
p133,2026,IRA_low,2007,8449024.0
p133,2026,IRA_low,2008,8439522.0
p133,2026,IRA_low,2009,8446197.0
p133,2026,IRA_low,2010,8436664.0
p133,2026,IRA_low,2011,8436183.0
p133,2026,IRA_low,2012,8421725.0
p133,2026,IRA_low,2013,8444005.0
p133,2027,IRA_low,2007,8613457.0
p133,2027,IRA_low,2008,8597811.0
p133,2027,IRA_low,2009,8609818.0
p133,2027,IRA_low,2010,8591912.0
p133,2027,IRA_low,2011,8591371.0
p133,2027,IRA_low,2012,8567158.0
p133,2027,IRA_low,2013,8605172.0
p133,2028,IRA_low,2007,8777886.0
p133,2028,IRA_low,2008,8755973.0
p133,2028,IRA_low,2009,8773386.0
p133,2028,IRA_low,2010,8747193.0
p133,2028,IRA_low,2011,8746819.0
p133,2028,IRA_low,2012,8712745.0
p133,2028,IRA_low,2013,8766391.0
p133,2029,IRA_low,2007,8942351.0
p133,2029,IRA_low,2008,8914200.0
p133,2029,IRA_low,2009,8936991.0
p133,2029,IRA_low,2010,8902394.0
p133,2029,IRA_low,2011,8902124.0
p133,2029,IRA_low,2012,8858184.0
p133,2029,IRA_low,2013,8927572.0
p133,2030,IRA_low,2007,9106908.0
p133,2030,IRA_low,2008,9072585.0
p133,2030,IRA_low,2009,9100589.0
p133,2030,IRA_low,2010,9057567.0
p133,2030,IRA_low,2011,9057436.0
p133,2030,IRA_low,2012,9003687.0
p133,2030,IRA_low,2013,9088803.0
p133,2031,IRA_low,2007,9344355.0
p133,2031,IRA_low,2008,9303290.0
p133,2031,IRA_low,2009,9337356.0
p133,2031,IRA_low,2010,9285228.0
p133,2031,IRA_low,2011,9285320.0
p133,2031,IRA_low,2012,9221031.0
p133,2031,IRA_low,2013,9322916.0
p133,2032,IRA_low,2007,9581891.0
p133,2032,IRA_low,2008,9534055.0
p133,2032,IRA_low,2009,9573948.0
p133,2032,IRA_low,2010,9512879.0
p133,2032,IRA_low,2011,9513233.0
p133,2032,IRA_low,2012,9438353.0
p133,2032,IRA_low,2013,9557009.0
p133,2033,IRA_low,2007,9819400.0
p133,2033,IRA_low,2008,9764891.0
p133,2033,IRA_low,2009,9810676.0
p133,2033,IRA_low,2010,9740476.0
p133,2033,IRA_low,2011,9741220.0
p133,2033,IRA_low,2012,9655579.0
p133,2033,IRA_low,2013,9791136.0
p133,2034,IRA_low,2007,10057112.0
p133,2034,IRA_low,2008,9995642.0
p133,2034,IRA_low,2009,10047381.0
p133,2034,IRA_low,2010,9967996.0
p133,2034,IRA_low,2011,9969170.0
p133,2034,IRA_low,2012,9872994.0
p133,2034,IRA_low,2013,10025254.0
p133,2035,IRA_low,2007,10294469.0
p133,2035,IRA_low,2008,10226411.0
p133,2035,IRA_low,2009,10284030.0
p133,2035,IRA_low,2010,10195805.0
p133,2035,IRA_low,2011,10197120.0
p133,2035,IRA_low,2012,10090301.0
p133,2035,IRA_low,2013,10259423.0
p133,2036,IRA_low,2007,10531490.0
p133,2036,IRA_low,2008,10458069.0
p133,2036,IRA_low,2009,10520323.0
p133,2036,IRA_low,2010,10425054.0
p133,2036,IRA_low,2011,10426225.0
p133,2036,IRA_low,2012,10311068.0
p133,2036,IRA_low,2013,10493901.0
p133,2037,IRA_low,2007,10768541.0
p133,2037,IRA_low,2008,10689584.0
p133,2037,IRA_low,2009,10756488.0
p133,2037,IRA_low,2010,10654285.0
p133,2037,IRA_low,2011,10655421.0
p133,2037,IRA_low,2012,10531803.0
p133,2037,IRA_low,2013,10728432.0
p133,2038,IRA_low,2007,11005680.0
p133,2038,IRA_low,2008,10921255.0
p133,2038,IRA_low,2009,10992610.0
p133,2038,IRA_low,2010,10883516.0
p133,2038,IRA_low,2011,10884539.0
p133,2038,IRA_low,2012,10752579.0
p133,2038,IRA_low,2013,10962927.0
p133,2039,IRA_low,2007,11242655.0
p133,2039,IRA_low,2008,11152830.0
p133,2039,IRA_low,2009,11228897.0
p133,2039,IRA_low,2010,11112742.0
p133,2039,IRA_low,2011,11113723.0
p133,2039,IRA_low,2012,10973340.0
p133,2039,IRA_low,2013,11197558.0
p133,2040,IRA_low,2007,11479657.0
p133,2040,IRA_low,2008,11384449.0
p133,2040,IRA_low,2009,11465142.0
p133,2040,IRA_low,2010,11342000.0
p133,2040,IRA_low,2011,11342873.0
p133,2040,IRA_low,2012,11194088.0
p133,2040,IRA_low,2013,11432031.0
p133,2041,IRA_low,2007,11659104.0
p133,2041,IRA_low,2008,11560800.0
p133,2041,IRA_low,2009,11643925.0
p133,2041,IRA_low,2010,11516913.0
p133,2041,IRA_low,2011,11517693.0
p133,2041,IRA_low,2012,11363996.0
p133,2041,IRA_low,2013,11610014.0
p133,2042,IRA_low,2007,11838444.0
p133,2042,IRA_low,2008,11737142.0
p133,2042,IRA_low,2009,11822674.0
p133,2042,IRA_low,2010,11691920.0
p133,2042,IRA_low,2011,11692510.0
p133,2042,IRA_low,2012,11533899.0
p133,2042,IRA_low,2013,11787972.0
p133,2043,IRA_low,2007,12017828.0
p133,2043,IRA_low,2008,11913537.0
p133,2043,IRA_low,2009,12001594.0
p133,2043,IRA_low,2010,11866835.0
p133,2043,IRA_low,2011,11867356.0
p133,2043,IRA_low,2012,11703731.0
p133,2043,IRA_low,2013,11965993.0
p133,2044,IRA_low,2007,12197200.0
p133,2044,IRA_low,2008,12089830.0
p133,2044,IRA_low,2009,12180338.0
p133,2044,IRA_low,2010,12041733.0
p133,2044,IRA_low,2011,12042123.0
p133,2044,IRA_low,2012,11873603.0
p133,2044,IRA_low,2013,12144075.0
p133,2045,IRA_low,2007,12376621.0
p133,2045,IRA_low,2008,12266250.0
p133,2045,IRA_low,2009,12359193.0
p133,2045,IRA_low,2010,12216614.0
p133,2045,IRA_low,2011,12216876.0
p133,2045,IRA_low,2012,12043521.0
p133,2045,IRA_low,2013,12322036.0
p133,2046,IRA_low,2007,12490785.0
p133,2046,IRA_low,2008,12378712.0
p133,2046,IRA_low,2009,12472834.0
p133,2046,IRA_low,2010,12328731.0
p133,2046,IRA_low,2011,12328669.0
p133,2046,IRA_low,2012,12152458.0
p133,2046,IRA_low,2013,12435473.0
p133,2047,IRA_low,2007,12605016.0
p133,2047,IRA_low,2008,12491102.0
p133,2047,IRA_low,2009,12586403.0
p133,2047,IRA_low,2010,12440906.0
p133,2047,IRA_low,2011,12440475.0
p133,2047,IRA_low,2012,12261326.0
p133,2047,IRA_low,2013,12548823.0
p133,2048,IRA_low,2007,12719341.0
p133,2048,IRA_low,2008,12603571.0
p133,2048,IRA_low,2009,12700080.0
p133,2048,IRA_low,2010,12553003.0
p133,2048,IRA_low,2011,12552117.0
p133,2048,IRA_low,2012,12370233.0
p133,2048,IRA_low,2013,12662272.0
p133,2049,IRA_low,2007,12833544.0
p133,2049,IRA_low,2008,12715981.0
p133,2049,IRA_low,2009,12813737.0
p133,2049,IRA_low,2010,12665148.0
p133,2049,IRA_low,2011,12663821.0
p133,2049,IRA_low,2012,12479155.0
p133,2049,IRA_low,2013,12775624.0
p133,2050,IRA_low,2007,12947740.0
p133,2050,IRA_low,2008,12828412.0
p133,2050,IRA_low,2009,12927393.0
p133,2050,IRA_low,2010,12777244.0
p133,2050,IRA_low,2011,12775616.0
p133,2050,IRA_low,2012,12588094.0
p133,2050,IRA_low,2013,12889054.0
p134,2020,IRA_low,2007,13101505.49
p134,2020,IRA_low,2008,13101682.0
p134,2020,IRA_low,2009,13101528.3
p134,2020,IRA_low,2010,13101486.65
p134,2020,IRA_low,2011,13101480.7
p134,2020,IRA_low,2012,13101656.22
p134,2020,IRA_low,2013,13101448.96
p134,2021,IRA_low,2007,13428742.0
p134,2021,IRA_low,2008,13428685.0
p134,2021,IRA_low,2009,13428712.0
p134,2021,IRA_low,2010,13428650.0
p134,2021,IRA_low,2011,13428658.0
p134,2021,IRA_low,2012,13428710.0
p134,2021,IRA_low,2013,13428761.0
p134,2022,IRA_low,2007,13610077.0
p134,2022,IRA_low,2008,13610043.0
p134,2022,IRA_low,2009,13610072.0
p134,2022,IRA_low,2010,13610047.0
p134,2022,IRA_low,2011,13610025.0
p134,2022,IRA_low,2012,13609994.0
p134,2022,IRA_low,2013,13610075.0
p134,2023,IRA_low,2007,12868720.0
p134,2023,IRA_low,2008,12868679.0
p134,2023,IRA_low,2009,12868714.0
p134,2023,IRA_low,2010,12868727.0
p134,2023,IRA_low,2011,12868673.0
p134,2023,IRA_low,2012,12868693.0
p134,2023,IRA_low,2013,12868662.0
p134,2024,IRA_low,2007,11495032.0
p134,2024,IRA_low,2008,11495024.0
p134,2024,IRA_low,2009,11495026.0
p134,2024,IRA_low,2010,11495016.0
p134,2024,IRA_low,2011,11495048.0
p134,2024,IRA_low,2012,11495056.0
p134,2024,IRA_low,2013,11494918.0
p134,2025,IRA_low,2007,11527907.0
p134,2025,IRA_low,2008,11523689.0
p134,2025,IRA_low,2009,11525940.0
p134,2025,IRA_low,2010,11518908.0
p134,2025,IRA_low,2011,11522776.0
p134,2025,IRA_low,2012,11518849.0
p134,2025,IRA_low,2013,11524581.0
p134,2026,IRA_low,2007,11790456.0
p134,2026,IRA_low,2008,11776387.0
p134,2026,IRA_low,2009,11784761.0
p134,2026,IRA_low,2010,11759156.0
p134,2026,IRA_low,2011,11772672.0
p134,2026,IRA_low,2012,11758575.0
p134,2026,IRA_low,2013,11779937.0
p134,2027,IRA_low,2007,12052907.0
p134,2027,IRA_low,2008,12028993.0
p134,2027,IRA_low,2009,12043580.0
p134,2027,IRA_low,2010,11999204.0
p134,2027,IRA_low,2011,12022620.0
p134,2027,IRA_low,2012,11998360.0
p134,2027,IRA_low,2013,12035274.0
p134,2028,IRA_low,2007,12315398.0
p134,2028,IRA_low,2008,12281699.0
p134,2028,IRA_low,2009,12302451.0
p134,2028,IRA_low,2010,12239324.0
p134,2028,IRA_low,2011,12272541.0
p134,2028,IRA_low,2012,12238002.0
p134,2028,IRA_low,2013,12290728.0
p134,2029,IRA_low,2007,12577879.0
p134,2029,IRA_low,2008,12534413.0
p134,2029,IRA_low,2009,12561309.0
p134,2029,IRA_low,2010,12479444.0
p134,2029,IRA_low,2011,12522412.0
p134,2029,IRA_low,2012,12477767.0
p134,2029,IRA_low,2013,12545979.0
p134,2030,IRA_low,2007,12840293.0
p134,2030,IRA_low,2008,12787049.0
p134,2030,IRA_low,2009,12820091.0
p134,2030,IRA_low,2010,12719569.0
p134,2030,IRA_low,2011,12772241.0
p134,2030,IRA_low,2012,12717478.0
p134,2030,IRA_low,2013,12801409.0
p134,2031,IRA_low,2007,13246562.0
p134,2031,IRA_low,2008,13182730.0
p134,2031,IRA_low,2009,13222510.0
p134,2031,IRA_low,2010,13101886.0
p134,2031,IRA_low,2011,13164896.0
p134,2031,IRA_low,2012,13098943.0
p134,2031,IRA_low,2013,13199924.0
p134,2032,IRA_low,2007,13652736.0
p134,2032,IRA_low,2008,13578314.0
p134,2032,IRA_low,2009,13624967.0
p134,2032,IRA_low,2010,13484199.0
p134,2032,IRA_low,2011,13557455.0
p134,2032,IRA_low,2012,13480449.0
p134,2032,IRA_low,2013,13598433.0
p134,2033,IRA_low,2007,14059004.0
p134,2033,IRA_low,2008,13973960.0
p134,2033,IRA_low,2009,14027406.0
p134,2033,IRA_low,2010,13866448.0
p134,2033,IRA_low,2011,13950083.0
p134,2033,IRA_low,2012,13861943.0
p134,2033,IRA_low,2013,13996925.0
p134,2034,IRA_low,2007,14465232.0
p134,2034,IRA_low,2008,14369513.0
p134,2034,IRA_low,2009,14429925.0
p134,2034,IRA_low,2010,14248766.0
p134,2034,IRA_low,2011,14342703.0
p134,2034,IRA_low,2012,14243477.0
p134,2034,IRA_low,2013,14395450.0
p134,2035,IRA_low,2007,14871399.0
p134,2035,IRA_low,2008,14765258.0
p134,2035,IRA_low,2009,14832365.0
p134,2035,IRA_low,2010,14631132.0
p134,2035,IRA_low,2011,14735304.0
p134,2035,IRA_low,2012,14624856.0
p134,2035,IRA_low,2013,14793923.0
p134,2036,IRA_low,2007,15293507.0
p134,2036,IRA_low,2008,15179012.0
p134,2036,IRA_low,2009,15251146.0
p134,2036,IRA_low,2010,15033813.0
p134,2036,IRA_low,2011,15146300.0
p134,2036,IRA_low,2012,15026915.0
p134,2036,IRA_low,2013,15209930.0
p134,2037,IRA_low,2007,15715527.0
p134,2037,IRA_low,2008,15592781.0
p134,2037,IRA_low,2009,15670067.0
p134,2037,IRA_low,2010,15436619.0
p134,2037,IRA_low,2011,15557272.0
p134,2037,IRA_low,2012,15428944.0
p134,2037,IRA_low,2013,15625918.0
p134,2038,IRA_low,2007,16137640.0
p134,2038,IRA_low,2008,16006505.0
p134,2038,IRA_low,2009,16088942.0
p134,2038,IRA_low,2010,15839354.0
p134,2038,IRA_low,2011,15968259.0
p134,2038,IRA_low,2012,15831110.0
p134,2038,IRA_low,2013,16042030.0
p134,2039,IRA_low,2007,16559633.0
p134,2039,IRA_low,2008,16420282.0
p134,2039,IRA_low,2009,16507792.0
p134,2039,IRA_low,2010,16242085.0
p134,2039,IRA_low,2011,16379246.0
p134,2039,IRA_low,2012,16233140.0
p134,2039,IRA_low,2013,16457961.0
p134,2040,IRA_low,2007,16981703.0
p134,2040,IRA_low,2008,16834104.0
p134,2040,IRA_low,2009,16926650.0
p134,2040,IRA_low,2010,16644856.0
p134,2040,IRA_low,2011,16790175.0
p134,2040,IRA_low,2012,16635223.0
p134,2040,IRA_low,2013,16874015.0
p134,2041,IRA_low,2007,17308328.0
p134,2041,IRA_low,2008,17155975.0
p134,2041,IRA_low,2009,17251209.0
p134,2041,IRA_low,2010,16960521.0
p134,2041,IRA_low,2011,17110398.0
p134,2041,IRA_low,2012,16950295.0
p134,2041,IRA_low,2013,17197362.0
p134,2042,IRA_low,2007,17634948.0
p134,2042,IRA_low,2008,17477852.0
p134,2042,IRA_low,2009,17575780.0
p134,2042,IRA_low,2010,17276156.0
p134,2042,IRA_low,2011,17430442.0
p134,2042,IRA_low,2012,17265425.0
p134,2042,IRA_low,2013,17520622.0
p134,2043,IRA_low,2007,17961559.0
p134,2043,IRA_low,2008,17799752.0
p134,2043,IRA_low,2009,17900296.0
p134,2043,IRA_low,2010,17591739.0
p134,2043,IRA_low,2011,17750777.0
p134,2043,IRA_low,2012,17580452.0
p134,2043,IRA_low,2013,17843814.0
p134,2044,IRA_low,2007,18288154.0
p134,2044,IRA_low,2008,18121599.0
p134,2044,IRA_low,2009,18224915.0
p134,2044,IRA_low,2010,17907389.0
p134,2044,IRA_low,2011,18070899.0
p134,2044,IRA_low,2012,17895483.0
p134,2044,IRA_low,2013,18167080.0
p134,2045,IRA_low,2007,18614763.0
p134,2045,IRA_low,2008,18443494.0
p134,2045,IRA_low,2009,18549510.0
p134,2045,IRA_low,2010,18223038.0
p134,2045,IRA_low,2011,18391121.0
p134,2045,IRA_low,2012,18210584.0
p134,2045,IRA_low,2013,18490369.0
p134,2046,IRA_low,2007,18821076.0
p134,2046,IRA_low,2008,18647323.0
p134,2046,IRA_low,2009,18754634.0
p134,2046,IRA_low,2010,18424012.0
p134,2046,IRA_low,2011,18594210.0
p134,2046,IRA_low,2012,18411099.0
p134,2046,IRA_low,2013,18694920.0
p134,2047,IRA_low,2007,19027324.0
p134,2047,IRA_low,2008,18851163.0
p134,2047,IRA_low,2009,18959776.0
p134,2047,IRA_low,2010,18624913.0
p134,2047,IRA_low,2011,18797353.0
p134,2047,IRA_low,2012,18611640.0
p134,2047,IRA_low,2013,18899545.0
p134,2048,IRA_low,2007,19233576.0
p134,2048,IRA_low,2008,19054989.0
p134,2048,IRA_low,2009,19164936.0
p134,2048,IRA_low,2010,18825767.0
p134,2048,IRA_low,2011,19000472.0
p134,2048,IRA_low,2012,18812089.0
p134,2048,IRA_low,2013,19104232.0
p134,2049,IRA_low,2007,19439849.0
p134,2049,IRA_low,2008,19258819.0
p134,2049,IRA_low,2009,19370050.0
p134,2049,IRA_low,2010,19026695.0
p134,2049,IRA_low,2011,19203614.0
p134,2049,IRA_low,2012,19012638.0
p134,2049,IRA_low,2013,19308828.0
p134,2050,IRA_low,2007,19646121.0
p134,2050,IRA_low,2008,19462674.0
p134,2050,IRA_low,2009,19575177.0
p134,2050,IRA_low,2010,19227605.0
p134,2050,IRA_low,2011,19406726.0
p134,2050,IRA_low,2012,19213152.0
p134,2050,IRA_low,2013,19513390.0
p14,2020,IRA_low,2007,5526010.75
p14,2020,IRA_low,2008,5525842.77
p14,2020,IRA_low,2009,5525919.22
p14,2020,IRA_low,2010,5526367.19
p14,2020,IRA_low,2011,5525305.42
p14,2020,IRA_low,2012,5526006.45
p14,2020,IRA_low,2013,5525613.4
p14,2021,IRA_low,2007,4446559.0
p14,2021,IRA_low,2008,4446626.0
p14,2021,IRA_low,2009,4446661.0
p14,2021,IRA_low,2010,4446626.0
p14,2021,IRA_low,2011,4446627.0
p14,2021,IRA_low,2012,4446684.0
p14,2021,IRA_low,2013,4446712.0
p14,2022,IRA_low,2007,4606836.0
p14,2022,IRA_low,2008,4606774.0
p14,2022,IRA_low,2009,4606800.0
p14,2022,IRA_low,2010,4606780.0
p14,2022,IRA_low,2011,4606775.0
p14,2022,IRA_low,2012,4606760.0
p14,2022,IRA_low,2013,4606734.0
p14,2023,IRA_low,2007,4528789.0
p14,2023,IRA_low,2008,4528783.0
p14,2023,IRA_low,2009,4528802.0
p14,2023,IRA_low,2010,4528758.0
p14,2023,IRA_low,2011,4528729.0
p14,2023,IRA_low,2012,4528791.0
p14,2023,IRA_low,2013,4528763.0
p14,2024,IRA_low,2007,4561835.0
p14,2024,IRA_low,2008,4561865.0
p14,2024,IRA_low,2009,4561884.0
p14,2024,IRA_low,2010,4561841.0
p14,2024,IRA_low,2011,4561822.0
p14,2024,IRA_low,2012,4561871.0
p14,2024,IRA_low,2013,4561898.0
p14,2025,IRA_low,2007,4600865.0
p14,2025,IRA_low,2008,4601518.0
p14,2025,IRA_low,2009,4601622.0
p14,2025,IRA_low,2010,4600329.0
p14,2025,IRA_low,2011,4601113.0
p14,2025,IRA_low,2012,4600099.0
p14,2025,IRA_low,2013,4602248.0
p14,2026,IRA_low,2007,4662141.0
p14,2026,IRA_low,2008,4664194.0
p14,2026,IRA_low,2009,4664292.0
p14,2026,IRA_low,2010,4661353.0
p14,2026,IRA_low,2011,4663572.0
p14,2026,IRA_low,2012,4660030.0
p14,2026,IRA_low,2013,4665567.0
p14,2027,IRA_low,2007,4723314.0
p14,2027,IRA_low,2008,4726706.0
p14,2027,IRA_low,2009,4726917.0
p14,2027,IRA_low,2010,4722343.0
p14,2027,IRA_low,2011,4725726.0
p14,2027,IRA_low,2012,4720038.0
p14,2027,IRA_low,2013,4728998.0
p14,2028,IRA_low,2007,4784499.0
p14,2028,IRA_low,2008,4789345.0
p14,2028,IRA_low,2009,4789655.0
p14,2028,IRA_low,2010,4783198.0
p14,2028,IRA_low,2011,4787867.0
p14,2028,IRA_low,2012,4779909.0
p14,2028,IRA_low,2013,4792308.0
p14,2029,IRA_low,2007,4845791.0
p14,2029,IRA_low,2008,4852114.0
p14,2029,IRA_low,2009,4852250.0
p14,2029,IRA_low,2010,4844174.0
p14,2029,IRA_low,2011,4850067.0
p14,2029,IRA_low,2012,4840063.0
p14,2029,IRA_low,2013,4855718.0
p14,2030,IRA_low,2007,4906961.0
p14,2030,IRA_low,2008,4914736.0
p14,2030,IRA_low,2009,4914906.0
p14,2030,IRA_low,2010,4905142.0
p14,2030,IRA_low,2011,4912254.0
p14,2030,IRA_low,2012,4899977.0
p14,2030,IRA_low,2013,4919031.0
p14,2031,IRA_low,2007,4983497.0
p14,2031,IRA_low,2008,4992706.0
p14,2031,IRA_low,2009,4992996.0
p14,2031,IRA_low,2010,4981497.0
p14,2031,IRA_low,2011,4989962.0
p14,2031,IRA_low,2012,4975344.0
p14,2031,IRA_low,2013,4997809.0
p14,2032,IRA_low,2007,5060068.0
p14,2032,IRA_low,2008,5070819.0
p14,2032,IRA_low,2009,5071051.0
p14,2032,IRA_low,2010,5057833.0
p14,2032,IRA_low,2011,5067537.0
p14,2032,IRA_low,2012,5050601.0
p14,2032,IRA_low,2013,5076594.0
p14,2033,IRA_low,2007,5136675.0
p14,2033,IRA_low,2008,5149011.0
p14,2033,IRA_low,2009,5148988.0
p14,2033,IRA_low,2010,5134121.0
p14,2033,IRA_low,2011,5145250.0
p14,2033,IRA_low,2012,5125853.0
p14,2033,IRA_low,2013,5155523.0
p14,2034,IRA_low,2007,5213324.0
p14,2034,IRA_low,2008,5227065.0
p14,2034,IRA_low,2009,5226982.0
p14,2034,IRA_low,2010,5210629.0
p14,2034,IRA_low,2011,5222916.0
p14,2034,IRA_low,2012,5201192.0
p14,2034,IRA_low,2013,5234070.0
p14,2035,IRA_low,2007,5289833.0
p14,2035,IRA_low,2008,5305089.0
p14,2035,IRA_low,2009,5304953.0
p14,2035,IRA_low,2010,5286906.0
p14,2035,IRA_low,2011,5300585.0
p14,2035,IRA_low,2012,5276432.0
p14,2035,IRA_low,2013,5312914.0
p14,2036,IRA_low,2007,5368866.0
p14,2036,IRA_low,2008,5385387.0
p14,2036,IRA_low,2009,5385362.0
p14,2036,IRA_low,2010,5365827.0
p14,2036,IRA_low,2011,5380484.0
p14,2036,IRA_low,2012,5354437.0
p14,2036,IRA_low,2013,5393787.0
p14,2037,IRA_low,2007,5448001.0
p14,2037,IRA_low,2008,5465775.0
p14,2037,IRA_low,2009,5465718.0
p14,2037,IRA_low,2010,5444704.0
p14,2037,IRA_low,2011,5460389.0
p14,2037,IRA_low,2012,5432385.0
p14,2037,IRA_low,2013,5474567.0
p14,2038,IRA_low,2007,5527017.0
p14,2038,IRA_low,2008,5546045.0
p14,2038,IRA_low,2009,5545942.0
p14,2038,IRA_low,2010,5523530.0
p14,2038,IRA_low,2011,5540351.0
p14,2038,IRA_low,2012,5510482.0
p14,2038,IRA_low,2013,5555483.0
p14,2039,IRA_low,2007,5606038.0
p14,2039,IRA_low,2008,5626507.0
p14,2039,IRA_low,2009,5626187.0
p14,2039,IRA_low,2010,5602432.0
p14,2039,IRA_low,2011,5620422.0
p14,2039,IRA_low,2012,5588524.0
p14,2039,IRA_low,2013,5636389.0
p14,2040,IRA_low,2007,5685000.0
p14,2040,IRA_low,2008,5706705.0
p14,2040,IRA_low,2009,5706607.0
p14,2040,IRA_low,2010,5681306.0
p14,2040,IRA_low,2011,5700172.0
p14,2040,IRA_low,2012,5666349.0
p14,2040,IRA_low,2013,5717242.0
p14,2041,IRA_low,2007,5754690.0
p14,2041,IRA_low,2008,5777082.0
p14,2041,IRA_low,2009,5776823.0
p14,2041,IRA_low,2010,5750714.0
p14,2041,IRA_low,2011,5770387.0
p14,2041,IRA_low,2012,5735395.0
p14,2041,IRA_low,2013,5787879.0
p14,2042,IRA_low,2007,5824266.0
p14,2042,IRA_low,2008,5847337.0
p14,2042,IRA_low,2009,5847235.0
p14,2042,IRA_low,2010,5820108.0
p14,2042,IRA_low,2011,5840435.0
p14,2042,IRA_low,2012,5804338.0
p14,2042,IRA_low,2013,5858476.0
p14,2043,IRA_low,2007,5893845.0
p14,2043,IRA_low,2008,5917691.0
p14,2043,IRA_low,2009,5917474.0
p14,2043,IRA_low,2010,5889458.0
p14,2043,IRA_low,2011,5910612.0
p14,2043,IRA_low,2012,5873355.0
p14,2043,IRA_low,2013,5929165.0
p14,2044,IRA_low,2007,5963459.0
p14,2044,IRA_low,2008,5987948.0
p14,2044,IRA_low,2009,5987911.0
p14,2044,IRA_low,2010,5958810.0
p14,2044,IRA_low,2011,5980502.0
p14,2044,IRA_low,2012,5942238.0
p14,2044,IRA_low,2013,5999798.0
p14,2045,IRA_low,2007,6032930.0
p14,2045,IRA_low,2008,6058270.0
p14,2045,IRA_low,2009,6058124.0
p14,2045,IRA_low,2010,6028288.0
p14,2045,IRA_low,2011,6050714.0
p14,2045,IRA_low,2012,6010966.0
p14,2045,IRA_low,2013,6070385.0
p14,2046,IRA_low,2007,6090305.0
p14,2046,IRA_low,2008,6115964.0
p14,2046,IRA_low,2009,6115825.0
p14,2046,IRA_low,2010,6085247.0
p14,2046,IRA_low,2011,6108237.0
p14,2046,IRA_low,2012,6067965.0
p14,2046,IRA_low,2013,6128387.0
p14,2047,IRA_low,2007,6147614.0
p14,2047,IRA_low,2008,6173480.0
p14,2047,IRA_low,2009,6173423.0
p14,2047,IRA_low,2010,6142175.0
p14,2047,IRA_low,2011,6165478.0
p14,2047,IRA_low,2012,6124850.0
p14,2047,IRA_low,2013,6186397.0
p14,2048,IRA_low,2007,6204952.0
p14,2048,IRA_low,2008,6231082.0
p14,2048,IRA_low,2009,6231137.0
p14,2048,IRA_low,2010,6199164.0
p14,2048,IRA_low,2011,6222907.0
p14,2048,IRA_low,2012,6181630.0
p14,2048,IRA_low,2013,6244229.0
p14,2049,IRA_low,2007,6262259.0
p14,2049,IRA_low,2008,6288711.0
p14,2049,IRA_low,2009,6288865.0
p14,2049,IRA_low,2010,6256135.0
p14,2049,IRA_low,2011,6280341.0
p14,2049,IRA_low,2012,6238474.0
p14,2049,IRA_low,2013,6302107.0
p14,2050,IRA_low,2007,6319302.0
p14,2050,IRA_low,2008,6346267.0
p14,2050,IRA_low,2009,6346492.0
p14,2050,IRA_low,2010,6313076.0
p14,2050,IRA_low,2011,6337701.0
p14,2050,IRA_low,2012,6295290.0
p14,2050,IRA_low,2013,6360143.0
p15,2020,IRA_low,2007,15458308.75
p15,2020,IRA_low,2008,15457321.28
p15,2020,IRA_low,2009,15458656.58
p15,2020,IRA_low,2010,15458851.49
p15,2020,IRA_low,2011,15457159.75
p15,2020,IRA_low,2012,15458717.96
p15,2020,IRA_low,2013,15457544.19
p15,2021,IRA_low,2007,15822492.0
p15,2021,IRA_low,2008,15822523.0
p15,2021,IRA_low,2009,15822499.0
p15,2021,IRA_low,2010,15822507.0
p15,2021,IRA_low,2011,15822484.0
p15,2021,IRA_low,2012,15822596.0
p15,2021,IRA_low,2013,15822524.0
p15,2022,IRA_low,2007,16392427.0
p15,2022,IRA_low,2008,16392412.0
p15,2022,IRA_low,2009,16392410.0
p15,2022,IRA_low,2010,16392398.0
p15,2022,IRA_low,2011,16392393.0
p15,2022,IRA_low,2012,16392408.0
p15,2022,IRA_low,2013,16392430.0
p15,2023,IRA_low,2007,16114916.0
p15,2023,IRA_low,2008,16114857.0
p15,2023,IRA_low,2009,16114914.0
p15,2023,IRA_low,2010,16114911.0
p15,2023,IRA_low,2011,16114860.0
p15,2023,IRA_low,2012,16114826.0
p15,2023,IRA_low,2013,16114857.0
p15,2024,IRA_low,2007,16232637.0
p15,2024,IRA_low,2008,16232616.0
p15,2024,IRA_low,2009,16232616.0
p15,2024,IRA_low,2010,16232612.0
p15,2024,IRA_low,2011,16232628.0
p15,2024,IRA_low,2012,16232577.0
p15,2024,IRA_low,2013,16232632.0
p15,2025,IRA_low,2007,16410563.0
p15,2025,IRA_low,2008,16413803.0
p15,2025,IRA_low,2009,16413959.0
p15,2025,IRA_low,2010,16408167.0
p15,2025,IRA_low,2011,16412161.0
p15,2025,IRA_low,2012,16406956.0
p15,2025,IRA_low,2013,16416609.0
p15,2026,IRA_low,2007,16689991.0
p15,2026,IRA_low,2008,16699775.0
p15,2026,IRA_low,2009,16699978.0
p15,2026,IRA_low,2010,16686503.0
p15,2026,IRA_low,2011,16696182.0
p15,2026,IRA_low,2012,16680858.0
p15,2026,IRA_low,2013,16705867.0
p15,2027,IRA_low,2007,16969516.0
p15,2027,IRA_low,2008,16985757.0
p15,2027,IRA_low,2009,16986105.0
p15,2027,IRA_low,2010,16964737.0
p15,2027,IRA_low,2011,16980338.0
p15,2027,IRA_low,2012,16954684.0
p15,2027,IRA_low,2013,16995262.0
p15,2028,IRA_low,2007,17248923.0
p15,2028,IRA_low,2008,17271775.0
p15,2028,IRA_low,2009,17272149.0
p15,2028,IRA_low,2010,17243048.0
p15,2028,IRA_low,2011,17264425.0
p15,2028,IRA_low,2012,17228623.0
p15,2028,IRA_low,2013,17284585.0
p15,2029,IRA_low,2007,17528390.0
p15,2029,IRA_low,2008,17557751.0
p15,2029,IRA_low,2009,17558309.0
p15,2029,IRA_low,2010,17521382.0
p15,2029,IRA_low,2011,17548512.0
p15,2029,IRA_low,2012,17502410.0
p15,2029,IRA_low,2013,17573921.0
p15,2030,IRA_low,2007,17807840.0
p15,2030,IRA_low,2008,17843864.0
p15,2030,IRA_low,2009,17844334.0
p15,2030,IRA_low,2010,17799628.0
p15,2030,IRA_low,2011,17832762.0
p15,2030,IRA_low,2012,17776378.0
p15,2030,IRA_low,2013,17863271.0
p15,2031,IRA_low,2007,18157547.0
p15,2031,IRA_low,2008,18200289.0
p15,2031,IRA_low,2009,18200626.0
p15,2031,IRA_low,2010,18148284.0
p15,2031,IRA_low,2011,18187158.0
p15,2031,IRA_low,2012,18120081.0
p15,2031,IRA_low,2013,18222794.0
p15,2032,IRA_low,2007,18507109.0
p15,2032,IRA_low,2008,18556710.0
p15,2032,IRA_low,2009,18556823.0
p15,2032,IRA_low,2010,18496886.0
p15,2032,IRA_low,2011,18541759.0
p15,2032,IRA_low,2012,18463835.0
p15,2032,IRA_low,2013,18582439.0
p15,2033,IRA_low,2007,18856753.0
p15,2033,IRA_low,2008,18913297.0
p15,2033,IRA_low,2009,18913068.0
p15,2033,IRA_low,2010,18845519.0
p15,2033,IRA_low,2011,18896282.0
p15,2033,IRA_low,2012,18807541.0
p15,2033,IRA_low,2013,18941994.0
p15,2034,IRA_low,2007,19206321.0
p15,2034,IRA_low,2008,19269748.0
p15,2034,IRA_low,2009,19269303.0
p15,2034,IRA_low,2010,19194103.0
p15,2034,IRA_low,2011,19250820.0
p15,2034,IRA_low,2012,19151324.0
p15,2034,IRA_low,2013,19301574.0
p15,2035,IRA_low,2007,19556018.0
p15,2035,IRA_low,2008,19626230.0
p15,2035,IRA_low,2009,19625545.0
p15,2035,IRA_low,2010,19542679.0
p15,2035,IRA_low,2011,19605381.0
p15,2035,IRA_low,2012,19495029.0
p15,2035,IRA_low,2013,19661155.0
p15,2036,IRA_low,2007,19916882.0
p15,2036,IRA_low,2008,19993013.0
p15,2036,IRA_low,2009,19992191.0
p15,2036,IRA_low,2010,19902953.0
p15,2036,IRA_low,2011,19970447.0
p15,2036,IRA_low,2012,19851206.0
p15,2036,IRA_low,2013,20030333.0
p15,2037,IRA_low,2007,20277818.0
p15,2037,IRA_low,2008,20359800.0
p15,2037,IRA_low,2009,20358769.0
p15,2037,IRA_low,2010,20263080.0
p15,2037,IRA_low,2011,20335521.0
p15,2037,IRA_low,2012,20207392.0
p15,2037,IRA_low,2013,20399617.0
p15,2038,IRA_low,2007,20638752.0
p15,2038,IRA_low,2008,20726588.0
p15,2038,IRA_low,2009,20725566.0
p15,2038,IRA_low,2010,20623263.0
p15,2038,IRA_low,2011,20700535.0
p15,2038,IRA_low,2012,20563603.0
p15,2038,IRA_low,2013,20768733.0
p15,2039,IRA_low,2007,20999721.0
p15,2039,IRA_low,2008,21093374.0
p15,2039,IRA_low,2009,21092181.0
p15,2039,IRA_low,2010,20983428.0
p15,2039,IRA_low,2011,21065600.0
p15,2039,IRA_low,2012,20919681.0
p15,2039,IRA_low,2013,21138088.0
p15,2040,IRA_low,2007,21360582.0
p15,2040,IRA_low,2008,21460163.0
p15,2040,IRA_low,2009,21458841.0
p15,2040,IRA_low,2010,21343690.0
p15,2040,IRA_low,2011,21430530.0
p15,2040,IRA_low,2012,21275907.0
p15,2040,IRA_low,2013,21507280.0
p15,2041,IRA_low,2007,21678279.0
p15,2041,IRA_low,2008,21781163.0
p15,2041,IRA_low,2009,21779919.0
p15,2041,IRA_low,2010,21660423.0
p15,2041,IRA_low,2011,21750524.0
p15,2041,IRA_low,2012,21590632.0
p15,2041,IRA_low,2013,21829932.0
p15,2042,IRA_low,2007,21995951.0
p15,2042,IRA_low,2008,22102104.0
p15,2042,IRA_low,2009,22100995.0
p15,2042,IRA_low,2010,21977251.0
p15,2042,IRA_low,2011,22070437.0
p15,2042,IRA_low,2012,21905420.0
p15,2042,IRA_low,2013,22152471.0
p15,2043,IRA_low,2007,22313703.0
p15,2043,IRA_low,2008,22423092.0
p15,2043,IRA_low,2009,22421955.0
p15,2043,IRA_low,2010,22294046.0
p15,2043,IRA_low,2011,22390347.0
p15,2043,IRA_low,2012,22220040.0
p15,2043,IRA_low,2013,22475088.0
p15,2044,IRA_low,2007,22631380.0
p15,2044,IRA_low,2008,22744057.0
p15,2044,IRA_low,2009,22742931.0
p15,2044,IRA_low,2010,22610883.0
p15,2044,IRA_low,2011,22710192.0
p15,2044,IRA_low,2012,22534847.0
p15,2044,IRA_low,2013,22797583.0
p15,2045,IRA_low,2007,22949093.0
p15,2045,IRA_low,2008,23065041.0
p15,2045,IRA_low,2009,23064028.0
p15,2045,IRA_low,2010,22927627.0
p15,2045,IRA_low,2011,23030104.0
p15,2045,IRA_low,2012,22849486.0
p15,2045,IRA_low,2013,23120262.0
p15,2046,IRA_low,2007,23210548.0
p15,2046,IRA_low,2008,23327958.0
p15,2046,IRA_low,2009,23327236.0
p15,2046,IRA_low,2010,23187665.0
p15,2046,IRA_low,2011,23292295.0
p15,2046,IRA_low,2012,23108993.0
p15,2046,IRA_low,2013,23384640.0
p15,2047,IRA_low,2007,23472147.0
p15,2047,IRA_low,2008,23591012.0
p15,2047,IRA_low,2009,23590502.0
p15,2047,IRA_low,2010,23447757.0
p15,2047,IRA_low,2011,23554460.0
p15,2047,IRA_low,2012,23368599.0
p15,2047,IRA_low,2013,23649178.0
p15,2048,IRA_low,2007,23733743.0
p15,2048,IRA_low,2008,23853972.0
p15,2048,IRA_low,2009,23853768.0
p15,2048,IRA_low,2010,23707754.0
p15,2048,IRA_low,2011,23816603.0
p15,2048,IRA_low,2012,23628075.0
p15,2048,IRA_low,2013,23913704.0
p15,2049,IRA_low,2007,23995326.0
p15,2049,IRA_low,2008,24116975.0
p15,2049,IRA_low,2009,24117009.0
p15,2049,IRA_low,2010,23967854.0
p15,2049,IRA_low,2011,24078733.0
p15,2049,IRA_low,2012,23887576.0
p15,2049,IRA_low,2013,24178248.0
p15,2050,IRA_low,2007,24256790.0
p15,2050,IRA_low,2008,24379946.0
p15,2050,IRA_low,2009,24380328.0
p15,2050,IRA_low,2010,24227920.0
p15,2050,IRA_low,2011,24340894.0
p15,2050,IRA_low,2012,24147057.0
p15,2050,IRA_low,2013,24442717.0
p16,2020,IRA_low,2007,8133745.79
p16,2020,IRA_low,2008,8133472.27
p16,2020,IRA_low,2009,8134023.61
p16,2020,IRA_low,2010,8134108.69
p16,2020,IRA_low,2011,8133392.58
p16,2020,IRA_low,2012,8133898.7
p16,2020,IRA_low,2013,8133530.42
p16,2021,IRA_low,2007,5763510.0
p16,2021,IRA_low,2008,5763497.0
p16,2021,IRA_low,2009,5763525.0
p16,2021,IRA_low,2010,5763555.0
p16,2021,IRA_low,2011,5763528.0
p16,2021,IRA_low,2012,5763505.0
p16,2021,IRA_low,2013,5763536.0
p16,2022,IRA_low,2007,5971154.0
p16,2022,IRA_low,2008,5971074.0
p16,2022,IRA_low,2009,5971105.0
p16,2022,IRA_low,2010,5971131.0
p16,2022,IRA_low,2011,5971185.0
p16,2022,IRA_low,2012,5971136.0
p16,2022,IRA_low,2013,5971109.0
p16,2023,IRA_low,2007,5870032.0
p16,2023,IRA_low,2008,5870034.0
p16,2023,IRA_low,2009,5869997.0
p16,2023,IRA_low,2010,5870054.0
p16,2023,IRA_low,2011,5870050.0
p16,2023,IRA_low,2012,5870004.0
p16,2023,IRA_low,2013,5869995.0
p16,2024,IRA_low,2007,5912912.0
p16,2024,IRA_low,2008,5912910.0
p16,2024,IRA_low,2009,5912908.0
p16,2024,IRA_low,2010,5912894.0
p16,2024,IRA_low,2011,5912929.0
p16,2024,IRA_low,2012,5912898.0
p16,2024,IRA_low,2013,5912893.0
p16,2025,IRA_low,2007,6011885.0
p16,2025,IRA_low,2008,6013720.0
p16,2025,IRA_low,2009,6013679.0
p16,2025,IRA_low,2010,6010592.0
p16,2025,IRA_low,2011,6012711.0
p16,2025,IRA_low,2012,6009839.0
p16,2025,IRA_low,2013,6015147.0
p16,2026,IRA_low,2007,6167219.0
p16,2026,IRA_low,2008,6172720.0
p16,2026,IRA_low,2009,6172749.0
p16,2026,IRA_low,2010,6165180.0
p16,2026,IRA_low,2011,6170721.0
p16,2026,IRA_low,2012,6162093.0
p16,2026,IRA_low,2013,6176054.0
p16,2027,IRA_low,2007,6322607.0
p16,2027,IRA_low,2008,6331667.0
p16,2027,IRA_low,2009,6331810.0
p16,2027,IRA_low,2010,6319993.0
p16,2027,IRA_low,2011,6328685.0
p16,2027,IRA_low,2012,6314411.0
p16,2027,IRA_low,2013,6336849.0
p16,2028,IRA_low,2007,6477949.0
p16,2028,IRA_low,2008,6490688.0
p16,2028,IRA_low,2009,6490902.0
p16,2028,IRA_low,2010,6474718.0
p16,2028,IRA_low,2011,6486630.0
p16,2028,IRA_low,2012,6466706.0
p16,2028,IRA_low,2013,6497761.0
p16,2029,IRA_low,2007,6633361.0
p16,2029,IRA_low,2008,6649703.0
p16,2029,IRA_low,2009,6649947.0
p16,2029,IRA_low,2010,6629455.0
p16,2029,IRA_low,2011,6644625.0
p16,2029,IRA_low,2012,6618985.0
p16,2029,IRA_low,2013,6658719.0
p16,2030,IRA_low,2007,6788788.0
p16,2030,IRA_low,2008,6808799.0
p16,2030,IRA_low,2009,6809031.0
p16,2030,IRA_low,2010,6784146.0
p16,2030,IRA_low,2011,6802557.0
p16,2030,IRA_low,2012,6771179.0
p16,2030,IRA_low,2013,6819533.0
p16,2031,IRA_low,2007,6983134.0
p16,2031,IRA_low,2008,7006915.0
p16,2031,IRA_low,2009,7007095.0
p16,2031,IRA_low,2010,6977986.0
p16,2031,IRA_low,2011,6999680.0
p16,2031,IRA_low,2012,6962374.0
p16,2031,IRA_low,2013,7019511.0
p16,2032,IRA_low,2007,7177476.0
p16,2032,IRA_low,2008,7205212.0
p16,2032,IRA_low,2009,7205148.0
p16,2032,IRA_low,2010,7171722.0
p16,2032,IRA_low,2011,7196744.0
p16,2032,IRA_low,2012,7153434.0
p16,2032,IRA_low,2013,7219349.0
p16,2033,IRA_low,2007,7371859.0
p16,2033,IRA_low,2008,7403372.0
p16,2033,IRA_low,2009,7403182.0
p16,2033,IRA_low,2010,7365681.0
p16,2033,IRA_low,2011,7393874.0
p16,2033,IRA_low,2012,7344569.0
p16,2033,IRA_low,2013,7419292.0
p16,2034,IRA_low,2007,7566241.0
p16,2034,IRA_low,2008,7601546.0
p16,2034,IRA_low,2009,7601237.0
p16,2034,IRA_low,2010,7559411.0
p16,2034,IRA_low,2011,7591060.0
p16,2034,IRA_low,2012,7535634.0
p16,2034,IRA_low,2013,7619161.0
p16,2035,IRA_low,2007,7760704.0
p16,2035,IRA_low,2008,7799746.0
p16,2035,IRA_low,2009,7799308.0
p16,2035,IRA_low,2010,7753353.0
p16,2035,IRA_low,2011,7788267.0
p16,2035,IRA_low,2012,7726787.0
p16,2035,IRA_low,2013,7819074.0
p16,2036,IRA_low,2007,7961406.0
p16,2036,IRA_low,2008,8003770.0
p16,2036,IRA_low,2009,8003093.0
p16,2036,IRA_low,2010,7953544.0
p16,2036,IRA_low,2011,7991119.0
p16,2036,IRA_low,2012,7924787.0
p16,2036,IRA_low,2013,8024605.0
p16,2037,IRA_low,2007,8161961.0
p16,2037,IRA_low,2008,8207665.0
p16,2037,IRA_low,2009,8207024.0
p16,2037,IRA_low,2010,8153792.0
p16,2037,IRA_low,2011,8194054.0
p16,2037,IRA_low,2012,8122860.0
p16,2037,IRA_low,2013,8229743.0
p16,2038,IRA_low,2007,8362650.0
p16,2038,IRA_low,2008,8411546.0
p16,2038,IRA_low,2009,8410819.0
p16,2038,IRA_low,2010,8354070.0
p16,2038,IRA_low,2011,8397092.0
p16,2038,IRA_low,2012,8320835.0
p16,2038,IRA_low,2013,8434997.0
p16,2039,IRA_low,2007,8563376.0
p16,2039,IRA_low,2008,8615471.0
p16,2039,IRA_low,2009,8614737.0
p16,2039,IRA_low,2010,8554230.0
p16,2039,IRA_low,2011,8599928.0
p16,2039,IRA_low,2012,8518832.0
p16,2039,IRA_low,2013,8640294.0
p16,2040,IRA_low,2007,8764070.0
p16,2040,IRA_low,2008,8819356.0
p16,2040,IRA_low,2009,8818614.0
p16,2040,IRA_low,2010,8754559.0
p16,2040,IRA_low,2011,8802988.0
p16,2040,IRA_low,2012,8716924.0
p16,2040,IRA_low,2013,8845573.0
p16,2041,IRA_low,2007,8940681.0
p16,2041,IRA_low,2008,8997811.0
p16,2041,IRA_low,2009,8997085.0
p16,2041,IRA_low,2010,8930773.0
p16,2041,IRA_low,2011,8980780.0
p16,2041,IRA_low,2012,8891927.0
p16,2041,IRA_low,2013,9025060.0
p16,2042,IRA_low,2007,9117275.0
p16,2042,IRA_low,2008,9176320.0
p16,2042,IRA_low,2009,9175647.0
p16,2042,IRA_low,2010,9106882.0
p16,2042,IRA_low,2011,9158683.0
p16,2042,IRA_low,2012,9067001.0
p16,2042,IRA_low,2013,9204330.0
p16,2043,IRA_low,2007,9293873.0
p16,2043,IRA_low,2008,9354811.0
p16,2043,IRA_low,2009,9354091.0
p16,2043,IRA_low,2010,9282919.0
p16,2043,IRA_low,2011,9336488.0
p16,2043,IRA_low,2012,9241995.0
p16,2043,IRA_low,2013,9383660.0
p16,2044,IRA_low,2007,9470564.0
p16,2044,IRA_low,2008,9533263.0
p16,2044,IRA_low,2009,9532387.0
p16,2044,IRA_low,2010,9459119.0
p16,2044,IRA_low,2011,9513985.0
p16,2044,IRA_low,2012,9417018.0
p16,2044,IRA_low,2013,9562970.0
p16,2045,IRA_low,2007,9647149.0
p16,2045,IRA_low,2008,9711758.0
p16,2045,IRA_low,2009,9711084.0
p16,2045,IRA_low,2010,9635236.0
p16,2045,IRA_low,2011,9692281.0
p16,2045,IRA_low,2012,9591793.0
p16,2045,IRA_low,2013,9742376.0
p16,2046,IRA_low,2007,9792637.0
p16,2046,IRA_low,2008,9857853.0
p16,2046,IRA_low,2009,9857424.0
p16,2046,IRA_low,2010,9779872.0
p16,2046,IRA_low,2011,9838041.0
p16,2046,IRA_low,2012,9736154.0
p16,2046,IRA_low,2013,9889458.0
p16,2047,IRA_low,2007,9938079.0
p16,2047,IRA_low,2008,10004182.0
p16,2047,IRA_low,2009,10003825.0
p16,2047,IRA_low,2010,9924469.0
p16,2047,IRA_low,2011,9983805.0
p16,2047,IRA_low,2012,9880420.0
p16,2047,IRA_low,2013,10036548.0
p16,2048,IRA_low,2007,10083478.0
p16,2048,IRA_low,2008,10150410.0
p16,2048,IRA_low,2009,10150181.0
p16,2048,IRA_low,2010,10068993.0
p16,2048,IRA_low,2011,10129552.0
p16,2048,IRA_low,2012,10024769.0
p16,2048,IRA_low,2013,10183586.0
p16,2049,IRA_low,2007,10228932.0
p16,2049,IRA_low,2008,10296618.0
p16,2049,IRA_low,2009,10296535.0
p16,2049,IRA_low,2010,10213655.0
p16,2049,IRA_low,2011,10275313.0
p16,2049,IRA_low,2012,10169002.0
p16,2049,IRA_low,2013,10330675.0
p16,2050,IRA_low,2007,10374380.0
p16,2050,IRA_low,2008,10442827.0
p16,2050,IRA_low,2009,10442968.0
p16,2050,IRA_low,2010,10358234.0
p16,2050,IRA_low,2011,10421072.0
p16,2050,IRA_low,2012,10313322.0
p16,2050,IRA_low,2013,10477806.0
p17,2020,IRA_low,2007,6636416.35
p17,2020,IRA_low,2008,6635563.98
p17,2020,IRA_low,2009,6635861.2
p17,2020,IRA_low,2010,6636023.6
p17,2020,IRA_low,2011,6635237.05
p17,2020,IRA_low,2012,6635815.55
p17,2020,IRA_low,2013,6635777.34
p17,2021,IRA_low,2007,7853547.0
p17,2021,IRA_low,2008,7853515.0
p17,2021,IRA_low,2009,7853521.0
p17,2021,IRA_low,2010,7853529.0
p17,2021,IRA_low,2011,7853531.0
p17,2021,IRA_low,2012,7853488.0
p17,2021,IRA_low,2013,7853520.0
p17,2022,IRA_low,2007,8183092.0
p17,2022,IRA_low,2008,8183110.0
p17,2022,IRA_low,2009,8183207.0
p17,2022,IRA_low,2010,8183150.0
p17,2022,IRA_low,2011,8183137.0
p17,2022,IRA_low,2012,8183175.0
p17,2022,IRA_low,2013,8183221.0
p17,2023,IRA_low,2007,8150271.0
p17,2023,IRA_low,2008,8150301.0
p17,2023,IRA_low,2009,8150299.0
p17,2023,IRA_low,2010,8150299.0
p17,2023,IRA_low,2011,8150286.0
p17,2023,IRA_low,2012,8150250.0
p17,2023,IRA_low,2013,8150312.0
p17,2024,IRA_low,2007,8241804.0
p17,2024,IRA_low,2008,8241788.0
p17,2024,IRA_low,2009,8241739.0
p17,2024,IRA_low,2010,8241642.0
p17,2024,IRA_low,2011,8241740.0
p17,2024,IRA_low,2012,8241814.0
p17,2024,IRA_low,2013,8241794.0
p17,2025,IRA_low,2007,8323781.0
p17,2025,IRA_low,2008,8325508.0
p17,2025,IRA_low,2009,8325946.0
p17,2025,IRA_low,2010,8324710.0
p17,2025,IRA_low,2011,8325668.0
p17,2025,IRA_low,2012,8323191.0
p17,2025,IRA_low,2013,8325221.0
p17,2026,IRA_low,2007,8473697.0
p17,2026,IRA_low,2008,8479827.0
p17,2026,IRA_low,2009,8480968.0
p17,2026,IRA_low,2010,8477307.0
p17,2026,IRA_low,2011,8479979.0
p17,2026,IRA_low,2012,8472242.0
p17,2026,IRA_low,2013,8478452.0
p17,2027,IRA_low,2007,8623770.0
p17,2027,IRA_low,2008,8634247.0
p17,2027,IRA_low,2009,8635859.0
p17,2027,IRA_low,2010,8630169.0
p17,2027,IRA_low,2011,8634699.0
p17,2027,IRA_low,2012,8621354.0
p17,2027,IRA_low,2013,8631476.0
p17,2028,IRA_low,2007,8773811.0
p17,2028,IRA_low,2008,8788516.0
p17,2028,IRA_low,2009,8790983.0
p17,2028,IRA_low,2010,8782954.0
p17,2028,IRA_low,2011,8789116.0
p17,2028,IRA_low,2012,8770710.0
p17,2028,IRA_low,2013,8784762.0
p17,2029,IRA_low,2007,8923816.0
p17,2029,IRA_low,2008,8942949.0
p17,2029,IRA_low,2009,8945998.0
p17,2029,IRA_low,2010,8935870.0
p17,2029,IRA_low,2011,8943600.0
p17,2029,IRA_low,2012,8919726.0
p17,2029,IRA_low,2013,8937985.0
p17,2030,IRA_low,2007,9073756.0
p17,2030,IRA_low,2008,9097355.0
p17,2030,IRA_low,2009,9101028.0
p17,2030,IRA_low,2010,9088637.0
p17,2030,IRA_low,2011,9098082.0
p17,2030,IRA_low,2012,9067709.0
p17,2030,IRA_low,2013,9091241.0
p17,2031,IRA_low,2007,9241811.0
p17,2031,IRA_low,2008,9269686.0
p17,2031,IRA_low,2009,9274131.0
p17,2031,IRA_low,2010,9259592.0
p17,2031,IRA_low,2011,9270578.0
p17,2031,IRA_low,2012,9235736.0
p17,2031,IRA_low,2013,9262408.0
p17,2032,IRA_low,2007,9409738.0
p17,2032,IRA_low,2008,9442080.0
p17,2032,IRA_low,2009,9447211.0
p17,2032,IRA_low,2010,9430545.0
p17,2032,IRA_low,2011,9443053.0
p17,2032,IRA_low,2012,9402811.0
p17,2032,IRA_low,2013,9433593.0
p17,2033,IRA_low,2007,9577838.0
p17,2033,IRA_low,2008,9614389.0
p17,2033,IRA_low,2009,9620261.0
p17,2033,IRA_low,2010,9601547.0
p17,2033,IRA_low,2011,9615503.0
p17,2033,IRA_low,2012,9569958.0
p17,2033,IRA_low,2013,9604807.0
p17,2034,IRA_low,2007,9745902.0
p17,2034,IRA_low,2008,9786815.0
p17,2034,IRA_low,2009,9793485.0
p17,2034,IRA_low,2010,9772378.0
p17,2034,IRA_low,2011,9787977.0
p17,2034,IRA_low,2012,9737053.0
p17,2034,IRA_low,2013,9776173.0
p17,2035,IRA_low,2007,9913801.0
p17,2035,IRA_low,2008,9959161.0
p17,2035,IRA_low,2009,9966406.0
p17,2035,IRA_low,2010,9943436.0
p17,2035,IRA_low,2011,9960423.0
p17,2035,IRA_low,2012,9904045.0
p17,2035,IRA_low,2013,9947344.0
p17,2036,IRA_low,2007,10067871.0
p17,2036,IRA_low,2008,10116719.0
p17,2036,IRA_low,2009,10124477.0
p17,2036,IRA_low,2010,10099945.0
p17,2036,IRA_low,2011,10118095.0
p17,2036,IRA_low,2012,10057393.0
p17,2036,IRA_low,2013,10103940.0
p17,2037,IRA_low,2007,10222143.0
p17,2037,IRA_low,2008,10274007.0
p17,2037,IRA_low,2009,10282583.0
p17,2037,IRA_low,2010,10256217.0
p17,2037,IRA_low,2011,10275766.0
p17,2037,IRA_low,2012,10210866.0
p17,2037,IRA_low,2013,10260507.0
p17,2038,IRA_low,2007,10376484.0
p17,2038,IRA_low,2008,10431538.0
p17,2038,IRA_low,2009,10440626.0
p17,2038,IRA_low,2010,10412625.0
p17,2038,IRA_low,2011,10433215.0
p17,2038,IRA_low,2012,10364305.0
p17,2038,IRA_low,2013,10417278.0
p17,2039,IRA_low,2007,10530570.0
p17,2039,IRA_low,2008,10588998.0
p17,2039,IRA_low,2009,10598662.0
p17,2039,IRA_low,2010,10569066.0
p17,2039,IRA_low,2011,10590873.0
p17,2039,IRA_low,2012,10517681.0
p17,2039,IRA_low,2013,10573704.0
p17,2040,IRA_low,2007,10684827.0
p17,2040,IRA_low,2008,10746418.0
p17,2040,IRA_low,2009,10756680.0
p17,2040,IRA_low,2010,10725448.0
p17,2040,IRA_low,2011,10748567.0
p17,2040,IRA_low,2012,10671069.0
p17,2040,IRA_low,2013,10730342.0
p17,2041,IRA_low,2007,10826395.0
p17,2041,IRA_low,2008,10889673.0
p17,2041,IRA_low,2009,10900360.0
p17,2041,IRA_low,2010,10868169.0
p17,2041,IRA_low,2011,10891961.0
p17,2041,IRA_low,2012,10812159.0
p17,2041,IRA_low,2013,10873266.0
p17,2042,IRA_low,2007,10967971.0
p17,2042,IRA_low,2008,11032956.0
p17,2042,IRA_low,2009,11044234.0
p17,2042,IRA_low,2010,11010973.0
p17,2042,IRA_low,2011,11035519.0
p17,2042,IRA_low,2012,10953085.0
p17,2042,IRA_low,2013,11016227.0
p17,2043,IRA_low,2007,11109522.0
p17,2043,IRA_low,2008,11176175.0
p17,2043,IRA_low,2009,11187975.0
p17,2043,IRA_low,2010,11153742.0
p17,2043,IRA_low,2011,11178999.0
p17,2043,IRA_low,2012,11094116.0
p17,2043,IRA_low,2013,11159155.0
p17,2044,IRA_low,2007,11251057.0
p17,2044,IRA_low,2008,11319457.0
p17,2044,IRA_low,2009,11331654.0
p17,2044,IRA_low,2010,11296487.0
p17,2044,IRA_low,2011,11322458.0
p17,2044,IRA_low,2012,11235091.0
p17,2044,IRA_low,2013,11302043.0
p17,2045,IRA_low,2007,11392631.0
p17,2045,IRA_low,2008,11462736.0
p17,2045,IRA_low,2009,11475430.0
p17,2045,IRA_low,2010,11439347.0
p17,2045,IRA_low,2011,11465884.0
p17,2045,IRA_low,2012,11376122.0
p17,2045,IRA_low,2013,11445081.0
p17,2046,IRA_low,2007,11506616.0
p17,2046,IRA_low,2008,11577443.0
p17,2046,IRA_low,2009,11590370.0
p17,2046,IRA_low,2010,11553751.0
p17,2046,IRA_low,2011,11580679.0
p17,2046,IRA_low,2012,11489817.0
p17,2046,IRA_low,2013,11559722.0
p17,2047,IRA_low,2007,11620774.0
p17,2047,IRA_low,2008,11691930.0
p17,2047,IRA_low,2009,11705351.0
p17,2047,IRA_low,2010,11668040.0
p17,2047,IRA_low,2011,11695434.0
p17,2047,IRA_low,2012,11603543.0
p17,2047,IRA_low,2013,11674393.0
p17,2048,IRA_low,2007,11734839.0
p17,2048,IRA_low,2008,11806494.0
p17,2048,IRA_low,2009,11820280.0
p17,2048,IRA_low,2010,11782324.0
p17,2048,IRA_low,2011,11810174.0
p17,2048,IRA_low,2012,11717222.0
p17,2048,IRA_low,2013,11788995.0
p17,2049,IRA_low,2007,11848977.0
p17,2049,IRA_low,2008,11921144.0
p17,2049,IRA_low,2009,11935201.0
p17,2049,IRA_low,2010,11896734.0
p17,2049,IRA_low,2011,11924955.0
p17,2049,IRA_low,2012,11830922.0
p17,2049,IRA_low,2013,11903662.0
p17,2050,IRA_low,2007,11963022.0
p17,2050,IRA_low,2008,12035753.0
p17,2050,IRA_low,2009,12050226.0
p17,2050,IRA_low,2010,12010766.0
p17,2050,IRA_low,2011,12039673.0
p17,2050,IRA_low,2012,11944650.0
p17,2050,IRA_low,2013,12018672.0
p18,2020,IRA_low,2007,6026336.08
p18,2020,IRA_low,2008,6026259.66
p18,2020,IRA_low,2009,6026929.45
p18,2020,IRA_low,2010,6026716.09
p18,2020,IRA_low,2011,6026278.76
p18,2020,IRA_low,2012,6026186.42
p18,2020,IRA_low,2013,6026549.44
p18,2021,IRA_low,2007,4249977.0
p18,2021,IRA_low,2008,4249991.0
p18,2021,IRA_low,2009,4249981.0
p18,2021,IRA_low,2010,4249786.0
p18,2021,IRA_low,2011,4249981.0
p18,2021,IRA_low,2012,4250025.0
p18,2021,IRA_low,2013,4250022.0
p18,2022,IRA_low,2007,4428342.0
p18,2022,IRA_low,2008,4428354.0
p18,2022,IRA_low,2009,4428339.0
p18,2022,IRA_low,2010,4428401.0
p18,2022,IRA_low,2011,4428369.0
p18,2022,IRA_low,2012,4428359.0
p18,2022,IRA_low,2013,4428360.0
p18,2023,IRA_low,2007,4410616.0
p18,2023,IRA_low,2008,4410659.0
p18,2023,IRA_low,2009,4410670.0
p18,2023,IRA_low,2010,4410592.0
p18,2023,IRA_low,2011,4410594.0
p18,2023,IRA_low,2012,4410410.0
p18,2023,IRA_low,2013,4410611.0
p18,2024,IRA_low,2007,4460095.0
p18,2024,IRA_low,2008,4460072.0
p18,2024,IRA_low,2009,4460063.0
p18,2024,IRA_low,2010,4460078.0
p18,2024,IRA_low,2011,4460063.0
p18,2024,IRA_low,2012,4460100.0
p18,2024,IRA_low,2013,4460056.0
p18,2025,IRA_low,2007,4522625.0
p18,2025,IRA_low,2008,4523893.0
p18,2025,IRA_low,2009,4524156.0
p18,2025,IRA_low,2010,4523083.0
p18,2025,IRA_low,2011,4524028.0
p18,2025,IRA_low,2012,4522041.0
p18,2025,IRA_low,2013,4523664.0
p18,2026,IRA_low,2007,4636917.0
p18,2026,IRA_low,2008,4641579.0
p18,2026,IRA_low,2009,4642362.0
p18,2026,IRA_low,2010,4639603.0
p18,2026,IRA_low,2011,4641805.0
p18,2026,IRA_low,2012,4635760.0
p18,2026,IRA_low,2013,4640503.0
p18,2027,IRA_low,2007,4751483.0
p18,2027,IRA_low,2008,4759155.0
p18,2027,IRA_low,2009,4760638.0
p18,2027,IRA_low,2010,4756158.0
p18,2027,IRA_low,2011,4759645.0
p18,2027,IRA_low,2012,4749523.0
p18,2027,IRA_low,2013,4757253.0
p18,2028,IRA_low,2007,4865803.0
p18,2028,IRA_low,2008,4876976.0
p18,2028,IRA_low,2009,4878832.0
p18,2028,IRA_low,2010,4872657.0
p18,2028,IRA_low,2011,4877439.0
p18,2028,IRA_low,2012,4863185.0
p18,2028,IRA_low,2013,4874145.0
p18,2029,IRA_low,2007,4980215.0
p18,2029,IRA_low,2008,4994757.0
p18,2029,IRA_low,2009,4997124.0
p18,2029,IRA_low,2010,4989075.0
p18,2029,IRA_low,2011,4995147.0
p18,2029,IRA_low,2012,4976936.0
p18,2029,IRA_low,2013,4990902.0
p18,2030,IRA_low,2007,5094449.0
p18,2030,IRA_low,2008,5112391.0
p18,2030,IRA_low,2009,5115269.0
p18,2030,IRA_low,2010,5105668.0
p18,2030,IRA_low,2011,5112883.0
p18,2030,IRA_low,2012,5090553.0
p18,2030,IRA_low,2013,5107303.0
p18,2031,IRA_low,2007,5222583.0
p18,2031,IRA_low,2008,5243880.0
p18,2031,IRA_low,2009,5247174.0
p18,2031,IRA_low,2010,5235996.0
p18,2031,IRA_low,2011,5244448.0
p18,2031,IRA_low,2012,5217955.0
p18,2031,IRA_low,2013,5238216.0
p18,2032,IRA_low,2007,5350646.0
p18,2032,IRA_low,2008,5375188.0
p18,2032,IRA_low,2009,5379190.0
p18,2032,IRA_low,2010,5366343.0
p18,2032,IRA_low,2011,5375965.0
p18,2032,IRA_low,2012,5345397.0
p18,2032,IRA_low,2013,5368772.0
p18,2033,IRA_low,2007,5478753.0
p18,2033,IRA_low,2008,5506642.0
p18,2033,IRA_low,2009,5511083.0
p18,2033,IRA_low,2010,5496659.0
p18,2033,IRA_low,2011,5507513.0
p18,2033,IRA_low,2012,5472699.0
p18,2033,IRA_low,2013,5499322.0
p18,2034,IRA_low,2007,5606833.0
p18,2034,IRA_low,2008,5638086.0
p18,2034,IRA_low,2009,5643013.0
p18,2034,IRA_low,2010,5627145.0
p18,2034,IRA_low,2011,5638954.0
p18,2034,IRA_low,2012,5600039.0
p18,2034,IRA_low,2013,5629929.0
p18,2035,IRA_low,2007,5735004.0
p18,2035,IRA_low,2008,5769415.0
p18,2035,IRA_low,2009,5774949.0
p18,2035,IRA_low,2010,5757425.0
p18,2035,IRA_low,2011,5770429.0
p18,2035,IRA_low,2012,5727395.0
p18,2035,IRA_low,2013,5760466.0
p18,2036,IRA_low,2007,5852533.0
p18,2036,IRA_low,2008,5889537.0
p18,2036,IRA_low,2009,5895486.0
p18,2036,IRA_low,2010,5876649.0
p18,2036,IRA_low,2011,5890680.0
p18,2036,IRA_low,2012,5844364.0
p18,2036,IRA_low,2013,5879906.0
p18,2037,IRA_low,2007,5970130.0
p18,2037,IRA_low,2008,6009577.0
p18,2037,IRA_low,2009,6015959.0
p18,2037,IRA_low,2010,5995800.0
p18,2037,IRA_low,2011,6010786.0
p18,2037,IRA_low,2012,5961318.0
p18,2037,IRA_low,2013,5999278.0
p18,2038,IRA_low,2007,6087699.0
p18,2038,IRA_low,2008,6129537.0
p18,2038,IRA_low,2009,6136499.0
p18,2038,IRA_low,2010,6115115.0
p18,2038,IRA_low,2011,6131016.0
p18,2038,IRA_low,2012,6078261.0
p18,2038,IRA_low,2013,6118629.0
p18,2039,IRA_low,2007,6205227.0
p18,2039,IRA_low,2008,6249597.0
p18,2039,IRA_low,2009,6256936.0
p18,2039,IRA_low,2010,6234388.0
p18,2039,IRA_low,2011,6251157.0
p18,2039,IRA_low,2012,6195291.0
p18,2039,IRA_low,2013,6238078.0
p18,2040,IRA_low,2007,6322800.0
p18,2040,IRA_low,2008,6369617.0
p18,2040,IRA_low,2009,6377444.0
p18,2040,IRA_low,2010,6353646.0
p18,2040,IRA_low,2011,6371332.0
p18,2040,IRA_low,2012,6312185.0
p18,2040,IRA_low,2013,6357420.0
p18,2041,IRA_low,2007,6430651.0
p18,2041,IRA_low,2008,6478896.0
p18,2041,IRA_low,2009,6487087.0
p18,2041,IRA_low,2010,6462493.0
p18,2041,IRA_low,2011,6480736.0
p18,2041,IRA_low,2012,6419733.0
p18,2041,IRA_low,2013,6466391.0
p18,2042,IRA_low,2007,6538537.0
p18,2042,IRA_low,2008,6588123.0
p18,2042,IRA_low,2009,6596710.0
p18,2042,IRA_low,2010,6571323.0
p18,2042,IRA_low,2011,6590130.0
p18,2042,IRA_low,2012,6527284.0
p18,2042,IRA_low,2013,6575455.0
p18,2043,IRA_low,2007,6646523.0
p18,2043,IRA_low,2008,6697395.0
p18,2043,IRA_low,2009,6706328.0
p18,2043,IRA_low,2010,6680134.0
p18,2043,IRA_low,2011,6699454.0
p18,2043,IRA_low,2012,6634734.0
p18,2043,IRA_low,2013,6684354.0
p18,2044,IRA_low,2007,6754497.0
p18,2044,IRA_low,2008,6806604.0
p18,2044,IRA_low,2009,6815942.0
p18,2044,IRA_low,2010,6789071.0
p18,2044,IRA_low,2011,6808937.0
p18,2044,IRA_low,2012,6742255.0
p18,2044,IRA_low,2013,6793386.0
p18,2045,IRA_low,2007,6862370.0
p18,2045,IRA_low,2008,6915761.0
p18,2045,IRA_low,2009,6925471.0
p18,2045,IRA_low,2010,6897822.0
p18,2045,IRA_low,2011,6918258.0
p18,2045,IRA_low,2012,6849763.0
p18,2045,IRA_low,2013,6902343.0
p18,2046,IRA_low,2007,6949407.0
p18,2046,IRA_low,2008,7003246.0
p18,2046,IRA_low,2009,7013099.0
p18,2046,IRA_low,2010,6985059.0
p18,2046,IRA_low,2011,7005807.0
p18,2046,IRA_low,2012,6936370.0
p18,2046,IRA_low,2013,6989790.0
p18,2047,IRA_low,2007,7036379.0
p18,2047,IRA_low,2008,7090597.0
p18,2047,IRA_low,2009,7100726.0
p18,2047,IRA_low,2010,7072202.0
p18,2047,IRA_low,2011,7093243.0
p18,2047,IRA_low,2012,7023169.0
p18,2047,IRA_low,2013,7077128.0
p18,2048,IRA_low,2007,7123374.0
p18,2048,IRA_low,2008,7177938.0
p18,2048,IRA_low,2009,7188379.0
p18,2048,IRA_low,2010,7159398.0
p18,2048,IRA_low,2011,7180667.0
p18,2048,IRA_low,2012,7109891.0
p18,2048,IRA_low,2013,7164557.0
p18,2049,IRA_low,2007,7210274.0
p18,2049,IRA_low,2008,7265323.0
p18,2049,IRA_low,2009,7276044.0
p18,2049,IRA_low,2010,7246587.0
p18,2049,IRA_low,2011,7268202.0
p18,2049,IRA_low,2012,7196526.0
p18,2049,IRA_low,2013,7252016.0
p18,2050,IRA_low,2007,7297391.0
p18,2050,IRA_low,2008,7352667.0
p18,2050,IRA_low,2009,7363659.0
p18,2050,IRA_low,2010,7333769.0
p18,2050,IRA_low,2011,7355674.0
p18,2050,IRA_low,2012,7283196.0
p18,2050,IRA_low,2013,7339410.0
p19,2020,IRA_low,2007,128561.3
p19,2020,IRA_low,2008,128456.22
p19,2020,IRA_low,2009,128569.8
p19,2020,IRA_low,2010,128310.8
p19,2020,IRA_low,2011,128455.16
p19,2020,IRA_low,2012,128396.78
p19,2020,IRA_low,2013,128829.86
p19,2021,IRA_low,2007,105097.0
p19,2021,IRA_low,2008,105852.0
p19,2021,IRA_low,2009,104863.0
p19,2021,IRA_low,2010,104956.0
p19,2021,IRA_low,2011,104995.0
p19,2021,IRA_low,2012,104894.0
p19,2021,IRA_low,2013,105194.0
p19,2022,IRA_low,2007,109301.0
p19,2022,IRA_low,2008,108756.0
p19,2022,IRA_low,2009,109086.0
p19,2022,IRA_low,2010,109049.0
p19,2022,IRA_low,2011,109100.0
p19,2022,IRA_low,2012,108946.0
p19,2022,IRA_low,2013,109191.0
p19,2023,IRA_low,2007,109180.0
p19,2023,IRA_low,2008,109298.0
p19,2023,IRA_low,2009,109135.0
p19,2023,IRA_low,2010,109015.0
p19,2023,IRA_low,2011,109031.0
p19,2023,IRA_low,2012,109380.0
p19,2023,IRA_low,2013,109124.0
p19,2024,IRA_low,2007,110175.0
p19,2024,IRA_low,2008,110069.0
p19,2024,IRA_low,2009,110228.0
p19,2024,IRA_low,2010,110248.0
p19,2024,IRA_low,2011,110198.0
p19,2024,IRA_low,2012,109926.0
p19,2024,IRA_low,2013,110263.0
p19,2025,IRA_low,2007,111761.0
p19,2025,IRA_low,2008,111711.0
p19,2025,IRA_low,2009,111848.0
p19,2025,IRA_low,2010,111786.0
p19,2025,IRA_low,2011,111874.0
p19,2025,IRA_low,2012,111477.0
p19,2025,IRA_low,2013,111922.0
p19,2026,IRA_low,2007,114664.0
p19,2026,IRA_low,2008,114654.0
p19,2026,IRA_low,2009,114725.0
p19,2026,IRA_low,2010,114585.0
p19,2026,IRA_low,2011,114792.0
p19,2026,IRA_low,2012,114558.0
p19,2026,IRA_low,2013,114759.0
p19,2027,IRA_low,2007,117446.0
p19,2027,IRA_low,2008,117465.0
p19,2027,IRA_low,2009,117726.0
p19,2027,IRA_low,2010,117514.0
p19,2027,IRA_low,2011,117631.0
p19,2027,IRA_low,2012,117023.0
p19,2027,IRA_low,2013,117660.0
p19,2028,IRA_low,2007,120283.0
p19,2028,IRA_low,2008,120324.0
p19,2028,IRA_low,2009,119826.0
p19,2028,IRA_low,2010,119646.0
p19,2028,IRA_low,2011,119718.0
p19,2028,IRA_low,2012,119900.0
p19,2028,IRA_low,2013,119697.0
p19,2029,IRA_low,2007,122402.0
p19,2029,IRA_low,2008,122772.0
p19,2029,IRA_low,2009,122866.0
p19,2029,IRA_low,2010,122724.0
p19,2029,IRA_low,2011,122944.0
p19,2029,IRA_low,2012,122065.0
p19,2029,IRA_low,2013,122792.0
p19,2030,IRA_low,2007,125480.0
p19,2030,IRA_low,2008,125766.0
p19,2030,IRA_low,2009,125998.0
p19,2030,IRA_low,2010,125659.0
p19,2030,IRA_low,2011,125965.0
p19,2030,IRA_low,2012,124951.0
p19,2030,IRA_low,2013,125911.0
p19,2031,IRA_low,2007,128301.0
p19,2031,IRA_low,2008,128694.0
p19,2031,IRA_low,2009,129004.0
p19,2031,IRA_low,2010,128557.0
p19,2031,IRA_low,2011,128901.0
p19,2031,IRA_low,2012,128122.0
p19,2031,IRA_low,2013,128760.0
p19,2032,IRA_low,2007,131446.0
p19,2032,IRA_low,2008,131880.0
p19,2032,IRA_low,2009,131665.0
p19,2032,IRA_low,2010,131360.0
p19,2032,IRA_low,2011,131577.0
p19,2032,IRA_low,2012,130892.0
p19,2032,IRA_low,2013,131464.0
p19,2033,IRA_low,2007,134017.0
p19,2033,IRA_low,2008,134898.0
p19,2033,IRA_low,2009,134890.0
p19,2033,IRA_low,2010,134537.0
p19,2033,IRA_low,2011,134943.0
p19,2033,IRA_low,2012,133787.0
p19,2033,IRA_low,2013,134658.0
p19,2034,IRA_low,2007,137317.0
p19,2034,IRA_low,2008,137918.0
p19,2034,IRA_low,2009,138306.0
p19,2034,IRA_low,2010,137778.0
p19,2034,IRA_low,2011,138136.0
p19,2034,IRA_low,2012,136751.0
p19,2034,IRA_low,2013,137910.0
p19,2035,IRA_low,2007,140483.0
p19,2035,IRA_low,2008,141209.0
p19,2035,IRA_low,2009,141368.0
p19,2035,IRA_low,2010,140855.0
p19,2035,IRA_low,2011,141272.0
p19,2035,IRA_low,2012,139812.0
p19,2035,IRA_low,2013,141018.0
p19,2036,IRA_low,2007,142706.0
p19,2036,IRA_low,2008,144022.0
p19,2036,IRA_low,2009,143814.0
p19,2036,IRA_low,2010,143326.0
p19,2036,IRA_low,2011,143784.0
p19,2036,IRA_low,2012,142552.0
p19,2036,IRA_low,2013,143483.0
p19,2037,IRA_low,2007,145682.0
p19,2037,IRA_low,2008,146596.0
p19,2037,IRA_low,2009,146900.0
p19,2037,IRA_low,2010,146354.0
p19,2037,IRA_low,2011,146781.0
p19,2037,IRA_low,2012,145161.0
p19,2037,IRA_low,2013,146467.0
p19,2038,IRA_low,2007,148387.0
p19,2038,IRA_low,2008,149486.0
p19,2038,IRA_low,2009,149749.0
p19,2038,IRA_low,2010,149101.0
p19,2038,IRA_low,2011,149591.0
p19,2038,IRA_low,2012,148017.0
p19,2038,IRA_low,2013,149241.0
p19,2039,IRA_low,2007,151256.0
p19,2039,IRA_low,2008,152303.0
p19,2039,IRA_low,2009,152689.0
p19,2039,IRA_low,2010,152054.0
p19,2039,IRA_low,2011,152447.0
p19,2039,IRA_low,2012,150570.0
p19,2039,IRA_low,2013,152169.0
p19,2040,IRA_low,2007,154265.0
p19,2040,IRA_low,2008,155306.0
p19,2040,IRA_low,2009,154978.0
p19,2040,IRA_low,2010,154417.0
p19,2040,IRA_low,2011,154866.0
p19,2040,IRA_low,2012,153569.0
p19,2040,IRA_low,2013,154605.0
p19,2041,IRA_low,2007,156304.0
p19,2041,IRA_low,2008,157435.0
p19,2041,IRA_low,2009,157823.0
p19,2041,IRA_low,2010,157134.0
p19,2041,IRA_low,2011,157738.0
p19,2041,IRA_low,2012,156249.0
p19,2041,IRA_low,2013,157280.0
p19,2042,IRA_low,2007,158967.0
p19,2042,IRA_low,2008,160021.0
p19,2042,IRA_low,2009,160518.0
p19,2042,IRA_low,2010,159817.0
p19,2042,IRA_low,2011,160307.0
p19,2042,IRA_low,2012,158307.0
p19,2042,IRA_low,2013,159964.0
p19,2043,IRA_low,2007,161471.0
p19,2043,IRA_low,2008,162879.0
p19,2043,IRA_low,2009,163040.0
p19,2043,IRA_low,2010,162389.0
p19,2043,IRA_low,2011,162839.0
p19,2043,IRA_low,2012,160969.0
p19,2043,IRA_low,2013,162534.0
p19,2044,IRA_low,2007,164002.0
p19,2044,IRA_low,2008,165243.0
p19,2044,IRA_low,2009,165300.0
p19,2044,IRA_low,2010,164874.0
p19,2044,IRA_low,2011,165485.0
p19,2044,IRA_low,2012,163393.0
p19,2044,IRA_low,2013,165084.0
p19,2045,IRA_low,2007,166498.0
p19,2045,IRA_low,2008,167877.0
p19,2045,IRA_low,2009,167855.0
p19,2045,IRA_low,2010,167204.0
p19,2045,IRA_low,2011,167752.0
p19,2045,IRA_low,2012,166056.0
p19,2045,IRA_low,2013,167503.0
p19,2046,IRA_low,2007,168407.0
p19,2046,IRA_low,2008,169813.0
p19,2046,IRA_low,2009,169971.0
p19,2046,IRA_low,2010,169399.0
p19,2046,IRA_low,2011,169817.0
p19,2046,IRA_low,2012,167914.0
p19,2046,IRA_low,2013,169482.0
p19,2047,IRA_low,2007,170513.0
p19,2047,IRA_low,2008,171798.0
p19,2047,IRA_low,2009,172255.0
p19,2047,IRA_low,2010,171438.0
p19,2047,IRA_low,2011,172021.0
p19,2047,IRA_low,2012,170046.0
p19,2047,IRA_low,2013,171663.0
p19,2048,IRA_low,2007,172634.0
p19,2048,IRA_low,2008,173926.0
p19,2048,IRA_low,2009,174405.0
p19,2048,IRA_low,2010,173500.0
p19,2048,IRA_low,2011,174167.0
p19,2048,IRA_low,2012,171952.0
p19,2048,IRA_low,2013,173679.0
p19,2049,IRA_low,2007,174804.0
p19,2049,IRA_low,2008,175970.0
p19,2049,IRA_low,2009,176307.0
p19,2049,IRA_low,2010,175477.0
p19,2049,IRA_low,2011,176120.0
p19,2049,IRA_low,2012,174056.0
p19,2049,IRA_low,2013,175692.0
p19,2050,IRA_low,2007,176770.0
p19,2050,IRA_low,2008,177979.0
p19,2050,IRA_low,2009,178073.0
p19,2050,IRA_low,2010,177368.0
p19,2050,IRA_low,2011,177920.0
p19,2050,IRA_low,2012,176229.0
p19,2050,IRA_low,2013,177520.0
p2,2020,IRA_low,2007,18000416.89
p2,2020,IRA_low,2008,17998164.79
p2,2020,IRA_low,2009,17999647.27
p2,2020,IRA_low,2010,18000784.38
p2,2020,IRA_low,2011,17997588.54
p2,2020,IRA_low,2012,18000137.9
p2,2020,IRA_low,2013,17999125.85
p2,2021,IRA_low,2007,26189955.0
p2,2021,IRA_low,2008,26189951.0
p2,2021,IRA_low,2009,26189979.0
p2,2021,IRA_low,2010,26189915.0
p2,2021,IRA_low,2011,26189920.0
p2,2021,IRA_low,2012,26189898.0
p2,2021,IRA_low,2013,26189978.0
p2,2022,IRA_low,2007,26976045.0
p2,2022,IRA_low,2008,26976088.0
p2,2022,IRA_low,2009,26976015.0
p2,2022,IRA_low,2010,26976037.0
p2,2022,IRA_low,2011,26976049.0
p2,2022,IRA_low,2012,26976075.0
p2,2022,IRA_low,2013,26976042.0
p2,2023,IRA_low,2007,26594617.0
p2,2023,IRA_low,2008,26594650.0
p2,2023,IRA_low,2009,26594646.0
p2,2023,IRA_low,2010,26594642.0
p2,2023,IRA_low,2011,26594797.0
p2,2023,IRA_low,2012,26594631.0
p2,2023,IRA_low,2013,26594676.0
p2,2024,IRA_low,2007,26792470.0
p2,2024,IRA_low,2008,26792418.0
p2,2024,IRA_low,2009,26792452.0
p2,2024,IRA_low,2010,26792475.0
p2,2024,IRA_low,2011,26792433.0
p2,2024,IRA_low,2012,26792515.0
p2,2024,IRA_low,2013,26792429.0
p2,2025,IRA_low,2007,27398966.0
p2,2025,IRA_low,2008,27401354.0
p2,2025,IRA_low,2009,27402847.0
p2,2025,IRA_low,2010,27394486.0
p2,2025,IRA_low,2011,27400266.0
p2,2025,IRA_low,2012,27398229.0
p2,2025,IRA_low,2013,27400695.0
p2,2026,IRA_low,2007,28136156.0
p2,2026,IRA_low,2008,28141906.0
p2,2026,IRA_low,2009,28143296.0
p2,2026,IRA_low,2010,28126735.0
p2,2026,IRA_low,2011,28140364.0
p2,2026,IRA_low,2012,28134185.0
p2,2026,IRA_low,2013,28137912.0
p2,2027,IRA_low,2007,28873241.0
p2,2027,IRA_low,2008,28882526.0
p2,2027,IRA_low,2009,28883613.0
p2,2027,IRA_low,2010,28859036.0
p2,2027,IRA_low,2011,28880457.0
p2,2027,IRA_low,2012,28869981.0
p2,2027,IRA_low,2013,28875268.0
p2,2028,IRA_low,2007,29610417.0
p2,2028,IRA_low,2008,29623071.0
p2,2028,IRA_low,2009,29624002.0
p2,2028,IRA_low,2010,29591267.0
p2,2028,IRA_low,2011,29620530.0
p2,2028,IRA_low,2012,29605821.0
p2,2028,IRA_low,2013,29612438.0
p2,2029,IRA_low,2007,30347458.0
p2,2029,IRA_low,2008,30363598.0
p2,2029,IRA_low,2009,30364410.0
p2,2029,IRA_low,2010,30323584.0
p2,2029,IRA_low,2011,30360590.0
p2,2029,IRA_low,2012,30341630.0
p2,2029,IRA_low,2013,30349701.0
p2,2030,IRA_low,2007,31084638.0
p2,2030,IRA_low,2008,31104172.0
p2,2030,IRA_low,2009,31104854.0
p2,2030,IRA_low,2010,31055832.0
p2,2030,IRA_low,2011,31100643.0
p2,2030,IRA_low,2012,31077444.0
p2,2030,IRA_low,2013,31086909.0
p2,2031,IRA_low,2007,31824680.0
p2,2031,IRA_low,2008,31848937.0
p2,2031,IRA_low,2009,31848747.0
p2,2031,IRA_low,2010,31790526.0
p2,2031,IRA_low,2011,31844818.0
p2,2031,IRA_low,2012,31815743.0
p2,2031,IRA_low,2013,31826910.0
p2,2032,IRA_low,2007,32564663.0
p2,2032,IRA_low,2008,32593644.0
p2,2032,IRA_low,2009,32592645.0
p2,2032,IRA_low,2010,32525215.0
p2,2032,IRA_low,2011,32589000.0
p2,2032,IRA_low,2012,32553941.0
p2,2032,IRA_low,2013,32566992.0
p2,2033,IRA_low,2007,33304800.0
p2,2033,IRA_low,2008,33338430.0
p2,2033,IRA_low,2009,33336764.0
p2,2033,IRA_low,2010,33259962.0
p2,2033,IRA_low,2011,33333181.0
p2,2033,IRA_low,2012,33292293.0
p2,2033,IRA_low,2013,33306948.0
p2,2034,IRA_low,2007,34044955.0
p2,2034,IRA_low,2008,34083210.0
p2,2034,IRA_low,2009,34080675.0
p2,2034,IRA_low,2010,33994646.0
p2,2034,IRA_low,2011,34077299.0
p2,2034,IRA_low,2012,34030531.0
p2,2034,IRA_low,2013,34046963.0
p2,2035,IRA_low,2007,34785011.0
p2,2035,IRA_low,2008,34827771.0
p2,2035,IRA_low,2009,34824631.0
p2,2035,IRA_low,2010,34729421.0
p2,2035,IRA_low,2011,34821535.0
p2,2035,IRA_low,2012,34768828.0
p2,2035,IRA_low,2013,34786912.0
p2,2036,IRA_low,2007,35442094.0
p2,2036,IRA_low,2008,35488714.0
p2,2036,IRA_low,2009,35485314.0
p2,2036,IRA_low,2010,35381664.0
p2,2036,IRA_low,2011,35481736.0
p2,2036,IRA_low,2012,35424272.0
p2,2036,IRA_low,2013,35444224.0
p2,2037,IRA_low,2007,36099216.0
p2,2037,IRA_low,2008,36149565.0
p2,2037,IRA_low,2009,36145921.0
p2,2037,IRA_low,2010,36033805.0
p2,2037,IRA_low,2011,36141995.0
p2,2037,IRA_low,2012,36079704.0
p2,2037,IRA_low,2013,36101588.0
p2,2038,IRA_low,2007,36756457.0
p2,2038,IRA_low,2008,36810512.0
p2,2038,IRA_low,2009,36806579.0
p2,2038,IRA_low,2010,36686018.0
p2,2038,IRA_low,2011,36802304.0
p2,2038,IRA_low,2012,36735120.0
p2,2038,IRA_low,2013,36758887.0
p2,2039,IRA_low,2007,37413532.0
p2,2039,IRA_low,2008,37471453.0
p2,2039,IRA_low,2009,37467195.0
p2,2039,IRA_low,2010,37338219.0
p2,2039,IRA_low,2011,37462555.0
p2,2039,IRA_low,2012,37390566.0
p2,2039,IRA_low,2013,37416191.0
p2,2040,IRA_low,2007,38070646.0
p2,2040,IRA_low,2008,38132309.0
p2,2040,IRA_low,2009,38127810.0
p2,2040,IRA_low,2010,37990482.0
p2,2040,IRA_low,2011,38122798.0
p2,2040,IRA_low,2012,38046006.0
p2,2040,IRA_low,2013,38073569.0
p2,2041,IRA_low,2007,38642926.0
p2,2041,IRA_low,2008,38706321.0
p2,2041,IRA_low,2009,38702093.0
p2,2041,IRA_low,2010,38560323.0
p2,2041,IRA_low,2011,38696363.0
p2,2041,IRA_low,2012,38617302.0
p2,2041,IRA_low,2013,38646343.0
p2,2042,IRA_low,2007,39215301.0
p2,2042,IRA_low,2008,39280407.0
p2,2042,IRA_low,2009,39276299.0
p2,2042,IRA_low,2010,39130093.0
p2,2042,IRA_low,2011,39270013.0
p2,2042,IRA_low,2012,39188573.0
p2,2042,IRA_low,2013,39219080.0
p2,2043,IRA_low,2007,39787567.0
p2,2043,IRA_low,2008,39854489.0
p2,2043,IRA_low,2009,39850491.0
p2,2043,IRA_low,2010,39699937.0
p2,2043,IRA_low,2011,39843586.0
p2,2043,IRA_low,2012,39759857.0
p2,2043,IRA_low,2013,39791815.0
p2,2044,IRA_low,2007,40359853.0
p2,2044,IRA_low,2008,40428616.0
p2,2044,IRA_low,2009,40424675.0
p2,2044,IRA_low,2010,40269790.0
p2,2044,IRA_low,2011,40417232.0
p2,2044,IRA_low,2012,40331157.0
p2,2044,IRA_low,2013,40364578.0
p2,2045,IRA_low,2007,40932232.0
p2,2045,IRA_low,2008,41002666.0
p2,2045,IRA_low,2009,40998919.0
p2,2045,IRA_low,2010,40839484.0
p2,2045,IRA_low,2011,40990797.0
p2,2045,IRA_low,2012,40902375.0
p2,2045,IRA_low,2013,40937232.0
p2,2046,IRA_low,2007,41434900.0
p2,2046,IRA_low,2008,41506307.0
p2,2046,IRA_low,2009,41503526.0
p2,2046,IRA_low,2010,41339926.0
p2,2046,IRA_low,2011,41493883.0
p2,2046,IRA_low,2012,41404213.0
p2,2046,IRA_low,2013,41440874.0
p2,2047,IRA_low,2007,41937521.0
p2,2047,IRA_low,2008,42009822.0
p2,2047,IRA_low,2009,42008055.0
p2,2047,IRA_low,2010,41840489.0
p2,2047,IRA_low,2011,41996945.0
p2,2047,IRA_low,2012,41906294.0
p2,2047,IRA_low,2013,41944502.0
p2,2048,IRA_low,2007,42440197.0
p2,2048,IRA_low,2008,42513345.0
p2,2048,IRA_low,2009,42512545.0
p2,2048,IRA_low,2010,42341013.0
p2,2048,IRA_low,2011,42499996.0
p2,2048,IRA_low,2012,42408274.0
p2,2048,IRA_low,2013,42448001.0
p2,2049,IRA_low,2007,42942755.0
p2,2049,IRA_low,2008,43016903.0
p2,2049,IRA_low,2009,43017047.0
p2,2049,IRA_low,2010,42841481.0
p2,2049,IRA_low,2011,43003071.0
p2,2049,IRA_low,2012,42910201.0
p2,2049,IRA_low,2013,42951606.0
p2,2050,IRA_low,2007,43445482.0
p2,2050,IRA_low,2008,43520515.0
p2,2050,IRA_low,2009,43521704.0
p2,2050,IRA_low,2010,43342011.0
p2,2050,IRA_low,2011,43506147.0
p2,2050,IRA_low,2012,43412162.0
p2,2050,IRA_low,2013,43455123.0
p20,2020,IRA_low,2007,2981303.7
p20,2020,IRA_low,2008,2981354.65
p20,2020,IRA_low,2009,2981059.56
p20,2020,IRA_low,2010,2981388.62
p20,2020,IRA_low,2011,2980864.25
p20,2020,IRA_low,2012,2981350.4
p20,2020,IRA_low,2013,2981327.05
p20,2021,IRA_low,2007,2172709.0
p20,2021,IRA_low,2008,2172668.0
p20,2021,IRA_low,2009,2172724.0
p20,2021,IRA_low,2010,2172743.0
p20,2021,IRA_low,2011,2172765.0
p20,2021,IRA_low,2012,2172661.0
p20,2021,IRA_low,2013,2172685.0
p20,2022,IRA_low,2007,2263911.0
p20,2022,IRA_low,2008,2263963.0
p20,2022,IRA_low,2009,2263954.0
p20,2022,IRA_low,2010,2263854.0
p20,2022,IRA_low,2011,2263911.0
p20,2022,IRA_low,2012,2263914.0
p20,2022,IRA_low,2013,2263940.0
p20,2023,IRA_low,2007,2254816.0
p20,2023,IRA_low,2008,2254800.0
p20,2023,IRA_low,2009,2254854.0
p20,2023,IRA_low,2010,2254821.0
p20,2023,IRA_low,2011,2254835.0
p20,2023,IRA_low,2012,2254817.0
p20,2023,IRA_low,2013,2254874.0
p20,2024,IRA_low,2007,2280196.0
p20,2024,IRA_low,2008,2280282.0
p20,2024,IRA_low,2009,2280132.0
p20,2024,IRA_low,2010,2280084.0
p20,2024,IRA_low,2011,2280012.0
p20,2024,IRA_low,2012,2280124.0
p20,2024,IRA_low,2013,2280091.0
p20,2025,IRA_low,2007,2343105.0
p20,2025,IRA_low,2008,2344697.0
p20,2025,IRA_low,2009,2345034.0
p20,2025,IRA_low,2010,2343667.0
p20,2025,IRA_low,2011,2344792.0
p20,2025,IRA_low,2012,2342755.0
p20,2025,IRA_low,2013,2344267.0
p20,2026,IRA_low,2007,2458964.0
p20,2026,IRA_low,2008,2463574.0
p20,2026,IRA_low,2009,2464364.0
p20,2026,IRA_low,2010,2461605.0
p20,2026,IRA_low,2011,2463697.0
p20,2026,IRA_low,2012,2457700.0
p20,2026,IRA_low,2013,2462384.0
p20,2027,IRA_low,2007,2574494.0
p20,2027,IRA_low,2008,2582442.0
p20,2027,IRA_low,2009,2583824.0
p20,2027,IRA_low,2010,2579276.0
p20,2027,IRA_low,2011,2582717.0
p20,2027,IRA_low,2012,2572609.0
p20,2027,IRA_low,2013,2580387.0
p20,2028,IRA_low,2007,2689961.0
p20,2028,IRA_low,2008,2701332.0
p20,2028,IRA_low,2009,2703130.0
p20,2028,IRA_low,2010,2697022.0
p20,2028,IRA_low,2011,2701664.0
p20,2028,IRA_low,2012,2687490.0
p20,2028,IRA_low,2013,2698383.0
p20,2029,IRA_low,2007,2805561.0
p20,2029,IRA_low,2008,2820278.0
p20,2029,IRA_low,2009,2822515.0
p20,2029,IRA_low,2010,2814689.0
p20,2029,IRA_low,2011,2820736.0
p20,2029,IRA_low,2012,2802376.0
p20,2029,IRA_low,2013,2816334.0
p20,2030,IRA_low,2007,2920876.0
p20,2030,IRA_low,2008,2939148.0
p20,2030,IRA_low,2009,2941997.0
p20,2030,IRA_low,2010,2932332.0
p20,2030,IRA_low,2011,2939720.0
p20,2030,IRA_low,2012,2917234.0
p20,2030,IRA_low,2013,2934410.0
p20,2031,IRA_low,2007,3050434.0
p20,2031,IRA_low,2008,3071884.0
p20,2031,IRA_low,2009,3075294.0
p20,2031,IRA_low,2010,3064097.0
p20,2031,IRA_low,2011,3072488.0
p20,2031,IRA_low,2012,3045938.0
p20,2031,IRA_low,2013,3066182.0
p20,2032,IRA_low,2007,3179811.0
p20,2032,IRA_low,2008,3204722.0
p20,2032,IRA_low,2009,3208673.0
p20,2032,IRA_low,2010,3195718.0
p20,2032,IRA_low,2011,3205404.0
p20,2032,IRA_low,2012,3174469.0
p20,2032,IRA_low,2013,3198132.0
p20,2033,IRA_low,2007,3309130.0
p20,2033,IRA_low,2008,3337456.0
p20,2033,IRA_low,2009,3341881.0
p20,2033,IRA_low,2010,3327377.0
p20,2033,IRA_low,2011,3338239.0
p20,2033,IRA_low,2012,3303124.0
p20,2033,IRA_low,2013,3330010.0
p20,2034,IRA_low,2007,3438587.0
p20,2034,IRA_low,2008,3469944.0
p20,2034,IRA_low,2009,3475266.0
p20,2034,IRA_low,2010,3459086.0
p20,2034,IRA_low,2011,3471044.0
p20,2034,IRA_low,2012,3431714.0
p20,2034,IRA_low,2013,3461949.0
p20,2035,IRA_low,2007,3567868.0
p20,2035,IRA_low,2008,3603014.0
p20,2035,IRA_low,2009,3608412.0
p20,2035,IRA_low,2010,3590747.0
p20,2035,IRA_low,2011,3603967.0
p20,2035,IRA_low,2012,3560409.0
p20,2035,IRA_low,2013,3593739.0
p20,2036,IRA_low,2007,3686773.0
p20,2036,IRA_low,2008,3724273.0
p20,2036,IRA_low,2009,3730209.0
p20,2036,IRA_low,2010,3711144.0
p20,2036,IRA_low,2011,3725396.0
p20,2036,IRA_low,2012,3678600.0
p20,2036,IRA_low,2013,3714393.0
p20,2037,IRA_low,2007,3805500.0
p20,2037,IRA_low,2008,3845548.0
p20,2037,IRA_low,2009,3851999.0
p20,2037,IRA_low,2010,3831632.0
p20,2037,IRA_low,2011,3846688.0
p20,2037,IRA_low,2012,3796789.0
p20,2037,IRA_low,2013,3834975.0
p20,2038,IRA_low,2007,3924359.0
p20,2038,IRA_low,2008,3966729.0
p20,2038,IRA_low,2009,3973676.0
p20,2038,IRA_low,2010,3952140.0
p20,2038,IRA_low,2011,3968106.0
p20,2038,IRA_low,2012,3914957.0
p20,2038,IRA_low,2013,3955663.0
p20,2039,IRA_low,2007,4043071.0
p20,2039,IRA_low,2008,4087969.0
p20,2039,IRA_low,2009,4095441.0
p20,2039,IRA_low,2010,4072552.0
p20,2039,IRA_low,2011,4089337.0
p20,2039,IRA_low,2012,4033142.0
p20,2039,IRA_low,2013,4076232.0
p20,2040,IRA_low,2007,4161762.0
p20,2040,IRA_low,2008,4209255.0
p20,2040,IRA_low,2009,4217203.0
p20,2040,IRA_low,2010,4193050.0
p20,2040,IRA_low,2011,4210776.0
p20,2040,IRA_low,2012,4151401.0
p20,2040,IRA_low,2013,4196976.0
p20,2041,IRA_low,2007,4270762.0
p20,2041,IRA_low,2008,4319603.0
p20,2041,IRA_low,2009,4327873.0
p20,2041,IRA_low,2010,4303060.0
p20,2041,IRA_low,2011,4321432.0
p20,2041,IRA_low,2012,4259850.0
p20,2041,IRA_low,2013,4306957.0
p20,2042,IRA_low,2007,4379745.0
p20,2042,IRA_low,2008,4430039.0
p20,2042,IRA_low,2009,4438515.0
p20,2042,IRA_low,2010,4413014.0
p20,2042,IRA_low,2011,4431912.0
p20,2042,IRA_low,2012,4368474.0
p20,2042,IRA_low,2013,4417075.0
p20,2043,IRA_low,2007,4488917.0
p20,2043,IRA_low,2008,4540397.0
p20,2043,IRA_low,2009,4549330.0
p20,2043,IRA_low,2010,4522968.0
p20,2043,IRA_low,2011,4542508.0
p20,2043,IRA_low,2012,4477098.0
p20,2043,IRA_low,2013,4527189.0
p20,2044,IRA_low,2007,4597931.0
p20,2044,IRA_low,2008,4650469.0
p20,2044,IRA_low,2009,4660046.0
p20,2044,IRA_low,2010,4632960.0
p20,2044,IRA_low,2011,4652959.0
p20,2044,IRA_low,2012,4585708.0
p20,2044,IRA_low,2013,4637199.0
p20,2045,IRA_low,2007,4706960.0
p20,2045,IRA_low,2008,4761058.0
p20,2045,IRA_low,2009,4770755.0
p20,2045,IRA_low,2010,4742889.0
p20,2045,IRA_low,2011,4763458.0
p20,2045,IRA_low,2012,4694304.0
p20,2045,IRA_low,2013,4747268.0
p20,2046,IRA_low,2007,4794868.0
p20,2046,IRA_low,2008,4849343.0
p20,2046,IRA_low,2009,4859205.0
p20,2046,IRA_low,2010,4830992.0
p20,2046,IRA_low,2011,4851796.0
p20,2046,IRA_low,2012,4781923.0
p20,2046,IRA_low,2013,4835671.0
p20,2047,IRA_low,2007,4882741.0
p20,2047,IRA_low,2008,4937498.0
p20,2047,IRA_low,2009,4947857.0
p20,2047,IRA_low,2010,4919026.0
p20,2047,IRA_low,2011,4940195.0
p20,2047,IRA_low,2012,4869408.0
p20,2047,IRA_low,2013,4923958.0
p20,2048,IRA_low,2007,4970660.0
p20,2048,IRA_low,2008,5025868.0
p20,2048,IRA_low,2009,5036325.0
p20,2048,IRA_low,2010,5007266.0
p20,2048,IRA_low,2011,5028576.0
p20,2048,IRA_low,2012,4956921.0
p20,2048,IRA_low,2013,5012277.0
p20,2049,IRA_low,2007,5058584.0
p20,2049,IRA_low,2008,5114079.0
p20,2049,IRA_low,2009,5124828.0
p20,2049,IRA_low,2010,5095224.0
p20,2049,IRA_low,2011,5116871.0
p20,2049,IRA_low,2012,5044527.0
p20,2049,IRA_low,2013,5100526.0
p20,2050,IRA_low,2007,5146334.0
p20,2050,IRA_low,2008,5202228.0
p20,2050,IRA_low,2009,5213531.0
p20,2050,IRA_low,2010,5183264.0
p20,2050,IRA_low,2011,5205344.0
p20,2050,IRA_low,2012,5132194.0
p20,2050,IRA_low,2013,5188827.0
p21,2020,IRA_low,2007,6570296.01
p21,2020,IRA_low,2008,6570169.59
p21,2020,IRA_low,2009,6570432.29
p21,2020,IRA_low,2010,6570419.74
p21,2020,IRA_low,2011,6570101.45
p21,2020,IRA_low,2012,6570355.18
p21,2020,IRA_low,2013,6570230.56
p21,2021,IRA_low,2007,8110376.0
p21,2021,IRA_low,2008,8110434.0
p21,2021,IRA_low,2009,8110335.0
p21,2021,IRA_low,2010,8110338.0
p21,2021,IRA_low,2011,8110366.0
p21,2021,IRA_low,2012,8110397.0
p21,2021,IRA_low,2013,8110346.0
p21,2022,IRA_low,2007,8456130.0
p21,2022,IRA_low,2008,8456067.0
p21,2022,IRA_low,2009,8456060.0
p21,2022,IRA_low,2010,8456088.0
p21,2022,IRA_low,2011,8456110.0
p21,2022,IRA_low,2012,8455854.0
p21,2022,IRA_low,2013,8456128.0
p21,2023,IRA_low,2007,8612825.0
p21,2023,IRA_low,2008,8612839.0
p21,2023,IRA_low,2009,8612925.0
p21,2023,IRA_low,2010,8612815.0
p21,2023,IRA_low,2011,8612858.0
p21,2023,IRA_low,2012,8612853.0
p21,2023,IRA_low,2013,8612916.0
p21,2024,IRA_low,2007,8838406.0
p21,2024,IRA_low,2008,8838329.0
p21,2024,IRA_low,2009,8838363.0
p21,2024,IRA_low,2010,8838308.0
p21,2024,IRA_low,2011,8838219.0
p21,2024,IRA_low,2012,8838349.0
p21,2024,IRA_low,2013,8838136.0
p21,2025,IRA_low,2007,9046341.0
p21,2025,IRA_low,2008,9045715.0
p21,2025,IRA_low,2009,9045482.0
p21,2025,IRA_low,2010,9045256.0
p21,2025,IRA_low,2011,9046030.0
p21,2025,IRA_low,2012,9045799.0
p21,2025,IRA_low,2013,9046596.0
p21,2026,IRA_low,2007,9319935.0
p21,2026,IRA_low,2008,9320806.0
p21,2026,IRA_low,2009,9320190.0
p21,2026,IRA_low,2010,9318663.0
p21,2026,IRA_low,2011,9320886.0
p21,2026,IRA_low,2012,9316938.0
p21,2026,IRA_low,2013,9321810.0
p21,2027,IRA_low,2007,9593484.0
p21,2027,IRA_low,2008,9595713.0
p21,2027,IRA_low,2009,9595099.0
p21,2027,IRA_low,2010,9591805.0
p21,2027,IRA_low,2011,9595687.0
p21,2027,IRA_low,2012,9588088.0
p21,2027,IRA_low,2013,9597050.0
p21,2028,IRA_low,2007,9866939.0
p21,2028,IRA_low,2008,9870585.0
p21,2028,IRA_low,2009,9869957.0
p21,2028,IRA_low,2010,9865053.0
p21,2028,IRA_low,2011,9870642.0
p21,2028,IRA_low,2012,9859133.0
p21,2028,IRA_low,2013,9872331.0
p21,2029,IRA_low,2007,10140498.0
p21,2029,IRA_low,2008,10145502.0
p21,2029,IRA_low,2009,10144707.0
p21,2029,IRA_low,2010,10138325.0
p21,2029,IRA_low,2011,10145548.0
p21,2029,IRA_low,2012,10130240.0
p21,2029,IRA_low,2013,10147568.0
p21,2030,IRA_low,2007,10414055.0
p21,2030,IRA_low,2008,10420519.0
p21,2030,IRA_low,2009,10419598.0
p21,2030,IRA_low,2010,10411492.0
p21,2030,IRA_low,2011,10420428.0
p21,2030,IRA_low,2012,10401396.0
p21,2030,IRA_low,2013,10422632.0
p21,2031,IRA_low,2007,10677427.0
p21,2031,IRA_low,2008,10685833.0
p21,2031,IRA_low,2009,10685202.0
p21,2031,IRA_low,2010,10675372.0
p21,2031,IRA_low,2011,10685802.0
p21,2031,IRA_low,2012,10661953.0
p21,2031,IRA_low,2013,10688339.0
p21,2032,IRA_low,2007,10940879.0
p21,2032,IRA_low,2008,10951330.0
p21,2032,IRA_low,2009,10950942.0
p21,2032,IRA_low,2010,10939280.0
p21,2032,IRA_low,2011,10951124.0
p21,2032,IRA_low,2012,10922456.0
p21,2032,IRA_low,2013,10954175.0
p21,2033,IRA_low,2007,11204315.0
p21,2033,IRA_low,2008,11216831.0
p21,2033,IRA_low,2009,11216613.0
p21,2033,IRA_low,2010,11203241.0
p21,2033,IRA_low,2011,11216388.0
p21,2033,IRA_low,2012,11182989.0
p21,2033,IRA_low,2013,11219975.0
p21,2034,IRA_low,2007,11467734.0
p21,2034,IRA_low,2008,11482309.0
p21,2034,IRA_low,2009,11482235.0
p21,2034,IRA_low,2010,11467137.0
p21,2034,IRA_low,2011,11481741.0
p21,2034,IRA_low,2012,11443496.0
p21,2034,IRA_low,2013,11485538.0
p21,2035,IRA_low,2007,11731189.0
p21,2035,IRA_low,2008,11747856.0
p21,2035,IRA_low,2009,11747817.0
p21,2035,IRA_low,2010,11731032.0
p21,2035,IRA_low,2011,11747096.0
p21,2035,IRA_low,2012,11703967.0
p21,2035,IRA_low,2013,11751398.0
p21,2036,IRA_low,2007,11947147.0
p21,2036,IRA_low,2008,11965005.0
p21,2036,IRA_low,2009,11965131.0
p21,2036,IRA_low,2010,11947157.0
p21,2036,IRA_low,2011,11964297.0
p21,2036,IRA_low,2012,11917873.0
p21,2036,IRA_low,2013,11968771.0
p21,2037,IRA_low,2007,12162996.0
p21,2037,IRA_low,2008,12182218.0
p21,2037,IRA_low,2009,12182219.0
p21,2037,IRA_low,2010,12163253.0
p21,2037,IRA_low,2011,12181432.0
p21,2037,IRA_low,2012,12131797.0
p21,2037,IRA_low,2013,12186312.0
p21,2038,IRA_low,2007,12378796.0
p21,2038,IRA_low,2008,12399498.0
p21,2038,IRA_low,2009,12399592.0
p21,2038,IRA_low,2010,12379521.0
p21,2038,IRA_low,2011,12398416.0
p21,2038,IRA_low,2012,12345818.0
p21,2038,IRA_low,2013,12403707.0
p21,2039,IRA_low,2007,12594854.0
p21,2039,IRA_low,2008,12616689.0
p21,2039,IRA_low,2009,12616710.0
p21,2039,IRA_low,2010,12595568.0
p21,2039,IRA_low,2011,12615657.0
p21,2039,IRA_low,2012,12559706.0
p21,2039,IRA_low,2013,12621168.0
p21,2040,IRA_low,2007,12810944.0
p21,2040,IRA_low,2008,12833784.0
p21,2040,IRA_low,2009,12833965.0
p21,2040,IRA_low,2010,12811685.0
p21,2040,IRA_low,2011,12832827.0
p21,2040,IRA_low,2012,12773596.0
p21,2040,IRA_low,2013,12838592.0
p21,2041,IRA_low,2007,13033708.0
p21,2041,IRA_low,2008,13057102.0
p21,2041,IRA_low,2009,13057249.0
p21,2041,IRA_low,2010,13034304.0
p21,2041,IRA_low,2011,13056069.0
p21,2041,IRA_low,2012,12995007.0
p21,2041,IRA_low,2013,13062272.0
p21,2042,IRA_low,2007,13256208.0
p21,2042,IRA_low,2008,13280461.0
p21,2042,IRA_low,2009,13280484.0
p21,2042,IRA_low,2010,13256931.0
p21,2042,IRA_low,2011,13279356.0
p21,2042,IRA_low,2012,13216286.0
p21,2042,IRA_low,2013,13286040.0
p21,2043,IRA_low,2007,13479253.0
p21,2043,IRA_low,2008,13503695.0
p21,2043,IRA_low,2009,13503765.0
p21,2043,IRA_low,2010,13479684.0
p21,2043,IRA_low,2011,13502682.0
p21,2043,IRA_low,2012,13437655.0
p21,2043,IRA_low,2013,13509686.0
p21,2044,IRA_low,2007,13701986.0
p21,2044,IRA_low,2008,13726942.0
p21,2044,IRA_low,2009,13726939.0
p21,2044,IRA_low,2010,13702315.0
p21,2044,IRA_low,2011,13725881.0
p21,2044,IRA_low,2012,13658908.0
p21,2044,IRA_low,2013,13733382.0
p21,2045,IRA_low,2007,13924873.0
p21,2045,IRA_low,2008,13950208.0
p21,2045,IRA_low,2009,13950229.0
p21,2045,IRA_low,2010,13925049.0
p21,2045,IRA_low,2011,13949254.0
p21,2045,IRA_low,2012,13880304.0
p21,2045,IRA_low,2013,13957127.0
p21,2046,IRA_low,2007,14119171.0
p21,2046,IRA_low,2008,14144388.0
p21,2046,IRA_low,2009,14144300.0
p21,2046,IRA_low,2010,14118957.0
p21,2046,IRA_low,2011,14143435.0
p21,2046,IRA_low,2012,14074141.0
p21,2046,IRA_low,2013,14151732.0
p21,2047,IRA_low,2007,14313609.0
p21,2047,IRA_low,2008,14338602.0
p21,2047,IRA_low,2009,14338360.0
p21,2047,IRA_low,2010,14313060.0
p21,2047,IRA_low,2011,14337661.0
p21,2047,IRA_low,2012,14268065.0
p21,2047,IRA_low,2013,14346228.0
p21,2048,IRA_low,2007,14507948.0
p21,2048,IRA_low,2008,14532775.0
p21,2048,IRA_low,2009,14532421.0
p21,2048,IRA_low,2010,14507072.0
p21,2048,IRA_low,2011,14531824.0
p21,2048,IRA_low,2012,14461889.0
p21,2048,IRA_low,2013,14540705.0
p21,2049,IRA_low,2007,14702235.0
p21,2049,IRA_low,2008,14726858.0
p21,2049,IRA_low,2009,14726453.0
p21,2049,IRA_low,2010,14701071.0
p21,2049,IRA_low,2011,14725978.0
p21,2049,IRA_low,2012,14655731.0
p21,2049,IRA_low,2013,14735189.0
p21,2050,IRA_low,2007,14896608.0
p21,2050,IRA_low,2008,14920996.0
p21,2050,IRA_low,2009,14920557.0
p21,2050,IRA_low,2010,14895062.0
p21,2050,IRA_low,2011,14920219.0
p21,2050,IRA_low,2012,14849639.0
p21,2050,IRA_low,2013,14929779.0
p22,2020,IRA_low,2007,1032742.53
p22,2020,IRA_low,2008,1032901.23
p22,2020,IRA_low,2009,1032590.11
p22,2020,IRA_low,2010,1033147.79
p22,2020,IRA_low,2011,1032513.9
p22,2020,IRA_low,2012,1032475.34
p22,2020,IRA_low,2013,1033119.1
p22,2021,IRA_low,2007,1442906.0
p22,2021,IRA_low,2008,1444008.0
p22,2021,IRA_low,2009,1443371.0
p22,2021,IRA_low,2010,1443118.0
p22,2021,IRA_low,2011,1444431.0
p22,2021,IRA_low,2012,1443692.0
p22,2021,IRA_low,2013,1442981.0
p22,2022,IRA_low,2007,1505882.0
p22,2022,IRA_low,2008,1506488.0
p22,2022,IRA_low,2009,1505645.0
p22,2022,IRA_low,2010,1505533.0
p22,2022,IRA_low,2011,1506289.0
p22,2022,IRA_low,2012,1506685.0
p22,2022,IRA_low,2013,1505991.0
p22,2023,IRA_low,2007,1532114.0
p22,2023,IRA_low,2008,1533069.0
p22,2023,IRA_low,2009,1533843.0
p22,2023,IRA_low,2010,1532217.0
p22,2023,IRA_low,2011,1533567.0
p22,2023,IRA_low,2012,1533009.0
p22,2023,IRA_low,2013,1533794.0
p22,2024,IRA_low,2007,1573572.0
p22,2024,IRA_low,2008,1573069.0
p22,2024,IRA_low,2009,1573665.0
p22,2024,IRA_low,2010,1573044.0
p22,2024,IRA_low,2011,1573978.0
p22,2024,IRA_low,2012,1572040.0
p22,2024,IRA_low,2013,1573013.0
p22,2025,IRA_low,2007,1574340.0
p22,2025,IRA_low,2008,1579212.0
p22,2025,IRA_low,2009,1573921.0
p22,2025,IRA_low,2010,1573897.0
p22,2025,IRA_low,2011,1573452.0
p22,2025,IRA_low,2012,1578192.0
p22,2025,IRA_low,2013,1574604.0
p22,2026,IRA_low,2007,1579709.0
p22,2026,IRA_low,2008,1581717.0
p22,2026,IRA_low,2009,1579817.0
p22,2026,IRA_low,2010,1582113.0
p22,2026,IRA_low,2011,1579942.0
p22,2026,IRA_low,2012,1581481.0
p22,2026,IRA_low,2013,1580231.0
p22,2027,IRA_low,2007,1586440.0
p22,2027,IRA_low,2008,1585011.0
p22,2027,IRA_low,2009,1585308.0
p22,2027,IRA_low,2010,1585183.0
p22,2027,IRA_low,2011,1585872.0
p22,2027,IRA_low,2012,1585062.0
p22,2027,IRA_low,2013,1587020.0
p22,2028,IRA_low,2007,1586464.0
p22,2028,IRA_low,2008,1592254.0
p22,2028,IRA_low,2009,1587168.0
p22,2028,IRA_low,2010,1586060.0
p22,2028,IRA_low,2011,1587157.0
p22,2028,IRA_low,2012,1590065.0
p22,2028,IRA_low,2013,1588004.0
p22,2029,IRA_low,2007,1593328.0
p22,2029,IRA_low,2008,1595142.0
p22,2029,IRA_low,2009,1594816.0
p22,2029,IRA_low,2010,1594697.0
p22,2029,IRA_low,2011,1595044.0
p22,2029,IRA_low,2012,1594477.0
p22,2029,IRA_low,2013,1594460.0
p22,2030,IRA_low,2007,1598581.0
p22,2030,IRA_low,2008,1597274.0
p22,2030,IRA_low,2009,1597976.0
p22,2030,IRA_low,2010,1599185.0
p22,2030,IRA_low,2011,1597766.0
p22,2030,IRA_low,2012,1599551.0
p22,2030,IRA_low,2013,1599092.0
p22,2031,IRA_low,2007,1603051.0
p22,2031,IRA_low,2008,1602250.0
p22,2031,IRA_low,2009,1603279.0
p22,2031,IRA_low,2010,1602513.0
p22,2031,IRA_low,2011,1602331.0
p22,2031,IRA_low,2012,1603328.0
p22,2031,IRA_low,2013,1602828.0
p22,2032,IRA_low,2007,1606390.0
p22,2032,IRA_low,2008,1604660.0
p22,2032,IRA_low,2009,1608239.0
p22,2032,IRA_low,2010,1606130.0
p22,2032,IRA_low,2011,1608559.0
p22,2032,IRA_low,2012,1609280.0
p22,2032,IRA_low,2013,1609355.0
p22,2033,IRA_low,2007,1610988.0
p22,2033,IRA_low,2008,1610846.0
p22,2033,IRA_low,2009,1611663.0
p22,2033,IRA_low,2010,1610679.0
p22,2033,IRA_low,2011,1611907.0
p22,2033,IRA_low,2012,1610688.0
p22,2033,IRA_low,2013,1610930.0
p22,2034,IRA_low,2007,1616774.0
p22,2034,IRA_low,2008,1615934.0
p22,2034,IRA_low,2009,1614056.0
p22,2034,IRA_low,2010,1615651.0
p22,2034,IRA_low,2011,1614457.0
p22,2034,IRA_low,2012,1614559.0
p22,2034,IRA_low,2013,1615121.0
p22,2035,IRA_low,2007,1619586.0
p22,2035,IRA_low,2008,1619403.0
p22,2035,IRA_low,2009,1619418.0
p22,2035,IRA_low,2010,1620475.0
p22,2035,IRA_low,2011,1619896.0
p22,2035,IRA_low,2012,1618800.0
p22,2035,IRA_low,2013,1620070.0
p22,2036,IRA_low,2007,1623153.0
p22,2036,IRA_low,2008,1624635.0
p22,2036,IRA_low,2009,1623406.0
p22,2036,IRA_low,2010,1624359.0
p22,2036,IRA_low,2011,1622078.0
p22,2036,IRA_low,2012,1622335.0
p22,2036,IRA_low,2013,1622562.0
p22,2037,IRA_low,2007,1629900.0
p22,2037,IRA_low,2008,1630161.0
p22,2037,IRA_low,2009,1624137.0
p22,2037,IRA_low,2010,1630185.0
p22,2037,IRA_low,2011,1624074.0
p22,2037,IRA_low,2012,1623402.0
p22,2037,IRA_low,2013,1625649.0
p22,2038,IRA_low,2007,1630883.0
p22,2038,IRA_low,2008,1630298.0
p22,2038,IRA_low,2009,1630567.0
p22,2038,IRA_low,2010,1630217.0
p22,2038,IRA_low,2011,1629703.0
p22,2038,IRA_low,2012,1629229.0
p22,2038,IRA_low,2013,1630147.0
p22,2039,IRA_low,2007,1632798.0
p22,2039,IRA_low,2008,1633307.0
p22,2039,IRA_low,2009,1632559.0
p22,2039,IRA_low,2010,1632873.0
p22,2039,IRA_low,2011,1632684.0
p22,2039,IRA_low,2012,1632704.0
p22,2039,IRA_low,2013,1633836.0
p22,2040,IRA_low,2007,1636380.0
p22,2040,IRA_low,2008,1637229.0
p22,2040,IRA_low,2009,1637955.0
p22,2040,IRA_low,2010,1637331.0
p22,2040,IRA_low,2011,1638094.0
p22,2040,IRA_low,2012,1636295.0
p22,2040,IRA_low,2013,1639009.0
p22,2041,IRA_low,2007,1641359.0
p22,2041,IRA_low,2008,1641126.0
p22,2041,IRA_low,2009,1640483.0
p22,2041,IRA_low,2010,1640974.0
p22,2041,IRA_low,2011,1640438.0
p22,2041,IRA_low,2012,1639728.0
p22,2041,IRA_low,2013,1641843.0
p22,2042,IRA_low,2007,1644336.0
p22,2042,IRA_low,2008,1644807.0
p22,2042,IRA_low,2009,1644372.0
p22,2042,IRA_low,2010,1644864.0
p22,2042,IRA_low,2011,1643722.0
p22,2042,IRA_low,2012,1643750.0
p22,2042,IRA_low,2013,1644541.0
p22,2043,IRA_low,2007,1646914.0
p22,2043,IRA_low,2008,1647329.0
p22,2043,IRA_low,2009,1648201.0
p22,2043,IRA_low,2010,1646832.0
p22,2043,IRA_low,2011,1648308.0
p22,2043,IRA_low,2012,1647103.0
p22,2043,IRA_low,2013,1648943.0
p22,2044,IRA_low,2007,1651102.0
p22,2044,IRA_low,2008,1650161.0
p22,2044,IRA_low,2009,1650136.0
p22,2044,IRA_low,2010,1652659.0
p22,2044,IRA_low,2011,1649760.0
p22,2044,IRA_low,2012,1648316.0
p22,2044,IRA_low,2013,1651216.0
p22,2045,IRA_low,2007,1655300.0
p22,2045,IRA_low,2008,1655725.0
p22,2045,IRA_low,2009,1655233.0
p22,2045,IRA_low,2010,1656257.0
p22,2045,IRA_low,2011,1653898.0
p22,2045,IRA_low,2012,1653783.0
p22,2045,IRA_low,2013,1654829.0
p22,2046,IRA_low,2007,1658889.0
p22,2046,IRA_low,2008,1659090.0
p22,2046,IRA_low,2009,1658403.0
p22,2046,IRA_low,2010,1658182.0
p22,2046,IRA_low,2011,1658092.0
p22,2046,IRA_low,2012,1657856.0
p22,2046,IRA_low,2013,1658175.0
p22,2047,IRA_low,2007,1661571.0
p22,2047,IRA_low,2008,1661888.0
p22,2047,IRA_low,2009,1662151.0
p22,2047,IRA_low,2010,1661023.0
p22,2047,IRA_low,2011,1661911.0
p22,2047,IRA_low,2012,1659892.0
p22,2047,IRA_low,2013,1661452.0
p22,2048,IRA_low,2007,1665116.0
p22,2048,IRA_low,2008,1665532.0
p22,2048,IRA_low,2009,1664421.0
p22,2048,IRA_low,2010,1664573.0
p22,2048,IRA_low,2011,1664620.0
p22,2048,IRA_low,2012,1663644.0
p22,2048,IRA_low,2013,1665497.0
p22,2049,IRA_low,2007,1666665.0
p22,2049,IRA_low,2008,1666923.0
p22,2049,IRA_low,2009,1669233.0
p22,2049,IRA_low,2010,1666519.0
p22,2049,IRA_low,2011,1669795.0
p22,2049,IRA_low,2012,1667168.0
p22,2049,IRA_low,2013,1666738.0
p22,2050,IRA_low,2007,1671095.0
p22,2050,IRA_low,2008,1671482.0
p22,2050,IRA_low,2009,1671113.0
p22,2050,IRA_low,2010,1670745.0
p22,2050,IRA_low,2011,1671038.0
p22,2050,IRA_low,2012,1668838.0
p22,2050,IRA_low,2013,1671265.0
p23,2020,IRA_low,2007,1527974.31
p23,2020,IRA_low,2008,1527904.38
p23,2020,IRA_low,2009,1527893.62
p23,2020,IRA_low,2010,1527923.21
p23,2020,IRA_low,2011,1527786.03
p23,2020,IRA_low,2012,1527969.83
p23,2020,IRA_low,2013,1527908.86
p23,2021,IRA_low,2007,1066269.0
p23,2021,IRA_low,2008,1066342.0
p23,2021,IRA_low,2009,1066347.0
p23,2021,IRA_low,2010,1066198.0
p23,2021,IRA_low,2011,1066338.0
p23,2021,IRA_low,2012,1066260.0
p23,2021,IRA_low,2013,1066320.0
p23,2022,IRA_low,2007,1111886.0
p23,2022,IRA_low,2008,1111983.0
p23,2022,IRA_low,2009,1112036.0
p23,2022,IRA_low,2010,1111959.0
p23,2022,IRA_low,2011,1111926.0
p23,2022,IRA_low,2012,1111989.0
p23,2022,IRA_low,2013,1111979.0
p23,2023,IRA_low,2007,1132757.0
p23,2023,IRA_low,2008,1132504.0
p23,2023,IRA_low,2009,1132684.0
p23,2023,IRA_low,2010,1132749.0
p23,2023,IRA_low,2011,1132715.0
p23,2023,IRA_low,2012,1132647.0
p23,2023,IRA_low,2013,1132555.0
p23,2024,IRA_low,2007,1162217.0
p23,2024,IRA_low,2008,1162247.0
p23,2024,IRA_low,2009,1162334.0
p23,2024,IRA_low,2010,1162408.0
p23,2024,IRA_low,2011,1162350.0
p23,2024,IRA_low,2012,1162248.0
p23,2024,IRA_low,2013,1162223.0
p23,2025,IRA_low,2007,1222336.0
p23,2025,IRA_low,2008,1222160.0
p23,2025,IRA_low,2009,1222129.0
p23,2025,IRA_low,2010,1222044.0
p23,2025,IRA_low,2011,1222380.0
p23,2025,IRA_low,2012,1222127.0
p23,2025,IRA_low,2013,1222459.0
p23,2026,IRA_low,2007,1301339.0
p23,2026,IRA_low,2008,1301474.0
p23,2026,IRA_low,2009,1301411.0
p23,2026,IRA_low,2010,1300984.0
p23,2026,IRA_low,2011,1301648.0
p23,2026,IRA_low,2012,1300515.0
p23,2026,IRA_low,2013,1301889.0
p23,2027,IRA_low,2007,1380411.0
p23,2027,IRA_low,2008,1380936.0
p23,2027,IRA_low,2009,1380661.0
p23,2027,IRA_low,2010,1379899.0
p23,2027,IRA_low,2011,1380974.0
p23,2027,IRA_low,2012,1378476.0
p23,2027,IRA_low,2013,1381426.0
p23,2028,IRA_low,2007,1459140.0
p23,2028,IRA_low,2008,1460273.0
p23,2028,IRA_low,2009,1460157.0
p23,2028,IRA_low,2010,1458677.0
p23,2028,IRA_low,2011,1460314.0
p23,2028,IRA_low,2012,1457014.0
p23,2028,IRA_low,2013,1460714.0
p23,2029,IRA_low,2007,1538228.0
p23,2029,IRA_low,2008,1539554.0
p23,2029,IRA_low,2009,1539344.0
p23,2029,IRA_low,2010,1537640.0
p23,2029,IRA_low,2011,1539640.0
p23,2029,IRA_low,2012,1535370.0
p23,2029,IRA_low,2013,1540221.0
p23,2030,IRA_low,2007,1617291.0
p23,2030,IRA_low,2008,1619043.0
p23,2030,IRA_low,2009,1618965.0
p23,2030,IRA_low,2010,1616587.0
p23,2030,IRA_low,2011,1618865.0
p23,2030,IRA_low,2012,1613652.0
p23,2030,IRA_low,2013,1619547.0
p23,2031,IRA_low,2007,1693036.0
p23,2031,IRA_low,2008,1695941.0
p23,2031,IRA_low,2009,1695617.0
p23,2031,IRA_low,2010,1692278.0
p23,2031,IRA_low,2011,1696042.0
p23,2031,IRA_low,2012,1688359.0
p23,2031,IRA_low,2013,1696783.0
p23,2032,IRA_low,2007,1769395.0
p23,2032,IRA_low,2008,1772262.0
p23,2032,IRA_low,2009,1772173.0
p23,2032,IRA_low,2010,1768874.0
p23,2032,IRA_low,2011,1772333.0
p23,2032,IRA_low,2012,1763968.0
p23,2032,IRA_low,2013,1773155.0
p23,2033,IRA_low,2007,1845454.0
p23,2033,IRA_low,2008,1848989.0
p23,2033,IRA_low,2009,1848951.0
p23,2033,IRA_low,2010,1844964.0
p23,2033,IRA_low,2011,1848862.0
p23,2033,IRA_low,2012,1839235.0
p23,2033,IRA_low,2013,1849840.0
p23,2034,IRA_low,2007,1921494.0
p23,2034,IRA_low,2008,1925594.0
p23,2034,IRA_low,2009,1925539.0
p23,2034,IRA_low,2010,1921194.0
p23,2034,IRA_low,2011,1925553.0
p23,2034,IRA_low,2012,1914415.0
p23,2034,IRA_low,2013,1926661.0
p23,2035,IRA_low,2007,1997554.0
p23,2035,IRA_low,2008,2002275.0
p23,2035,IRA_low,2009,2002215.0
p23,2035,IRA_low,2010,1997432.0
p23,2035,IRA_low,2011,2002159.0
p23,2035,IRA_low,2012,1989646.0
p23,2035,IRA_low,2013,2003354.0
p23,2036,IRA_low,2007,2059885.0
p23,2036,IRA_low,2008,2064970.0
p23,2036,IRA_low,2009,2065061.0
p23,2036,IRA_low,2010,2059868.0
p23,2036,IRA_low,2011,2064813.0
p23,2036,IRA_low,2012,2051339.0
p23,2036,IRA_low,2013,2066062.0
p23,2037,IRA_low,2007,2122229.0
p23,2037,IRA_low,2008,2127759.0
p23,2037,IRA_low,2009,2127691.0
p23,2037,IRA_low,2010,2122181.0
p23,2037,IRA_low,2011,2127476.0
p23,2037,IRA_low,2012,2113086.0
p23,2037,IRA_low,2013,2128913.0
p23,2038,IRA_low,2007,2184510.0
p23,2038,IRA_low,2008,2190486.0
p23,2038,IRA_low,2009,2190489.0
p23,2038,IRA_low,2010,2184704.0
p23,2038,IRA_low,2011,2190265.0
p23,2038,IRA_low,2012,2174945.0
p23,2038,IRA_low,2013,2191724.0
p23,2039,IRA_low,2007,2247115.0
p23,2039,IRA_low,2008,2254066.0
p23,2039,IRA_low,2009,2252881.0
p23,2039,IRA_low,2010,2247439.0
p23,2039,IRA_low,2011,2252222.0
p23,2039,IRA_low,2012,2237142.0
p23,2039,IRA_low,2013,2253802.0
p23,2040,IRA_low,2007,2309160.0
p23,2040,IRA_low,2008,2315758.0
p23,2040,IRA_low,2009,2315872.0
p23,2040,IRA_low,2010,2309508.0
p23,2040,IRA_low,2011,2315551.0
p23,2040,IRA_low,2012,2298497.0
p23,2040,IRA_low,2013,2317176.0
p23,2041,IRA_low,2007,2373704.0
p23,2041,IRA_low,2008,2380287.0
p23,2041,IRA_low,2009,2380246.0
p23,2041,IRA_low,2010,2373783.0
p23,2041,IRA_low,2011,2380196.0
p23,2041,IRA_low,2012,2362377.0
p23,2041,IRA_low,2013,2381741.0
p23,2042,IRA_low,2007,2437931.0
p23,2042,IRA_low,2008,2444708.0
p23,2042,IRA_low,2009,2444732.0
p23,2042,IRA_low,2010,2437989.0
p23,2042,IRA_low,2011,2444468.0
p23,2042,IRA_low,2012,2426223.0
p23,2042,IRA_low,2013,2446445.0
p23,2043,IRA_low,2007,2502159.0
p23,2043,IRA_low,2008,2509186.0
p23,2043,IRA_low,2009,2509232.0
p23,2043,IRA_low,2010,2502332.0
p23,2043,IRA_low,2011,2509036.0
p23,2043,IRA_low,2012,2490195.0
p23,2043,IRA_low,2013,2510956.0
p23,2044,IRA_low,2007,2566480.0
p23,2044,IRA_low,2008,2573692.0
p23,2044,IRA_low,2009,2573706.0
p23,2044,IRA_low,2010,2566596.0
p23,2044,IRA_low,2011,2573515.0
p23,2044,IRA_low,2012,2554148.0
p23,2044,IRA_low,2013,2575573.0
p23,2045,IRA_low,2007,2630828.0
p23,2045,IRA_low,2008,2638185.0
p23,2045,IRA_low,2009,2638019.0
p23,2045,IRA_low,2010,2630882.0
p23,2045,IRA_low,2011,2638046.0
p23,2045,IRA_low,2012,2618019.0
p23,2045,IRA_low,2013,2640097.0
p23,2046,IRA_low,2007,2687018.0
p23,2046,IRA_low,2008,2694253.0
p23,2046,IRA_low,2009,2694214.0
p23,2046,IRA_low,2010,2686946.0
p23,2046,IRA_low,2011,2693967.0
p23,2046,IRA_low,2012,2673917.0
p23,2046,IRA_low,2013,2696366.0
p23,2047,IRA_low,2007,2743108.0
p23,2047,IRA_low,2008,2750251.0
p23,2047,IRA_low,2009,2750200.0
p23,2047,IRA_low,2010,2742874.0
p23,2047,IRA_low,2011,2749983.0
p23,2047,IRA_low,2012,2729881.0
p23,2047,IRA_low,2013,2752433.0
p23,2048,IRA_low,2007,2799204.0
p23,2048,IRA_low,2008,2806391.0
p23,2048,IRA_low,2009,2806213.0
p23,2048,IRA_low,2010,2798907.0
p23,2048,IRA_low,2011,2806106.0
p23,2048,IRA_low,2012,2785860.0
p23,2048,IRA_low,2013,2808647.0
p23,2049,IRA_low,2007,2855354.0
p23,2049,IRA_low,2008,2862440.0
p23,2049,IRA_low,2009,2862240.0
p23,2049,IRA_low,2010,2854865.0
p23,2049,IRA_low,2011,2862136.0
p23,2049,IRA_low,2012,2841840.0
p23,2049,IRA_low,2013,2864743.0
p23,2050,IRA_low,2007,2911425.0
p23,2050,IRA_low,2008,2918419.0
p23,2050,IRA_low,2009,2918297.0
p23,2050,IRA_low,2010,2911024.0
p23,2050,IRA_low,2011,2918220.0
p23,2050,IRA_low,2012,2897840.0
p23,2050,IRA_low,2013,2920987.0
p24,2020,IRA_low,2007,6794376.72
p24,2020,IRA_low,2008,6794036.91
p24,2020,IRA_low,2009,6794269.13
p24,2020,IRA_low,2010,6794290.65
p24,2020,IRA_low,2011,6793843.25
p24,2020,IRA_low,2012,6794156.16
p24,2020,IRA_low,2013,6794187.54
p24,2021,IRA_low,2007,6660062.0
p24,2021,IRA_low,2008,6660088.0
p24,2021,IRA_low,2009,6660081.0
p24,2021,IRA_low,2010,6660108.0
p24,2021,IRA_low,2011,6660104.0
p24,2021,IRA_low,2012,6660129.0
p24,2021,IRA_low,2013,6660137.0
p24,2022,IRA_low,2007,6944031.0
p24,2022,IRA_low,2008,6943991.0
p24,2022,IRA_low,2009,6943936.0
p24,2022,IRA_low,2010,6944202.0
p24,2022,IRA_low,2011,6943907.0
p24,2022,IRA_low,2012,6944043.0
p24,2022,IRA_low,2013,6944029.0
p24,2023,IRA_low,2007,7072723.0
p24,2023,IRA_low,2008,7072742.0
p24,2023,IRA_low,2009,7072764.0
p24,2023,IRA_low,2010,7072744.0
p24,2023,IRA_low,2011,7072708.0
p24,2023,IRA_low,2012,7072756.0
p24,2023,IRA_low,2013,7072727.0
p24,2024,IRA_low,2007,7257942.0
p24,2024,IRA_low,2008,7257926.0
p24,2024,IRA_low,2009,7257920.0
p24,2024,IRA_low,2010,7257903.0
p24,2024,IRA_low,2011,7257952.0
p24,2024,IRA_low,2012,7257876.0
p24,2024,IRA_low,2013,7257906.0
p24,2025,IRA_low,2007,7435101.0
p24,2025,IRA_low,2008,7434886.0
p24,2025,IRA_low,2009,7434517.0
p24,2025,IRA_low,2010,7434262.0
p24,2025,IRA_low,2011,7435027.0
p24,2025,IRA_low,2012,7434800.0
p24,2025,IRA_low,2013,7435530.0
p24,2026,IRA_low,2007,7668541.0
p24,2026,IRA_low,2008,7669316.0
p24,2026,IRA_low,2009,7668916.0
p24,2026,IRA_low,2010,7667375.0
p24,2026,IRA_low,2011,7669422.0
p24,2026,IRA_low,2012,7666042.0
p24,2026,IRA_low,2013,7670263.0
p24,2027,IRA_low,2007,7901795.0
p24,2027,IRA_low,2008,7903821.0
p24,2027,IRA_low,2009,7903277.0
p24,2027,IRA_low,2010,7900390.0
p24,2027,IRA_low,2011,7903898.0
p24,2027,IRA_low,2012,7897275.0
p24,2027,IRA_low,2013,7905077.0
p24,2028,IRA_low,2007,8135065.0
p24,2028,IRA_low,2008,8138317.0
p24,2028,IRA_low,2009,8137674.0
p24,2028,IRA_low,2010,8133508.0
p24,2028,IRA_low,2011,8138331.0
p24,2028,IRA_low,2012,8128558.0
p24,2028,IRA_low,2013,8139694.0
p24,2029,IRA_low,2007,8368441.0
p24,2029,IRA_low,2008,8372707.0
p24,2029,IRA_low,2009,8372129.0
p24,2029,IRA_low,2010,8366498.0
p24,2029,IRA_low,2011,8372836.0
p24,2029,IRA_low,2012,8359646.0
p24,2029,IRA_low,2013,8374430.0
p24,2030,IRA_low,2007,8601859.0
p24,2030,IRA_low,2008,8607305.0
p24,2030,IRA_low,2009,8606580.0
p24,2030,IRA_low,2010,8599553.0
p24,2030,IRA_low,2011,8607298.0
p24,2030,IRA_low,2012,8591048.0
p24,2030,IRA_low,2013,8609155.0
p24,2031,IRA_low,2007,8826425.0
p24,2031,IRA_low,2008,8833650.0
p24,2031,IRA_low,2009,8833253.0
p24,2031,IRA_low,2010,8824668.0
p24,2031,IRA_low,2011,8833654.0
p24,2031,IRA_low,2012,8813195.0
p24,2031,IRA_low,2013,8835960.0
p24,2032,IRA_low,2007,9051187.0
p24,2032,IRA_low,2008,9060092.0
p24,2032,IRA_low,2009,9059794.0
p24,2032,IRA_low,2010,9049777.0
p24,2032,IRA_low,2011,9059910.0
p24,2032,IRA_low,2012,9035440.0
p24,2032,IRA_low,2013,9062594.0
p24,2033,IRA_low,2007,9275908.0
p24,2033,IRA_low,2008,9286582.0
p24,2033,IRA_low,2009,9286375.0
p24,2033,IRA_low,2010,9274863.0
p24,2033,IRA_low,2011,9286237.0
p24,2033,IRA_low,2012,9257654.0
p24,2033,IRA_low,2013,9289162.0
p24,2034,IRA_low,2007,9500635.0
p24,2034,IRA_low,2008,9513009.0
p24,2034,IRA_low,2009,9512876.0
p24,2034,IRA_low,2010,9500064.0
p24,2034,IRA_low,2011,9512578.0
p24,2034,IRA_low,2012,9479874.0
p24,2034,IRA_low,2013,9515925.0
p24,2035,IRA_low,2007,9725207.0
p24,2035,IRA_low,2008,9739491.0
p24,2035,IRA_low,2009,9739617.0
p24,2035,IRA_low,2010,9725135.0
p24,2035,IRA_low,2011,9738917.0
p24,2035,IRA_low,2012,9702023.0
p24,2035,IRA_low,2013,9742635.0
p24,2036,IRA_low,2007,9909333.0
p24,2036,IRA_low,2008,9924817.0
p24,2036,IRA_low,2009,9924858.0
p24,2036,IRA_low,2010,9909491.0
p24,2036,IRA_low,2011,9924078.0
p24,2036,IRA_low,2012,9884601.0
p24,2036,IRA_low,2013,9927952.0
p24,2037,IRA_low,2007,10093674.0
p24,2037,IRA_low,2008,10110031.0
p24,2037,IRA_low,2009,10110219.0
p24,2037,IRA_low,2010,10093782.0
p24,2037,IRA_low,2011,10109486.0
p24,2037,IRA_low,2012,10067000.0
p24,2037,IRA_low,2013,10113638.0
p24,2038,IRA_low,2007,10277833.0
p24,2038,IRA_low,2008,10295411.0
p24,2038,IRA_low,2009,10295371.0
p24,2038,IRA_low,2010,10278206.0
p24,2038,IRA_low,2011,10294628.0
p24,2038,IRA_low,2012,10249587.0
p24,2038,IRA_low,2013,10299020.0
p24,2039,IRA_low,2007,10462082.0
p24,2039,IRA_low,2008,10480633.0
p24,2039,IRA_low,2009,10480638.0
p24,2039,IRA_low,2010,10462463.0
p24,2039,IRA_low,2011,10479773.0
p24,2039,IRA_low,2012,10432017.0
p24,2039,IRA_low,2013,10484495.0
p24,2040,IRA_low,2007,10646293.0
p24,2040,IRA_low,2008,10665916.0
p24,2040,IRA_low,2009,10666004.0
p24,2040,IRA_low,2010,10646918.0
p24,2040,IRA_low,2011,10665044.0
p24,2040,IRA_low,2012,10614507.0
p24,2040,IRA_low,2013,10670007.0
p24,2041,IRA_low,2007,10836356.0
p24,2041,IRA_low,2008,10856432.0
p24,2041,IRA_low,2009,10856437.0
p24,2041,IRA_low,2010,10836776.0
p24,2041,IRA_low,2011,10855479.0
p24,2041,IRA_low,2012,10803232.0
p24,2041,IRA_low,2013,10860950.0
p24,2042,IRA_low,2007,11026373.0
p24,2042,IRA_low,2008,11046908.0
p24,2042,IRA_low,2009,11046903.0
p24,2042,IRA_low,2010,11026783.0
p24,2042,IRA_low,2011,11045944.0
p24,2042,IRA_low,2012,10992119.0
p24,2042,IRA_low,2013,11051635.0
p24,2043,IRA_low,2007,11216455.0
p24,2043,IRA_low,2008,11237335.0
p24,2043,IRA_low,2009,11237357.0
p24,2043,IRA_low,2010,11216706.0
p24,2043,IRA_low,2011,11236437.0
p24,2043,IRA_low,2012,11180888.0
p24,2043,IRA_low,2013,11242497.0
p24,2044,IRA_low,2007,11406483.0
p24,2044,IRA_low,2008,11427769.0
p24,2044,IRA_low,2009,11427816.0
p24,2044,IRA_low,2010,11406651.0
p24,2044,IRA_low,2011,11426866.0
p24,2044,IRA_low,2012,11369682.0
p24,2044,IRA_low,2013,11433303.0
p24,2045,IRA_low,2007,11596530.0
p24,2045,IRA_low,2008,11618233.0
p24,2045,IRA_low,2009,11618170.0
p24,2045,IRA_low,2010,11596543.0
p24,2045,IRA_low,2011,11617308.0
p24,2045,IRA_low,2012,11558443.0
p24,2045,IRA_low,2013,11624167.0
p24,2046,IRA_low,2007,11762243.0
p24,2046,IRA_low,2008,11783910.0
p24,2046,IRA_low,2009,11783653.0
p24,2046,IRA_low,2010,11762084.0
p24,2046,IRA_low,2011,11782926.0
p24,2046,IRA_low,2012,11723802.0
p24,2046,IRA_low,2013,11790050.0
p24,2047,IRA_low,2007,11928043.0
p24,2047,IRA_low,2008,11949420.0
p24,2047,IRA_low,2009,11949246.0
p24,2047,IRA_low,2010,11927605.0
p24,2047,IRA_low,2011,11948534.0
p24,2047,IRA_low,2012,11889191.0
p24,2047,IRA_low,2013,11955937.0
p24,2048,IRA_low,2007,12093756.0
p24,2048,IRA_low,2008,12115081.0
p24,2048,IRA_low,2009,12114753.0
p24,2048,IRA_low,2010,12093132.0
p24,2048,IRA_low,2011,12114236.0
p24,2048,IRA_low,2012,12054581.0
p24,2048,IRA_low,2013,12121917.0
p24,2049,IRA_low,2007,12259541.0
p24,2049,IRA_low,2008,12280832.0
p24,2049,IRA_low,2009,12280307.0
p24,2049,IRA_low,2010,12258539.0
p24,2049,IRA_low,2011,12279815.0
p24,2049,IRA_low,2012,12219855.0
p24,2049,IRA_low,2013,12287808.0
p24,2050,IRA_low,2007,12425298.0
p24,2050,IRA_low,2008,12446252.0
p24,2050,IRA_low,2009,12445787.0
p24,2050,IRA_low,2010,12424080.0
p24,2050,IRA_low,2011,12445499.0
p24,2050,IRA_low,2012,12385263.0
p24,2050,IRA_low,2013,12453758.0
p25,2020,IRA_low,2007,38358058.43
p25,2020,IRA_low,2008,38356428.72
p25,2020,IRA_low,2009,38357896.49
p25,2020,IRA_low,2010,38358610.86
p25,2020,IRA_low,2011,38356317.31
p25,2020,IRA_low,2012,38357942.43
p25,2020,IRA_low,2013,38357479.59
p25,2021,IRA_low,2007,32513554.0
p25,2021,IRA_low,2008,32513484.0
p25,2021,IRA_low,2009,32513552.0
p25,2021,IRA_low,2010,32513561.0
p25,2021,IRA_low,2011,32513618.0
p25,2021,IRA_low,2012,32513532.0
p25,2021,IRA_low,2013,32513530.0
p25,2022,IRA_low,2007,33246291.0
p25,2022,IRA_low,2008,33246339.0
p25,2022,IRA_low,2009,33246327.0
p25,2022,IRA_low,2010,33246339.0
p25,2022,IRA_low,2011,33246351.0
p25,2022,IRA_low,2012,33246315.0
p25,2022,IRA_low,2013,33246389.0
p25,2023,IRA_low,2007,33176963.0
p25,2023,IRA_low,2008,33177005.0
p25,2023,IRA_low,2009,33176979.0
p25,2023,IRA_low,2010,33176987.0
p25,2023,IRA_low,2011,33176982.0
p25,2023,IRA_low,2012,33176960.0
p25,2023,IRA_low,2013,33176983.0
p25,2024,IRA_low,2007,34404632.0
p25,2024,IRA_low,2008,34404614.0
p25,2024,IRA_low,2009,34404604.0
p25,2024,IRA_low,2010,34404663.0
p25,2024,IRA_low,2011,34404626.0
p25,2024,IRA_low,2012,34404670.0
p25,2024,IRA_low,2013,34404659.0
p25,2025,IRA_low,2007,35544191.0
p25,2025,IRA_low,2008,35541900.0
p25,2025,IRA_low,2009,35536946.0
p25,2025,IRA_low,2010,35530998.0
p25,2025,IRA_low,2011,35535891.0
p25,2025,IRA_low,2012,35522645.0
p25,2025,IRA_low,2013,35556757.0
p25,2026,IRA_low,2007,37168146.0
p25,2026,IRA_low,2008,37173687.0
p25,2026,IRA_low,2009,37162534.0
p25,2026,IRA_low,2010,37148322.0
p25,2026,IRA_low,2011,37162584.0
p25,2026,IRA_low,2012,37106043.0
p25,2026,IRA_low,2013,37205755.0
p25,2027,IRA_low,2007,38792024.0
p25,2027,IRA_low,2008,38805394.0
p25,2027,IRA_low,2009,38788047.0
p25,2027,IRA_low,2010,38765642.0
p25,2027,IRA_low,2011,38789142.0
p25,2027,IRA_low,2012,38689414.0
p25,2027,IRA_low,2013,38854849.0
p25,2028,IRA_low,2007,40415994.0
p25,2028,IRA_low,2008,40437245.0
p25,2028,IRA_low,2009,40413666.0
p25,2028,IRA_low,2010,40382880.0
p25,2028,IRA_low,2011,40415827.0
p25,2028,IRA_low,2012,40272942.0
p25,2028,IRA_low,2013,40503902.0
p25,2029,IRA_low,2007,42039904.0
p25,2029,IRA_low,2008,42068938.0
p25,2029,IRA_low,2009,42039251.0
p25,2029,IRA_low,2010,42000186.0
p25,2029,IRA_low,2011,42042409.0
p25,2029,IRA_low,2012,41856356.0
p25,2029,IRA_low,2013,42152849.0
p25,2030,IRA_low,2007,43663917.0
p25,2030,IRA_low,2008,43700799.0
p25,2030,IRA_low,2009,43664838.0
p25,2030,IRA_low,2010,43617485.0
p25,2030,IRA_low,2011,43668960.0
p25,2030,IRA_low,2012,43439781.0
p25,2030,IRA_low,2013,43801931.0
p25,2031,IRA_low,2007,45237504.0
p25,2031,IRA_low,2008,45284291.0
p25,2031,IRA_low,2009,45241888.0
p25,2031,IRA_low,2010,45186338.0
p25,2031,IRA_low,2011,45247725.0
p25,2031,IRA_low,2012,44970776.0
p25,2031,IRA_low,2013,45402682.0
p25,2032,IRA_low,2007,46811117.0
p25,2032,IRA_low,2008,46867803.0
p25,2032,IRA_low,2009,46819045.0
p25,2032,IRA_low,2010,46755018.0
p25,2032,IRA_low,2011,46826509.0
p25,2032,IRA_low,2012,46501783.0
p25,2032,IRA_low,2013,47003374.0
p25,2033,IRA_low,2007,48384741.0
p25,2033,IRA_low,2008,48451489.0
p25,2033,IRA_low,2009,48396017.0
p25,2033,IRA_low,2010,48323891.0
p25,2033,IRA_low,2011,48405263.0
p25,2033,IRA_low,2012,48032735.0
p25,2033,IRA_low,2013,48604071.0
p25,2034,IRA_low,2007,49958387.0
p25,2034,IRA_low,2008,50034981.0
p25,2034,IRA_low,2009,49973075.0
p25,2034,IRA_low,2010,49892637.0
p25,2034,IRA_low,2011,49984079.0
p25,2034,IRA_low,2012,49563752.0
p25,2034,IRA_low,2013,50204845.0
p25,2035,IRA_low,2007,51532030.0
p25,2035,IRA_low,2008,51618486.0
p25,2035,IRA_low,2009,51550160.0
p25,2035,IRA_low,2010,51461486.0
p25,2035,IRA_low,2011,51562778.0
p25,2035,IRA_low,2012,51094834.0
p25,2035,IRA_low,2013,51805607.0
p25,2036,IRA_low,2007,52877435.0
p25,2036,IRA_low,2008,52970776.0
p25,2036,IRA_low,2009,52896622.0
p25,2036,IRA_low,2010,52801329.0
p25,2036,IRA_low,2011,52910344.0
p25,2036,IRA_low,2012,52405705.0
p25,2036,IRA_low,2013,53171913.0
p25,2037,IRA_low,2007,54222874.0
p25,2037,IRA_low,2008,54322959.0
p25,2037,IRA_low,2009,54242903.0
p25,2037,IRA_low,2010,54141087.0
p25,2037,IRA_low,2011,54257850.0
p25,2037,IRA_low,2012,53716466.0
p25,2037,IRA_low,2013,54538208.0
p25,2038,IRA_low,2007,55568310.0
p25,2038,IRA_low,2008,55675073.0
p25,2038,IRA_low,2009,55589407.0
p25,2038,IRA_low,2010,55481004.0
p25,2038,IRA_low,2011,55605450.0
p25,2038,IRA_low,2012,55027403.0
p25,2038,IRA_low,2013,55904546.0
p25,2039,IRA_low,2007,56913733.0
p25,2039,IRA_low,2008,57027266.0
p25,2039,IRA_low,2009,56935813.0
p25,2039,IRA_low,2010,56820815.0
p25,2039,IRA_low,2011,56952929.0
p25,2039,IRA_low,2012,56338231.0
p25,2039,IRA_low,2013,57270839.0
p25,2040,IRA_low,2007,58259189.0
p25,2040,IRA_low,2008,58379492.0
p25,2040,IRA_low,2009,58282194.0
p25,2040,IRA_low,2010,58160543.0
p25,2040,IRA_low,2011,58300497.0
p25,2040,IRA_low,2012,57649065.0
p25,2040,IRA_low,2013,58637088.0
p25,2041,IRA_low,2007,59446632.0
p25,2041,IRA_low,2008,59568972.0
p25,2041,IRA_low,2009,59467928.0
p25,2041,IRA_low,2010,59342461.0
p25,2041,IRA_low,2011,59486420.0
p25,2041,IRA_low,2012,58816553.0
p25,2041,IRA_low,2013,59836084.0
p25,2042,IRA_low,2007,60634062.0
p25,2042,IRA_low,2008,60758416.0
p25,2042,IRA_low,2009,60653702.0
p25,2042,IRA_low,2010,60524303.0
p25,2042,IRA_low,2011,60672313.0
p25,2042,IRA_low,2012,59984020.0
p25,2042,IRA_low,2013,61034960.0
p25,2043,IRA_low,2007,61821647.0
p25,2043,IRA_low,2008,61947896.0
p25,2043,IRA_low,2009,61839456.0
p25,2043,IRA_low,2010,61706185.0
p25,2043,IRA_low,2011,61858231.0
p25,2043,IRA_low,2012,61151490.0
p25,2043,IRA_low,2013,62233906.0
p25,2044,IRA_low,2007,63009225.0
p25,2044,IRA_low,2008,63137360.0
p25,2044,IRA_low,2009,63025081.0
p25,2044,IRA_low,2010,62888093.0
p25,2044,IRA_low,2011,63044093.0
p25,2044,IRA_low,2012,62319020.0
p25,2044,IRA_low,2013,63432770.0
p25,2045,IRA_low,2007,64196736.0
p25,2045,IRA_low,2008,64326920.0
p25,2045,IRA_low,2009,64210781.0
p25,2045,IRA_low,2010,64070014.0
p25,2045,IRA_low,2011,64230014.0
p25,2045,IRA_low,2012,63486508.0
p25,2045,IRA_low,2013,64631740.0
p25,2046,IRA_low,2007,65286162.0
p25,2046,IRA_low,2008,65413917.0
p25,2046,IRA_low,2009,65294598.0
p25,2046,IRA_low,2010,65151032.0
p25,2046,IRA_low,2011,65313141.0
p25,2046,IRA_low,2012,64564084.0
p25,2046,IRA_low,2013,65727381.0
p25,2047,IRA_low,2007,66375450.0
p25,2047,IRA_low,2008,66500884.0
p25,2047,IRA_low,2009,66378380.0
p25,2047,IRA_low,2010,66232065.0
p25,2047,IRA_low,2011,66396280.0
p25,2047,IRA_low,2012,65641588.0
p25,2047,IRA_low,2013,66822942.0
p25,2048,IRA_low,2007,67464910.0
p25,2048,IRA_low,2008,67587913.0
p25,2048,IRA_low,2009,67462078.0
p25,2048,IRA_low,2010,67313233.0
p25,2048,IRA_low,2011,67479457.0
p25,2048,IRA_low,2012,66719104.0
p25,2048,IRA_low,2013,67918514.0
p25,2049,IRA_low,2007,68554314.0
p25,2049,IRA_low,2008,68674854.0
p25,2049,IRA_low,2009,68545832.0
p25,2049,IRA_low,2010,68394206.0
p25,2049,IRA_low,2011,68562537.0
p25,2049,IRA_low,2012,67796628.0
p25,2049,IRA_low,2013,69014227.0
p25,2050,IRA_low,2007,69643703.0
p25,2050,IRA_low,2008,69761865.0
p25,2050,IRA_low,2009,69629590.0
p25,2050,IRA_low,2010,69475294.0
p25,2050,IRA_low,2011,69645669.0
p25,2050,IRA_low,2012,68874229.0
p25,2050,IRA_low,2013,70109813.0
p26,2020,IRA_low,2007,1779639.85
p26,2020,IRA_low,2008,1779199.98
p26,2020,IRA_low,2009,1779443.46
p26,2020,IRA_low,2010,1779358.47
p26,2020,IRA_low,2011,1779392.92
p26,2020,IRA_low,2012,1779541.08
p26,2020,IRA_low,2013,1779078.24
p26,2021,IRA_low,2007,1435614.0
p26,2021,IRA_low,2008,1435563.0
p26,2021,IRA_low,2009,1435844.0
p26,2021,IRA_low,2010,1435936.0
p26,2021,IRA_low,2011,1435743.0
p26,2021,IRA_low,2012,1435749.0
p26,2021,IRA_low,2013,1435472.0
p26,2022,IRA_low,2007,1467816.0
p26,2022,IRA_low,2008,1468001.0
p26,2022,IRA_low,2009,1467983.0
p26,2022,IRA_low,2010,1467923.0
p26,2022,IRA_low,2011,1467912.0
p26,2022,IRA_low,2012,1467979.0
p26,2022,IRA_low,2013,1468042.0
p26,2023,IRA_low,2007,1464965.0
p26,2023,IRA_low,2008,1465037.0
p26,2023,IRA_low,2009,1464914.0
p26,2023,IRA_low,2010,1464811.0
p26,2023,IRA_low,2011,1464902.0
p26,2023,IRA_low,2012,1464940.0
p26,2023,IRA_low,2013,1464875.0
p26,2024,IRA_low,2007,1518870.0
p26,2024,IRA_low,2008,1519123.0
p26,2024,IRA_low,2009,1519217.0
p26,2024,IRA_low,2010,1519170.0
p26,2024,IRA_low,2011,1519028.0
p26,2024,IRA_low,2012,1519164.0
p26,2024,IRA_low,2013,1519030.0
p26,2025,IRA_low,2007,1575274.0
p26,2025,IRA_low,2008,1575211.0
p26,2025,IRA_low,2009,1574900.0
p26,2025,IRA_low,2010,1574689.0
p26,2025,IRA_low,2011,1574718.0
p26,2025,IRA_low,2012,1574194.0
p26,2025,IRA_low,2013,1575690.0
p26,2026,IRA_low,2007,1655551.0
p26,2026,IRA_low,2008,1655585.0
p26,2026,IRA_low,2009,1654997.0
p26,2026,IRA_low,2010,1654285.0
p26,2026,IRA_low,2011,1654970.0
p26,2026,IRA_low,2012,1652232.0
p26,2026,IRA_low,2013,1657123.0
p26,2027,IRA_low,2007,1735365.0
p26,2027,IRA_low,2008,1735943.0
p26,2027,IRA_low,2009,1735125.0
p26,2027,IRA_low,2010,1733924.0
p26,2027,IRA_low,2011,1735302.0
p26,2027,IRA_low,2012,1730384.0
p26,2027,IRA_low,2013,1738706.0
p26,2028,IRA_low,2007,1815390.0
p26,2028,IRA_low,2008,1816419.0
p26,2028,IRA_low,2009,1815313.0
p26,2028,IRA_low,2010,1813626.0
p26,2028,IRA_low,2011,1815245.0
p26,2028,IRA_low,2012,1808310.0
p26,2028,IRA_low,2013,1819751.0
p26,2029,IRA_low,2007,1895421.0
p26,2029,IRA_low,2008,1897117.0
p26,2029,IRA_low,2009,1895372.0
p26,2029,IRA_low,2010,1893416.0
p26,2029,IRA_low,2011,1895598.0
p26,2029,IRA_low,2012,1886536.0
p26,2029,IRA_low,2013,1901027.0
p26,2030,IRA_low,2007,1975425.0
p26,2030,IRA_low,2008,1977272.0
p26,2030,IRA_low,2009,1975483.0
p26,2030,IRA_low,2010,1973199.0
p26,2030,IRA_low,2011,1975736.0
p26,2030,IRA_low,2012,1964344.0
p26,2030,IRA_low,2013,1982180.0
p26,2031,IRA_low,2007,2052882.0
p26,2031,IRA_low,2008,2055211.0
p26,2031,IRA_low,2009,2053155.0
p26,2031,IRA_low,2010,2050382.0
p26,2031,IRA_low,2011,2053493.0
p26,2031,IRA_low,2012,2039863.0
p26,2031,IRA_low,2013,2061243.0
p26,2032,IRA_low,2007,2130413.0
p26,2032,IRA_low,2008,2133343.0
p26,2032,IRA_low,2009,2130995.0
p26,2032,IRA_low,2010,2127482.0
p26,2032,IRA_low,2011,2131176.0
p26,2032,IRA_low,2012,2115215.0
p26,2032,IRA_low,2013,2139997.0
p26,2033,IRA_low,2007,2208043.0
p26,2033,IRA_low,2008,2211403.0
p26,2033,IRA_low,2009,2208595.0
p26,2033,IRA_low,2010,2205121.0
p26,2033,IRA_low,2011,2209028.0
p26,2033,IRA_low,2012,2190775.0
p26,2033,IRA_low,2013,2218851.0
p26,2034,IRA_low,2007,2285618.0
p26,2034,IRA_low,2008,2289297.0
p26,2034,IRA_low,2009,2286471.0
p26,2034,IRA_low,2010,2282289.0
p26,2034,IRA_low,2011,2286810.0
p26,2034,IRA_low,2012,2266164.0
p26,2034,IRA_low,2013,2297811.0
p26,2035,IRA_low,2007,2363053.0
p26,2035,IRA_low,2008,2367404.0
p26,2035,IRA_low,2009,2363948.0
p26,2035,IRA_low,2010,2359676.0
p26,2035,IRA_low,2011,2364739.0
p26,2035,IRA_low,2012,2341479.0
p26,2035,IRA_low,2013,2376759.0
p26,2036,IRA_low,2007,2429437.0
p26,2036,IRA_low,2008,2434096.0
p26,2036,IRA_low,2009,2430303.0
p26,2036,IRA_low,2010,2425703.0
p26,2036,IRA_low,2011,2431077.0
p26,2036,IRA_low,2012,2406186.0
p26,2036,IRA_low,2013,2443987.0
p26,2037,IRA_low,2007,2495758.0
p26,2037,IRA_low,2008,2500651.0
p26,2037,IRA_low,2009,2496685.0
p26,2037,IRA_low,2010,2491588.0
p26,2037,IRA_low,2011,2497392.0
p26,2037,IRA_low,2012,2470830.0
p26,2037,IRA_low,2013,2511314.0
p26,2038,IRA_low,2007,2562000.0
p26,2038,IRA_low,2008,2567292.0
p26,2038,IRA_low,2009,2562890.0
p26,2038,IRA_low,2010,2557938.0
p26,2038,IRA_low,2011,2564118.0
p26,2038,IRA_low,2012,2535505.0
p26,2038,IRA_low,2013,2578691.0
p26,2039,IRA_low,2007,2628338.0
p26,2039,IRA_low,2008,2633851.0
p26,2039,IRA_low,2009,2629416.0
p26,2039,IRA_low,2010,2623766.0
p26,2039,IRA_low,2011,2630262.0
p26,2039,IRA_low,2012,2599949.0
p26,2039,IRA_low,2013,2645956.0
p26,2040,IRA_low,2007,2694643.0
p26,2040,IRA_low,2008,2700405.0
p26,2040,IRA_low,2009,2695807.0
p26,2040,IRA_low,2010,2689815.0
p26,2040,IRA_low,2011,2696679.0
p26,2040,IRA_low,2012,2664649.0
p26,2040,IRA_low,2013,2713340.0
p26,2041,IRA_low,2007,2753214.0
p26,2041,IRA_low,2008,2759116.0
p26,2041,IRA_low,2009,2754252.0
p26,2041,IRA_low,2010,2748125.0
p26,2041,IRA_low,2011,2755150.0
p26,2041,IRA_low,2012,2722060.0
p26,2041,IRA_low,2013,2772339.0
p26,2042,IRA_low,2007,2811651.0
p26,2042,IRA_low,2008,2817735.0
p26,2042,IRA_low,2009,2812641.0
p26,2042,IRA_low,2010,2806321.0
p26,2042,IRA_low,2011,2813587.0
p26,2042,IRA_low,2012,2779767.0
p26,2042,IRA_low,2013,2831506.0
p26,2043,IRA_low,2007,2870250.0
p26,2043,IRA_low,2008,2876273.0
p26,2043,IRA_low,2009,2871082.0
p26,2043,IRA_low,2010,2864487.0
p26,2043,IRA_low,2011,2872006.0
p26,2043,IRA_low,2012,2837218.0
p26,2043,IRA_low,2013,2890555.0
p26,2044,IRA_low,2007,2928758.0
p26,2044,IRA_low,2008,2934966.0
p26,2044,IRA_low,2009,2929566.0
p26,2044,IRA_low,2010,2922813.0
p26,2044,IRA_low,2011,2930494.0
p26,2044,IRA_low,2012,2894735.0
p26,2044,IRA_low,2013,2949648.0
p26,2045,IRA_low,2007,2987175.0
p26,2045,IRA_low,2008,2993588.0
p26,2045,IRA_low,2009,2988078.0
p26,2045,IRA_low,2010,2980803.0
p26,2045,IRA_low,2011,2988724.0
p26,2045,IRA_low,2012,2952280.0
p26,2045,IRA_low,2013,3008665.0
p26,2046,IRA_low,2007,3040897.0
p26,2046,IRA_low,2008,3047185.0
p26,2046,IRA_low,2009,3041366.0
p26,2046,IRA_low,2010,3034339.0
p26,2046,IRA_low,2011,3042286.0
p26,2046,IRA_low,2012,3005293.0
p26,2046,IRA_low,2013,3062736.0
p26,2047,IRA_low,2007,3094499.0
p26,2047,IRA_low,2008,3100742.0
p26,2047,IRA_low,2009,3094829.0
p26,2047,IRA_low,2010,3087612.0
p26,2047,IRA_low,2011,3095636.0
p26,2047,IRA_low,2012,3058407.0
p26,2047,IRA_low,2013,3116667.0
p26,2048,IRA_low,2007,3148370.0
p26,2048,IRA_low,2008,3154374.0
p26,2048,IRA_low,2009,3148185.0
p26,2048,IRA_low,2010,3140782.0
p26,2048,IRA_low,2011,3149035.0
p26,2048,IRA_low,2012,3111539.0
p26,2048,IRA_low,2013,3170725.0
p26,2049,IRA_low,2007,3202016.0
p26,2049,IRA_low,2008,3207859.0
p26,2049,IRA_low,2009,3201517.0
p26,2049,IRA_low,2010,3194219.0
p26,2049,IRA_low,2011,3202501.0
p26,2049,IRA_low,2012,3164625.0
p26,2049,IRA_low,2013,3224681.0
p26,2050,IRA_low,2007,3255606.0
p26,2050,IRA_low,2008,3261386.0
p26,2050,IRA_low,2009,3255001.0
p26,2050,IRA_low,2010,3247411.0
p26,2050,IRA_low,2011,3255760.0
p26,2050,IRA_low,2012,3217755.0
p26,2050,IRA_low,2013,3278539.0
p27,2020,IRA_low,2007,3206814.77
p27,2020,IRA_low,2008,3206678.42
p27,2020,IRA_low,2009,3206910.33
p27,2020,IRA_low,2010,3206965.1
p27,2020,IRA_low,2011,3206873.04
p27,2020,IRA_low,2012,3206249.56
p27,2020,IRA_low,2013,3207178.37
p27,2021,IRA_low,2007,9890765.0
p27,2021,IRA_low,2008,9890599.0
p27,2021,IRA_low,2009,9890602.0
p27,2021,IRA_low,2010,9890576.0
p27,2021,IRA_low,2011,9890554.0
p27,2021,IRA_low,2012,9890567.0
p27,2021,IRA_low,2013,9890600.0
p27,2022,IRA_low,2007,10315168.0
p27,2022,IRA_low,2008,10315098.0
p27,2022,IRA_low,2009,10315080.0
p27,2022,IRA_low,2010,10315029.0
p27,2022,IRA_low,2011,10315082.0
p27,2022,IRA_low,2012,10315124.0
p27,2022,IRA_low,2013,10315150.0
p27,2023,IRA_low,2007,10591163.0
p27,2023,IRA_low,2008,10591159.0
p27,2023,IRA_low,2009,10591160.0
p27,2023,IRA_low,2010,10591204.0
p27,2023,IRA_low,2011,10591217.0
p27,2023,IRA_low,2012,10591096.0
p27,2023,IRA_low,2013,10591166.0
p27,2024,IRA_low,2007,11202160.0
p27,2024,IRA_low,2008,11202073.0
p27,2024,IRA_low,2009,11202079.0
p27,2024,IRA_low,2010,11202059.0
p27,2024,IRA_low,2011,11202049.0
p27,2024,IRA_low,2012,11202194.0
p27,2024,IRA_low,2013,11202058.0
p27,2025,IRA_low,2007,11310659.0
p27,2025,IRA_low,2008,11309808.0
p27,2025,IRA_low,2009,11309702.0
p27,2025,IRA_low,2010,11309193.0
p27,2025,IRA_low,2011,11310798.0
p27,2025,IRA_low,2012,11309475.0
p27,2025,IRA_low,2013,11310661.0
p27,2026,IRA_low,2007,11450268.0
p27,2026,IRA_low,2008,11448892.0
p27,2026,IRA_low,2009,11448872.0
p27,2026,IRA_low,2010,11448344.0
p27,2026,IRA_low,2011,11450330.0
p27,2026,IRA_low,2012,11448563.0
p27,2026,IRA_low,2013,11450244.0
p27,2027,IRA_low,2007,11589850.0
p27,2027,IRA_low,2008,11587950.0
p27,2027,IRA_low,2009,11588132.0
p27,2027,IRA_low,2010,11587205.0
p27,2027,IRA_low,2011,11589935.0
p27,2027,IRA_low,2012,11587612.0
p27,2027,IRA_low,2013,11589817.0
p27,2028,IRA_low,2007,11729292.0
p27,2028,IRA_low,2008,11727254.0
p27,2028,IRA_low,2009,11727250.0
p27,2028,IRA_low,2010,11726311.0
p27,2028,IRA_low,2011,11729460.0
p27,2028,IRA_low,2012,11726731.0
p27,2028,IRA_low,2013,11729314.0
p27,2029,IRA_low,2007,11868843.0
p27,2029,IRA_low,2008,11866307.0
p27,2029,IRA_low,2009,11866401.0
p27,2029,IRA_low,2010,11865381.0
p27,2029,IRA_low,2011,11869026.0
p27,2029,IRA_low,2012,11865616.0
p27,2029,IRA_low,2013,11868913.0
p27,2030,IRA_low,2007,12008414.0
p27,2030,IRA_low,2008,12005452.0
p27,2030,IRA_low,2009,12005568.0
p27,2030,IRA_low,2010,12004401.0
p27,2030,IRA_low,2011,12008649.0
p27,2030,IRA_low,2012,12004634.0
p27,2030,IRA_low,2013,12008504.0
p27,2031,IRA_low,2007,12137351.0
p27,2031,IRA_low,2008,12133779.0
p27,2031,IRA_low,2009,12134090.0
p27,2031,IRA_low,2010,12132596.0
p27,2031,IRA_low,2011,12137543.0
p27,2031,IRA_low,2012,12133020.0
p27,2031,IRA_low,2013,12137393.0
p27,2032,IRA_low,2007,12266267.0
p27,2032,IRA_low,2008,12262446.0
p27,2032,IRA_low,2009,12262568.0
p27,2032,IRA_low,2010,12261105.0
p27,2032,IRA_low,2011,12266438.0
p27,2032,IRA_low,2012,12261281.0
p27,2032,IRA_low,2013,12266274.0
p27,2033,IRA_low,2007,12395271.0
p27,2033,IRA_low,2008,12391136.0
p27,2033,IRA_low,2009,12391492.0
p27,2033,IRA_low,2010,12388665.0
p27,2033,IRA_low,2011,12395371.0
p27,2033,IRA_low,2012,12389583.0
p27,2033,IRA_low,2013,12395303.0
p27,2034,IRA_low,2007,12524237.0
p27,2034,IRA_low,2008,12519249.0
p27,2034,IRA_low,2009,12519591.0
p27,2034,IRA_low,2010,12517871.0
p27,2034,IRA_low,2011,12524563.0
p27,2034,IRA_low,2012,12517876.0
p27,2034,IRA_low,2013,12524144.0
p27,2035,IRA_low,2007,12653150.0
p27,2035,IRA_low,2008,12647662.0
p27,2035,IRA_low,2009,12648163.0
p27,2035,IRA_low,2010,12646319.0
p27,2035,IRA_low,2011,12653207.0
p27,2035,IRA_low,2012,12646212.0
p27,2035,IRA_low,2013,12653133.0
p27,2036,IRA_low,2007,12760592.0
p27,2036,IRA_low,2008,12754544.0
p27,2036,IRA_low,2009,12755174.0
p27,2036,IRA_low,2010,12753095.0
p27,2036,IRA_low,2011,12760615.0
p27,2036,IRA_low,2012,12753109.0
p27,2036,IRA_low,2013,12760492.0
p27,2037,IRA_low,2007,12868031.0
p27,2037,IRA_low,2008,12861634.0
p27,2037,IRA_low,2009,12862343.0
p27,2037,IRA_low,2010,12859965.0
p27,2037,IRA_low,2011,12867824.0
p27,2037,IRA_low,2012,12860069.0
p27,2037,IRA_low,2013,12867908.0
p27,2038,IRA_low,2007,12975482.0
p27,2038,IRA_low,2008,12968400.0
p27,2038,IRA_low,2009,12969419.0
p27,2038,IRA_low,2010,12966730.0
p27,2038,IRA_low,2011,12975125.0
p27,2038,IRA_low,2012,12967000.0
p27,2038,IRA_low,2013,12975335.0
p27,2039,IRA_low,2007,13082940.0
p27,2039,IRA_low,2008,13075360.0
p27,2039,IRA_low,2009,13076461.0
p27,2039,IRA_low,2010,13073628.0
p27,2039,IRA_low,2011,13082440.0
p27,2039,IRA_low,2012,13073943.0
p27,2039,IRA_low,2013,13082820.0
p27,2040,IRA_low,2007,13190423.0
p27,2040,IRA_low,2008,13182359.0
p27,2040,IRA_low,2009,13183498.0
p27,2040,IRA_low,2010,13180425.0
p27,2040,IRA_low,2011,13189733.0
p27,2040,IRA_low,2012,13180861.0
p27,2040,IRA_low,2013,13190118.0
p27,2041,IRA_low,2007,13296275.0
p27,2041,IRA_low,2008,13287611.0
p27,2041,IRA_low,2009,13288991.0
p27,2041,IRA_low,2010,13285549.0
p27,2041,IRA_low,2011,13295363.0
p27,2041,IRA_low,2012,13286353.0
p27,2041,IRA_low,2013,13295818.0
p27,2042,IRA_low,2007,13402174.0
p27,2042,IRA_low,2008,13392916.0
p27,2042,IRA_low,2009,13394422.0
p27,2042,IRA_low,2010,13390812.0
p27,2042,IRA_low,2011,13401165.0
p27,2042,IRA_low,2012,13391636.0
p27,2042,IRA_low,2013,13401682.0
p27,2043,IRA_low,2007,13507995.0
p27,2043,IRA_low,2008,13498279.0
p27,2043,IRA_low,2009,13500010.0
p27,2043,IRA_low,2010,13495915.0
p27,2043,IRA_low,2011,13506595.0
p27,2043,IRA_low,2012,13497203.0
p27,2043,IRA_low,2013,13507341.0
p27,2044,IRA_low,2007,13613496.0
p27,2044,IRA_low,2008,13603539.0
p27,2044,IRA_low,2009,13605420.0
p27,2044,IRA_low,2010,13601187.0
p27,2044,IRA_low,2011,13612376.0
p27,2044,IRA_low,2012,13602618.0
p27,2044,IRA_low,2013,13613339.0
p27,2045,IRA_low,2007,13719593.0
p27,2045,IRA_low,2008,13708949.0
p27,2045,IRA_low,2009,13710850.0
p27,2045,IRA_low,2010,13706337.0
p27,2045,IRA_low,2011,13717933.0
p27,2045,IRA_low,2012,13708134.0
p27,2045,IRA_low,2013,13718925.0
p27,2046,IRA_low,2007,13821069.0
p27,2046,IRA_low,2008,13809436.0
p27,2046,IRA_low,2009,13811873.0
p27,2046,IRA_low,2010,13806778.0
p27,2046,IRA_low,2011,13818945.0
p27,2046,IRA_low,2012,13808931.0
p27,2046,IRA_low,2013,13819970.0
p27,2047,IRA_low,2007,13922238.0
p27,2047,IRA_low,2008,13910233.0
p27,2047,IRA_low,2009,13912692.0
p27,2047,IRA_low,2010,13907412.0
p27,2047,IRA_low,2011,13920000.0
p27,2047,IRA_low,2012,13909826.0
p27,2047,IRA_low,2013,13921209.0
p27,2048,IRA_low,2007,14023749.0
p27,2048,IRA_low,2008,14011125.0
p27,2048,IRA_low,2009,14013472.0
p27,2048,IRA_low,2010,14007784.0
p27,2048,IRA_low,2011,14021038.0
p27,2048,IRA_low,2012,14010877.0
p27,2048,IRA_low,2013,14022321.0
p27,2049,IRA_low,2007,14124992.0
p27,2049,IRA_low,2008,14111827.0
p27,2049,IRA_low,2009,14114489.0
p27,2049,IRA_low,2010,14108389.0
p27,2049,IRA_low,2011,14122139.0
p27,2049,IRA_low,2012,14111741.0
p27,2049,IRA_low,2013,14123565.0
p27,2050,IRA_low,2007,14226408.0
p27,2050,IRA_low,2008,14212474.0
p27,2050,IRA_low,2009,14215396.0
p27,2050,IRA_low,2010,14208855.0
p27,2050,IRA_low,2011,14223104.0
p27,2050,IRA_low,2012,14212647.0
p27,2050,IRA_low,2013,14224672.0
p28,2020,IRA_low,2007,83135407.53
p28,2020,IRA_low,2008,83134061.51
p28,2020,IRA_low,2009,83137256.99
p28,2020,IRA_low,2010,83141728.57
p28,2020,IRA_low,2011,83128086.58
p28,2020,IRA_low,2012,83138171.82
p28,2020,IRA_low,2013,83134358.68
p28,2021,IRA_low,2007,60286358.0
p28,2021,IRA_low,2008,60286380.0
p28,2021,IRA_low,2009,60286334.0
p28,2021,IRA_low,2010,60286339.0
p28,2021,IRA_low,2011,60286376.0
p28,2021,IRA_low,2012,60286310.0
p28,2021,IRA_low,2013,60286338.0
p28,2022,IRA_low,2007,62873873.0
p28,2022,IRA_low,2008,62873821.0
p28,2022,IRA_low,2009,62873851.0
p28,2022,IRA_low,2010,62873818.0
p28,2022,IRA_low,2011,62873848.0
p28,2022,IRA_low,2012,62873858.0
p28,2022,IRA_low,2013,62873838.0
p28,2023,IRA_low,2007,64556711.0
p28,2023,IRA_low,2008,64556636.0
p28,2023,IRA_low,2009,64556634.0
p28,2023,IRA_low,2010,64556632.0
p28,2023,IRA_low,2011,64556631.0
p28,2023,IRA_low,2012,64556676.0
p28,2023,IRA_low,2013,64556645.0
p28,2024,IRA_low,2007,68280348.0
p28,2024,IRA_low,2008,68280297.0
p28,2024,IRA_low,2009,68280321.0
p28,2024,IRA_low,2010,68280287.0
p28,2024,IRA_low,2011,68280294.0
p28,2024,IRA_low,2012,68280328.0
p28,2024,IRA_low,2013,68280339.0
p28,2025,IRA_low,2007,70703038.0
p28,2025,IRA_low,2008,70682099.0
p28,2025,IRA_low,2009,70681262.0
p28,2025,IRA_low,2010,70670561.0
p28,2025,IRA_low,2011,70703629.0
p28,2025,IRA_low,2012,70676131.0
p28,2025,IRA_low,2013,70701375.0
p28,2026,IRA_low,2007,73814904.0
p28,2026,IRA_low,2008,73784957.0
p28,2026,IRA_low,2009,73785233.0
p28,2026,IRA_low,2010,73770530.0
p28,2026,IRA_low,2011,73816443.0
p28,2026,IRA_low,2012,73776227.0
p28,2026,IRA_low,2013,73813879.0
p28,2027,IRA_low,2007,76926731.0
p28,2027,IRA_low,2008,76887930.0
p28,2027,IRA_low,2009,76889065.0
p28,2027,IRA_low,2010,76870842.0
p28,2027,IRA_low,2011,76929255.0
p28,2027,IRA_low,2012,76876362.0
p28,2027,IRA_low,2013,76926271.0
p28,2028,IRA_low,2007,80038553.0
p28,2028,IRA_low,2008,79990707.0
p28,2028,IRA_low,2009,79992943.0
p28,2028,IRA_low,2010,79970903.0
p28,2028,IRA_low,2011,80042085.0
p28,2028,IRA_low,2012,79976597.0
p28,2028,IRA_low,2013,80038781.0
p28,2029,IRA_low,2007,83150326.0
p28,2029,IRA_low,2008,83093650.0
p28,2029,IRA_low,2009,83096846.0
p28,2029,IRA_low,2010,83071041.0
p28,2029,IRA_low,2011,83154896.0
p28,2029,IRA_low,2012,83076678.0
p28,2029,IRA_low,2013,83151255.0
p28,2030,IRA_low,2007,86262139.0
p28,2030,IRA_low,2008,86196451.0
p28,2030,IRA_low,2009,86200735.0
p28,2030,IRA_low,2010,86171133.0
p28,2030,IRA_low,2011,86267623.0
p28,2030,IRA_low,2012,86176828.0
p28,2030,IRA_low,2013,86263683.0
p28,2031,IRA_low,2007,89137873.0
p28,2031,IRA_low,2008,89060992.0
p28,2031,IRA_low,2009,89066610.0
p28,2031,IRA_low,2010,89034316.0
p28,2031,IRA_low,2011,89142553.0
p28,2031,IRA_low,2012,89038471.0
p28,2031,IRA_low,2013,89138859.0
p28,2032,IRA_low,2007,92013632.0
p28,2032,IRA_low,2008,91925581.0
p28,2032,IRA_low,2009,91932571.0
p28,2032,IRA_low,2010,91897565.0
p28,2032,IRA_low,2011,92017542.0
p28,2032,IRA_low,2012,91900035.0
p28,2032,IRA_low,2013,92014021.0
p28,2033,IRA_low,2007,94889318.0
p28,2033,IRA_low,2008,94790102.0
p28,2033,IRA_low,2009,94798362.0
p28,2033,IRA_low,2010,94760797.0
p28,2033,IRA_low,2011,94892495.0
p28,2033,IRA_low,2012,94761582.0
p28,2033,IRA_low,2013,94889222.0
p28,2034,IRA_low,2007,97765077.0
p28,2034,IRA_low,2008,97654666.0
p28,2034,IRA_low,2009,97664133.0
p28,2034,IRA_low,2010,97623966.0
p28,2034,IRA_low,2011,97767476.0
p28,2034,IRA_low,2012,97623203.0
p28,2034,IRA_low,2013,97764472.0
p28,2035,IRA_low,2007,100640824.0
p28,2035,IRA_low,2008,100519142.0
p28,2035,IRA_low,2009,100529969.0
p28,2035,IRA_low,2010,100487226.0
p28,2035,IRA_low,2011,100642385.0
p28,2035,IRA_low,2012,100484696.0
p28,2035,IRA_low,2013,100639596.0
p28,2036,IRA_low,2007,103037078.0
p28,2036,IRA_low,2008,102903800.0
p28,2036,IRA_low,2009,102917617.0
p28,2036,IRA_low,2010,102869738.0
p28,2036,IRA_low,2011,103035287.0
p28,2036,IRA_low,2012,102869645.0
p28,2036,IRA_low,2013,103034545.0
p28,2037,IRA_low,2007,105433237.0
p28,2037,IRA_low,2008,105288475.0
p28,2037,IRA_low,2009,105305245.0
p28,2037,IRA_low,2010,105252328.0
p28,2037,IRA_low,2011,105428322.0
p28,2037,IRA_low,2012,105254478.0
p28,2037,IRA_low,2013,105429445.0
p28,2038,IRA_low,2007,107829506.0
p28,2038,IRA_low,2008,107673098.0
p28,2038,IRA_low,2009,107692789.0
p28,2038,IRA_low,2010,107634798.0
p28,2038,IRA_low,2011,107821165.0
p28,2038,IRA_low,2012,107639405.0
p28,2038,IRA_low,2013,107824345.0
p28,2039,IRA_low,2007,110225681.0
p28,2039,IRA_low,2008,110057700.0
p28,2039,IRA_low,2009,110080446.0
p28,2039,IRA_low,2010,110017286.0
p28,2039,IRA_low,2011,110214205.0
p28,2039,IRA_low,2012,110024318.0
p28,2039,IRA_low,2013,110219301.0
p28,2040,IRA_low,2007,112621846.0
p28,2040,IRA_low,2008,112442362.0
p28,2040,IRA_low,2009,112468057.0
p28,2040,IRA_low,2010,112399777.0
p28,2040,IRA_low,2011,112607111.0
p28,2040,IRA_low,2012,112409263.0
p28,2040,IRA_low,2013,112614221.0
p28,2041,IRA_low,2007,114982651.0
p28,2041,IRA_low,2008,114790875.0
p28,2041,IRA_low,2009,114820319.0
p28,2041,IRA_low,2010,114745432.0
p28,2041,IRA_low,2011,114962866.0
p28,2041,IRA_low,2012,114760671.0
p28,2041,IRA_low,2013,114972592.0
p28,2042,IRA_low,2007,117343466.0
p28,2042,IRA_low,2008,117139424.0
p28,2042,IRA_low,2009,117172696.0
p28,2042,IRA_low,2010,117091007.0
p28,2042,IRA_low,2011,117318664.0
p28,2042,IRA_low,2012,117111939.0
p28,2042,IRA_low,2013,117330992.0
p28,2043,IRA_low,2007,119704308.0
p28,2043,IRA_low,2008,119487926.0
p28,2043,IRA_low,2009,119524947.0
p28,2043,IRA_low,2010,119436460.0
p28,2043,IRA_low,2011,119674411.0
p28,2043,IRA_low,2012,119463292.0
p28,2043,IRA_low,2013,119689417.0
p28,2044,IRA_low,2007,122065111.0
p28,2044,IRA_low,2008,121836441.0
p28,2044,IRA_low,2009,121877287.0
p28,2044,IRA_low,2010,121782016.0
p28,2044,IRA_low,2011,122030169.0
p28,2044,IRA_low,2012,121814604.0
p28,2044,IRA_low,2013,122047734.0
p28,2045,IRA_low,2007,124426043.0
p28,2045,IRA_low,2008,124185028.0
p28,2045,IRA_low,2009,124229571.0
p28,2045,IRA_low,2010,124127654.0
p28,2045,IRA_low,2011,124385983.0
p28,2045,IRA_low,2012,124166093.0
p28,2045,IRA_low,2013,124406208.0
p28,2046,IRA_low,2007,126685572.0
p28,2046,IRA_low,2008,126431050.0
p28,2046,IRA_low,2009,126479947.0
p28,2046,IRA_low,2010,126369243.0
p28,2046,IRA_low,2011,126639404.0
p28,2046,IRA_low,2012,126416422.0
p28,2046,IRA_low,2013,126662199.0
p28,2047,IRA_low,2007,128945221.0
p28,2047,IRA_low,2008,128677055.0
p28,2047,IRA_low,2009,128730147.0
p28,2047,IRA_low,2010,128610838.0
p28,2047,IRA_low,2011,128892794.0
p28,2047,IRA_low,2012,128666981.0
p28,2047,IRA_low,2013,128918313.0
p28,2048,IRA_low,2007,131204734.0
p28,2048,IRA_low,2008,130923154.0
p28,2048,IRA_low,2009,130980435.0
p28,2048,IRA_low,2010,130852282.0
p28,2048,IRA_low,2011,131146252.0
p28,2048,IRA_low,2012,130917384.0
p28,2048,IRA_low,2013,131174352.0
p28,2049,IRA_low,2007,133464455.0
p28,2049,IRA_low,2008,133169096.0
p28,2049,IRA_low,2009,133230610.0
p28,2049,IRA_low,2010,133093938.0
p28,2049,IRA_low,2011,133399592.0
p28,2049,IRA_low,2012,133167843.0
p28,2049,IRA_low,2013,133430354.0
p28,2050,IRA_low,2007,135723953.0
p28,2050,IRA_low,2008,135415153.0
p28,2050,IRA_low,2009,135480905.0
p28,2050,IRA_low,2010,135335528.0
p28,2050,IRA_low,2011,135653068.0
p28,2050,IRA_low,2012,135418274.0
p28,2050,IRA_low,2013,135686539.0
p29,2020,IRA_low,2007,877518.06
p29,2020,IRA_low,2008,877555.35
p29,2020,IRA_low,2009,877307.12
p29,2020,IRA_low,2010,877604.3
p29,2020,IRA_low,2011,877303.63
p29,2020,IRA_low,2012,877995.87
p29,2020,IRA_low,2013,877380.54
p29,2021,IRA_low,2007,1028256.0
p29,2021,IRA_low,2008,1028576.0
p29,2021,IRA_low,2009,1028571.0
p29,2021,IRA_low,2010,1028491.0
p29,2021,IRA_low,2011,1028508.0
p29,2021,IRA_low,2012,1028519.0
p29,2021,IRA_low,2013,1028688.0
p29,2022,IRA_low,2007,1072548.0
p29,2022,IRA_low,2008,1072585.0
p29,2022,IRA_low,2009,1072552.0
p29,2022,IRA_low,2010,1072610.0
p29,2022,IRA_low,2011,1072655.0
p29,2022,IRA_low,2012,1072485.0
p29,2022,IRA_low,2013,1072968.0
p29,2023,IRA_low,2007,1101286.0
p29,2023,IRA_low,2008,1101394.0
p29,2023,IRA_low,2009,1101333.0
p29,2023,IRA_low,2010,1101256.0
p29,2023,IRA_low,2011,1101261.0
p29,2023,IRA_low,2012,1101268.0
p29,2023,IRA_low,2013,1101425.0
p29,2024,IRA_low,2007,1164806.0
p29,2024,IRA_low,2008,1164808.0
p29,2024,IRA_low,2009,1165111.0
p29,2024,IRA_low,2010,1165143.0
p29,2024,IRA_low,2011,1164745.0
p29,2024,IRA_low,2012,1164947.0
p29,2024,IRA_low,2013,1164779.0
p29,2025,IRA_low,2007,1195076.0
p29,2025,IRA_low,2008,1194824.0
p29,2025,IRA_low,2009,1194733.0
p29,2025,IRA_low,2010,1194667.0
p29,2025,IRA_low,2011,1195328.0
p29,2025,IRA_low,2012,1194831.0
p29,2025,IRA_low,2013,1195090.0
p29,2026,IRA_low,2007,1233883.0
p29,2026,IRA_low,2008,1233704.0
p29,2026,IRA_low,2009,1233521.0
p29,2026,IRA_low,2010,1233364.0
p29,2026,IRA_low,2011,1233896.0
p29,2026,IRA_low,2012,1233495.0
p29,2026,IRA_low,2013,1233962.0
p29,2027,IRA_low,2007,1272564.0
p29,2027,IRA_low,2008,1272282.0
p29,2027,IRA_low,2009,1272148.0
p29,2027,IRA_low,2010,1271910.0
p29,2027,IRA_low,2011,1272737.0
p29,2027,IRA_low,2012,1272007.0
p29,2027,IRA_low,2013,1272645.0
p29,2028,IRA_low,2007,1311525.0
p29,2028,IRA_low,2008,1311009.0
p29,2028,IRA_low,2009,1310931.0
p29,2028,IRA_low,2010,1310700.0
p29,2028,IRA_low,2011,1311584.0
p29,2028,IRA_low,2012,1310883.0
p29,2028,IRA_low,2013,1311565.0
p29,2029,IRA_low,2007,1350260.0
p29,2029,IRA_low,2008,1349548.0
p29,2029,IRA_low,2009,1349570.0
p29,2029,IRA_low,2010,1349187.0
p29,2029,IRA_low,2011,1350412.0
p29,2029,IRA_low,2012,1349231.0
p29,2029,IRA_low,2013,1350308.0
p29,2030,IRA_low,2007,1389202.0
p29,2030,IRA_low,2008,1388177.0
p29,2030,IRA_low,2009,1388513.0
p29,2030,IRA_low,2010,1388181.0
p29,2030,IRA_low,2011,1389148.0
p29,2030,IRA_low,2012,1388009.0
p29,2030,IRA_low,2013,1388960.0
p29,2031,IRA_low,2007,1424950.0
p29,2031,IRA_low,2008,1424006.0
p29,2031,IRA_low,2009,1424034.0
p29,2031,IRA_low,2010,1423583.0
p29,2031,IRA_low,2011,1425017.0
p29,2031,IRA_low,2012,1423659.0
p29,2031,IRA_low,2013,1424865.0
p29,2032,IRA_low,2007,1460941.0
p29,2032,IRA_low,2008,1459776.0
p29,2032,IRA_low,2009,1459737.0
p29,2032,IRA_low,2010,1459407.0
p29,2032,IRA_low,2011,1460836.0
p29,2032,IRA_low,2012,1459280.0
p29,2032,IRA_low,2013,1460768.0
p29,2033,IRA_low,2007,1496786.0
p29,2033,IRA_low,2008,1495441.0
p29,2033,IRA_low,2009,1495409.0
p29,2033,IRA_low,2010,1494962.0
p29,2033,IRA_low,2011,1496775.0
p29,2033,IRA_low,2012,1494872.0
p29,2033,IRA_low,2013,1496745.0
p29,2034,IRA_low,2007,1532576.0
p29,2034,IRA_low,2008,1531528.0
p29,2034,IRA_low,2009,1531062.0
p29,2034,IRA_low,2010,1530812.0
p29,2034,IRA_low,2011,1532499.0
p29,2034,IRA_low,2012,1530912.0
p29,2034,IRA_low,2013,1532424.0
p29,2035,IRA_low,2007,1568557.0
p29,2035,IRA_low,2008,1566908.0
p29,2035,IRA_low,2009,1566835.0
p29,2035,IRA_low,2010,1566397.0
p29,2035,IRA_low,2011,1568397.0
p29,2035,IRA_low,2012,1566442.0
p29,2035,IRA_low,2013,1568300.0
p29,2036,IRA_low,2007,1598354.0
p29,2036,IRA_low,2008,1596674.0
p29,2036,IRA_low,2009,1596777.0
p29,2036,IRA_low,2010,1596204.0
p29,2036,IRA_low,2011,1598064.0
p29,2036,IRA_low,2012,1596046.0
p29,2036,IRA_low,2013,1598331.0
p29,2037,IRA_low,2007,1628234.0
p29,2037,IRA_low,2008,1626282.0
p29,2037,IRA_low,2009,1626469.0
p29,2037,IRA_low,2010,1625835.0
p29,2037,IRA_low,2011,1628163.0
p29,2037,IRA_low,2012,1625851.0
p29,2037,IRA_low,2013,1627990.0
p29,2038,IRA_low,2007,1658048.0
p29,2038,IRA_low,2008,1655916.0
p29,2038,IRA_low,2009,1656300.0
p29,2038,IRA_low,2010,1655560.0
p29,2038,IRA_low,2011,1658045.0
p29,2038,IRA_low,2012,1655719.0
p29,2038,IRA_low,2013,1657976.0
p29,2039,IRA_low,2007,1687952.0
p29,2039,IRA_low,2008,1685751.0
p29,2039,IRA_low,2009,1686140.0
p29,2039,IRA_low,2010,1685299.0
p29,2039,IRA_low,2011,1687707.0
p29,2039,IRA_low,2012,1685511.0
p29,2039,IRA_low,2013,1687813.0
p29,2040,IRA_low,2007,1717886.0
p29,2040,IRA_low,2008,1715574.0
p29,2040,IRA_low,2009,1715784.0
p29,2040,IRA_low,2010,1715028.0
p29,2040,IRA_low,2011,1717540.0
p29,2040,IRA_low,2012,1715115.0
p29,2040,IRA_low,2013,1717549.0
p29,2041,IRA_low,2007,1747320.0
p29,2041,IRA_low,2008,1744801.0
p29,2041,IRA_low,2009,1744982.0
p29,2041,IRA_low,2010,1743967.0
p29,2041,IRA_low,2011,1747097.0
p29,2041,IRA_low,2012,1744439.0
p29,2041,IRA_low,2013,1747272.0
p29,2042,IRA_low,2007,1776672.0
p29,2042,IRA_low,2008,1774233.0
p29,2042,IRA_low,2009,1774486.0
p29,2042,IRA_low,2010,1773339.0
p29,2042,IRA_low,2011,1776416.0
p29,2042,IRA_low,2012,1773746.0
p29,2042,IRA_low,2013,1776649.0
p29,2043,IRA_low,2007,1806236.0
p29,2043,IRA_low,2008,1803376.0
p29,2043,IRA_low,2009,1803805.0
p29,2043,IRA_low,2010,1802751.0
p29,2043,IRA_low,2011,1805726.0
p29,2043,IRA_low,2012,1803076.0
p29,2043,IRA_low,2013,1806095.0
p29,2044,IRA_low,2007,1835667.0
p29,2044,IRA_low,2008,1832715.0
p29,2044,IRA_low,2009,1833235.0
p29,2044,IRA_low,2010,1831908.0
p29,2044,IRA_low,2011,1835034.0
p29,2044,IRA_low,2012,1832382.0
p29,2044,IRA_low,2013,1835580.0
p29,2045,IRA_low,2007,1865086.0
p29,2045,IRA_low,2008,1861934.0
p29,2045,IRA_low,2009,1862673.0
p29,2045,IRA_low,2010,1861290.0
p29,2045,IRA_low,2011,1864529.0
p29,2045,IRA_low,2012,1861769.0
p29,2045,IRA_low,2013,1864851.0
p29,2046,IRA_low,2007,1893211.0
p29,2046,IRA_low,2008,1889889.0
p29,2046,IRA_low,2009,1890588.0
p29,2046,IRA_low,2010,1889127.0
p29,2046,IRA_low,2011,1892700.0
p29,2046,IRA_low,2012,1889784.0
p29,2046,IRA_low,2013,1892908.0
p29,2047,IRA_low,2007,1921427.0
p29,2047,IRA_low,2008,1917927.0
p29,2047,IRA_low,2009,1918721.0
p29,2047,IRA_low,2010,1916991.0
p29,2047,IRA_low,2011,1920820.0
p29,2047,IRA_low,2012,1917825.0
p29,2047,IRA_low,2013,1921041.0
p29,2048,IRA_low,2007,1949728.0
p29,2048,IRA_low,2008,1946153.0
p29,2048,IRA_low,2009,1946667.0
p29,2048,IRA_low,2010,1944993.0
p29,2048,IRA_low,2011,1948895.0
p29,2048,IRA_low,2012,1946031.0
p29,2048,IRA_low,2013,1949110.0
p29,2049,IRA_low,2007,1977817.0
p29,2049,IRA_low,2008,1974138.0
p29,2049,IRA_low,2009,1974922.0
p29,2049,IRA_low,2010,1973065.0
p29,2049,IRA_low,2011,1976972.0
p29,2049,IRA_low,2012,1974046.0
p29,2049,IRA_low,2013,1977325.0
p29,2050,IRA_low,2007,2006015.0
p29,2050,IRA_low,2008,2002313.0
p29,2050,IRA_low,2009,2002843.0
p29,2050,IRA_low,2010,2000977.0
p29,2050,IRA_low,2011,2005149.0
p29,2050,IRA_low,2012,2002077.0
p29,2050,IRA_low,2013,2005522.0
p3,2020,IRA_low,2007,9329267.0
p3,2020,IRA_low,2008,9328575.3
p3,2020,IRA_low,2009,9328966.85
p3,2020,IRA_low,2010,9329812.46
p3,2020,IRA_low,2011,9327900.92
p3,2020,IRA_low,2012,9329237.17
p3,2020,IRA_low,2013,9328714.8
p3,2021,IRA_low,2007,11938720.0
p3,2021,IRA_low,2008,11938855.0
p3,2021,IRA_low,2009,11938966.0
p3,2021,IRA_low,2010,11938606.0
p3,2021,IRA_low,2011,11939208.0
p3,2021,IRA_low,2012,11938984.0
p3,2021,IRA_low,2013,11938672.0
p3,2022,IRA_low,2007,12297266.0
p3,2022,IRA_low,2008,12297275.0
p3,2022,IRA_low,2009,12297193.0
p3,2022,IRA_low,2010,12297326.0
p3,2022,IRA_low,2011,12297163.0
p3,2022,IRA_low,2012,12297311.0
p3,2022,IRA_low,2013,12297238.0
p3,2023,IRA_low,2007,12123421.0
p3,2023,IRA_low,2008,12123415.0
p3,2023,IRA_low,2009,12123460.0
p3,2023,IRA_low,2010,12123412.0
p3,2023,IRA_low,2011,12123420.0
p3,2023,IRA_low,2012,12123321.0
p3,2023,IRA_low,2013,12123402.0
p3,2024,IRA_low,2007,12213615.0
p3,2024,IRA_low,2008,12213614.0
p3,2024,IRA_low,2009,12213618.0
p3,2024,IRA_low,2010,12213632.0
p3,2024,IRA_low,2011,12213606.0
p3,2024,IRA_low,2012,12213609.0
p3,2024,IRA_low,2013,12213603.0
p3,2025,IRA_low,2007,12523348.0
p3,2025,IRA_low,2008,12524434.0
p3,2025,IRA_low,2009,12525268.0
p3,2025,IRA_low,2010,12521042.0
p3,2025,IRA_low,2011,12523968.0
p3,2025,IRA_low,2012,12522939.0
p3,2025,IRA_low,2013,12524270.0
p3,2026,IRA_low,2007,12899725.0
p3,2026,IRA_low,2008,12902726.0
p3,2026,IRA_low,2009,12903419.0
p3,2026,IRA_low,2010,12895002.0
p3,2026,IRA_low,2011,12901918.0
p3,2026,IRA_low,2012,12898625.0
p3,2026,IRA_low,2013,12900712.0
p3,2027,IRA_low,2007,13276127.0
p3,2027,IRA_low,2008,13280873.0
p3,2027,IRA_low,2009,13281444.0
p3,2027,IRA_low,2010,13268880.0
p3,2027,IRA_low,2011,13279761.0
p3,2027,IRA_low,2012,13274503.0
p3,2027,IRA_low,2013,13277110.0
p3,2028,IRA_low,2007,13652534.0
p3,2028,IRA_low,2008,13659006.0
p3,2028,IRA_low,2009,13659463.0
p3,2028,IRA_low,2010,13642668.0
p3,2028,IRA_low,2011,13657699.0
p3,2028,IRA_low,2012,13650234.0
p3,2028,IRA_low,2013,13653607.0
p3,2029,IRA_low,2007,14028896.0
p3,2029,IRA_low,2008,14037180.0
p3,2029,IRA_low,2009,14037593.0
p3,2029,IRA_low,2010,14016740.0
p3,2029,IRA_low,2011,14035619.0
p3,2029,IRA_low,2012,14025935.0
p3,2029,IRA_low,2013,14030112.0
p3,2030,IRA_low,2007,14405335.0
p3,2030,IRA_low,2008,14415351.0
p3,2030,IRA_low,2009,14415699.0
p3,2030,IRA_low,2010,14390650.0
p3,2030,IRA_low,2011,14413555.0
p3,2030,IRA_low,2012,14401685.0
p3,2030,IRA_low,2013,14406540.0
p3,2031,IRA_low,2007,14783265.0
p3,2031,IRA_low,2008,14795634.0
p3,2031,IRA_low,2009,14795580.0
p3,2031,IRA_low,2010,14765807.0
p3,2031,IRA_low,2011,14793515.0
p3,2031,IRA_low,2012,14778807.0
p3,2031,IRA_low,2013,14784394.0
p3,2032,IRA_low,2007,15161118.0
p3,2032,IRA_low,2008,15175939.0
p3,2032,IRA_low,2009,15175461.0
p3,2032,IRA_low,2010,15140918.0
p3,2032,IRA_low,2011,15173443.0
p3,2032,IRA_low,2012,15155691.0
p3,2032,IRA_low,2013,15162233.0
p3,2033,IRA_low,2007,15539091.0
p3,2033,IRA_low,2008,15556241.0
p3,2033,IRA_low,2009,15555269.0
p3,2033,IRA_low,2010,15516068.0
p3,2033,IRA_low,2011,15553491.0
p3,2033,IRA_low,2012,15532628.0
p3,2033,IRA_low,2013,15540172.0
p3,2034,IRA_low,2007,15917018.0
p3,2034,IRA_low,2008,15936505.0
p3,2034,IRA_low,2009,15935181.0
p3,2034,IRA_low,2010,15891287.0
p3,2034,IRA_low,2011,15933531.0
p3,2034,IRA_low,2012,15909657.0
p3,2034,IRA_low,2013,15918047.0
p3,2035,IRA_low,2007,16294875.0
p3,2035,IRA_low,2008,16316718.0
p3,2035,IRA_low,2009,16315115.0
p3,2035,IRA_low,2010,16266395.0
p3,2035,IRA_low,2011,16313567.0
p3,2035,IRA_low,2012,16286668.0
p3,2035,IRA_low,2013,16295899.0
p3,2036,IRA_low,2007,16630426.0
p3,2036,IRA_low,2008,16654222.0
p3,2036,IRA_low,2009,16652502.0
p3,2036,IRA_low,2010,16599471.0
p3,2036,IRA_low,2011,16650614.0
p3,2036,IRA_low,2012,16621246.0
p3,2036,IRA_low,2013,16631542.0
p3,2037,IRA_low,2007,16965817.0
p3,2037,IRA_low,2008,16991694.0
p3,2037,IRA_low,2009,16989773.0
p3,2037,IRA_low,2010,16932521.0
p3,2037,IRA_low,2011,16987829.0
p3,2037,IRA_low,2012,16955902.0
p3,2037,IRA_low,2013,16967222.0
p3,2038,IRA_low,2007,17301562.0
p3,2038,IRA_low,2008,17329210.0
p3,2038,IRA_low,2009,17327165.0
p3,2038,IRA_low,2010,17265604.0
p3,2038,IRA_low,2011,17324974.0
p3,2038,IRA_low,2012,17290631.0
p3,2038,IRA_low,2013,17302868.0
p3,2039,IRA_low,2007,17637070.0
p3,2039,IRA_low,2008,17666641.0
p3,2039,IRA_low,2009,17664483.0
p3,2039,IRA_low,2010,17598603.0
p3,2039,IRA_low,2011,17662088.0
p3,2039,IRA_low,2012,17625314.0
p3,2039,IRA_low,2013,17638496.0
p3,2040,IRA_low,2007,17972627.0
p3,2040,IRA_low,2008,18004028.0
p3,2040,IRA_low,2009,18001869.0
p3,2040,IRA_low,2010,17931759.0
p3,2040,IRA_low,2011,17999348.0
p3,2040,IRA_low,2012,17960042.0
p3,2040,IRA_low,2013,17974202.0
p3,2041,IRA_low,2007,18264843.0
p3,2041,IRA_low,2008,18297166.0
p3,2041,IRA_low,2009,18295114.0
p3,2041,IRA_low,2010,18222698.0
p3,2041,IRA_low,2011,18292183.0
p3,2041,IRA_low,2012,18251743.0
p3,2041,IRA_low,2013,18266640.0
p3,2042,IRA_low,2007,18557127.0
p3,2042,IRA_low,2008,18590342.0
p3,2042,IRA_low,2009,18588248.0
p3,2042,IRA_low,2010,18513524.0
p3,2042,IRA_low,2011,18585073.0
p3,2042,IRA_low,2012,18543517.0
p3,2042,IRA_low,2013,18559065.0
p3,2043,IRA_low,2007,18849414.0
p3,2043,IRA_low,2008,18883561.0
p3,2043,IRA_low,2009,18881570.0
p3,2043,IRA_low,2010,18804551.0
p3,2043,IRA_low,2011,18877993.0
p3,2043,IRA_low,2012,18835258.0
p3,2043,IRA_low,2013,18851570.0
p3,2044,IRA_low,2007,19141596.0
p3,2044,IRA_low,2008,19176625.0
p3,2044,IRA_low,2009,19174639.0
p3,2044,IRA_low,2010,19095570.0
p3,2044,IRA_low,2011,19170883.0
p3,2044,IRA_low,2012,19126939.0
p3,2044,IRA_low,2013,19144041.0
p3,2045,IRA_low,2007,19433789.0
p3,2045,IRA_low,2008,19469826.0
p3,2045,IRA_low,2009,19467929.0
p3,2045,IRA_low,2010,19386475.0
p3,2045,IRA_low,2011,19463825.0
p3,2045,IRA_low,2012,19418634.0
p3,2045,IRA_low,2013,19436486.0
p3,2046,IRA_low,2007,19690482.0
p3,2046,IRA_low,2008,19726927.0
p3,2046,IRA_low,2009,19725488.0
p3,2046,IRA_low,2010,19642099.0
p3,2046,IRA_low,2011,19720703.0
p3,2046,IRA_low,2012,19674955.0
p3,2046,IRA_low,2013,19693624.0
p3,2047,IRA_low,2007,19947164.0
p3,2047,IRA_low,2008,19984094.0
p3,2047,IRA_low,2009,19983124.0
p3,2047,IRA_low,2010,19897665.0
p3,2047,IRA_low,2011,19977577.0
p3,2047,IRA_low,2012,19931315.0
p3,2047,IRA_low,2013,19950797.0
p3,2048,IRA_low,2007,20203802.0
p3,2048,IRA_low,2008,20241179.0
p3,2048,IRA_low,2009,20240815.0
p3,2048,IRA_low,2010,20153145.0
p3,2048,IRA_low,2011,20234404.0
p3,2048,IRA_low,2012,20187603.0
p3,2048,IRA_low,2013,20207872.0
p3,2049,IRA_low,2007,20460460.0
p3,2049,IRA_low,2008,20498383.0
p3,2049,IRA_low,2009,20498474.0
p3,2049,IRA_low,2010,20408724.0
p3,2049,IRA_low,2011,20491327.0
p3,2049,IRA_low,2012,20443868.0
p3,2049,IRA_low,2013,20465029.0
p3,2050,IRA_low,2007,20717165.0
p3,2050,IRA_low,2008,20755511.0
p3,2050,IRA_low,2009,20756045.0
p3,2050,IRA_low,2010,20664345.0
p3,2050,IRA_low,2011,20748239.0
p3,2050,IRA_low,2012,20700170.0
p3,2050,IRA_low,2013,20722190.0
p30,2020,IRA_low,2007,16446917.06
p30,2020,IRA_low,2008,16446665.33
p30,2020,IRA_low,2009,16447108.18
p30,2020,IRA_low,2010,16447877.33
p30,2020,IRA_low,2011,16446029.03
p30,2020,IRA_low,2012,16447830.72
p30,2020,IRA_low,2013,16446598.91
p30,2021,IRA_low,2007,12167389.0
p30,2021,IRA_low,2008,12167386.0
p30,2021,IRA_low,2009,12167443.0
p30,2021,IRA_low,2010,12167418.0
p30,2021,IRA_low,2011,12167414.0
p30,2021,IRA_low,2012,12167447.0
p30,2021,IRA_low,2013,12167306.0
p30,2022,IRA_low,2007,12689633.0
p30,2022,IRA_low,2008,12689706.0
p30,2022,IRA_low,2009,12689630.0
p30,2022,IRA_low,2010,12689636.0
p30,2022,IRA_low,2011,12689571.0
p30,2022,IRA_low,2012,12689638.0
p30,2022,IRA_low,2013,12689661.0
p30,2023,IRA_low,2007,13029364.0
p30,2023,IRA_low,2008,13029273.0
p30,2023,IRA_low,2009,13029298.0
p30,2023,IRA_low,2010,13029140.0
p30,2023,IRA_low,2011,13029352.0
p30,2023,IRA_low,2012,13029313.0
p30,2023,IRA_low,2013,13029308.0
p30,2024,IRA_low,2007,13780812.0
p30,2024,IRA_low,2008,13780844.0
p30,2024,IRA_low,2009,13780787.0
p30,2024,IRA_low,2010,13780844.0
p30,2024,IRA_low,2011,13780865.0
p30,2024,IRA_low,2012,13780688.0
p30,2024,IRA_low,2013,13780828.0
p30,2025,IRA_low,2007,13889469.0
p30,2025,IRA_low,2008,13888435.0
p30,2025,IRA_low,2009,13888501.0
p30,2025,IRA_low,2010,13888037.0
p30,2025,IRA_low,2011,13889187.0
p30,2025,IRA_low,2012,13888289.0
p30,2025,IRA_low,2013,13889382.0
p30,2026,IRA_low,2007,14028994.0
p30,2026,IRA_low,2008,14027548.0
p30,2026,IRA_low,2009,14027677.0
p30,2026,IRA_low,2010,14027143.0
p30,2026,IRA_low,2011,14029194.0
p30,2026,IRA_low,2012,14027771.0
p30,2026,IRA_low,2013,14029071.0
p30,2027,IRA_low,2007,14168631.0
p30,2027,IRA_low,2008,14166771.0
p30,2027,IRA_low,2009,14166876.0
p30,2027,IRA_low,2010,14166048.0
p30,2027,IRA_low,2011,14168738.0
p30,2027,IRA_low,2012,14166397.0
p30,2027,IRA_low,2013,14168559.0
p30,2028,IRA_low,2007,14308132.0
p30,2028,IRA_low,2008,14305848.0
p30,2028,IRA_low,2009,14305987.0
p30,2028,IRA_low,2010,14305129.0
p30,2028,IRA_low,2011,14308277.0
p30,2028,IRA_low,2012,14305453.0
p30,2028,IRA_low,2013,14308117.0
p30,2029,IRA_low,2007,14447780.0
p30,2029,IRA_low,2008,14445249.0
p30,2029,IRA_low,2009,14445287.0
p30,2029,IRA_low,2010,14444018.0
p30,2029,IRA_low,2011,14448008.0
p30,2029,IRA_low,2012,14444487.0
p30,2029,IRA_low,2013,14447896.0
p30,2030,IRA_low,2007,14587294.0
p30,2030,IRA_low,2008,14584347.0
p30,2030,IRA_low,2009,14584519.0
p30,2030,IRA_low,2010,14583150.0
p30,2030,IRA_low,2011,14587534.0
p30,2030,IRA_low,2012,14583481.0
p30,2030,IRA_low,2013,14587329.0
p30,2031,IRA_low,2007,14716242.0
p30,2031,IRA_low,2008,14712788.0
p30,2031,IRA_low,2009,14713011.0
p30,2031,IRA_low,2010,14711544.0
p30,2031,IRA_low,2011,14716411.0
p30,2031,IRA_low,2012,14711909.0
p30,2031,IRA_low,2013,14716345.0
p30,2032,IRA_low,2007,14844982.0
p30,2032,IRA_low,2008,14841232.0
p30,2032,IRA_low,2009,14841477.0
p30,2032,IRA_low,2010,14839974.0
p30,2032,IRA_low,2011,14845447.0
p30,2032,IRA_low,2012,14840240.0
p30,2032,IRA_low,2013,14845222.0
p30,2033,IRA_low,2007,14974198.0
p30,2033,IRA_low,2008,14969664.0
p30,2033,IRA_low,2009,14970093.0
p30,2033,IRA_low,2010,14968319.0
p30,2033,IRA_low,2011,14974305.0
p30,2033,IRA_low,2012,14968572.0
p30,2033,IRA_low,2013,14974181.0
p30,2034,IRA_low,2007,15103120.0
p30,2034,IRA_low,2008,15098206.0
p30,2034,IRA_low,2009,15098592.0
p30,2034,IRA_low,2010,15096749.0
p30,2034,IRA_low,2011,15103297.0
p30,2034,IRA_low,2012,15096855.0
p30,2034,IRA_low,2013,15103245.0
p30,2035,IRA_low,2007,15232114.0
p30,2035,IRA_low,2008,15226616.0
p30,2035,IRA_low,2009,15227090.0
p30,2035,IRA_low,2010,15225290.0
p30,2035,IRA_low,2011,15232070.0
p30,2035,IRA_low,2012,15225121.0
p30,2035,IRA_low,2013,15232034.0
p30,2036,IRA_low,2007,15339561.0
p30,2036,IRA_low,2008,15333638.0
p30,2036,IRA_low,2009,15334179.0
p30,2036,IRA_low,2010,15332032.0
p30,2036,IRA_low,2011,15339601.0
p30,2036,IRA_low,2012,15332045.0
p30,2036,IRA_low,2013,15339663.0
p30,2037,IRA_low,2007,15446979.0
p30,2037,IRA_low,2008,15440437.0
p30,2037,IRA_low,2009,15441276.0
p30,2037,IRA_low,2010,15438911.0
p30,2037,IRA_low,2011,15446816.0
p30,2037,IRA_low,2012,15439078.0
p30,2037,IRA_low,2013,15446882.0
p30,2038,IRA_low,2007,15554504.0
p30,2038,IRA_low,2008,15547528.0
p30,2038,IRA_low,2009,15548394.0
p30,2038,IRA_low,2010,15545800.0
p30,2038,IRA_low,2011,15554350.0
p30,2038,IRA_low,2012,15546023.0
p30,2038,IRA_low,2013,15554296.0
p30,2039,IRA_low,2007,15661918.0
p30,2039,IRA_low,2008,15654390.0
p30,2039,IRA_low,2009,15655505.0
p30,2039,IRA_low,2010,15652621.0
p30,2039,IRA_low,2011,15661523.0
p30,2039,IRA_low,2012,15653015.0
p30,2039,IRA_low,2013,15661646.0
p30,2040,IRA_low,2007,15769316.0
p30,2040,IRA_low,2008,15761383.0
p30,2040,IRA_low,2009,15762435.0
p30,2040,IRA_low,2010,15759457.0
p30,2040,IRA_low,2011,15768813.0
p30,2040,IRA_low,2012,15759930.0
p30,2040,IRA_low,2013,15769178.0
p30,2041,IRA_low,2007,15875291.0
p30,2041,IRA_low,2008,15866651.0
p30,2041,IRA_low,2009,15868037.0
p30,2041,IRA_low,2010,15864656.0
p30,2041,IRA_low,2011,15874487.0
p30,2041,IRA_low,2012,15865322.0
p30,2041,IRA_low,2013,15874994.0
p30,2042,IRA_low,2007,15981110.0
p30,2042,IRA_low,2008,15972043.0
p30,2042,IRA_low,2009,15973537.0
p30,2042,IRA_low,2010,15969812.0
p30,2042,IRA_low,2011,15980151.0
p30,2042,IRA_low,2012,15970689.0
p30,2042,IRA_low,2013,15980734.0
p30,2043,IRA_low,2007,16087052.0
p30,2043,IRA_low,2008,16077316.0
p30,2043,IRA_low,2009,16079060.0
p30,2043,IRA_low,2010,16075184.0
p30,2043,IRA_low,2011,16085697.0
p30,2043,IRA_low,2012,16076280.0
p30,2043,IRA_low,2013,16086449.0
p30,2044,IRA_low,2007,16192966.0
p30,2044,IRA_low,2008,16182596.0
p30,2044,IRA_low,2009,16184548.0
p30,2044,IRA_low,2010,16180377.0
p30,2044,IRA_low,2011,16191527.0
p30,2044,IRA_low,2012,16181674.0
p30,2044,IRA_low,2013,16192176.0
p30,2045,IRA_low,2007,16298800.0
p30,2045,IRA_low,2008,16288116.0
p30,2045,IRA_low,2009,16289964.0
p30,2045,IRA_low,2010,16285457.0
p30,2045,IRA_low,2011,16297119.0
p30,2045,IRA_low,2012,16287164.0
p30,2045,IRA_low,2013,16298009.0
p30,2046,IRA_low,2007,16400144.0
p30,2046,IRA_low,2008,16388785.0
p30,2046,IRA_low,2009,16390922.0
p30,2046,IRA_low,2010,16385946.0
p30,2046,IRA_low,2011,16398129.0
p30,2046,IRA_low,2012,16388170.0
p30,2046,IRA_low,2013,16399118.0
p30,2047,IRA_low,2007,16501439.0
p30,2047,IRA_low,2008,16489490.0
p30,2047,IRA_low,2009,16491783.0
p30,2047,IRA_low,2010,16486776.0
p30,2047,IRA_low,2011,16499152.0
p30,2047,IRA_low,2012,16488982.0
p30,2047,IRA_low,2013,16500337.0
p30,2048,IRA_low,2007,16602925.0
p30,2048,IRA_low,2008,16590250.0
p30,2048,IRA_low,2009,16592808.0
p30,2048,IRA_low,2010,16587036.0
p30,2048,IRA_low,2011,16600351.0
p30,2048,IRA_low,2012,16590062.0
p30,2048,IRA_low,2013,16601483.0
p30,2049,IRA_low,2007,16704231.0
p30,2049,IRA_low,2008,16691284.0
p30,2049,IRA_low,2009,16693558.0
p30,2049,IRA_low,2010,16687757.0
p30,2049,IRA_low,2011,16701319.0
p30,2049,IRA_low,2012,16691104.0
p30,2049,IRA_low,2013,16702711.0
p30,2050,IRA_low,2007,16805585.0
p30,2050,IRA_low,2008,16791719.0
p30,2050,IRA_low,2009,16794535.0
p30,2050,IRA_low,2010,16788139.0
p30,2050,IRA_low,2011,16802361.0
p30,2050,IRA_low,2012,16791752.0
p30,2050,IRA_low,2013,16803918.0
p31,2020,IRA_low,2007,28200692.72
p31,2020,IRA_low,2008,28199865.41
p31,2020,IRA_low,2009,28201442.68
p31,2020,IRA_low,2010,28201216.23
p31,2020,IRA_low,2011,28198949.54
p31,2020,IRA_low,2012,28201174.75
p31,2020,IRA_low,2013,28200642.27
p31,2021,IRA_low,2007,18416836.0
p31,2021,IRA_low,2008,18416608.0
p31,2021,IRA_low,2009,18416901.0
p31,2021,IRA_low,2010,18416781.0
p31,2021,IRA_low,2011,18416604.0
p31,2021,IRA_low,2012,18415525.0
p31,2021,IRA_low,2013,18416731.0
p31,2022,IRA_low,2007,19710938.0
p31,2022,IRA_low,2008,19710997.0
p31,2022,IRA_low,2009,19711030.0
p31,2022,IRA_low,2010,19710946.0
p31,2022,IRA_low,2011,19710956.0
p31,2022,IRA_low,2012,19711014.0
p31,2022,IRA_low,2013,19711001.0
p31,2023,IRA_low,2007,20668496.0
p31,2023,IRA_low,2008,20668473.0
p31,2023,IRA_low,2009,20668474.0
p31,2023,IRA_low,2010,20668431.0
p31,2023,IRA_low,2011,20668479.0
p31,2023,IRA_low,2012,20668401.0
p31,2023,IRA_low,2013,20668469.0
p31,2024,IRA_low,2007,22167695.0
p31,2024,IRA_low,2008,22167575.0
p31,2024,IRA_low,2009,22167738.0
p31,2024,IRA_low,2010,22167651.0
p31,2024,IRA_low,2011,22167635.0
p31,2024,IRA_low,2012,22167712.0
p31,2024,IRA_low,2013,22167668.0
p31,2025,IRA_low,2007,22463570.0
p31,2025,IRA_low,2008,22462431.0
p31,2025,IRA_low,2009,22461683.0
p31,2025,IRA_low,2010,22462537.0
p31,2025,IRA_low,2011,22465416.0
p31,2025,IRA_low,2012,22460816.0
p31,2025,IRA_low,2013,22465097.0
p31,2026,IRA_low,2007,22944902.0
p31,2026,IRA_low,2008,22942449.0
p31,2026,IRA_low,2009,22939946.0
p31,2026,IRA_low,2010,22942225.0
p31,2026,IRA_low,2011,22948933.0
p31,2026,IRA_low,2012,22935106.0
p31,2026,IRA_low,2013,22949433.0
p31,2027,IRA_low,2007,23426476.0
p31,2027,IRA_low,2008,23422337.0
p31,2027,IRA_low,2009,23418247.0
p31,2027,IRA_low,2010,23422159.0
p31,2027,IRA_low,2011,23432568.0
p31,2027,IRA_low,2012,23409791.0
p31,2027,IRA_low,2013,23433760.0
p31,2028,IRA_low,2007,23907805.0
p31,2028,IRA_low,2008,23902388.0
p31,2028,IRA_low,2009,23896536.0
p31,2028,IRA_low,2010,23901894.0
p31,2028,IRA_low,2011,23916100.0
p31,2028,IRA_low,2012,23884369.0
p31,2028,IRA_low,2013,23918114.0
p31,2029,IRA_low,2007,24389256.0
p31,2029,IRA_low,2008,24382391.0
p31,2029,IRA_low,2009,24374861.0
p31,2029,IRA_low,2010,24381675.0
p31,2029,IRA_low,2011,24399619.0
p31,2029,IRA_low,2012,24358866.0
p31,2029,IRA_low,2013,24402452.0
p31,2030,IRA_low,2007,24870686.0
p31,2030,IRA_low,2008,24862515.0
p31,2030,IRA_low,2009,24853285.0
p31,2030,IRA_low,2010,24861540.0
p31,2030,IRA_low,2011,24883308.0
p31,2030,IRA_low,2012,24833437.0
p31,2030,IRA_low,2013,24886849.0
p31,2031,IRA_low,2007,25450087.0
p31,2031,IRA_low,2008,25440131.0
p31,2031,IRA_low,2009,25429530.0
p31,2031,IRA_low,2010,25439403.0
p31,2031,IRA_low,2011,25464659.0
p31,2031,IRA_low,2012,25405113.0
p31,2031,IRA_low,2013,25469368.0
p31,2032,IRA_low,2007,26029626.0
p31,2032,IRA_low,2008,26017997.0
p31,2032,IRA_low,2009,26005881.0
p31,2032,IRA_low,2010,26017479.0
p31,2032,IRA_low,2011,26046015.0
p31,2032,IRA_low,2012,25977028.0
p31,2032,IRA_low,2013,26052029.0
p31,2033,IRA_low,2007,26608906.0
p31,2033,IRA_low,2008,26595706.0
p31,2033,IRA_low,2009,26582335.0
p31,2033,IRA_low,2010,26595215.0
p31,2033,IRA_low,2011,26627518.0
p31,2033,IRA_low,2012,26548857.0
p31,2033,IRA_low,2013,26634532.0
p31,2034,IRA_low,2007,27188425.0
p31,2034,IRA_low,2008,27173477.0
p31,2034,IRA_low,2009,27158625.0
p31,2034,IRA_low,2010,27173196.0
p31,2034,IRA_low,2011,27209002.0
p31,2034,IRA_low,2012,27120640.0
p31,2034,IRA_low,2013,27217053.0
p31,2035,IRA_low,2007,27767810.0
p31,2035,IRA_low,2008,27751288.0
p31,2035,IRA_low,2009,27735006.0
p31,2035,IRA_low,2010,27751160.0
p31,2035,IRA_low,2011,27790418.0
p31,2035,IRA_low,2012,27692569.0
p31,2035,IRA_low,2013,27799658.0
p31,2036,IRA_low,2007,28311614.0
p31,2036,IRA_low,2008,28293795.0
p31,2036,IRA_low,2009,28276718.0
p31,2036,IRA_low,2010,28294063.0
p31,2036,IRA_low,2011,28336101.0
p31,2036,IRA_low,2012,28230862.0
p31,2036,IRA_low,2013,28345992.0
p31,2037,IRA_low,2007,28855413.0
p31,2037,IRA_low,2008,28836467.0
p31,2037,IRA_low,2009,28818349.0
p31,2037,IRA_low,2010,28837192.0
p31,2037,IRA_low,2011,28881865.0
p31,2037,IRA_low,2012,28769174.0
p31,2037,IRA_low,2013,28892446.0
p31,2038,IRA_low,2007,29399189.0
p31,2038,IRA_low,2008,29379020.0
p31,2038,IRA_low,2009,29360134.0
p31,2038,IRA_low,2010,29380143.0
p31,2038,IRA_low,2011,29427527.0
p31,2038,IRA_low,2012,29307363.0
p31,2038,IRA_low,2013,29438879.0
p31,2039,IRA_low,2007,29942965.0
p31,2039,IRA_low,2008,29921592.0
p31,2039,IRA_low,2009,29901775.0
p31,2039,IRA_low,2010,29923123.0
p31,2039,IRA_low,2011,29973214.0
p31,2039,IRA_low,2012,29845846.0
p31,2039,IRA_low,2013,29985293.0
p31,2040,IRA_low,2007,30486734.0
p31,2040,IRA_low,2008,30464246.0
p31,2040,IRA_low,2009,30443465.0
p31,2040,IRA_low,2010,30466110.0
p31,2040,IRA_low,2011,30518893.0
p31,2040,IRA_low,2012,30384153.0
p31,2040,IRA_low,2013,30531735.0
p31,2041,IRA_low,2007,30959861.0
p31,2041,IRA_low,2008,30936211.0
p31,2041,IRA_low,2009,30915179.0
p31,2041,IRA_low,2010,30938917.0
p31,2041,IRA_low,2011,30993609.0
p31,2041,IRA_low,2012,30854235.0
p31,2041,IRA_low,2013,31006513.0
p31,2042,IRA_low,2007,31432876.0
p31,2042,IRA_low,2008,31408066.0
p31,2042,IRA_low,2009,31386737.0
p31,2042,IRA_low,2010,31411715.0
p31,2042,IRA_low,2011,31468237.0
p31,2042,IRA_low,2012,31324221.0
p31,2042,IRA_low,2013,31481287.0
p31,2043,IRA_low,2007,31905897.0
p31,2043,IRA_low,2008,31879986.0
p31,2043,IRA_low,2009,31858387.0
p31,2043,IRA_low,2010,31884367.0
p31,2043,IRA_low,2011,31942771.0
p31,2043,IRA_low,2012,31794356.0
p31,2043,IRA_low,2013,31956082.0
p31,2044,IRA_low,2007,32378943.0
p31,2044,IRA_low,2008,32351938.0
p31,2044,IRA_low,2009,32330139.0
p31,2044,IRA_low,2010,32357141.0
p31,2044,IRA_low,2011,32417441.0
p31,2044,IRA_low,2012,32264496.0
p31,2044,IRA_low,2013,32430849.0
p31,2045,IRA_low,2007,32851909.0
p31,2045,IRA_low,2008,32823820.0
p31,2045,IRA_low,2009,32801758.0
p31,2045,IRA_low,2010,32829926.0
p31,2045,IRA_low,2011,32892013.0
p31,2045,IRA_low,2012,32734549.0
p31,2045,IRA_low,2013,32905319.0
p31,2046,IRA_low,2007,33189676.0
p31,2046,IRA_low,2008,33160836.0
p31,2046,IRA_low,2009,33138737.0
p31,2046,IRA_low,2010,33167392.0
p31,2046,IRA_low,2011,33230416.0
p31,2046,IRA_low,2012,33071336.0
p31,2046,IRA_low,2013,33243876.0
p31,2047,IRA_low,2007,33527316.0
p31,2047,IRA_low,2008,33497760.0
p31,2047,IRA_low,2009,33475725.0
p31,2047,IRA_low,2010,33504918.0
p31,2047,IRA_low,2011,33568860.0
p31,2047,IRA_low,2012,33408282.0
p31,2047,IRA_low,2013,33582105.0
p31,2048,IRA_low,2007,33864913.0
p31,2048,IRA_low,2008,33834708.0
p31,2048,IRA_low,2009,33812592.0
p31,2048,IRA_low,2010,33842410.0
p31,2048,IRA_low,2011,33907278.0
p31,2048,IRA_low,2012,33745043.0
p31,2048,IRA_low,2013,33920323.0
p31,2049,IRA_low,2007,34202683.0
p31,2049,IRA_low,2008,34171697.0
p31,2049,IRA_low,2009,34149698.0
p31,2049,IRA_low,2010,34179867.0
p31,2049,IRA_low,2011,34245577.0
p31,2049,IRA_low,2012,34081799.0
p31,2049,IRA_low,2013,34258524.0
p31,2050,IRA_low,2007,34540279.0
p31,2050,IRA_low,2008,34508692.0
p31,2050,IRA_low,2009,34486660.0
p31,2050,IRA_low,2010,34517420.0
p31,2050,IRA_low,2011,34584012.0
p31,2050,IRA_low,2012,34418694.0
p31,2050,IRA_low,2013,34596638.0
p32,2020,IRA_low,2007,2812922.75
p32,2020,IRA_low,2008,2812381.57
p32,2020,IRA_low,2009,2812865.72
p32,2020,IRA_low,2010,2812708.06
p32,2020,IRA_low,2011,2812324.55
p32,2020,IRA_low,2012,2812339.08
p32,2020,IRA_low,2013,2812559.35
p32,2021,IRA_low,2007,1698993.0
p32,2021,IRA_low,2008,1699084.0
p32,2021,IRA_low,2009,1699007.0
p32,2021,IRA_low,2010,1699108.0
p32,2021,IRA_low,2011,1699064.0
p32,2021,IRA_low,2012,1698955.0
p32,2021,IRA_low,2013,1698992.0
p32,2022,IRA_low,2007,1756246.0
p32,2022,IRA_low,2008,1756234.0
p32,2022,IRA_low,2009,1756257.0
p32,2022,IRA_low,2010,1756264.0
p32,2022,IRA_low,2011,1756209.0
p32,2022,IRA_low,2012,1756219.0
p32,2022,IRA_low,2013,1756179.0
p32,2023,IRA_low,2007,1760075.0
p32,2023,IRA_low,2008,1759992.0
p32,2023,IRA_low,2009,1759968.0
p32,2023,IRA_low,2010,1760071.0
p32,2023,IRA_low,2011,1760002.0
p32,2023,IRA_low,2012,1760135.0
p32,2023,IRA_low,2013,1760051.0
p32,2024,IRA_low,2007,1758994.0
p32,2024,IRA_low,2008,1759046.0
p32,2024,IRA_low,2009,1758946.0
p32,2024,IRA_low,2010,1758936.0
p32,2024,IRA_low,2011,1758994.0
p32,2024,IRA_low,2012,1758967.0
p32,2024,IRA_low,2013,1758987.0
p32,2025,IRA_low,2007,1772828.0
p32,2025,IRA_low,2008,1773002.0
p32,2025,IRA_low,2009,1772763.0
p32,2025,IRA_low,2010,1772825.0
p32,2025,IRA_low,2011,1772914.0
p32,2025,IRA_low,2012,1772012.0
p32,2025,IRA_low,2013,1773263.0
p32,2026,IRA_low,2007,1805457.0
p32,2026,IRA_low,2008,1806822.0
p32,2026,IRA_low,2009,1805998.0
p32,2026,IRA_low,2010,1805646.0
p32,2026,IRA_low,2011,1806162.0
p32,2026,IRA_low,2012,1803606.0
p32,2026,IRA_low,2013,1806978.0
p32,2027,IRA_low,2007,1837902.0
p32,2027,IRA_low,2008,1840504.0
p32,2027,IRA_low,2009,1839333.0
p32,2027,IRA_low,2010,1838751.0
p32,2027,IRA_low,2011,1839006.0
p32,2027,IRA_low,2012,1834590.0
p32,2027,IRA_low,2013,1840430.0
p32,2028,IRA_low,2007,1870619.0
p32,2028,IRA_low,2008,1874254.0
p32,2028,IRA_low,2009,1872426.0
p32,2028,IRA_low,2010,1871322.0
p32,2028,IRA_low,2011,1872368.0
p32,2028,IRA_low,2012,1865928.0
p32,2028,IRA_low,2013,1874480.0
p32,2029,IRA_low,2007,1903201.0
p32,2029,IRA_low,2008,1908017.0
p32,2029,IRA_low,2009,1905780.0
p32,2029,IRA_low,2010,1904218.0
p32,2029,IRA_low,2011,1905519.0
p32,2029,IRA_low,2012,1897219.0
p32,2029,IRA_low,2013,1908284.0
p32,2030,IRA_low,2007,1935856.0
p32,2030,IRA_low,2008,1941651.0
p32,2030,IRA_low,2009,1939028.0
p32,2030,IRA_low,2010,1937061.0
p32,2030,IRA_low,2011,1938753.0
p32,2030,IRA_low,2012,1928486.0
p32,2030,IRA_low,2013,1941975.0
p32,2031,IRA_low,2007,1981505.0
p32,2031,IRA_low,2008,1988418.0
p32,2031,IRA_low,2009,1985191.0
p32,2031,IRA_low,2010,1983010.0
p32,2031,IRA_low,2011,1984909.0
p32,2031,IRA_low,2012,1972668.0
p32,2031,IRA_low,2013,1988852.0
p32,2032,IRA_low,2007,2027021.0
p32,2032,IRA_low,2008,2035318.0
p32,2032,IRA_low,2009,2031548.0
p32,2032,IRA_low,2010,2028868.0
p32,2032,IRA_low,2011,2031225.0
p32,2032,IRA_low,2012,2016922.0
p32,2032,IRA_low,2013,2035780.0
p32,2033,IRA_low,2007,2072608.0
p32,2033,IRA_low,2008,2082027.0
p32,2033,IRA_low,2009,2077818.0
p32,2033,IRA_low,2010,2075003.0
p32,2033,IRA_low,2011,2077732.0
p32,2033,IRA_low,2012,2061124.0
p32,2033,IRA_low,2013,2082470.0
p32,2034,IRA_low,2007,2118294.0
p32,2034,IRA_low,2008,2128664.0
p32,2034,IRA_low,2009,2124134.0
p32,2034,IRA_low,2010,2120638.0
p32,2034,IRA_low,2011,2123761.0
p32,2034,IRA_low,2012,2105320.0
p32,2034,IRA_low,2013,2129388.0
p32,2035,IRA_low,2007,2163921.0
p32,2035,IRA_low,2008,2175586.0
p32,2035,IRA_low,2009,2170603.0
p32,2035,IRA_low,2010,2166539.0
p32,2035,IRA_low,2011,2170084.0
p32,2035,IRA_low,2012,2149564.0
p32,2035,IRA_low,2013,2176217.0
p32,2036,IRA_low,2007,2212996.0
p32,2036,IRA_low,2008,2225573.0
p32,2036,IRA_low,2009,2220123.0
p32,2036,IRA_low,2010,2215744.0
p32,2036,IRA_low,2011,2219468.0
p32,2036,IRA_low,2012,2197341.0
p32,2036,IRA_low,2013,2226451.0
p32,2037,IRA_low,2007,2262014.0
p32,2037,IRA_low,2008,2275691.0
p32,2037,IRA_low,2009,2269806.0
p32,2037,IRA_low,2010,2265116.0
p32,2037,IRA_low,2011,2269054.0
p32,2037,IRA_low,2012,2245233.0
p32,2037,IRA_low,2013,2276542.0
p32,2038,IRA_low,2007,2310933.0
p32,2038,IRA_low,2008,2325682.0
p32,2038,IRA_low,2009,2319304.0
p32,2038,IRA_low,2010,2314308.0
p32,2038,IRA_low,2011,2318361.0
p32,2038,IRA_low,2012,2292887.0
p32,2038,IRA_low,2013,2326668.0
p32,2039,IRA_low,2007,2360034.0
p32,2039,IRA_low,2008,2375751.0
p32,2039,IRA_low,2009,2368859.0
p32,2039,IRA_low,2010,2363593.0
p32,2039,IRA_low,2011,2367960.0
p32,2039,IRA_low,2012,2340747.0
p32,2039,IRA_low,2013,2376800.0
p32,2040,IRA_low,2007,2409111.0
p32,2040,IRA_low,2008,2425848.0
p32,2040,IRA_low,2009,2418362.0
p32,2040,IRA_low,2010,2412885.0
p32,2040,IRA_low,2011,2417416.0
p32,2040,IRA_low,2012,2388496.0
p32,2040,IRA_low,2013,2427056.0
p32,2041,IRA_low,2007,2451441.0
p32,2041,IRA_low,2008,2468777.0
p32,2041,IRA_low,2009,2461091.0
p32,2041,IRA_low,2010,2455424.0
p32,2041,IRA_low,2011,2460067.0
p32,2041,IRA_low,2012,2430118.0
p32,2041,IRA_low,2013,2470030.0
p32,2042,IRA_low,2007,2493790.0
p32,2042,IRA_low,2008,2511560.0
p32,2042,IRA_low,2009,2503854.0
p32,2042,IRA_low,2010,2497860.0
p32,2042,IRA_low,2011,2502706.0
p32,2042,IRA_low,2012,2472045.0
p32,2042,IRA_low,2013,2513118.0
p32,2043,IRA_low,2007,2535911.0
p32,2043,IRA_low,2008,2554508.0
p32,2043,IRA_low,2009,2546431.0
p32,2043,IRA_low,2010,2540246.0
p32,2043,IRA_low,2011,2545319.0
p32,2043,IRA_low,2012,2513334.0
p32,2043,IRA_low,2013,2556175.0
p32,2044,IRA_low,2007,2578558.0
p32,2044,IRA_low,2008,2597341.0
p32,2044,IRA_low,2009,2589044.0
p32,2044,IRA_low,2010,2582922.0
p32,2044,IRA_low,2011,2587991.0
p32,2044,IRA_low,2012,2555035.0
p32,2044,IRA_low,2013,2599151.0
p32,2045,IRA_low,2007,2620870.0
p32,2045,IRA_low,2008,2640215.0
p32,2045,IRA_low,2009,2631733.0
p32,2045,IRA_low,2010,2625522.0
p32,2045,IRA_low,2011,2630526.0
p32,2045,IRA_low,2012,2596606.0
p32,2045,IRA_low,2013,2642255.0
p32,2046,IRA_low,2007,2653827.0
p32,2046,IRA_low,2008,2673258.0
p32,2046,IRA_low,2009,2664620.0
p32,2046,IRA_low,2010,2658317.0
p32,2046,IRA_low,2011,2663473.0
p32,2046,IRA_low,2012,2629088.0
p32,2046,IRA_low,2013,2675504.0
p32,2047,IRA_low,2007,2686828.0
p32,2047,IRA_low,2008,2706359.0
p32,2047,IRA_low,2009,2697475.0
p32,2047,IRA_low,2010,2691200.0
p32,2047,IRA_low,2011,2696349.0
p32,2047,IRA_low,2012,2661608.0
p32,2047,IRA_low,2013,2708781.0
p32,2048,IRA_low,2007,2719760.0
p32,2048,IRA_low,2008,2739433.0
p32,2048,IRA_low,2009,2730311.0
p32,2048,IRA_low,2010,2724061.0
p32,2048,IRA_low,2011,2729280.0
p32,2048,IRA_low,2012,2694158.0
p32,2048,IRA_low,2013,2741979.0
p32,2049,IRA_low,2007,2752593.0
p32,2049,IRA_low,2008,2772540.0
p32,2049,IRA_low,2009,2763274.0
p32,2049,IRA_low,2010,2756815.0
p32,2049,IRA_low,2011,2761965.0
p32,2049,IRA_low,2012,2726475.0
p32,2049,IRA_low,2013,2775307.0
p32,2050,IRA_low,2007,2785589.0
p32,2050,IRA_low,2008,2805630.0
p32,2050,IRA_low,2009,2796156.0
p32,2050,IRA_low,2010,2789862.0
p32,2050,IRA_low,2011,2795063.0
p32,2050,IRA_low,2012,2758983.0
p32,2050,IRA_low,2013,2808391.0
p33,2020,IRA_low,2007,47871642.67
p33,2020,IRA_low,2008,47865657.94
p33,2020,IRA_low,2009,47868902.93
p33,2020,IRA_low,2010,47869075.64
p33,2020,IRA_low,2011,47866150.32
p33,2020,IRA_low,2012,47868640.12
p33,2020,IRA_low,2013,47864085.33
p33,2021,IRA_low,2007,42046335.0
p33,2021,IRA_low,2008,42046375.0
p33,2021,IRA_low,2009,42046536.0
p33,2021,IRA_low,2010,42046285.0
p33,2021,IRA_low,2011,42046246.0
p33,2021,IRA_low,2012,42046455.0
p33,2021,IRA_low,2013,42046431.0
p33,2022,IRA_low,2007,42676553.0
p33,2022,IRA_low,2008,42676510.0
p33,2022,IRA_low,2009,42676569.0
p33,2022,IRA_low,2010,42676546.0
p33,2022,IRA_low,2011,42676564.0
p33,2022,IRA_low,2012,42676577.0
p33,2022,IRA_low,2013,42676529.0
p33,2023,IRA_low,2007,42031691.0
p33,2023,IRA_low,2008,42031826.0
p33,2023,IRA_low,2009,42031734.0
p33,2023,IRA_low,2010,42031730.0
p33,2023,IRA_low,2011,42031752.0
p33,2023,IRA_low,2012,42031752.0
p33,2023,IRA_low,2013,42031760.0
p33,2024,IRA_low,2007,43174079.0
p33,2024,IRA_low,2008,43174026.0
p33,2024,IRA_low,2009,43174035.0
p33,2024,IRA_low,2010,43174065.0
p33,2024,IRA_low,2011,43174079.0
p33,2024,IRA_low,2012,43174047.0
p33,2024,IRA_low,2013,43174074.0
p33,2025,IRA_low,2007,44218625.0
p33,2025,IRA_low,2008,44209603.0
p33,2025,IRA_low,2009,44201213.0
p33,2025,IRA_low,2010,44199083.0
p33,2025,IRA_low,2011,44211819.0
p33,2025,IRA_low,2012,44187543.0
p33,2025,IRA_low,2013,44225163.0
p33,2026,IRA_low,2007,45755382.0
p33,2026,IRA_low,2008,45736245.0
p33,2026,IRA_low,2009,45720186.0
p33,2026,IRA_low,2010,45701183.0
p33,2026,IRA_low,2011,45738273.0
p33,2026,IRA_low,2012,45656987.0
p33,2026,IRA_low,2013,45775235.0
p33,2027,IRA_low,2007,47292118.0
p33,2027,IRA_low,2008,47262964.0
p33,2027,IRA_low,2009,47239227.0
p33,2027,IRA_low,2010,47203299.0
p33,2027,IRA_low,2011,47264677.0
p33,2027,IRA_low,2012,47126373.0
p33,2027,IRA_low,2013,47325357.0
p33,2028,IRA_low,2007,48828848.0
p33,2028,IRA_low,2008,48789704.0
p33,2028,IRA_low,2009,48758235.0
p33,2028,IRA_low,2010,48705421.0
p33,2028,IRA_low,2011,48791138.0
p33,2028,IRA_low,2012,48595790.0
p33,2028,IRA_low,2013,48875457.0
p33,2029,IRA_low,2007,50365641.0
p33,2029,IRA_low,2008,50316368.0
p33,2029,IRA_low,2009,50277123.0
p33,2029,IRA_low,2010,50207607.0
p33,2029,IRA_low,2011,50317570.0
p33,2029,IRA_low,2012,50065154.0
p33,2029,IRA_low,2013,50425647.0
p33,2030,IRA_low,2007,51902354.0
p33,2030,IRA_low,2008,51843050.0
p33,2030,IRA_low,2009,51796113.0
p33,2030,IRA_low,2010,51709715.0
p33,2030,IRA_low,2011,51843984.0
p33,2030,IRA_low,2012,51534629.0
p33,2030,IRA_low,2013,51975784.0
p33,2031,IRA_low,2007,53692245.0
p33,2031,IRA_low,2008,53624501.0
p33,2031,IRA_low,2009,53570168.0
p33,2031,IRA_low,2010,53465877.0
p33,2031,IRA_low,2011,53624385.0
p33,2031,IRA_low,2012,53254804.0
p33,2031,IRA_low,2013,53780775.0
p33,2032,IRA_low,2007,55482166.0
p33,2032,IRA_low,2008,55405948.0
p33,2032,IRA_low,2009,55344205.0
p33,2032,IRA_low,2010,55222001.0
p33,2032,IRA_low,2011,55404734.0
p33,2032,IRA_low,2012,54974887.0
p33,2032,IRA_low,2013,55585781.0
p33,2033,IRA_low,2007,57272041.0
p33,2033,IRA_low,2008,57187399.0
p33,2033,IRA_low,2009,57118242.0
p33,2033,IRA_low,2010,56978099.0
p33,2033,IRA_low,2011,57185131.0
p33,2033,IRA_low,2012,56695162.0
p33,2033,IRA_low,2013,57390941.0
p33,2034,IRA_low,2007,59061930.0
p33,2034,IRA_low,2008,58968819.0
p33,2034,IRA_low,2009,58892349.0
p33,2034,IRA_low,2010,58734223.0
p33,2034,IRA_low,2011,58965509.0
p33,2034,IRA_low,2012,58415360.0
p33,2034,IRA_low,2013,59195990.0
p33,2035,IRA_low,2007,60851887.0
p33,2035,IRA_low,2008,60750257.0
p33,2035,IRA_low,2009,60666293.0
p33,2035,IRA_low,2010,60490375.0
p33,2035,IRA_low,2011,60745872.0
p33,2035,IRA_low,2012,60135409.0
p33,2035,IRA_low,2013,61001064.0
p33,2036,IRA_low,2007,62506060.0
p33,2036,IRA_low,2008,62397580.0
p33,2036,IRA_low,2009,62307117.0
p33,2036,IRA_low,2010,62118021.0
p33,2036,IRA_low,2011,62392254.0
p33,2036,IRA_low,2012,61733971.0
p33,2036,IRA_low,2013,62668369.0
p33,2037,IRA_low,2007,64160211.0
p33,2037,IRA_low,2008,64045104.0
p33,2037,IRA_low,2009,63947751.0
p33,2037,IRA_low,2010,63745744.0
p33,2037,IRA_low,2011,64038699.0
p33,2037,IRA_low,2012,63332493.0
p33,2037,IRA_low,2013,64335640.0
p33,2038,IRA_low,2007,65814384.0
p33,2038,IRA_low,2008,65692579.0
p33,2038,IRA_low,2009,65588539.0
p33,2038,IRA_low,2010,65373445.0
p33,2038,IRA_low,2011,65685225.0
p33,2038,IRA_low,2012,64931067.0
p33,2038,IRA_low,2013,66002864.0
p33,2039,IRA_low,2007,67468593.0
p33,2039,IRA_low,2008,67339993.0
p33,2039,IRA_low,2009,67229231.0
p33,2039,IRA_low,2010,67001205.0
p33,2039,IRA_low,2011,67331642.0
p33,2039,IRA_low,2012,66529597.0
p33,2039,IRA_low,2013,67670170.0
p33,2040,IRA_low,2007,69122796.0
p33,2040,IRA_low,2008,68987433.0
p33,2040,IRA_low,2009,68869960.0
p33,2040,IRA_low,2010,68628883.0
p33,2040,IRA_low,2011,68978149.0
p33,2040,IRA_low,2012,68128038.0
p33,2040,IRA_low,2013,69337447.0
p33,2041,IRA_low,2007,70510811.0
p33,2041,IRA_low,2008,70370668.0
p33,2041,IRA_low,2009,70247713.0
p33,2041,IRA_low,2010,70001630.0
p33,2041,IRA_low,2011,70360972.0
p33,2041,IRA_low,2012,69484134.0
p33,2041,IRA_low,2013,70734057.0
p33,2042,IRA_low,2007,71898899.0
p33,2042,IRA_low,2008,71754012.0
p33,2042,IRA_low,2009,71625486.0
p33,2042,IRA_low,2010,71374401.0
p33,2042,IRA_low,2011,71743829.0
p33,2042,IRA_low,2012,70840332.0
p33,2042,IRA_low,2013,72130633.0
p33,2043,IRA_low,2007,73286875.0
p33,2043,IRA_low,2008,73137401.0
p33,2043,IRA_low,2009,73003298.0
p33,2043,IRA_low,2010,72747140.0
p33,2043,IRA_low,2011,73126645.0
p33,2043,IRA_low,2012,72196368.0
p33,2043,IRA_low,2013,73527294.0
p33,2044,IRA_low,2007,74674895.0
p33,2044,IRA_low,2008,74520743.0
p33,2044,IRA_low,2009,74381023.0
p33,2044,IRA_low,2010,74119853.0
p33,2044,IRA_low,2011,74509398.0
p33,2044,IRA_low,2012,73552437.0
p33,2044,IRA_low,2013,74923838.0
p33,2045,IRA_low,2007,76062950.0
p33,2045,IRA_low,2008,75903977.0
p33,2045,IRA_low,2009,75758795.0
p33,2045,IRA_low,2010,75492626.0
p33,2045,IRA_low,2011,75892232.0
p33,2045,IRA_low,2012,74908532.0
p33,2045,IRA_low,2013,76320431.0
p33,2046,IRA_low,2007,77146420.0
p33,2046,IRA_low,2008,76982454.0
p33,2046,IRA_low,2009,76831625.0
p33,2046,IRA_low,2010,76566978.0
p33,2046,IRA_low,2011,76971807.0
p33,2046,IRA_low,2012,75976059.0
p33,2046,IRA_low,2013,77408555.0
p33,2047,IRA_low,2007,78229888.0
p33,2047,IRA_low,2008,78060944.0
p33,2047,IRA_low,2009,77904429.0
p33,2047,IRA_low,2010,77641250.0
p33,2047,IRA_low,2011,78051438.0
p33,2047,IRA_low,2012,77043585.0
p33,2047,IRA_low,2013,78496678.0
p33,2048,IRA_low,2007,79313337.0
p33,2048,IRA_low,2008,79139375.0
p33,2048,IRA_low,2009,78977283.0
p33,2048,IRA_low,2010,78715507.0
p33,2048,IRA_low,2011,79131068.0
p33,2048,IRA_low,2012,78111174.0
p33,2048,IRA_low,2013,79584726.0
p33,2049,IRA_low,2007,80396890.0
p33,2049,IRA_low,2008,80217802.0
p33,2049,IRA_low,2009,80050180.0
p33,2049,IRA_low,2010,79789768.0
p33,2049,IRA_low,2011,80210632.0
p33,2049,IRA_low,2012,79178603.0
p33,2049,IRA_low,2013,80672881.0
p33,2050,IRA_low,2007,81480273.0
p33,2050,IRA_low,2008,81296187.0
p33,2050,IRA_low,2009,81123077.0
p33,2050,IRA_low,2010,80864043.0
p33,2050,IRA_low,2011,81290288.0
p33,2050,IRA_low,2012,80246045.0
p33,2050,IRA_low,2013,81760932.0
p34,2020,IRA_low,2007,14543521.15
p34,2020,IRA_low,2008,14542325.06
p34,2020,IRA_low,2009,14542982.65
p34,2020,IRA_low,2010,14543019.12
p34,2020,IRA_low,2011,14542304.68
p34,2020,IRA_low,2012,14543039.5
p34,2020,IRA_low,2013,14542195.27
p34,2021,IRA_low,2007,15238309.0
p34,2021,IRA_low,2008,15238305.0
p34,2021,IRA_low,2009,15238371.0
p34,2021,IRA_low,2010,15238271.0
p34,2021,IRA_low,2011,15238305.0
p34,2021,IRA_low,2012,15238352.0
p34,2021,IRA_low,2013,15238341.0
p34,2022,IRA_low,2007,15466659.0
p34,2022,IRA_low,2008,15466674.0
p34,2022,IRA_low,2009,15466657.0
p34,2022,IRA_low,2010,15466694.0
p34,2022,IRA_low,2011,15466702.0
p34,2022,IRA_low,2012,15466655.0
p34,2022,IRA_low,2013,15466687.0
p34,2023,IRA_low,2007,15232983.0
p34,2023,IRA_low,2008,15233012.0
p34,2023,IRA_low,2009,15232977.0
p34,2023,IRA_low,2010,15233013.0
p34,2023,IRA_low,2011,15232993.0
p34,2023,IRA_low,2012,15233005.0
p34,2023,IRA_low,2013,15233014.0
p34,2024,IRA_low,2007,15646966.0
p34,2024,IRA_low,2008,15646997.0
p34,2024,IRA_low,2009,15646923.0
p34,2024,IRA_low,2010,15646976.0
p34,2024,IRA_low,2011,15647044.0
p34,2024,IRA_low,2012,15647052.0
p34,2024,IRA_low,2013,15646979.0
p34,2025,IRA_low,2007,16031524.0
p34,2025,IRA_low,2008,16028236.0
p34,2025,IRA_low,2009,16025167.0
p34,2025,IRA_low,2010,16024352.0
p34,2025,IRA_low,2011,16029068.0
p34,2025,IRA_low,2012,16020100.0
p34,2025,IRA_low,2013,16033901.0
p34,2026,IRA_low,2007,16597357.0
p34,2026,IRA_low,2008,16590309.0
p34,2026,IRA_low,2009,16584496.0
p34,2026,IRA_low,2010,16577362.0
p34,2026,IRA_low,2011,16591013.0
p34,2026,IRA_low,2012,16561114.0
p34,2026,IRA_low,2013,16604567.0
p34,2027,IRA_low,2007,17163176.0
p34,2027,IRA_low,2008,17152375.0
p34,2027,IRA_low,2009,17143581.0
p34,2027,IRA_low,2010,17130403.0
p34,2027,IRA_low,2011,17153062.0
p34,2027,IRA_low,2012,17102222.0
p34,2027,IRA_low,2013,17175381.0
p34,2028,IRA_low,2007,17728885.0
p34,2028,IRA_low,2008,17714482.0
p34,2028,IRA_low,2009,17702818.0
p34,2028,IRA_low,2010,17683374.0
p34,2028,IRA_low,2011,17715016.0
p34,2028,IRA_low,2012,17643137.0
p34,2028,IRA_low,2013,17745934.0
p34,2029,IRA_low,2007,18294670.0
p34,2029,IRA_low,2008,18276539.0
p34,2029,IRA_low,2009,18262101.0
p34,2029,IRA_low,2010,18236415.0
p34,2029,IRA_low,2011,18277043.0
p34,2029,IRA_low,2012,18184187.0
p34,2029,IRA_low,2013,18316748.0
p34,2030,IRA_low,2007,18860419.0
p34,2030,IRA_low,2008,18838631.0
p34,2030,IRA_low,2009,18821340.0
p34,2030,IRA_low,2010,18789553.0
p34,2030,IRA_low,2011,18838891.0
p34,2030,IRA_low,2012,18724967.0
p34,2030,IRA_low,2013,18887385.0
p34,2031,IRA_low,2007,19519450.0
p34,2031,IRA_low,2008,19494462.0
p34,2031,IRA_low,2009,19474522.0
p34,2031,IRA_low,2010,19435992.0
p34,2031,IRA_low,2011,19494510.0
p34,2031,IRA_low,2012,19358367.0
p34,2031,IRA_low,2013,19552028.0
p34,2032,IRA_low,2007,20178444.0
p34,2032,IRA_low,2008,20150325.0
p34,2032,IRA_low,2009,20127566.0
p34,2032,IRA_low,2010,20082577.0
p34,2032,IRA_low,2011,20149846.0
p34,2032,IRA_low,2012,19991726.0
p34,2032,IRA_low,2013,20216469.0
p34,2033,IRA_low,2007,20837421.0
p34,2033,IRA_low,2008,20806256.0
p34,2033,IRA_low,2009,20780730.0
p34,2033,IRA_low,2010,20729022.0
p34,2033,IRA_low,2011,20805309.0
p34,2033,IRA_low,2012,20625033.0
p34,2033,IRA_low,2013,20881107.0
p34,2034,IRA_low,2007,21496381.0
p34,2034,IRA_low,2008,21462108.0
p34,2034,IRA_low,2009,21433898.0
p34,2034,IRA_low,2010,21375675.0
p34,2034,IRA_low,2011,21460782.0
p34,2034,IRA_low,2012,21258332.0
p34,2034,IRA_low,2013,21545635.0
p34,2035,IRA_low,2007,22155423.0
p34,2035,IRA_low,2008,22118008.0
p34,2035,IRA_low,2009,22086977.0
p34,2035,IRA_low,2010,22022191.0
p34,2035,IRA_low,2011,22116228.0
p34,2035,IRA_low,2012,21891628.0
p34,2035,IRA_low,2013,22210164.0
p34,2036,IRA_low,2007,22764351.0
p34,2036,IRA_low,2008,22724451.0
p34,2036,IRA_low,2009,22690963.0
p34,2036,IRA_low,2010,22621497.0
p34,2036,IRA_low,2011,22722526.0
p34,2036,IRA_low,2012,22480145.0
p34,2036,IRA_low,2013,22824100.0
p34,2037,IRA_low,2007,23373383.0
p34,2037,IRA_low,2008,23331012.0
p34,2037,IRA_low,2009,23295172.0
p34,2037,IRA_low,2010,23220719.0
p34,2037,IRA_low,2011,23328642.0
p34,2037,IRA_low,2012,23068674.0
p34,2037,IRA_low,2013,23437971.0
p34,2038,IRA_low,2007,23982403.0
p34,2038,IRA_low,2008,23937561.0
p34,2038,IRA_low,2009,23899282.0
p34,2038,IRA_low,2010,23820002.0
p34,2038,IRA_low,2011,23934791.0
p34,2038,IRA_low,2012,23657193.0
p34,2038,IRA_low,2013,24051806.0
p34,2039,IRA_low,2007,24591355.0
p34,2039,IRA_low,2008,24544064.0
p34,2039,IRA_low,2009,24503305.0
p34,2039,IRA_low,2010,24419270.0
p34,2039,IRA_low,2011,24541074.0
p34,2039,IRA_low,2012,24245705.0
p34,2039,IRA_low,2013,24665574.0
p34,2040,IRA_low,2007,25200401.0
p34,2040,IRA_low,2008,25150582.0
p34,2040,IRA_low,2009,25107332.0
p34,2040,IRA_low,2010,25018599.0
p34,2040,IRA_low,2011,25147161.0
p34,2040,IRA_low,2012,24834215.0
p34,2040,IRA_low,2013,25279340.0
p34,2041,IRA_low,2007,25711508.0
p34,2041,IRA_low,2008,25659930.0
p34,2041,IRA_low,2009,25614583.0
p34,2041,IRA_low,2010,25524038.0
p34,2041,IRA_low,2011,25656279.0
p34,2041,IRA_low,2012,25333490.0
p34,2041,IRA_low,2013,25793590.0
p34,2042,IRA_low,2007,26222440.0
p34,2042,IRA_low,2008,26169179.0
p34,2042,IRA_low,2009,26121834.0
p34,2042,IRA_low,2010,26029361.0
p34,2042,IRA_low,2011,26165363.0
p34,2042,IRA_low,2012,25832722.0
p34,2042,IRA_low,2013,26307810.0
p34,2043,IRA_low,2007,26733497.0
p34,2043,IRA_low,2008,26678452.0
p34,2043,IRA_low,2009,26629067.0
p34,2043,IRA_low,2010,26534731.0
p34,2043,IRA_low,2011,26674489.0
p34,2043,IRA_low,2012,26332060.0
p34,2043,IRA_low,2013,26821959.0
p34,2044,IRA_low,2007,27244454.0
p34,2044,IRA_low,2008,27187774.0
p34,2044,IRA_low,2009,27136368.0
p34,2044,IRA_low,2010,27040153.0
p34,2044,IRA_low,2011,27183661.0
p34,2044,IRA_low,2012,26831284.0
p34,2044,IRA_low,2013,27336165.0
p34,2045,IRA_low,2007,27755549.0
p34,2045,IRA_low,2008,27697075.0
p34,2045,IRA_low,2009,27643551.0
p34,2045,IRA_low,2010,27545522.0
p34,2045,IRA_low,2011,27692711.0
p34,2045,IRA_low,2012,27330598.0
p34,2045,IRA_low,2013,27850267.0
p34,2046,IRA_low,2007,28154447.0
p34,2046,IRA_low,2008,28094011.0
p34,2046,IRA_low,2009,28038483.0
p34,2046,IRA_low,2010,27941046.0
p34,2046,IRA_low,2011,28090238.0
p34,2046,IRA_low,2012,27723630.0
p34,2046,IRA_low,2013,28250866.0
p34,2047,IRA_low,2007,28553309.0
p34,2047,IRA_low,2008,28491068.0
p34,2047,IRA_low,2009,28433471.0
p34,2047,IRA_low,2010,28336545.0
p34,2047,IRA_low,2011,28487673.0
p34,2047,IRA_low,2012,28116622.0
p34,2047,IRA_low,2013,28651448.0
p34,2048,IRA_low,2007,28952249.0
p34,2048,IRA_low,2008,28888147.0
p34,2048,IRA_low,2009,28828557.0
p34,2048,IRA_low,2010,28732120.0
p34,2048,IRA_low,2011,28885077.0
p34,2048,IRA_low,2012,28509677.0
p34,2048,IRA_low,2013,29052161.0
p34,2049,IRA_low,2007,29351071.0
p34,2049,IRA_low,2008,29285224.0
p34,2049,IRA_low,2009,29223488.0
p34,2049,IRA_low,2010,29127621.0
p34,2049,IRA_low,2011,29282580.0
p34,2049,IRA_low,2012,28902703.0
p34,2049,IRA_low,2013,29452793.0
p34,2050,IRA_low,2007,29749987.0
p34,2050,IRA_low,2008,29682259.0
p34,2050,IRA_low,2009,29618492.0
p34,2050,IRA_low,2010,29523206.0
p34,2050,IRA_low,2011,29679996.0
p34,2050,IRA_low,2012,29295732.0
p34,2050,IRA_low,2013,29853371.0
p35,2020,IRA_low,2007,815676.87
p35,2020,IRA_low,2008,815665.2
p35,2020,IRA_low,2009,815641.84
p35,2020,IRA_low,2010,815597.26
p35,2020,IRA_low,2011,815584.52
p35,2020,IRA_low,2012,815896.6
p35,2020,IRA_low,2013,815660.95
p35,2021,IRA_low,2007,651235.0
p35,2021,IRA_low,2008,651194.0
p35,2021,IRA_low,2009,651332.0
p35,2021,IRA_low,2010,651284.0
p35,2021,IRA_low,2011,651347.0
p35,2021,IRA_low,2012,651396.0
p35,2021,IRA_low,2013,651406.0
p35,2022,IRA_low,2007,678714.0
p35,2022,IRA_low,2008,678599.0
p35,2022,IRA_low,2009,678638.0
p35,2022,IRA_low,2010,678592.0
p35,2022,IRA_low,2011,678670.0
p35,2022,IRA_low,2012,678622.0
p35,2022,IRA_low,2013,678630.0
p35,2023,IRA_low,2007,676066.0
p35,2023,IRA_low,2008,675525.0
p35,2023,IRA_low,2009,676076.0
p35,2023,IRA_low,2010,675959.0
p35,2023,IRA_low,2011,676037.0
p35,2023,IRA_low,2012,675666.0
p35,2023,IRA_low,2013,676083.0
p35,2024,IRA_low,2007,683564.0
p35,2024,IRA_low,2008,683679.0
p35,2024,IRA_low,2009,683528.0
p35,2024,IRA_low,2010,683502.0
p35,2024,IRA_low,2011,683527.0
p35,2024,IRA_low,2012,683618.0
p35,2024,IRA_low,2013,683492.0
p35,2025,IRA_low,2007,721240.0
p35,2025,IRA_low,2008,722138.0
p35,2025,IRA_low,2009,722299.0
p35,2025,IRA_low,2010,721766.0
p35,2025,IRA_low,2011,722186.0
p35,2025,IRA_low,2012,721124.0
p35,2025,IRA_low,2013,721998.0
p35,2026,IRA_low,2007,790166.0
p35,2026,IRA_low,2008,792898.0
p35,2026,IRA_low,2009,793512.0
p35,2026,IRA_low,2010,791936.0
p35,2026,IRA_low,2011,793240.0
p35,2026,IRA_low,2012,789495.0
p35,2026,IRA_low,2013,792383.0
p35,2027,IRA_low,2007,858896.0
p35,2027,IRA_low,2008,864021.0
p35,2027,IRA_low,2009,863951.0
p35,2027,IRA_low,2010,862324.0
p35,2027,IRA_low,2011,863351.0
p35,2027,IRA_low,2012,858895.0
p35,2027,IRA_low,2013,863187.0
p35,2028,IRA_low,2007,928266.0
p35,2028,IRA_low,2008,935066.0
p35,2028,IRA_low,2009,936193.0
p35,2028,IRA_low,2010,932561.0
p35,2028,IRA_low,2011,935280.0
p35,2028,IRA_low,2012,926756.0
p35,2028,IRA_low,2013,933340.0
p35,2029,IRA_low,2007,997141.0
p35,2029,IRA_low,2008,1006000.0
p35,2029,IRA_low,2009,1007544.0
p35,2029,IRA_low,2010,1002895.0
p35,2029,IRA_low,2011,1006457.0
p35,2029,IRA_low,2012,995292.0
p35,2029,IRA_low,2013,1003806.0
p35,2030,IRA_low,2007,1066186.0
p35,2030,IRA_low,2008,1077071.0
p35,2030,IRA_low,2009,1078696.0
p35,2030,IRA_low,2010,1073119.0
p35,2030,IRA_low,2011,1077436.0
p35,2030,IRA_low,2012,1064021.0
p35,2030,IRA_low,2013,1074163.0
p35,2031,IRA_low,2007,1143573.0
p35,2031,IRA_low,2008,1156329.0
p35,2031,IRA_low,2009,1158430.0
p35,2031,IRA_low,2010,1152322.0
p35,2031,IRA_low,2011,1156683.0
p35,2031,IRA_low,2012,1140548.0
p35,2031,IRA_low,2013,1153619.0
p35,2032,IRA_low,2007,1220735.0
p35,2032,IRA_low,2008,1235774.0
p35,2032,IRA_low,2009,1238018.0
p35,2032,IRA_low,2010,1230254.0
p35,2032,IRA_low,2011,1236047.0
p35,2032,IRA_low,2012,1217582.0
p35,2032,IRA_low,2013,1231622.0
p35,2033,IRA_low,2007,1298087.0
p35,2033,IRA_low,2008,1314979.0
p35,2033,IRA_low,2009,1317564.0
p35,2033,IRA_low,2010,1309027.0
p35,2033,IRA_low,2011,1315358.0
p35,2033,IRA_low,2012,1294368.0
p35,2033,IRA_low,2013,1310522.0
p35,2034,IRA_low,2007,1375296.0
p35,2034,IRA_low,2008,1394135.0
p35,2034,IRA_low,2009,1397360.0
p35,2034,IRA_low,2010,1387560.0
p35,2034,IRA_low,2011,1394817.0
p35,2034,IRA_low,2012,1371288.0
p35,2034,IRA_low,2013,1389241.0
p35,2035,IRA_low,2007,1452538.0
p35,2035,IRA_low,2008,1473620.0
p35,2035,IRA_low,2009,1476848.0
p35,2035,IRA_low,2010,1466276.0
p35,2035,IRA_low,2011,1474057.0
p35,2035,IRA_low,2012,1448016.0
p35,2035,IRA_low,2013,1468011.0
p35,2036,IRA_low,2007,1523461.0
p35,2036,IRA_low,2008,1545938.0
p35,2036,IRA_low,2009,1549504.0
p35,2036,IRA_low,2010,1538172.0
p35,2036,IRA_low,2011,1546595.0
p35,2036,IRA_low,2012,1518725.0
p35,2036,IRA_low,2013,1540126.0
p35,2037,IRA_low,2007,1594409.0
p35,2037,IRA_low,2008,1618227.0
p35,2037,IRA_low,2009,1622188.0
p35,2037,IRA_low,2010,1610229.0
p35,2037,IRA_low,2011,1619113.0
p35,2037,IRA_low,2012,1589275.0
p35,2037,IRA_low,2013,1612099.0
p35,2038,IRA_low,2007,1665464.0
p35,2038,IRA_low,2008,1690671.0
p35,2038,IRA_low,2009,1694896.0
p35,2038,IRA_low,2010,1682129.0
p35,2038,IRA_low,2011,1691508.0
p35,2038,IRA_low,2012,1659853.0
p35,2038,IRA_low,2013,1684216.0
p35,2039,IRA_low,2007,1737053.0
p35,2039,IRA_low,2008,1763117.0
p35,2039,IRA_low,2009,1767467.0
p35,2039,IRA_low,2010,1754049.0
p35,2039,IRA_low,2011,1764142.0
p35,2039,IRA_low,2012,1731041.0
p35,2039,IRA_low,2013,1756100.0
p35,2040,IRA_low,2007,1807208.0
p35,2040,IRA_low,2008,1835517.0
p35,2040,IRA_low,2009,1840282.0
p35,2040,IRA_low,2010,1826010.0
p35,2040,IRA_low,2011,1836575.0
p35,2040,IRA_low,2012,1800932.0
p35,2040,IRA_low,2013,1828270.0
p35,2041,IRA_low,2007,1872311.0
p35,2041,IRA_low,2008,1901396.0
p35,2041,IRA_low,2009,1906464.0
p35,2041,IRA_low,2010,1891613.0
p35,2041,IRA_low,2011,1902524.0
p35,2041,IRA_low,2012,1865827.0
p35,2041,IRA_low,2013,1893994.0
p35,2042,IRA_low,2007,1937484.0
p35,2042,IRA_low,2008,1967458.0
p35,2042,IRA_low,2009,1972458.0
p35,2042,IRA_low,2010,1957276.0
p35,2042,IRA_low,2011,1968544.0
p35,2042,IRA_low,2012,1930657.0
p35,2042,IRA_low,2013,1959689.0
p35,2043,IRA_low,2007,2002529.0
p35,2043,IRA_low,2008,2033192.0
p35,2043,IRA_low,2009,2038580.0
p35,2043,IRA_low,2010,2023023.0
p35,2043,IRA_low,2011,2034553.0
p35,2043,IRA_low,2012,1995480.0
p35,2043,IRA_low,2013,2025478.0
p35,2044,IRA_low,2007,2067657.0
p35,2044,IRA_low,2008,2099207.0
p35,2044,IRA_low,2009,2104784.0
p35,2044,IRA_low,2010,2088554.0
p35,2044,IRA_low,2011,2100506.0
p35,2044,IRA_low,2012,2060362.0
p35,2044,IRA_low,2013,2091224.0
p35,2045,IRA_low,2007,2132668.0
p35,2045,IRA_low,2008,2165089.0
p35,2045,IRA_low,2009,2170818.0
p35,2045,IRA_low,2010,2153991.0
p35,2045,IRA_low,2011,2166417.0
p35,2045,IRA_low,2012,2125085.0
p35,2045,IRA_low,2013,2156552.0
p35,2046,IRA_low,2007,2185217.0
p35,2046,IRA_low,2008,2217884.0
p35,2046,IRA_low,2009,2223788.0
p35,2046,IRA_low,2010,2206877.0
p35,2046,IRA_low,2011,2219339.0
p35,2046,IRA_low,2012,2177502.0
p35,2046,IRA_low,2013,2209652.0
p35,2047,IRA_low,2007,2237737.0
p35,2047,IRA_low,2008,2270561.0
p35,2047,IRA_low,2009,2276659.0
p35,2047,IRA_low,2010,2259445.0
p35,2047,IRA_low,2011,2272080.0
p35,2047,IRA_low,2012,2229813.0
p35,2047,IRA_low,2013,2262321.0
p35,2048,IRA_low,2007,2290236.0
p35,2048,IRA_low,2008,2323109.0
p35,2048,IRA_low,2009,2329475.0
p35,2048,IRA_low,2010,2312128.0
p35,2048,IRA_low,2011,2324887.0
p35,2048,IRA_low,2012,2282074.0
p35,2048,IRA_low,2013,2315104.0
p35,2049,IRA_low,2007,2342673.0
p35,2049,IRA_low,2008,2375845.0
p35,2049,IRA_low,2009,2382342.0
p35,2049,IRA_low,2010,2364642.0
p35,2049,IRA_low,2011,2377664.0
p35,2049,IRA_low,2012,2334362.0
p35,2049,IRA_low,2013,2367754.0
p35,2050,IRA_low,2007,2395147.0
p35,2050,IRA_low,2008,2428573.0
p35,2050,IRA_low,2009,2435184.0
p35,2050,IRA_low,2010,2417197.0
p35,2050,IRA_low,2011,2430399.0
p35,2050,IRA_low,2012,2386748.0
p35,2050,IRA_low,2013,2420499.0
p36,2020,IRA_low,2007,16436990.9
p36,2020,IRA_low,2008,16434456.19
p36,2020,IRA_low,2009,16435355.55
p36,2020,IRA_low,2010,16435305.03
p36,2020,IRA_low,2011,16433795.99
p36,2020,IRA_low,2012,16436625.43
p36,2020,IRA_low,2013,16433718.51
p36,2021,IRA_low,2007,6094985.0
p36,2021,IRA_low,2008,6094940.0
p36,2021,IRA_low,2009,6094934.0
p36,2021,IRA_low,2010,6094961.0
p36,2021,IRA_low,2011,6094974.0
p36,2021,IRA_low,2012,6094951.0
p36,2021,IRA_low,2013,6094965.0
p36,2022,IRA_low,2007,6770210.0
p36,2022,IRA_low,2008,6770207.0
p36,2022,IRA_low,2009,6770227.0
p36,2022,IRA_low,2010,6770198.0
p36,2022,IRA_low,2011,6770246.0
p36,2022,IRA_low,2012,6770247.0
p36,2022,IRA_low,2013,6770225.0
p36,2023,IRA_low,2007,7507714.0
p36,2023,IRA_low,2008,7507679.0
p36,2023,IRA_low,2009,7507691.0
p36,2023,IRA_low,2010,7507748.0
p36,2023,IRA_low,2011,7507684.0
p36,2023,IRA_low,2012,7507687.0
p36,2023,IRA_low,2013,7507691.0
p36,2024,IRA_low,2007,7885907.0
p36,2024,IRA_low,2008,7885905.0
p36,2024,IRA_low,2009,7885913.0
p36,2024,IRA_low,2010,7885935.0
p36,2024,IRA_low,2011,7885907.0
p36,2024,IRA_low,2012,7885962.0
p36,2024,IRA_low,2013,7885884.0
p36,2025,IRA_low,2007,8531134.0
p36,2025,IRA_low,2008,8530988.0
p36,2025,IRA_low,2009,8530498.0
p36,2025,IRA_low,2010,8529833.0
p36,2025,IRA_low,2011,8530200.0
p36,2025,IRA_low,2012,8528570.0
p36,2025,IRA_low,2013,8532348.0
p36,2026,IRA_low,2007,9367245.0
p36,2026,IRA_low,2008,9371487.0
p36,2026,IRA_low,2009,9370674.0
p36,2026,IRA_low,2010,9364798.0
p36,2026,IRA_low,2011,9366710.0
p36,2026,IRA_low,2012,9357829.0
p36,2026,IRA_low,2013,9373446.0
p36,2027,IRA_low,2007,10203335.0
p36,2027,IRA_low,2008,10211762.0
p36,2027,IRA_low,2009,10210985.0
p36,2027,IRA_low,2010,10199777.0
p36,2027,IRA_low,2011,10203222.0
p36,2027,IRA_low,2012,10186819.0
p36,2027,IRA_low,2013,10214461.0
p36,2028,IRA_low,2007,11039387.0
p36,2028,IRA_low,2008,11052164.0
p36,2028,IRA_low,2009,11051488.0
p36,2028,IRA_low,2010,11034815.0
p36,2028,IRA_low,2011,11039822.0
p36,2028,IRA_low,2012,11015911.0
p36,2028,IRA_low,2013,11055624.0
p36,2029,IRA_low,2007,11875463.0
p36,2029,IRA_low,2008,11892596.0
p36,2029,IRA_low,2009,11891763.0
p36,2029,IRA_low,2010,11869661.0
p36,2029,IRA_low,2011,11876293.0
p36,2029,IRA_low,2012,11845089.0
p36,2029,IRA_low,2013,11896665.0
p36,2030,IRA_low,2007,12711209.0
p36,2030,IRA_low,2008,12732922.0
p36,2030,IRA_low,2009,12732106.0
p36,2030,IRA_low,2010,12705287.0
p36,2030,IRA_low,2011,12712374.0
p36,2030,IRA_low,2012,12674149.0
p36,2030,IRA_low,2013,12737769.0
p36,2031,IRA_low,2007,13377562.0
p36,2031,IRA_low,2008,13405769.0
p36,2031,IRA_low,2009,13405341.0
p36,2031,IRA_low,2010,13370075.0
p36,2031,IRA_low,2011,13380085.0
p36,2031,IRA_low,2012,13331150.0
p36,2031,IRA_low,2013,13411735.0
p36,2032,IRA_low,2007,14043596.0
p36,2032,IRA_low,2008,14078499.0
p36,2032,IRA_low,2009,14078497.0
p36,2032,IRA_low,2010,14035341.0
p36,2032,IRA_low,2011,14047383.0
p36,2032,IRA_low,2012,13987952.0
p36,2032,IRA_low,2013,14085706.0
p36,2033,IRA_low,2007,14709619.0
p36,2033,IRA_low,2008,14751282.0
p36,2033,IRA_low,2009,14751781.0
p36,2033,IRA_low,2010,14700736.0
p36,2033,IRA_low,2011,14714787.0
p36,2033,IRA_low,2012,14644889.0
p36,2033,IRA_low,2013,14759741.0
p36,2034,IRA_low,2007,15375684.0
p36,2034,IRA_low,2008,15424173.0
p36,2034,IRA_low,2009,15424934.0
p36,2034,IRA_low,2010,15366049.0
p36,2034,IRA_low,2011,15382073.0
p36,2034,IRA_low,2012,15301838.0
p36,2034,IRA_low,2013,15433745.0
p36,2035,IRA_low,2007,16041576.0
p36,2035,IRA_low,2008,16097037.0
p36,2035,IRA_low,2009,16098094.0
p36,2035,IRA_low,2010,16031456.0
p36,2035,IRA_low,2011,16049368.0
p36,2035,IRA_low,2012,15958741.0
p36,2035,IRA_low,2013,16107673.0
p36,2036,IRA_low,2007,16542580.0
p36,2036,IRA_low,2008,16602458.0
p36,2036,IRA_low,2009,16603859.0
p36,2036,IRA_low,2010,16531441.0
p36,2036,IRA_low,2011,16550779.0
p36,2036,IRA_low,2012,16452088.0
p36,2036,IRA_low,2013,16614903.0
p36,2037,IRA_low,2007,17043379.0
p36,2037,IRA_low,2008,17108073.0
p36,2037,IRA_low,2009,17109614.0
p36,2037,IRA_low,2010,17031545.0
p36,2037,IRA_low,2011,17052272.0
p36,2037,IRA_low,2012,16945290.0
p36,2037,IRA_low,2013,17122108.0
p36,2038,IRA_low,2007,17544268.0
p36,2038,IRA_low,2008,17613562.0
p36,2038,IRA_low,2009,17615328.0
p36,2038,IRA_low,2010,17531567.0
p36,2038,IRA_low,2011,17553759.0
p36,2038,IRA_low,2012,17438593.0
p36,2038,IRA_low,2013,17629334.0
p36,2039,IRA_low,2007,18045096.0
p36,2039,IRA_low,2008,18119188.0
p36,2039,IRA_low,2009,18121085.0
p36,2039,IRA_low,2010,18031548.0
p36,2039,IRA_low,2011,18055170.0
p36,2039,IRA_low,2012,17931863.0
p36,2039,IRA_low,2013,18136587.0
p36,2040,IRA_low,2007,18546028.0
p36,2040,IRA_low,2008,18624606.0
p36,2040,IRA_low,2009,18626889.0
p36,2040,IRA_low,2010,18531557.0
p36,2040,IRA_low,2011,18556627.0
p36,2040,IRA_low,2012,18425089.0
p36,2040,IRA_low,2013,18643750.0
p36,2041,IRA_low,2007,19037030.0
p36,2041,IRA_low,2008,19117871.0
p36,2041,IRA_low,2009,19119932.0
p36,2041,IRA_low,2010,19021917.0
p36,2041,IRA_low,2011,19047536.0
p36,2041,IRA_low,2012,18911473.0
p36,2041,IRA_low,2013,19138935.0
p36,2042,IRA_low,2007,19527914.0
p36,2042,IRA_low,2008,19611142.0
p36,2042,IRA_low,2009,19613091.0
p36,2042,IRA_low,2010,19512181.0
p36,2042,IRA_low,2011,19538570.0
p36,2042,IRA_low,2012,19397817.0
p36,2042,IRA_low,2013,19633959.0
p36,2043,IRA_low,2007,20018896.0
p36,2043,IRA_low,2008,20104346.0
p36,2043,IRA_low,2009,20106250.0
p36,2043,IRA_low,2010,20002457.0
p36,2043,IRA_low,2011,20029436.0
p36,2043,IRA_low,2012,19884231.0
p36,2043,IRA_low,2013,20129145.0
p36,2044,IRA_low,2007,20509714.0
p36,2044,IRA_low,2008,20597620.0
p36,2044,IRA_low,2009,20599412.0
p36,2044,IRA_low,2010,20492848.0
p36,2044,IRA_low,2011,20520405.0
p36,2044,IRA_low,2012,20370562.0
p36,2044,IRA_low,2013,20624230.0
p36,2045,IRA_low,2007,21000699.0
p36,2045,IRA_low,2008,21090960.0
p36,2045,IRA_low,2009,21092587.0
p36,2045,IRA_low,2010,20983100.0
p36,2045,IRA_low,2011,21011316.0
p36,2045,IRA_low,2012,20856937.0
p36,2045,IRA_low,2013,21119236.0
p36,2046,IRA_low,2007,21481208.0
p36,2046,IRA_low,2008,21571979.0
p36,2046,IRA_low,2009,21573450.0
p36,2046,IRA_low,2010,21462729.0
p36,2046,IRA_low,2011,21491281.0
p36,2046,IRA_low,2012,21334504.0
p36,2046,IRA_low,2013,21602219.0
p36,2047,IRA_low,2007,21961626.0
p36,2047,IRA_low,2008,22053002.0
p36,2047,IRA_low,2009,22054377.0
p36,2047,IRA_low,2010,21942514.0
p36,2047,IRA_low,2011,21971272.0
p36,2047,IRA_low,2012,21812010.0
p36,2047,IRA_low,2013,22085102.0
p36,2048,IRA_low,2007,22442089.0
p36,2048,IRA_low,2008,22534161.0
p36,2048,IRA_low,2009,22535283.0
p36,2048,IRA_low,2010,22422165.0
p36,2048,IRA_low,2011,22451239.0
p36,2048,IRA_low,2012,22289652.0
p36,2048,IRA_low,2013,22567980.0
p36,2049,IRA_low,2007,22922441.0
p36,2049,IRA_low,2008,23015198.0
p36,2049,IRA_low,2009,23016246.0
p36,2049,IRA_low,2010,22901920.0
p36,2049,IRA_low,2011,22931164.0
p36,2049,IRA_low,2012,22767269.0
p36,2049,IRA_low,2013,23050856.0
p36,2050,IRA_low,2007,23402964.0
p36,2050,IRA_low,2008,23496260.0
p36,2050,IRA_low,2009,23497150.0
p36,2050,IRA_low,2010,23381580.0
p36,2050,IRA_low,2011,23411249.0
p36,2050,IRA_low,2012,23244728.0
p36,2050,IRA_low,2013,23533752.0
p37,2020,IRA_low,2007,29516887.32
p37,2020,IRA_low,2008,29514771.97
p37,2020,IRA_low,2009,29515981.22
p37,2020,IRA_low,2010,29514935.34
p37,2020,IRA_low,2011,29514029.24
p37,2020,IRA_low,2012,29516287.75
p37,2020,IRA_low,2013,29513401.04
p37,2021,IRA_low,2007,16947414.0
p37,2021,IRA_low,2008,16947493.0
p37,2021,IRA_low,2009,16947473.0
p37,2021,IRA_low,2010,16947422.0
p37,2021,IRA_low,2011,16947453.0
p37,2021,IRA_low,2012,16947468.0
p37,2021,IRA_low,2013,16947486.0
p37,2022,IRA_low,2007,18825104.0
p37,2022,IRA_low,2008,18825112.0
p37,2022,IRA_low,2009,18825125.0
p37,2022,IRA_low,2010,18825127.0
p37,2022,IRA_low,2011,18825150.0
p37,2022,IRA_low,2012,18825145.0
p37,2022,IRA_low,2013,18825155.0
p37,2023,IRA_low,2007,20875704.0
p37,2023,IRA_low,2008,20875696.0
p37,2023,IRA_low,2009,20875724.0
p37,2023,IRA_low,2010,20875683.0
p37,2023,IRA_low,2011,20875713.0
p37,2023,IRA_low,2012,20875704.0
p37,2023,IRA_low,2013,20875680.0
p37,2024,IRA_low,2007,21927356.0
p37,2024,IRA_low,2008,21927315.0
p37,2024,IRA_low,2009,21927339.0
p37,2024,IRA_low,2010,21927384.0
p37,2024,IRA_low,2011,21927288.0
p37,2024,IRA_low,2012,21927280.0
p37,2024,IRA_low,2013,21927308.0
p37,2025,IRA_low,2007,22223847.0
p37,2025,IRA_low,2008,22223832.0
p37,2025,IRA_low,2009,22223488.0
p37,2025,IRA_low,2010,22223233.0
p37,2025,IRA_low,2011,22223387.0
p37,2025,IRA_low,2012,22222787.0
p37,2025,IRA_low,2013,22224476.0
p37,2026,IRA_low,2007,22608086.0
p37,2026,IRA_low,2008,22610063.0
p37,2026,IRA_low,2009,22609645.0
p37,2026,IRA_low,2010,22607021.0
p37,2026,IRA_low,2011,22607816.0
p37,2026,IRA_low,2012,22603777.0
p37,2026,IRA_low,2013,22611013.0
p37,2027,IRA_low,2007,22992394.0
p37,2027,IRA_low,2008,22996302.0
p37,2027,IRA_low,2009,22995986.0
p37,2027,IRA_low,2010,22990773.0
p37,2027,IRA_low,2011,22992365.0
p37,2027,IRA_low,2012,22984884.0
p37,2027,IRA_low,2013,22997618.0
p37,2028,IRA_low,2007,23376680.0
p37,2028,IRA_low,2008,23382534.0
p37,2028,IRA_low,2009,23382145.0
p37,2028,IRA_low,2010,23374493.0
p37,2028,IRA_low,2011,23376786.0
p37,2028,IRA_low,2012,23365896.0
p37,2028,IRA_low,2013,23384123.0
p37,2029,IRA_low,2007,23760877.0
p37,2029,IRA_low,2008,23768922.0
p37,2029,IRA_low,2009,23768334.0
p37,2029,IRA_low,2010,23758341.0
p37,2029,IRA_low,2011,23761173.0
p37,2029,IRA_low,2012,23746988.0
p37,2029,IRA_low,2013,23770678.0
p37,2030,IRA_low,2007,24145172.0
p37,2030,IRA_low,2008,24155123.0
p37,2030,IRA_low,2009,24154693.0
p37,2030,IRA_low,2010,24142080.0
p37,2030,IRA_low,2011,24145724.0
p37,2030,IRA_low,2012,24127976.0
p37,2030,IRA_low,2013,24157325.0
p37,2031,IRA_low,2007,24451304.0
p37,2031,IRA_low,2008,24464197.0
p37,2031,IRA_low,2009,24463983.0
p37,2031,IRA_low,2010,24447855.0
p37,2031,IRA_low,2011,24452341.0
p37,2031,IRA_low,2012,24429904.0
p37,2031,IRA_low,2013,24467005.0
p37,2032,IRA_low,2007,24757419.0
p37,2032,IRA_low,2008,24773649.0
p37,2032,IRA_low,2009,24773405.0
p37,2032,IRA_low,2010,24753671.0
p37,2032,IRA_low,2011,24759175.0
p37,2032,IRA_low,2012,24731852.0
p37,2032,IRA_low,2013,24776810.0
p37,2033,IRA_low,2007,25063517.0
p37,2033,IRA_low,2008,25082750.0
p37,2033,IRA_low,2009,25082867.0
p37,2033,IRA_low,2010,25059502.0
p37,2033,IRA_low,2011,25065895.0
p37,2033,IRA_low,2012,25033809.0
p37,2033,IRA_low,2013,25086617.0
p37,2034,IRA_low,2007,25369590.0
p37,2034,IRA_low,2008,25392027.0
p37,2034,IRA_low,2009,25392248.0
p37,2034,IRA_low,2010,25365289.0
p37,2034,IRA_low,2011,25372458.0
p37,2034,IRA_low,2012,25335720.0
p37,2034,IRA_low,2013,25396362.0
p37,2035,IRA_low,2007,25675782.0
p37,2035,IRA_low,2008,25701190.0
p37,2035,IRA_low,2009,25701695.0
p37,2035,IRA_low,2010,25671029.0
p37,2035,IRA_low,2011,25679201.0
p37,2035,IRA_low,2012,25637672.0
p37,2035,IRA_low,2013,25706067.0
p37,2036,IRA_low,2007,25905822.0
p37,2036,IRA_low,2008,25933455.0
p37,2036,IRA_low,2009,25934084.0
p37,2036,IRA_low,2010,25900850.0
p37,2036,IRA_low,2011,25909720.0
p37,2036,IRA_low,2012,25864463.0
p37,2036,IRA_low,2013,25939232.0
p37,2037,IRA_low,2007,26136201.0
p37,2037,IRA_low,2008,26165859.0
p37,2037,IRA_low,2009,26166564.0
p37,2037,IRA_low,2010,26130655.0
p37,2037,IRA_low,2011,26140196.0
p37,2037,IRA_low,2012,26091061.0
p37,2037,IRA_low,2013,26172359.0
p37,2038,IRA_low,2007,26366477.0
p37,2038,IRA_low,2008,26398216.0
p37,2038,IRA_low,2009,26399033.0
p37,2038,IRA_low,2010,26360551.0
p37,2038,IRA_low,2011,26370601.0
p37,2038,IRA_low,2012,26317744.0
p37,2038,IRA_low,2013,26405439.0
p37,2039,IRA_low,2007,26596564.0
p37,2039,IRA_low,2008,26630573.0
p37,2039,IRA_low,2009,26631456.0
p37,2039,IRA_low,2010,26590319.0
p37,2039,IRA_low,2011,26601133.0
p37,2039,IRA_low,2012,26544505.0
p37,2039,IRA_low,2013,26638632.0
p37,2040,IRA_low,2007,26826793.0
p37,2040,IRA_low,2008,26862993.0
p37,2040,IRA_low,2009,26863838.0
p37,2040,IRA_low,2010,26820118.0
p37,2040,IRA_low,2011,26831622.0
p37,2040,IRA_low,2012,26771193.0
p37,2040,IRA_low,2013,26871690.0
p37,2041,IRA_low,2007,27052353.0
p37,2041,IRA_low,2008,27089580.0
p37,2041,IRA_low,2009,27090514.0
p37,2041,IRA_low,2010,27045503.0
p37,2041,IRA_low,2011,27057145.0
p37,2041,IRA_low,2012,26994607.0
p37,2041,IRA_low,2013,27099238.0
p37,2042,IRA_low,2007,27278034.0
p37,2042,IRA_low,2008,27316290.0
p37,2042,IRA_low,2009,27317146.0
p37,2042,IRA_low,2010,27270904.0
p37,2042,IRA_low,2011,27282765.0
p37,2042,IRA_low,2012,27218271.0
p37,2042,IRA_low,2013,27326955.0
p37,2043,IRA_low,2007,27503707.0
p37,2043,IRA_low,2008,27542933.0
p37,2043,IRA_low,2009,27543814.0
p37,2043,IRA_low,2010,27496209.0
p37,2043,IRA_low,2011,27508651.0
p37,2043,IRA_low,2012,27441871.0
p37,2043,IRA_low,2013,27554277.0
p37,2044,IRA_low,2007,27729329.0
p37,2044,IRA_low,2008,27769724.0
p37,2044,IRA_low,2009,27770423.0
p37,2044,IRA_low,2010,27721562.0
p37,2044,IRA_low,2011,27734052.0
p37,2044,IRA_low,2012,27665381.0
p37,2044,IRA_low,2013,27781917.0
p37,2045,IRA_low,2007,27954900.0
p37,2045,IRA_low,2008,27996474.0
p37,2045,IRA_low,2009,27997111.0
p37,2045,IRA_low,2010,27946851.0
p37,2045,IRA_low,2011,27959781.0
p37,2045,IRA_low,2012,27888900.0
p37,2045,IRA_low,2013,28009420.0
p37,2046,IRA_low,2007,28175752.0
p37,2046,IRA_low,2008,28217581.0
p37,2046,IRA_low,2009,28218151.0
p37,2046,IRA_low,2010,28167426.0
p37,2046,IRA_low,2011,28180381.0
p37,2046,IRA_low,2012,28108329.0
p37,2046,IRA_low,2013,28231406.0
p37,2047,IRA_low,2007,28396545.0
p37,2047,IRA_low,2008,28438707.0
p37,2047,IRA_low,2009,28439176.0
p37,2047,IRA_low,2010,28387786.0
p37,2047,IRA_low,2011,28400923.0
p37,2047,IRA_low,2012,28327899.0
p37,2047,IRA_low,2013,28453334.0
p37,2048,IRA_low,2007,28617409.0
p37,2048,IRA_low,2008,28659751.0
p37,2048,IRA_low,2009,28660220.0
p37,2048,IRA_low,2010,28608349.0
p37,2048,IRA_low,2011,28621548.0
p37,2048,IRA_low,2012,28547403.0
p37,2048,IRA_low,2013,28675313.0
p37,2049,IRA_low,2007,28838257.0
p37,2049,IRA_low,2008,28880863.0
p37,2049,IRA_low,2009,28881308.0
p37,2049,IRA_low,2010,28828736.0
p37,2049,IRA_low,2011,28842299.0
p37,2049,IRA_low,2012,28766822.0
p37,2049,IRA_low,2013,28897230.0
p37,2050,IRA_low,2007,29058978.0
p37,2050,IRA_low,2008,29101893.0
p37,2050,IRA_low,2009,29102281.0
p37,2050,IRA_low,2010,29049207.0
p37,2050,IRA_low,2011,29062795.0
p37,2050,IRA_low,2012,28986446.0
p37,2050,IRA_low,2013,29119124.0
p38,2020,IRA_low,2007,12471716.06
p38,2020,IRA_low,2008,12470070.18
p38,2020,IRA_low,2009,12470680.67
p38,2020,IRA_low,2010,12470576.69
p38,2020,IRA_low,2011,12469999.73
p38,2020,IRA_low,2012,12471085.43
p38,2020,IRA_low,2013,12469559.19
p38,2021,IRA_low,2007,11398933.0
p38,2021,IRA_low,2008,11398997.0
p38,2021,IRA_low,2009,11398990.0
p38,2021,IRA_low,2010,11398956.0
p38,2021,IRA_low,2011,11398973.0
p38,2021,IRA_low,2012,11398943.0
p38,2021,IRA_low,2013,11398950.0
p38,2022,IRA_low,2007,11782809.0
p38,2022,IRA_low,2008,11782748.0
p38,2022,IRA_low,2009,11782813.0
p38,2022,IRA_low,2010,11782715.0
p38,2022,IRA_low,2011,11782767.0
p38,2022,IRA_low,2012,11782765.0
p38,2022,IRA_low,2013,11782767.0
p38,2023,IRA_low,2007,11808411.0
p38,2023,IRA_low,2008,11808433.0
p38,2023,IRA_low,2009,11808437.0
p38,2023,IRA_low,2010,11808417.0
p38,2023,IRA_low,2011,11808421.0
p38,2023,IRA_low,2012,11808419.0
p38,2023,IRA_low,2013,11808397.0
p38,2024,IRA_low,2007,11801309.0
p38,2024,IRA_low,2008,11801321.0
p38,2024,IRA_low,2009,11801238.0
p38,2024,IRA_low,2010,11801317.0
p38,2024,IRA_low,2011,11801284.0
p38,2024,IRA_low,2012,11801288.0
p38,2024,IRA_low,2013,11801221.0
p38,2025,IRA_low,2007,11880266.0
p38,2025,IRA_low,2008,11882286.0
p38,2025,IRA_low,2009,11880428.0
p38,2025,IRA_low,2010,11880365.0
p38,2025,IRA_low,2011,11880880.0
p38,2025,IRA_low,2012,11876554.0
p38,2025,IRA_low,2013,11882730.0
p38,2026,IRA_low,2007,12067313.0
p38,2026,IRA_low,2008,12075672.0
p38,2026,IRA_low,2009,12071166.0
p38,2026,IRA_low,2010,12068862.0
p38,2026,IRA_low,2011,12071255.0
p38,2026,IRA_low,2012,12056005.0
p38,2026,IRA_low,2013,12076392.0
p38,2027,IRA_low,2007,12254459.0
p38,2027,IRA_low,2008,12269051.0
p38,2027,IRA_low,2009,12261724.0
p38,2027,IRA_low,2010,12257368.0
p38,2027,IRA_low,2011,12261569.0
p38,2027,IRA_low,2012,12235462.0
p38,2027,IRA_low,2013,12270014.0
p38,2028,IRA_low,2007,12441472.0
p38,2028,IRA_low,2008,12462573.0
p38,2028,IRA_low,2009,12452423.0
p38,2028,IRA_low,2010,12445852.0
p38,2028,IRA_low,2011,12451909.0
p38,2028,IRA_low,2012,12414847.0
p38,2028,IRA_low,2013,12463668.0
p38,2029,IRA_low,2007,12628480.0
p38,2029,IRA_low,2008,12655899.0
p38,2029,IRA_low,2009,12643041.0
p38,2029,IRA_low,2010,12634351.0
p38,2029,IRA_low,2011,12642256.0
p38,2029,IRA_low,2012,12594315.0
p38,2029,IRA_low,2013,12657328.0
p38,2030,IRA_low,2007,12815632.0
p38,2030,IRA_low,2008,12849380.0
p38,2030,IRA_low,2009,12833811.0
p38,2030,IRA_low,2010,12822851.0
p38,2030,IRA_low,2011,12832595.0
p38,2030,IRA_low,2012,12773735.0
p38,2030,IRA_low,2013,12850940.0
p38,2031,IRA_low,2007,13077293.0
p38,2031,IRA_low,2008,13117643.0
p38,2031,IRA_low,2009,13099312.0
p38,2031,IRA_low,2010,13086201.0
p38,2031,IRA_low,2011,13097858.0
p38,2031,IRA_low,2012,13027415.0
p38,2031,IRA_low,2013,13119713.0
p38,2032,IRA_low,2007,13339020.0
p38,2032,IRA_low,2008,13385979.0
p38,2032,IRA_low,2009,13364934.0
p38,2032,IRA_low,2010,13349375.0
p38,2032,IRA_low,2011,13363153.0
p38,2032,IRA_low,2012,13280949.0
p38,2032,IRA_low,2013,13388598.0
p38,2033,IRA_low,2007,13600651.0
p38,2033,IRA_low,2008,13654373.0
p38,2033,IRA_low,2009,13630491.0
p38,2033,IRA_low,2010,13612662.0
p38,2033,IRA_low,2011,13628397.0
p38,2033,IRA_low,2012,13534540.0
p38,2033,IRA_low,2013,13657487.0
p38,2034,IRA_low,2007,13862290.0
p38,2034,IRA_low,2008,13922693.0
p38,2034,IRA_low,2009,13896086.0
p38,2034,IRA_low,2010,13875867.0
p38,2034,IRA_low,2011,13893657.0
p38,2034,IRA_low,2012,13788228.0
p38,2034,IRA_low,2013,13926421.0
p38,2035,IRA_low,2007,14124074.0
p38,2035,IRA_low,2008,14191078.0
p38,2035,IRA_low,2009,14161655.0
p38,2035,IRA_low,2010,14139251.0
p38,2035,IRA_low,2011,14158948.0
p38,2035,IRA_low,2012,14041867.0
p38,2035,IRA_low,2013,14195295.0
p38,2036,IRA_low,2007,14405262.0
p38,2036,IRA_low,2008,14478037.0
p38,2036,IRA_low,2009,14446180.0
p38,2036,IRA_low,2010,14421706.0
p38,2036,IRA_low,2011,14442813.0
p38,2036,IRA_low,2012,14315909.0
p38,2036,IRA_low,2013,14482811.0
p38,2037,IRA_low,2007,14686524.0
p38,2037,IRA_low,2008,14765004.0
p38,2037,IRA_low,2009,14730633.0
p38,2037,IRA_low,2010,14704309.0
p38,2037,IRA_low,2011,14726927.0
p38,2037,IRA_low,2012,14589970.0
p38,2037,IRA_low,2013,14770278.0
p38,2038,IRA_low,2007,14967795.0
p38,2038,IRA_low,2008,15052057.0
p38,2038,IRA_low,2009,15015049.0
p38,2038,IRA_low,2010,14986941.0
p38,2038,IRA_low,2011,15010829.0
p38,2038,IRA_low,2012,14864076.0
p38,2038,IRA_low,2013,15057775.0
p38,2039,IRA_low,2007,15249012.0
p38,2039,IRA_low,2008,15339032.0
p38,2039,IRA_low,2009,15299598.0
p38,2039,IRA_low,2010,15269517.0
p38,2039,IRA_low,2011,15294826.0
p38,2039,IRA_low,2012,15138224.0
p38,2039,IRA_low,2013,15345288.0
p38,2040,IRA_low,2007,15530212.0
p38,2040,IRA_low,2008,15626150.0
p38,2040,IRA_low,2009,15584063.0
p38,2040,IRA_low,2010,15552099.0
p38,2040,IRA_low,2011,15578754.0
p38,2040,IRA_low,2012,15412258.0
p38,2040,IRA_low,2013,15632909.0
p38,2041,IRA_low,2007,15773298.0
p38,2041,IRA_low,2008,15872153.0
p38,2041,IRA_low,2009,15828867.0
p38,2041,IRA_low,2010,15795946.0
p38,2041,IRA_low,2011,15823176.0
p38,2041,IRA_low,2012,15651091.0
p38,2041,IRA_low,2013,15879865.0
p38,2042,IRA_low,2007,16016361.0
p38,2042,IRA_low,2008,16118108.0
p38,2042,IRA_low,2009,16073605.0
p38,2042,IRA_low,2010,16039925.0
p38,2042,IRA_low,2011,16067678.0
p38,2042,IRA_low,2012,15890009.0
p38,2042,IRA_low,2013,16127014.0
p38,2043,IRA_low,2007,16259442.0
p38,2043,IRA_low,2008,16364170.0
p38,2043,IRA_low,2009,16318354.0
p38,2043,IRA_low,2010,16283894.0
p38,2043,IRA_low,2011,16312145.0
p38,2043,IRA_low,2012,16128882.0
p38,2043,IRA_low,2013,16374107.0
p38,2044,IRA_low,2007,16502484.0
p38,2044,IRA_low,2008,16610165.0
p38,2044,IRA_low,2009,16563162.0
p38,2044,IRA_low,2010,16527751.0
p38,2044,IRA_low,2011,16556618.0
p38,2044,IRA_low,2012,16367738.0
p38,2044,IRA_low,2013,16621214.0
p38,2045,IRA_low,2007,16745702.0
p38,2045,IRA_low,2008,16856187.0
p38,2045,IRA_low,2009,16807959.0
p38,2045,IRA_low,2010,16771831.0
p38,2045,IRA_low,2011,16801197.0
p38,2045,IRA_low,2012,16606601.0
p38,2045,IRA_low,2013,16868202.0
p38,2046,IRA_low,2007,16934429.0
p38,2046,IRA_low,2008,17045939.0
p38,2046,IRA_low,2009,16996547.0
p38,2046,IRA_low,2010,16960465.0
p38,2046,IRA_low,2011,16989823.0
p38,2046,IRA_low,2012,16792836.0
p38,2046,IRA_low,2013,17058849.0
p38,2047,IRA_low,2007,17123377.0
p38,2047,IRA_low,2008,17235683.0
p38,2047,IRA_low,2009,17185024.0
p38,2047,IRA_low,2010,17149098.0
p38,2047,IRA_low,2011,17178652.0
p38,2047,IRA_low,2012,16979003.0
p38,2047,IRA_low,2013,17249488.0
p38,2048,IRA_low,2007,17312194.0
p38,2048,IRA_low,2008,17425437.0
p38,2048,IRA_low,2009,17373641.0
p38,2048,IRA_low,2010,17337787.0
p38,2048,IRA_low,2011,17367475.0
p38,2048,IRA_low,2012,17165169.0
p38,2048,IRA_low,2013,17440087.0
p38,2049,IRA_low,2007,17501037.0
p38,2049,IRA_low,2008,17615261.0
p38,2049,IRA_low,2009,17562298.0
p38,2049,IRA_low,2010,17526403.0
p38,2049,IRA_low,2011,17556236.0
p38,2049,IRA_low,2012,17351410.0
p38,2049,IRA_low,2013,17630864.0
p38,2050,IRA_low,2007,17689991.0
p38,2050,IRA_low,2008,17805001.0
p38,2050,IRA_low,2009,17750898.0
p38,2050,IRA_low,2010,17715193.0
p38,2050,IRA_low,2011,17745015.0
p38,2050,IRA_low,2012,17537644.0
p38,2050,IRA_low,2013,17821496.0
p39,2020,IRA_low,2007,1785799.81
p39,2020,IRA_low,2008,1785715.16
p39,2020,IRA_low,2009,1785649.33
p39,2020,IRA_low,2010,1785721.43
p39,2020,IRA_low,2011,1785377.63
p39,2020,IRA_low,2012,1785665.0
p39,2020,IRA_low,2013,1785590.81
p39,2021,IRA_low,2007,2079620.0
p39,2021,IRA_low,2008,2079653.0
p39,2021,IRA_low,2009,2079667.0
p39,2021,IRA_low,2010,2079657.0
p39,2021,IRA_low,2011,2079654.0
p39,2021,IRA_low,2012,2079584.0
p39,2021,IRA_low,2013,2079657.0
p39,2022,IRA_low,2007,2175508.0
p39,2022,IRA_low,2008,2175854.0
p39,2022,IRA_low,2009,2175781.0
p39,2022,IRA_low,2010,2175587.0
p39,2022,IRA_low,2011,2175619.0
p39,2022,IRA_low,2012,2175870.0
p39,2022,IRA_low,2013,2175523.0
p39,2023,IRA_low,2007,2157747.0
p39,2023,IRA_low,2008,2157663.0
p39,2023,IRA_low,2009,2157706.0
p39,2023,IRA_low,2010,2157713.0
p39,2023,IRA_low,2011,2157722.0
p39,2023,IRA_low,2012,2157687.0
p39,2023,IRA_low,2013,2157775.0
p39,2024,IRA_low,2007,2249067.0
p39,2024,IRA_low,2008,2248976.0
p39,2024,IRA_low,2009,2249032.0
p39,2024,IRA_low,2010,2248953.0
p39,2024,IRA_low,2011,2249009.0
p39,2024,IRA_low,2012,2248961.0
p39,2024,IRA_low,2013,2249064.0
p39,2025,IRA_low,2007,2330355.0
p39,2025,IRA_low,2008,2330208.0
p39,2025,IRA_low,2009,2329898.0
p39,2025,IRA_low,2010,2330327.0
p39,2025,IRA_low,2011,2330174.0
p39,2025,IRA_low,2012,2330058.0
p39,2025,IRA_low,2013,2330455.0
p39,2026,IRA_low,2007,2440030.0
p39,2026,IRA_low,2008,2440622.0
p39,2026,IRA_low,2009,2439308.0
p39,2026,IRA_low,2010,2440302.0
p39,2026,IRA_low,2011,2439835.0
p39,2026,IRA_low,2012,2438365.0
p39,2026,IRA_low,2013,2440807.0
p39,2027,IRA_low,2007,2549386.0
p39,2027,IRA_low,2008,2551052.0
p39,2027,IRA_low,2009,2549679.0
p39,2027,IRA_low,2010,2549903.0
p39,2027,IRA_low,2011,2550085.0
p39,2027,IRA_low,2012,2546818.0
p39,2027,IRA_low,2013,2550956.0
p39,2028,IRA_low,2007,2658922.0
p39,2028,IRA_low,2008,2661515.0
p39,2028,IRA_low,2009,2659531.0
p39,2028,IRA_low,2010,2659902.0
p39,2028,IRA_low,2011,2659845.0
p39,2028,IRA_low,2012,2655065.0
p39,2028,IRA_low,2013,2661159.0
p39,2029,IRA_low,2007,2768459.0
p39,2029,IRA_low,2008,2772010.0
p39,2029,IRA_low,2009,2769404.0
p39,2029,IRA_low,2010,2769607.0
p39,2029,IRA_low,2011,2769631.0
p39,2029,IRA_low,2012,2763429.0
p39,2029,IRA_low,2013,2771278.0
p39,2030,IRA_low,2007,2878160.0
p39,2030,IRA_low,2008,2882524.0
p39,2030,IRA_low,2009,2879370.0
p39,2030,IRA_low,2010,2879537.0
p39,2030,IRA_low,2011,2879700.0
p39,2030,IRA_low,2012,2871844.0
p39,2030,IRA_low,2013,2881713.0
p39,2031,IRA_low,2007,2975190.0
p39,2031,IRA_low,2008,2980629.0
p39,2031,IRA_low,2009,2977095.0
p39,2031,IRA_low,2010,2976730.0
p39,2031,IRA_low,2011,2977016.0
p39,2031,IRA_low,2012,2967237.0
p39,2031,IRA_low,2013,2979598.0
p39,2032,IRA_low,2007,3072198.0
p39,2032,IRA_low,2008,3078919.0
p39,2032,IRA_low,2009,3074697.0
p39,2032,IRA_low,2010,3074343.0
p39,2032,IRA_low,2011,3074654.0
p39,2032,IRA_low,2012,3062880.0
p39,2032,IRA_low,2013,3077611.0
p39,2033,IRA_low,2007,3169311.0
p39,2033,IRA_low,2008,3177288.0
p39,2033,IRA_low,2009,3172339.0
p39,2033,IRA_low,2010,3171868.0
p39,2033,IRA_low,2011,3172279.0
p39,2033,IRA_low,2012,3158496.0
p39,2033,IRA_low,2013,3175614.0
p39,2034,IRA_low,2007,3266365.0
p39,2034,IRA_low,2008,3275525.0
p39,2034,IRA_low,2009,3270060.0
p39,2034,IRA_low,2010,3269285.0
p39,2034,IRA_low,2011,3269819.0
p39,2034,IRA_low,2012,3254098.0
p39,2034,IRA_low,2013,3273741.0
p39,2035,IRA_low,2007,3363466.0
p39,2035,IRA_low,2008,3373684.0
p39,2035,IRA_low,2009,3367727.0
p39,2035,IRA_low,2010,3366866.0
p39,2035,IRA_low,2011,3367362.0
p39,2035,IRA_low,2012,3349774.0
p39,2035,IRA_low,2013,3371607.0
p39,2036,IRA_low,2007,3442469.0
p39,2036,IRA_low,2008,3453500.0
p39,2036,IRA_low,2009,3446954.0
p39,2036,IRA_low,2010,3446096.0
p39,2036,IRA_low,2011,3446712.0
p39,2036,IRA_low,2012,3427694.0
p39,2036,IRA_low,2013,3451416.0
p39,2037,IRA_low,2007,3521561.0
p39,2037,IRA_low,2008,3533424.0
p39,2037,IRA_low,2009,3526459.0
p39,2037,IRA_low,2010,3525408.0
p39,2037,IRA_low,2011,3526039.0
p39,2037,IRA_low,2012,3505666.0
p39,2037,IRA_low,2013,3531108.0
p39,2038,IRA_low,2007,3600569.0
p39,2038,IRA_low,2008,3613162.0
p39,2038,IRA_low,2009,3605695.0
p39,2038,IRA_low,2010,3604720.0
p39,2038,IRA_low,2011,3605398.0
p39,2038,IRA_low,2012,3583515.0
p39,2038,IRA_low,2013,3610772.0
p39,2039,IRA_low,2007,3679622.0
p39,2039,IRA_low,2008,3693120.0
p39,2039,IRA_low,2009,3685061.0
p39,2039,IRA_low,2010,3683913.0
p39,2039,IRA_low,2011,3684659.0
p39,2039,IRA_low,2012,3661446.0
p39,2039,IRA_low,2013,3690546.0
p39,2040,IRA_low,2007,3758651.0
p39,2040,IRA_low,2008,3772937.0
p39,2040,IRA_low,2009,3764315.0
p39,2040,IRA_low,2010,3763260.0
p39,2040,IRA_low,2011,3764131.0
p39,2040,IRA_low,2012,3739478.0
p39,2040,IRA_low,2013,3770192.0
p39,2041,IRA_low,2007,3832316.0
p39,2041,IRA_low,2008,3846959.0
p39,2041,IRA_low,2009,3838041.0
p39,2041,IRA_low,2010,3837053.0
p39,2041,IRA_low,2011,3837876.0
p39,2041,IRA_low,2012,3812657.0
p39,2041,IRA_low,2013,3844358.0
p39,2042,IRA_low,2007,3905949.0
p39,2042,IRA_low,2008,3921037.0
p39,2042,IRA_low,2009,3911795.0
p39,2042,IRA_low,2010,3910927.0
p39,2042,IRA_low,2011,3911656.0
p39,2042,IRA_low,2012,3885763.0
p39,2042,IRA_low,2013,3918439.0
p39,2043,IRA_low,2007,3979704.0
p39,2043,IRA_low,2008,3995137.0
p39,2043,IRA_low,2009,3985464.0
p39,2043,IRA_low,2010,3984661.0
p39,2043,IRA_low,2011,3985445.0
p39,2043,IRA_low,2012,3958878.0
p39,2043,IRA_low,2013,3992507.0
p39,2044,IRA_low,2007,4053757.0
p39,2044,IRA_low,2008,4069227.0
p39,2044,IRA_low,2009,4059117.0
p39,2044,IRA_low,2010,4058089.0
p39,2044,IRA_low,2011,4059663.0
p39,2044,IRA_low,2012,4032242.0
p39,2044,IRA_low,2013,4066373.0
p39,2045,IRA_low,2007,4127053.0
p39,2045,IRA_low,2008,4143175.0
p39,2045,IRA_low,2009,4132961.0
p39,2045,IRA_low,2010,4132253.0
p39,2045,IRA_low,2011,4132998.0
p39,2045,IRA_low,2012,4105124.0
p39,2045,IRA_low,2013,4140584.0
p39,2046,IRA_low,2007,4194280.0
p39,2046,IRA_low,2008,4210448.0
p39,2046,IRA_low,2009,4199963.0
p39,2046,IRA_low,2010,4199621.0
p39,2046,IRA_low,2011,4200124.0
p39,2046,IRA_low,2012,4172233.0
p39,2046,IRA_low,2013,4207984.0
p39,2047,IRA_low,2007,4261484.0
p39,2047,IRA_low,2008,4277685.0
p39,2047,IRA_low,2009,4266934.0
p39,2047,IRA_low,2010,4266882.0
p39,2047,IRA_low,2011,4267298.0
p39,2047,IRA_low,2012,4239236.0
p39,2047,IRA_low,2013,4275324.0
p39,2048,IRA_low,2007,4328660.0
p39,2048,IRA_low,2008,4344905.0
p39,2048,IRA_low,2009,4333966.0
p39,2048,IRA_low,2010,4334068.0
p39,2048,IRA_low,2011,4334550.0
p39,2048,IRA_low,2012,4306373.0
p39,2048,IRA_low,2013,4342662.0
p39,2049,IRA_low,2007,4395990.0
p39,2049,IRA_low,2008,4412019.0
p39,2049,IRA_low,2009,4400903.0
p39,2049,IRA_low,2010,4401303.0
p39,2049,IRA_low,2011,4401592.0
p39,2049,IRA_low,2012,4373417.0
p39,2049,IRA_low,2013,4409919.0
p39,2050,IRA_low,2007,4463008.0
p39,2050,IRA_low,2008,4479215.0
p39,2050,IRA_low,2009,4467933.0
p39,2050,IRA_low,2010,4468476.0
p39,2050,IRA_low,2011,4468632.0
p39,2050,IRA_low,2012,4440357.0
p39,2050,IRA_low,2013,4477154.0
p4,2020,IRA_low,2007,1619597.62
p4,2020,IRA_low,2008,1619470.63
p4,2020,IRA_low,2009,1619653.41
p4,2020,IRA_low,2010,1619813.11
p4,2020,IRA_low,2011,1619313.82
p4,2020,IRA_low,2012,1619609.16
p4,2020,IRA_low,2013,1619533.16
p4,2021,IRA_low,2007,4684661.0
p4,2021,IRA_low,2008,4684643.0
p4,2021,IRA_low,2009,4684643.0
p4,2021,IRA_low,2010,4684580.0
p4,2021,IRA_low,2011,4684624.0
p4,2021,IRA_low,2012,4684647.0
p4,2021,IRA_low,2013,4684607.0
p4,2022,IRA_low,2007,4825242.0
p4,2022,IRA_low,2008,4825190.0
p4,2022,IRA_low,2009,4825296.0
p4,2022,IRA_low,2010,4825241.0
p4,2022,IRA_low,2011,4825218.0
p4,2022,IRA_low,2012,4825184.0
p4,2022,IRA_low,2013,4825275.0
p4,2023,IRA_low,2007,4756987.0
p4,2023,IRA_low,2008,4756987.0
p4,2023,IRA_low,2009,4757010.0
p4,2023,IRA_low,2010,4757005.0
p4,2023,IRA_low,2011,4757000.0
p4,2023,IRA_low,2012,4756998.0
p4,2023,IRA_low,2013,4757000.0
p4,2024,IRA_low,2007,4792411.0
p4,2024,IRA_low,2008,4792397.0
p4,2024,IRA_low,2009,4792417.0
p4,2024,IRA_low,2010,4792422.0
p4,2024,IRA_low,2011,4792431.0
p4,2024,IRA_low,2012,4792401.0
p4,2024,IRA_low,2013,4792407.0
p4,2025,IRA_low,2007,5001615.0
p4,2025,IRA_low,2008,5002473.0
p4,2025,IRA_low,2009,5002984.0
p4,2025,IRA_low,2010,5000176.0
p4,2025,IRA_low,2011,5002111.0
p4,2025,IRA_low,2012,5001395.0
p4,2025,IRA_low,2013,5002232.0
p4,2026,IRA_low,2007,5255882.0
p4,2026,IRA_low,2008,5257947.0
p4,2026,IRA_low,2009,5258321.0
p4,2026,IRA_low,2010,5252694.0
p4,2026,IRA_low,2011,5257454.0
p4,2026,IRA_low,2012,5255219.0
p4,2026,IRA_low,2013,5256537.0
p4,2027,IRA_low,2007,5510182.0
p4,2027,IRA_low,2008,5513326.0
p4,2027,IRA_low,2009,5513793.0
p4,2027,IRA_low,2010,5505264.0
p4,2027,IRA_low,2011,5512704.0
p4,2027,IRA_low,2012,5509058.0
p4,2027,IRA_low,2013,5510904.0
p4,2028,IRA_low,2007,5764491.0
p4,2028,IRA_low,2008,5768877.0
p4,2028,IRA_low,2009,5769176.0
p4,2028,IRA_low,2010,5757935.0
p4,2028,IRA_low,2011,5768082.0
p4,2028,IRA_low,2012,5762958.0
p4,2028,IRA_low,2013,5765166.0
p4,2029,IRA_low,2007,6018825.0
p4,2029,IRA_low,2008,6024387.0
p4,2029,IRA_low,2009,6024607.0
p4,2029,IRA_low,2010,6010513.0
p4,2029,IRA_low,2011,6023216.0
p4,2029,IRA_low,2012,6016822.0
p4,2029,IRA_low,2013,6019486.0
p4,2030,IRA_low,2007,6272982.0
p4,2030,IRA_low,2008,6279797.0
p4,2030,IRA_low,2009,6279946.0
p4,2030,IRA_low,2010,6263095.0
p4,2030,IRA_low,2011,6278697.0
p4,2030,IRA_low,2012,6270649.0
p4,2030,IRA_low,2013,6273864.0
p4,2031,IRA_low,2007,6528356.0
p4,2031,IRA_low,2008,6536722.0
p4,2031,IRA_low,2009,6536649.0
p4,2031,IRA_low,2010,6516620.0
p4,2031,IRA_low,2011,6535345.0
p4,2031,IRA_low,2012,6525321.0
p4,2031,IRA_low,2013,6529161.0
p4,2032,IRA_low,2007,6783760.0
p4,2032,IRA_low,2008,6793609.0
p4,2032,IRA_low,2009,6793340.0
p4,2032,IRA_low,2010,6770081.0
p4,2032,IRA_low,2011,6792041.0
p4,2032,IRA_low,2012,6780032.0
p4,2032,IRA_low,2013,6784479.0
p4,2033,IRA_low,2007,7039074.0
p4,2033,IRA_low,2008,7050562.0
p4,2033,IRA_low,2009,7049973.0
p4,2033,IRA_low,2010,7023519.0
p4,2033,IRA_low,2011,7048709.0
p4,2033,IRA_low,2012,7034712.0
p4,2033,IRA_low,2013,7039674.0
p4,2034,IRA_low,2007,7294261.0
p4,2034,IRA_low,2008,7307454.0
p4,2034,IRA_low,2009,7306616.0
p4,2034,IRA_low,2010,7276999.0
p4,2034,IRA_low,2011,7305507.0
p4,2034,IRA_low,2012,7289369.0
p4,2034,IRA_low,2013,7295011.0
p4,2035,IRA_low,2007,7549594.0
p4,2035,IRA_low,2008,7564267.0
p4,2035,IRA_low,2009,7563277.0
p4,2035,IRA_low,2010,7530436.0
p4,2035,IRA_low,2011,7562222.0
p4,2035,IRA_low,2012,7544018.0
p4,2035,IRA_low,2013,7550251.0
p4,2036,IRA_low,2007,7776002.0
p4,2036,IRA_low,2008,7792362.0
p4,2036,IRA_low,2009,7791365.0
p4,2036,IRA_low,2010,7755426.0
p4,2036,IRA_low,2011,7790120.0
p4,2036,IRA_low,2012,7770187.0
p4,2036,IRA_low,2013,7777425.0
p4,2037,IRA_low,2007,8002922.0
p4,2037,IRA_low,2008,8020325.0
p4,2037,IRA_low,2009,8019148.0
p4,2037,IRA_low,2010,7980385.0
p4,2037,IRA_low,2011,8017760.0
p4,2037,IRA_low,2012,7996174.0
p4,2037,IRA_low,2013,8003856.0
p4,2038,IRA_low,2007,8229671.0
p4,2038,IRA_low,2008,8248390.0
p4,2038,IRA_low,2009,8247034.0
p4,2038,IRA_low,2010,8205457.0
p4,2038,IRA_low,2011,8245430.0
p4,2038,IRA_low,2012,8222323.0
p4,2038,IRA_low,2013,8230566.0
p4,2039,IRA_low,2007,8456383.0
p4,2039,IRA_low,2008,8476336.0
p4,2039,IRA_low,2009,8474842.0
p4,2039,IRA_low,2010,8430504.0
p4,2039,IRA_low,2011,8473298.0
p4,2039,IRA_low,2012,8448482.0
p4,2039,IRA_low,2013,8457270.0
p4,2040,IRA_low,2007,8683025.0
p4,2040,IRA_low,2008,8704346.0
p4,2040,IRA_low,2009,8702721.0
p4,2040,IRA_low,2010,8655437.0
p4,2040,IRA_low,2011,8701140.0
p4,2040,IRA_low,2012,8674402.0
p4,2040,IRA_low,2013,8684075.0
p4,2041,IRA_low,2007,8880486.0
p4,2041,IRA_low,2008,8902369.0
p4,2041,IRA_low,2009,8900840.0
p4,2041,IRA_low,2010,8852094.0
p4,2041,IRA_low,2011,8898947.0
p4,2041,IRA_low,2012,8871641.0
p4,2041,IRA_low,2013,8881669.0
p4,2042,IRA_low,2007,9077838.0
p4,2042,IRA_low,2008,9100377.0
p4,2042,IRA_low,2009,9098927.0
p4,2042,IRA_low,2010,9048844.0
p4,2042,IRA_low,2011,9096797.0
p4,2042,IRA_low,2012,9068752.0
p4,2042,IRA_low,2013,9079189.0
p4,2043,IRA_low,2007,9275337.0
p4,2043,IRA_low,2008,9298373.0
p4,2043,IRA_low,2009,9297115.0
p4,2043,IRA_low,2010,9245200.0
p4,2043,IRA_low,2011,9294724.0
p4,2043,IRA_low,2012,9265785.0
p4,2043,IRA_low,2013,9276889.0
p4,2044,IRA_low,2007,9472800.0
p4,2044,IRA_low,2008,9496476.0
p4,2044,IRA_low,2009,9495136.0
p4,2044,IRA_low,2010,9441742.0
p4,2044,IRA_low,2011,9492569.0
p4,2044,IRA_low,2012,9462888.0
p4,2044,IRA_low,2013,9474418.0
p4,2045,IRA_low,2007,9670243.0
p4,2045,IRA_low,2008,9694512.0
p4,2045,IRA_low,2009,9693274.0
p4,2045,IRA_low,2010,9638302.0
p4,2045,IRA_low,2011,9690348.0
p4,2045,IRA_low,2012,9659908.0
p4,2045,IRA_low,2013,9671950.0
p4,2046,IRA_low,2007,9843564.0
p4,2046,IRA_low,2008,9868287.0
p4,2046,IRA_low,2009,9867282.0
p4,2046,IRA_low,2010,9810982.0
p4,2046,IRA_low,2011,9863932.0
p4,2046,IRA_low,2012,9833014.0
p4,2046,IRA_low,2013,9845740.0
p4,2047,IRA_low,2007,10017020.0
p4,2047,IRA_low,2008,10041861.0
p4,2047,IRA_low,2009,10041352.0
p4,2047,IRA_low,2010,9983586.0
p4,2047,IRA_low,2011,10037567.0
p4,2047,IRA_low,2012,10006274.0
p4,2047,IRA_low,2013,10019404.0
p4,2048,IRA_low,2007,10190346.0
p4,2048,IRA_low,2008,10215669.0
p4,2048,IRA_low,2009,10215364.0
p4,2048,IRA_low,2010,10156227.0
p4,2048,IRA_low,2011,10211050.0
p4,2048,IRA_low,2012,10179485.0
p4,2048,IRA_low,2013,10193119.0
p4,2049,IRA_low,2007,10363928.0
p4,2049,IRA_low,2008,10389425.0
p4,2049,IRA_low,2009,10389428.0
p4,2049,IRA_low,2010,10328893.0
p4,2049,IRA_low,2011,10384540.0
p4,2049,IRA_low,2012,10352631.0
p4,2049,IRA_low,2013,10366865.0
p4,2050,IRA_low,2007,10537249.0
p4,2050,IRA_low,2008,10563078.0
p4,2050,IRA_low,2009,10563440.0
p4,2050,IRA_low,2010,10501560.0
p4,2050,IRA_low,2011,10558183.0
p4,2050,IRA_low,2012,10525845.0
p4,2050,IRA_low,2013,10540517.0
p40,2020,IRA_low,2007,11030505.8
p40,2020,IRA_low,2008,11030131.7
p40,2020,IRA_low,2009,11030112.89
p40,2020,IRA_low,2010,11030093.04
p40,2020,IRA_low,2011,11029184.95
p40,2020,IRA_low,2012,11030436.84
p40,2020,IRA_low,2013,11029825.52
p40,2021,IRA_low,2007,11937974.0
p40,2021,IRA_low,2008,11937959.0
p40,2021,IRA_low,2009,11937900.0
p40,2021,IRA_low,2010,11937940.0
p40,2021,IRA_low,2011,11937936.0
p40,2021,IRA_low,2012,11937892.0
p40,2021,IRA_low,2013,11937936.0
p40,2022,IRA_low,2007,12490220.0
p40,2022,IRA_low,2008,12490243.0
p40,2022,IRA_low,2009,12490196.0
p40,2022,IRA_low,2010,12490212.0
p40,2022,IRA_low,2011,12490286.0
p40,2022,IRA_low,2012,12490239.0
p40,2022,IRA_low,2013,12490140.0
p40,2023,IRA_low,2007,12386027.0
p40,2023,IRA_low,2008,12386030.0
p40,2023,IRA_low,2009,12385983.0
p40,2023,IRA_low,2010,12386093.0
p40,2023,IRA_low,2011,12386046.0
p40,2023,IRA_low,2012,12385960.0
p40,2023,IRA_low,2013,12385977.0
p40,2024,IRA_low,2007,12910035.0
p40,2024,IRA_low,2008,12910065.0
p40,2024,IRA_low,2009,12910119.0
p40,2024,IRA_low,2010,12910049.0
p40,2024,IRA_low,2011,12910063.0
p40,2024,IRA_low,2012,12910109.0
p40,2024,IRA_low,2013,12910009.0
p40,2025,IRA_low,2007,13304160.0
p40,2025,IRA_low,2008,13303851.0
p40,2025,IRA_low,2009,13302223.0
p40,2025,IRA_low,2010,13304348.0
p40,2025,IRA_low,2011,13303490.0
p40,2025,IRA_low,2012,13302979.0
p40,2025,IRA_low,2013,13304719.0
p40,2026,IRA_low,2007,13835154.0
p40,2026,IRA_low,2008,13839240.0
p40,2026,IRA_low,2009,13834907.0
p40,2026,IRA_low,2010,13836676.0
p40,2026,IRA_low,2011,13836056.0
p40,2026,IRA_low,2012,13828179.0
p40,2026,IRA_low,2013,13839119.0
p40,2027,IRA_low,2007,14365990.0
p40,2027,IRA_low,2008,14374640.0
p40,2027,IRA_low,2009,14367539.0
p40,2027,IRA_low,2010,14369110.0
p40,2027,IRA_low,2011,14368592.0
p40,2027,IRA_low,2012,14353167.0
p40,2027,IRA_low,2013,14373486.0
p40,2028,IRA_low,2007,14896975.0
p40,2028,IRA_low,2008,14910114.0
p40,2028,IRA_low,2009,14900266.0
p40,2028,IRA_low,2010,14901477.0
p40,2028,IRA_low,2011,14901105.0
p40,2028,IRA_low,2012,14878367.0
p40,2028,IRA_low,2013,14907905.0
p40,2029,IRA_low,2007,15427945.0
p40,2029,IRA_low,2008,15445564.0
p40,2029,IRA_low,2009,15432820.0
p40,2029,IRA_low,2010,15433491.0
p40,2029,IRA_low,2011,15433588.0
p40,2029,IRA_low,2012,15403430.0
p40,2029,IRA_low,2013,15442418.0
p40,2030,IRA_low,2007,15958814.0
p40,2030,IRA_low,2008,15980980.0
p40,2030,IRA_low,2009,15965524.0
p40,2030,IRA_low,2010,15966324.0
p40,2030,IRA_low,2011,15966198.0
p40,2030,IRA_low,2012,15928463.0
p40,2030,IRA_low,2013,15976620.0
p40,2031,IRA_low,2007,16429572.0
p40,2031,IRA_low,2008,16457351.0
p40,2031,IRA_low,2009,16439144.0
p40,2031,IRA_low,2010,16438842.0
p40,2031,IRA_low,2011,16439110.0
p40,2031,IRA_low,2012,16391952.0
p40,2031,IRA_low,2013,16451717.0
p40,2032,IRA_low,2007,16900323.0
p40,2032,IRA_low,2008,16933832.0
p40,2032,IRA_low,2009,16912680.0
p40,2032,IRA_low,2010,16911281.0
p40,2032,IRA_low,2011,16912152.0
p40,2032,IRA_low,2012,16855396.0
p40,2032,IRA_low,2013,16926805.0
p40,2033,IRA_low,2007,17371060.0
p40,2033,IRA_low,2008,17410158.0
p40,2033,IRA_low,2009,17386280.0
p40,2033,IRA_low,2010,17383812.0
p40,2033,IRA_low,2011,17385068.0
p40,2033,IRA_low,2012,17318834.0
p40,2033,IRA_low,2013,17401874.0
p40,2034,IRA_low,2007,17841673.0
p40,2034,IRA_low,2008,17886633.0
p40,2034,IRA_low,2009,17859894.0
p40,2034,IRA_low,2010,17856322.0
p40,2034,IRA_low,2011,17857952.0
p40,2034,IRA_low,2012,17782238.0
p40,2034,IRA_low,2013,17876880.0
p40,2035,IRA_low,2007,18312553.0
p40,2035,IRA_low,2008,18363054.0
p40,2035,IRA_low,2009,18333492.0
p40,2035,IRA_low,2010,18328736.0
p40,2035,IRA_low,2011,18330986.0
p40,2035,IRA_low,2012,18245743.0
p40,2035,IRA_low,2013,18351916.0
p40,2036,IRA_low,2007,18695596.0
p40,2036,IRA_low,2008,18749990.0
p40,2036,IRA_low,2009,18717983.0
p40,2036,IRA_low,2010,18713121.0
p40,2036,IRA_low,2011,18715619.0
p40,2036,IRA_low,2012,18623709.0
p40,2036,IRA_low,2013,18738533.0
p40,2037,IRA_low,2007,19078739.0
p40,2037,IRA_low,2008,19136920.0
p40,2037,IRA_low,2009,19102460.0
p40,2037,IRA_low,2010,19097451.0
p40,2037,IRA_low,2011,19100208.0
p40,2037,IRA_low,2012,19001631.0
p40,2037,IRA_low,2013,19125034.0
p40,2038,IRA_low,2007,19461747.0
p40,2038,IRA_low,2008,19523999.0
p40,2038,IRA_low,2009,19486952.0
p40,2038,IRA_low,2010,19481787.0
p40,2038,IRA_low,2011,19484713.0
p40,2038,IRA_low,2012,19379501.0
p40,2038,IRA_low,2013,19511507.0
p40,2039,IRA_low,2007,19844927.0
p40,2039,IRA_low,2008,19910988.0
p40,2039,IRA_low,2009,19871410.0
p40,2039,IRA_low,2010,19866118.0
p40,2039,IRA_low,2011,19869333.0
p40,2039,IRA_low,2012,19757386.0
p40,2039,IRA_low,2013,19898059.0
p40,2040,IRA_low,2007,20228027.0
p40,2040,IRA_low,2008,20297918.0
p40,2040,IRA_low,2009,20255892.0
p40,2040,IRA_low,2010,20250339.0
p40,2040,IRA_low,2011,20253831.0
p40,2040,IRA_low,2012,20135277.0
p40,2040,IRA_low,2013,20284549.0
p40,2041,IRA_low,2007,20585176.0
p40,2041,IRA_low,2008,20656928.0
p40,2041,IRA_low,2009,20613327.0
p40,2041,IRA_low,2010,20608239.0
p40,2041,IRA_low,2011,20611713.0
p40,2041,IRA_low,2012,20489849.0
p40,2041,IRA_low,2013,20643630.0
p40,2042,IRA_low,2007,20942424.0
p40,2042,IRA_low,2008,21015867.0
p40,2042,IRA_low,2009,20970664.0
p40,2042,IRA_low,2010,20966170.0
p40,2042,IRA_low,2011,20969419.0
p40,2042,IRA_low,2012,20844407.0
p40,2042,IRA_low,2013,21002803.0
p40,2043,IRA_low,2007,21299657.0
p40,2043,IRA_low,2008,21374835.0
p40,2043,IRA_low,2009,21328098.0
p40,2043,IRA_low,2010,21324023.0
p40,2043,IRA_low,2011,21327199.0
p40,2043,IRA_low,2012,21198865.0
p40,2043,IRA_low,2013,21361856.0
p40,2044,IRA_low,2007,21656927.0
p40,2044,IRA_low,2008,21733782.0
p40,2044,IRA_low,2009,21685461.0
p40,2044,IRA_low,2010,21681856.0
p40,2044,IRA_low,2011,21684908.0
p40,2044,IRA_low,2012,21553214.0
p40,2044,IRA_low,2013,21721001.0
p40,2045,IRA_low,2007,22014132.0
p40,2045,IRA_low,2008,22092758.0
p40,2045,IRA_low,2009,22042883.0
p40,2045,IRA_low,2010,22039816.0
p40,2045,IRA_low,2011,22042701.0
p40,2045,IRA_low,2012,21907730.0
p40,2045,IRA_low,2013,22080054.0
p40,2046,IRA_low,2007,22340029.0
p40,2046,IRA_low,2008,22418573.0
p40,2046,IRA_low,2009,22367650.0
p40,2046,IRA_low,2010,22365712.0
p40,2046,IRA_low,2011,22368214.0
p40,2046,IRA_low,2012,22232817.0
p40,2046,IRA_low,2013,22406493.0
p40,2047,IRA_low,2007,22665935.0
p40,2047,IRA_low,2008,22744457.0
p40,2047,IRA_low,2009,22692552.0
p40,2047,IRA_low,2010,22691699.0
p40,2047,IRA_low,2011,22693736.0
p40,2047,IRA_low,2012,22557988.0
p40,2047,IRA_low,2013,22732936.0
p40,2048,IRA_low,2007,22991911.0
p40,2048,IRA_low,2008,23070290.0
p40,2048,IRA_low,2009,23017307.0
p40,2048,IRA_low,2010,23017694.0
p40,2048,IRA_low,2011,23019289.0
p40,2048,IRA_low,2012,22883089.0
p40,2048,IRA_low,2013,23059230.0
p40,2049,IRA_low,2007,23317765.0
p40,2049,IRA_low,2008,23396081.0
p40,2049,IRA_low,2009,23342110.0
p40,2049,IRA_low,2010,23343620.0
p40,2049,IRA_low,2011,23344924.0
p40,2049,IRA_low,2012,23208295.0
p40,2049,IRA_low,2013,23385669.0
p40,2050,IRA_low,2007,23643718.0
p40,2050,IRA_low,2008,23721952.0
p40,2050,IRA_low,2009,23666911.0
p40,2050,IRA_low,2010,23669583.0
p40,2050,IRA_low,2011,23670473.0
p40,2050,IRA_low,2012,23533433.0
p40,2050,IRA_low,2013,23712002.0
p41,2020,IRA_low,2007,23035344.91
p41,2020,IRA_low,2008,23035287.43
p41,2020,IRA_low,2009,23035101.43
p41,2020,IRA_low,2010,23035141.14
p41,2020,IRA_low,2011,23033785.79
p41,2020,IRA_low,2012,23035635.41
p41,2020,IRA_low,2013,23034633.27
p41,2021,IRA_low,2007,18788644.0
p41,2021,IRA_low,2008,18788590.0
p41,2021,IRA_low,2009,18788623.0
p41,2021,IRA_low,2010,18788597.0
p41,2021,IRA_low,2011,18788671.0
p41,2021,IRA_low,2012,18788597.0
p41,2021,IRA_low,2013,18788580.0
p41,2022,IRA_low,2007,19657940.0
p41,2022,IRA_low,2008,19657874.0
p41,2022,IRA_low,2009,19657895.0
p41,2022,IRA_low,2010,19657822.0
p41,2022,IRA_low,2011,19657822.0
p41,2022,IRA_low,2012,19657817.0
p41,2022,IRA_low,2013,19657870.0
p41,2023,IRA_low,2007,19493763.0
p41,2023,IRA_low,2008,19493847.0
p41,2023,IRA_low,2009,19493788.0
p41,2023,IRA_low,2010,19493797.0
p41,2023,IRA_low,2011,19493760.0
p41,2023,IRA_low,2012,19493794.0
p41,2023,IRA_low,2013,19493807.0
p41,2024,IRA_low,2007,20318669.0
p41,2024,IRA_low,2008,20318596.0
p41,2024,IRA_low,2009,20318666.0
p41,2024,IRA_low,2010,20318653.0
p41,2024,IRA_low,2011,20318633.0
p41,2024,IRA_low,2012,20318653.0
p41,2024,IRA_low,2013,20318625.0
p41,2025,IRA_low,2007,20778001.0
p41,2025,IRA_low,2008,20777687.0
p41,2025,IRA_low,2009,20775635.0
p41,2025,IRA_low,2010,20778328.0
p41,2025,IRA_low,2011,20777287.0
p41,2025,IRA_low,2012,20776697.0
p41,2025,IRA_low,2013,20778605.0
p41,2026,IRA_low,2007,21396899.0
p41,2026,IRA_low,2008,21401777.0
p41,2026,IRA_low,2009,21396531.0
p41,2026,IRA_low,2010,21398854.0
p41,2026,IRA_low,2011,21397956.0
p41,2026,IRA_low,2012,21388748.0
p41,2026,IRA_low,2013,21401543.0
p41,2027,IRA_low,2007,22015748.0
p41,2027,IRA_low,2008,22025863.0
p41,2027,IRA_low,2009,22017306.0
p41,2027,IRA_low,2010,22019254.0
p41,2027,IRA_low,2011,22018669.0
p41,2027,IRA_low,2012,22000838.0
p41,2027,IRA_low,2013,22024453.0
p41,2028,IRA_low,2007,22634680.0
p41,2028,IRA_low,2008,22649916.0
p41,2028,IRA_low,2009,22638226.0
p41,2028,IRA_low,2010,22639947.0
p41,2028,IRA_low,2011,22639397.0
p41,2028,IRA_low,2012,22612885.0
p41,2028,IRA_low,2013,22647374.0
p41,2029,IRA_low,2007,23253505.0
p41,2029,IRA_low,2008,23274002.0
p41,2029,IRA_low,2009,23259223.0
p41,2029,IRA_low,2010,23260514.0
p41,2029,IRA_low,2011,23260204.0
p41,2029,IRA_low,2012,23224979.0
p41,2029,IRA_low,2013,23270198.0
p41,2030,IRA_low,2007,23872333.0
p41,2030,IRA_low,2008,23898123.0
p41,2030,IRA_low,2009,23879997.0
p41,2030,IRA_low,2010,23881170.0
p41,2030,IRA_low,2011,23880953.0
p41,2030,IRA_low,2012,23837037.0
p41,2030,IRA_low,2013,23893132.0
p41,2031,IRA_low,2007,24421018.0
p41,2031,IRA_low,2008,24453492.0
p41,2031,IRA_low,2009,24431998.0
p41,2031,IRA_low,2010,24431805.0
p41,2031,IRA_low,2011,24432176.0
p41,2031,IRA_low,2012,24377259.0
p41,2031,IRA_low,2013,24446918.0
p41,2032,IRA_low,2007,24969759.0
p41,2032,IRA_low,2008,25008650.0
p41,2032,IRA_low,2009,24984061.0
p41,2032,IRA_low,2010,24982573.0
p41,2032,IRA_low,2011,24983473.0
p41,2032,IRA_low,2012,24917386.0
p41,2032,IRA_low,2013,25000537.0
p41,2033,IRA_low,2007,25518430.0
p41,2033,IRA_low,2008,25564095.0
p41,2033,IRA_low,2009,25536133.0
p41,2033,IRA_low,2010,25533441.0
p41,2033,IRA_low,2011,25534723.0
p41,2033,IRA_low,2012,25457614.0
p41,2033,IRA_low,2013,25554362.0
p41,2034,IRA_low,2007,26067177.0
p41,2034,IRA_low,2008,26119398.0
p41,2034,IRA_low,2009,26088073.0
p41,2034,IRA_low,2010,26084181.0
p41,2034,IRA_low,2011,26086038.0
p41,2034,IRA_low,2012,25997882.0
p41,2034,IRA_low,2013,26108109.0
p41,2035,IRA_low,2007,26615834.0
p41,2035,IRA_low,2008,26674682.0
p41,2035,IRA_low,2009,26640130.0
p41,2035,IRA_low,2010,26634921.0
p41,2035,IRA_low,2011,26637430.0
p41,2035,IRA_low,2012,26537972.0
p41,2035,IRA_low,2013,26661844.0
p41,2036,IRA_low,2007,27062346.0
p41,2036,IRA_low,2008,27125899.0
p41,2036,IRA_low,2009,27088280.0
p41,2036,IRA_low,2010,27082888.0
p41,2036,IRA_low,2011,27085668.0
p41,2036,IRA_low,2012,26978545.0
p41,2036,IRA_low,2013,27112362.0
p41,2037,IRA_low,2007,27508879.0
p41,2037,IRA_low,2008,27576893.0
p41,2037,IRA_low,2009,27536506.0
p41,2037,IRA_low,2010,27530815.0
p41,2037,IRA_low,2011,27533911.0
p41,2037,IRA_low,2012,27419085.0
p41,2037,IRA_low,2013,27562966.0
p41,2038,IRA_low,2007,27955415.0
p41,2038,IRA_low,2008,28027871.0
p41,2038,IRA_low,2009,27984585.0
p41,2038,IRA_low,2010,27978784.0
p41,2038,IRA_low,2011,27982056.0
p41,2038,IRA_low,2012,27859461.0
p41,2038,IRA_low,2013,28013409.0
p41,2039,IRA_low,2007,28401984.0
p41,2039,IRA_low,2008,28479017.0
p41,2039,IRA_low,2009,28432818.0
p41,2039,IRA_low,2010,28426752.0
p41,2039,IRA_low,2011,28430506.0
p41,2039,IRA_low,2012,28300086.0
p41,2039,IRA_low,2013,28463960.0
p41,2040,IRA_low,2007,28848588.0
p41,2040,IRA_low,2008,28930130.0
p41,2040,IRA_low,2009,28880922.0
p41,2040,IRA_low,2010,28874661.0
p41,2040,IRA_low,2011,28878759.0
p41,2040,IRA_low,2012,28740545.0
p41,2040,IRA_low,2013,28914543.0
p41,2041,IRA_low,2007,29264934.0
p41,2041,IRA_low,2008,29348554.0
p41,2041,IRA_low,2009,29297524.0
p41,2041,IRA_low,2010,29291905.0
p41,2041,IRA_low,2011,29295727.0
p41,2041,IRA_low,2012,29153741.0
p41,2041,IRA_low,2013,29333023.0
p41,2042,IRA_low,2007,29681302.0
p41,2042,IRA_low,2008,29766885.0
p41,2042,IRA_low,2009,29714138.0
p41,2042,IRA_low,2010,29709034.0
p41,2042,IRA_low,2011,29712752.0
p41,2042,IRA_low,2012,29566845.0
p41,2042,IRA_low,2013,29751628.0
p41,2043,IRA_low,2007,30097687.0
p41,2043,IRA_low,2008,30185337.0
p41,2043,IRA_low,2009,30130725.0
p41,2043,IRA_low,2010,30126107.0
p41,2043,IRA_low,2011,30129793.0
p41,2043,IRA_low,2012,29980104.0
p41,2043,IRA_low,2013,30170237.0
p41,2044,IRA_low,2007,30514142.0
p41,2044,IRA_low,2008,30603712.0
p41,2044,IRA_low,2009,30547344.0
p41,2044,IRA_low,2010,30543235.0
p41,2044,IRA_low,2011,30546786.0
p41,2044,IRA_low,2012,30393343.0
p41,2044,IRA_low,2013,30588877.0
p41,2045,IRA_low,2007,30930447.0
p41,2045,IRA_low,2008,31022126.0
p41,2045,IRA_low,2009,30963927.0
p41,2045,IRA_low,2010,30960386.0
p41,2045,IRA_low,2011,30963667.0
p41,2045,IRA_low,2012,30806491.0
p41,2045,IRA_low,2013,31007456.0
p41,2046,IRA_low,2007,31310380.0
p41,2046,IRA_low,2008,31401906.0
p41,2046,IRA_low,2009,31342603.0
p41,2046,IRA_low,2010,31340431.0
p41,2046,IRA_low,2011,31343239.0
p41,2046,IRA_low,2012,31185493.0
p41,2046,IRA_low,2013,31387783.0
p41,2047,IRA_low,2007,31690299.0
p41,2047,IRA_low,2008,31781760.0
p41,2047,IRA_low,2009,31721091.0
p41,2047,IRA_low,2010,31720308.0
p41,2047,IRA_low,2011,31722704.0
p41,2047,IRA_low,2012,31564490.0
p41,2047,IRA_low,2013,31768257.0
p41,2048,IRA_low,2007,32070135.0
p41,2048,IRA_low,2008,32161577.0
p41,2048,IRA_low,2009,32099706.0
p41,2048,IRA_low,2010,32100276.0
p41,2048,IRA_low,2011,32102184.0
p41,2048,IRA_low,2012,31943416.0
p41,2048,IRA_low,2013,32148730.0
p41,2049,IRA_low,2007,32450116.0
p41,2049,IRA_low,2008,32541401.0
p41,2049,IRA_low,2009,32478309.0
p41,2049,IRA_low,2010,32480259.0
p41,2049,IRA_low,2011,32481630.0
p41,2049,IRA_low,2012,32322424.0
p41,2049,IRA_low,2013,32529126.0
p41,2050,IRA_low,2007,32829950.0
p41,2050,IRA_low,2008,32921167.0
p41,2050,IRA_low,2009,32856933.0
p41,2050,IRA_low,2010,32860193.0
p41,2050,IRA_low,2011,32861112.0
p41,2050,IRA_low,2012,32701371.0
p41,2050,IRA_low,2013,32909528.0
p42,2020,IRA_low,2007,3230454.82
p42,2020,IRA_low,2008,3230502.16
p42,2020,IRA_low,2009,3230834.49
p42,2020,IRA_low,2010,3230365.81
p42,2020,IRA_low,2011,3230187.81
p42,2020,IRA_low,2012,3230639.45
p42,2020,IRA_low,2013,3230582.64
p42,2021,IRA_low,2007,4229761.0
p42,2021,IRA_low,2008,4229827.0
p42,2021,IRA_low,2009,4229821.0
p42,2021,IRA_low,2010,4229854.0
p42,2021,IRA_low,2011,4229838.0
p42,2021,IRA_low,2012,4229875.0
p42,2021,IRA_low,2013,4229858.0
p42,2022,IRA_low,2007,4250771.0
p42,2022,IRA_low,2008,4250896.0
p42,2022,IRA_low,2009,4250797.0
p42,2022,IRA_low,2010,4250811.0
p42,2022,IRA_low,2011,4250745.0
p42,2022,IRA_low,2012,4250814.0
p42,2022,IRA_low,2013,4250833.0
p42,2023,IRA_low,2007,4228399.0
p42,2023,IRA_low,2008,4228326.0
p42,2023,IRA_low,2009,4228344.0
p42,2023,IRA_low,2010,4228321.0
p42,2023,IRA_low,2011,4228376.0
p42,2023,IRA_low,2012,4228212.0
p42,2023,IRA_low,2013,4228356.0
p42,2024,IRA_low,2007,4154941.0
p42,2024,IRA_low,2008,4154916.0
p42,2024,IRA_low,2009,4154953.0
p42,2024,IRA_low,2010,4154959.0
p42,2024,IRA_low,2011,4154957.0
p42,2024,IRA_low,2012,4154911.0
p42,2024,IRA_low,2013,4154972.0
p42,2025,IRA_low,2007,4190061.0
p42,2025,IRA_low,2008,4191295.0
p42,2025,IRA_low,2009,4190363.0
p42,2025,IRA_low,2010,4189485.0
p42,2025,IRA_low,2011,4189933.0
p42,2025,IRA_low,2012,4187978.0
p42,2025,IRA_low,2013,4191659.0
p42,2026,IRA_low,2007,4269848.0
p42,2026,IRA_low,2008,4274257.0
p42,2026,IRA_low,2009,4271585.0
p42,2026,IRA_low,2010,4268259.0
p42,2026,IRA_low,2011,4269640.0
p42,2026,IRA_low,2012,4263352.0
p42,2026,IRA_low,2013,4275092.0
p42,2027,IRA_low,2007,4349618.0
p42,2027,IRA_low,2008,4357140.0
p42,2027,IRA_low,2009,4352951.0
p42,2027,IRA_low,2010,4346836.0
p42,2027,IRA_low,2011,4349261.0
p42,2027,IRA_low,2012,4338578.0
p42,2027,IRA_low,2013,4358672.0
p42,2028,IRA_low,2007,4429278.0
p42,2028,IRA_low,2008,4440216.0
p42,2028,IRA_low,2009,4434178.0
p42,2028,IRA_low,2010,4425576.0
p42,2028,IRA_low,2011,4428982.0
p42,2028,IRA_low,2012,4413958.0
p42,2028,IRA_low,2013,4442186.0
p42,2029,IRA_low,2007,4509068.0
p42,2029,IRA_low,2008,4523208.0
p42,2029,IRA_low,2009,4515473.0
p42,2029,IRA_low,2010,4504149.0
p42,2029,IRA_low,2011,4508767.0
p42,2029,IRA_low,2012,4489225.0
p42,2029,IRA_low,2013,4525658.0
p42,2030,IRA_low,2007,4588710.0
p42,2030,IRA_low,2008,4606155.0
p42,2030,IRA_low,2009,4596703.0
p42,2030,IRA_low,2010,4582837.0
p42,2030,IRA_low,2011,4588436.0
p42,2030,IRA_low,2012,4564566.0
p42,2030,IRA_low,2013,4609094.0
p42,2031,IRA_low,2007,4687865.0
p42,2031,IRA_low,2008,4708796.0
p42,2031,IRA_low,2009,4697667.0
p42,2031,IRA_low,2010,4680779.0
p42,2031,IRA_low,2011,4687688.0
p42,2031,IRA_low,2012,4659156.0
p42,2031,IRA_low,2013,4712429.0
p42,2032,IRA_low,2007,4787112.0
p42,2032,IRA_low,2008,4811481.0
p42,2032,IRA_low,2009,4798279.0
p42,2032,IRA_low,2010,4778973.0
p42,2032,IRA_low,2011,4787086.0
p42,2032,IRA_low,2012,4753685.0
p42,2032,IRA_low,2013,4815652.0
p42,2033,IRA_low,2007,4886308.0
p42,2033,IRA_low,2008,4914105.0
p42,2033,IRA_low,2009,4899451.0
p42,2033,IRA_low,2010,4876990.0
p42,2033,IRA_low,2011,4886345.0
p42,2033,IRA_low,2012,4848238.0
p42,2033,IRA_low,2013,4919007.0
p42,2034,IRA_low,2007,4985558.0
p42,2034,IRA_low,2008,5016669.0
p42,2034,IRA_low,2009,5000285.0
p42,2034,IRA_low,2010,4975089.0
p42,2034,IRA_low,2011,4985673.0
p42,2034,IRA_low,2012,4943184.0
p42,2034,IRA_low,2013,5022370.0
p42,2035,IRA_low,2007,5084726.0
p42,2035,IRA_low,2008,5119426.0
p42,2035,IRA_low,2009,5101218.0
p42,2035,IRA_low,2010,5073120.0
p42,2035,IRA_low,2011,5084925.0
p42,2035,IRA_low,2012,5037671.0
p42,2035,IRA_low,2013,5125478.0
p42,2036,IRA_low,2007,5183578.0
p42,2036,IRA_low,2008,5221065.0
p42,2036,IRA_low,2009,5201348.0
p42,2036,IRA_low,2010,5171024.0
p42,2036,IRA_low,2011,5183784.0
p42,2036,IRA_low,2012,5132384.0
p42,2036,IRA_low,2013,5227710.0
p42,2037,IRA_low,2007,5282270.0
p42,2037,IRA_low,2008,5322725.0
p42,2037,IRA_low,2009,5301403.0
p42,2037,IRA_low,2010,5268869.0
p42,2037,IRA_low,2011,5282562.0
p42,2037,IRA_low,2012,5227171.0
p42,2037,IRA_low,2013,5330013.0
p42,2038,IRA_low,2007,5381034.0
p42,2038,IRA_low,2008,5424444.0
p42,2038,IRA_low,2009,5401621.0
p42,2038,IRA_low,2010,5366772.0
p42,2038,IRA_low,2011,5381353.0
p42,2038,IRA_low,2012,5321975.0
p42,2038,IRA_low,2013,5432220.0
p42,2039,IRA_low,2007,5479885.0
p42,2039,IRA_low,2008,5526300.0
p42,2039,IRA_low,2009,5501656.0
p42,2039,IRA_low,2010,5464563.0
p42,2039,IRA_low,2011,5480121.0
p42,2039,IRA_low,2012,5416801.0
p42,2039,IRA_low,2013,5534440.0
p42,2040,IRA_low,2007,5578650.0
p42,2040,IRA_low,2008,5627820.0
p42,2040,IRA_low,2009,5601855.0
p42,2040,IRA_low,2010,5562467.0
p42,2040,IRA_low,2011,5578892.0
p42,2040,IRA_low,2012,5511523.0
p42,2040,IRA_low,2013,5636740.0
p42,2041,IRA_low,2007,5659776.0
p42,2041,IRA_low,2008,5710603.0
p42,2041,IRA_low,2009,5683638.0
p42,2041,IRA_low,2010,5642986.0
p42,2041,IRA_low,2011,5659970.0
p42,2041,IRA_low,2012,5589957.0
p42,2041,IRA_low,2013,5719859.0
p42,2042,IRA_low,2007,5740906.0
p42,2042,IRA_low,2008,5793407.0
p42,2042,IRA_low,2009,5765278.0
p42,2042,IRA_low,2010,5723629.0
p42,2042,IRA_low,2011,5740883.0
p42,2042,IRA_low,2012,5668460.0
p42,2042,IRA_low,2013,5803087.0
p42,2043,IRA_low,2007,5822030.0
p42,2043,IRA_low,2008,5876120.0
p42,2043,IRA_low,2009,5847033.0
p42,2043,IRA_low,2010,5804081.0
p42,2043,IRA_low,2011,5821859.0
p42,2043,IRA_low,2012,5746850.0
p42,2043,IRA_low,2013,5886350.0
p42,2044,IRA_low,2007,5903109.0
p42,2044,IRA_low,2008,5958965.0
p42,2044,IRA_low,2009,5928577.0
p42,2044,IRA_low,2010,5884638.0
p42,2044,IRA_low,2011,5902834.0
p42,2044,IRA_low,2012,5825261.0
p42,2044,IRA_low,2013,5969524.0
p42,2045,IRA_low,2007,5984244.0
p42,2045,IRA_low,2008,6041771.0
p42,2045,IRA_low,2009,6010424.0
p42,2045,IRA_low,2010,5965119.0
p42,2045,IRA_low,2011,5983548.0
p42,2045,IRA_low,2012,5903810.0
p42,2045,IRA_low,2013,6052646.0
p42,2046,IRA_low,2007,6045546.0
p42,2046,IRA_low,2008,6103709.0
p42,2046,IRA_low,2009,6071633.0
p42,2046,IRA_low,2010,6026053.0
p42,2046,IRA_low,2011,6044691.0
p42,2046,IRA_low,2012,5963394.0
p42,2046,IRA_low,2013,6114945.0
p42,2047,IRA_low,2007,6106820.0
p42,2047,IRA_low,2008,6165544.0
p42,2047,IRA_low,2009,6132838.0
p42,2047,IRA_low,2010,6086953.0
p42,2047,IRA_low,2011,6105674.0
p42,2047,IRA_low,2012,6023133.0
p42,2047,IRA_low,2013,6177107.0
p42,2048,IRA_low,2007,6168135.0
p42,2048,IRA_low,2008,6227484.0
p42,2048,IRA_low,2009,6194050.0
p42,2048,IRA_low,2010,6147817.0
p42,2048,IRA_low,2011,6166665.0
p42,2048,IRA_low,2012,6082785.0
p42,2048,IRA_low,2013,6239463.0
p42,2049,IRA_low,2007,6229400.0
p42,2049,IRA_low,2008,6289422.0
p42,2049,IRA_low,2009,6255256.0
p42,2049,IRA_low,2010,6208797.0
p42,2049,IRA_low,2011,6227642.0
p42,2049,IRA_low,2012,6142411.0
p42,2049,IRA_low,2013,6301673.0
p42,2050,IRA_low,2007,6290655.0
p42,2050,IRA_low,2008,6351332.0
p42,2050,IRA_low,2009,6316484.0
p42,2050,IRA_low,2010,6269751.0
p42,2050,IRA_low,2011,6288594.0
p42,2050,IRA_low,2012,6202091.0
p42,2050,IRA_low,2013,6363921.0
p43,2020,IRA_low,2007,55808446.94
p43,2020,IRA_low,2008,55806899.82
p43,2020,IRA_low,2009,55809033.03
p43,2020,IRA_low,2010,55806603.46
p43,2020,IRA_low,2011,55804775.13
p43,2020,IRA_low,2012,55808730.04
p43,2020,IRA_low,2013,55804931.36
p43,2021,IRA_low,2007,58741845.0
p43,2021,IRA_low,2008,58741921.0
p43,2021,IRA_low,2009,58741884.0
p43,2021,IRA_low,2010,58741881.0
p43,2021,IRA_low,2011,58741879.0
p43,2021,IRA_low,2012,58741873.0
p43,2021,IRA_low,2013,58741915.0
p43,2022,IRA_low,2007,59032703.0
p43,2022,IRA_low,2008,59032738.0
p43,2022,IRA_low,2009,59032633.0
p43,2022,IRA_low,2010,59032682.0
p43,2022,IRA_low,2011,59032690.0
p43,2022,IRA_low,2012,59032707.0
p43,2022,IRA_low,2013,59032677.0
p43,2023,IRA_low,2007,58720849.0
p43,2023,IRA_low,2008,58720868.0
p43,2023,IRA_low,2009,58720791.0
p43,2023,IRA_low,2010,58720819.0
p43,2023,IRA_low,2011,58720767.0
p43,2023,IRA_low,2012,58720800.0
p43,2023,IRA_low,2013,58720822.0
p43,2024,IRA_low,2007,57701656.0
p43,2024,IRA_low,2008,57701612.0
p43,2024,IRA_low,2009,57701670.0
p43,2024,IRA_low,2010,57701650.0
p43,2024,IRA_low,2011,57701633.0
p43,2024,IRA_low,2012,57701620.0
p43,2024,IRA_low,2013,57701609.0
p43,2025,IRA_low,2007,58231570.0
p43,2025,IRA_low,2008,58249205.0
p43,2025,IRA_low,2009,58235166.0
p43,2025,IRA_low,2010,58223310.0
p43,2025,IRA_low,2011,58227982.0
p43,2025,IRA_low,2012,58199317.0
p43,2025,IRA_low,2013,58254666.0
p43,2026,IRA_low,2007,59431348.0
p43,2026,IRA_low,2008,59497799.0
p43,2026,IRA_low,2009,59458032.0
p43,2026,IRA_low,2010,59406639.0
p43,2026,IRA_low,2011,59427609.0
p43,2026,IRA_low,2012,59332757.0
p43,2026,IRA_low,2013,59511058.0
p43,2027,IRA_low,2007,60631157.0
p43,2027,IRA_low,2008,60746333.0
p43,2027,IRA_low,2009,60680842.0
p43,2027,IRA_low,2010,60590062.0
p43,2027,IRA_low,2011,60627277.0
p43,2027,IRA_low,2012,60466210.0
p43,2027,IRA_low,2013,60767487.0
p43,2028,IRA_low,2007,61831042.0
p43,2028,IRA_low,2008,61994949.0
p43,2028,IRA_low,2009,61903810.0
p43,2028,IRA_low,2010,61773380.0
p43,2028,IRA_low,2011,61826986.0
p43,2028,IRA_low,2012,61599658.0
p43,2028,IRA_low,2013,62024012.0
p43,2029,IRA_low,2007,63030858.0
p43,2029,IRA_low,2008,63243534.0
p43,2029,IRA_low,2009,63126625.0
p43,2029,IRA_low,2010,62956928.0
p43,2029,IRA_low,2011,63026602.0
p43,2029,IRA_low,2012,62733198.0
p43,2029,IRA_low,2013,63280477.0
p43,2030,IRA_low,2007,64230635.0
p43,2030,IRA_low,2008,64492119.0
p43,2030,IRA_low,2009,64349507.0
p43,2030,IRA_low,2010,64140261.0
p43,2030,IRA_low,2011,64226324.0
p43,2030,IRA_low,2012,63866708.0
p43,2030,IRA_low,2013,64536921.0
p43,2031,IRA_low,2007,65723423.0
p43,2031,IRA_low,2008,66037059.0
p43,2031,IRA_low,2009,65868065.0
p43,2031,IRA_low,2010,65616360.0
p43,2031,IRA_low,2011,65720849.0
p43,2031,IRA_low,2012,65290677.0
p43,2031,IRA_low,2013,66091283.0
p43,2032,IRA_low,2007,67216253.0
p43,2032,IRA_low,2008,67582040.0
p43,2032,IRA_low,2009,67386610.0
p43,2032,IRA_low,2010,67092437.0
p43,2032,IRA_low,2011,67215287.0
p43,2032,IRA_low,2012,66714687.0
p43,2032,IRA_low,2013,67645604.0
p43,2033,IRA_low,2007,68709059.0
p43,2033,IRA_low,2008,69126969.0
p43,2033,IRA_low,2009,68905183.0
p43,2033,IRA_low,2010,68568461.0
p43,2033,IRA_low,2011,68709712.0
p43,2033,IRA_low,2012,68138590.0
p43,2033,IRA_low,2013,69199984.0
p43,2034,IRA_low,2007,70201836.0
p43,2034,IRA_low,2008,70671958.0
p43,2034,IRA_low,2009,70423712.0
p43,2034,IRA_low,2010,70044529.0
p43,2034,IRA_low,2011,70204236.0
p43,2034,IRA_low,2012,69562530.0
p43,2034,IRA_low,2013,70754323.0
p43,2035,IRA_low,2007,71694605.0
p43,2035,IRA_low,2008,72216905.0
p43,2035,IRA_low,2009,71942142.0
p43,2035,IRA_low,2010,71520570.0
p43,2035,IRA_low,2011,71698754.0
p43,2035,IRA_low,2012,70986517.0
p43,2035,IRA_low,2013,72308673.0
p43,2036,IRA_low,2007,73181433.0
p43,2036,IRA_low,2008,73747177.0
p43,2036,IRA_low,2009,73449304.0
p43,2036,IRA_low,2010,72993376.0
p43,2036,IRA_low,2011,73185483.0
p43,2036,IRA_low,2012,72413011.0
p43,2036,IRA_low,2013,73847348.0
p43,2037,IRA_low,2007,74668145.0
p43,2037,IRA_low,2008,75277476.0
p43,2037,IRA_low,2009,74956383.0
p43,2037,IRA_low,2010,74466199.0
p43,2037,IRA_low,2011,74672331.0
p43,2037,IRA_low,2012,73839454.0
p43,2037,IRA_low,2013,75386056.0
p43,2038,IRA_low,2007,76154974.0
p43,2038,IRA_low,2008,76807741.0
p43,2038,IRA_low,2009,76463385.0
p43,2038,IRA_low,2010,75939039.0
p43,2038,IRA_low,2011,76159133.0
p43,2038,IRA_low,2012,75265821.0
p43,2038,IRA_low,2013,76924674.0
p43,2039,IRA_low,2007,77641796.0
p43,2039,IRA_low,2008,78337928.0
p43,2039,IRA_low,2009,77970446.0
p43,2039,IRA_low,2010,77411822.0
p43,2039,IRA_low,2011,77645918.0
p43,2039,IRA_low,2012,76692196.0
p43,2039,IRA_low,2013,78463380.0
p43,2040,IRA_low,2007,79128544.0
p43,2040,IRA_low,2008,79868083.0
p43,2040,IRA_low,2009,79477431.0
p43,2040,IRA_low,2010,78884620.0
p43,2040,IRA_low,2011,79132777.0
p43,2040,IRA_low,2012,78118640.0
p43,2040,IRA_low,2013,80001996.0
p43,2041,IRA_low,2007,80349450.0
p43,2041,IRA_low,2008,81113918.0
p43,2041,IRA_low,2009,80707107.0
p43,2041,IRA_low,2010,80096681.0
p43,2041,IRA_low,2011,80351075.0
p43,2041,IRA_low,2012,79299147.0
p43,2041,IRA_low,2013,81253919.0
p43,2042,IRA_low,2007,81570298.0
p43,2042,IRA_low,2008,82359784.0
p43,2042,IRA_low,2009,81936729.0
p43,2042,IRA_low,2010,81308706.0
p43,2042,IRA_low,2011,81569431.0
p43,2042,IRA_low,2012,80479767.0
p43,2042,IRA_low,2013,82505930.0
p43,2043,IRA_low,2007,82791183.0
p43,2043,IRA_low,2008,83605577.0
p43,2043,IRA_low,2009,83166381.0
p43,2043,IRA_low,2010,82520735.0
p43,2043,IRA_low,2011,82787709.0
p43,2043,IRA_low,2012,81660307.0
p43,2043,IRA_low,2013,83757877.0
p43,2044,IRA_low,2007,84012016.0
p43,2044,IRA_low,2008,84851450.0
p43,2044,IRA_low,2009,84396052.0
p43,2044,IRA_low,2010,83732847.0
p43,2044,IRA_low,2011,84006096.0
p43,2044,IRA_low,2012,82840886.0
p43,2044,IRA_low,2013,85009722.0
p43,2045,IRA_low,2007,85232921.0
p43,2045,IRA_low,2008,86097163.0
p43,2045,IRA_low,2009,85625710.0
p43,2045,IRA_low,2010,84944857.0
p43,2045,IRA_low,2011,85224443.0
p43,2045,IRA_low,2012,84021425.0
p43,2045,IRA_low,2013,86261647.0
p43,2046,IRA_low,2007,86155075.0
p43,2046,IRA_low,2008,87029094.0
p43,2046,IRA_low,2009,86547110.0
p43,2046,IRA_low,2010,85861680.0
p43,2046,IRA_low,2011,86142093.0
p43,2046,IRA_low,2012,84919337.0
p43,2046,IRA_low,2013,87198460.0
p43,2047,IRA_low,2007,87077151.0
p43,2047,IRA_low,2008,87960991.0
p43,2047,IRA_low,2009,87468537.0
p43,2047,IRA_low,2010,86778481.0
p43,2047,IRA_low,2011,87059861.0
p43,2047,IRA_low,2012,85817181.0
p43,2047,IRA_low,2013,88135302.0
p43,2048,IRA_low,2007,87999133.0
p43,2048,IRA_low,2008,88892981.0
p43,2048,IRA_low,2009,88389916.0
p43,2048,IRA_low,2010,87695256.0
p43,2048,IRA_low,2011,87977606.0
p43,2048,IRA_low,2012,86715029.0
p43,2048,IRA_low,2013,89072173.0
p43,2049,IRA_low,2007,88921294.0
p43,2049,IRA_low,2008,89824896.0
p43,2049,IRA_low,2009,89311421.0
p43,2049,IRA_low,2010,88612079.0
p43,2049,IRA_low,2011,88895259.0
p43,2049,IRA_low,2012,87612966.0
p43,2049,IRA_low,2013,90009014.0
p43,2050,IRA_low,2007,89843337.0
p43,2050,IRA_low,2008,90756840.0
p43,2050,IRA_low,2009,90232789.0
p43,2050,IRA_low,2010,89528902.0
p43,2050,IRA_low,2011,89813006.0
p43,2050,IRA_low,2012,88510807.0
p43,2050,IRA_low,2013,90945854.0
p44,2020,IRA_low,2007,1516957.83
p44,2020,IRA_low,2008,1516866.93
p44,2020,IRA_low,2009,1516915.22
p44,2020,IRA_low,2010,1516938.89
p44,2020,IRA_low,2011,1516864.09
p44,2020,IRA_low,2012,1516937.94
p44,2020,IRA_low,2013,1516826.22
p44,2021,IRA_low,2007,1765154.0
p44,2021,IRA_low,2008,1765206.0
p44,2021,IRA_low,2009,1765280.0
p44,2021,IRA_low,2010,1765111.0
p44,2021,IRA_low,2011,1765120.0
p44,2021,IRA_low,2012,1765156.0
p44,2021,IRA_low,2013,1765042.0
p44,2022,IRA_low,2007,1773852.0
p44,2022,IRA_low,2008,1773902.0
p44,2022,IRA_low,2009,1773908.0
p44,2022,IRA_low,2010,1773848.0
p44,2022,IRA_low,2011,1773958.0
p44,2022,IRA_low,2012,1773755.0
p44,2022,IRA_low,2013,1773875.0
p44,2023,IRA_low,2007,1764564.0
p44,2023,IRA_low,2008,1764554.0
p44,2023,IRA_low,2009,1764549.0
p44,2023,IRA_low,2010,1764275.0
p44,2023,IRA_low,2011,1764614.0
p44,2023,IRA_low,2012,1764377.0
p44,2023,IRA_low,2013,1764561.0
p44,2024,IRA_low,2007,1733923.0
p44,2024,IRA_low,2008,1733897.0
p44,2024,IRA_low,2009,1733973.0
p44,2024,IRA_low,2010,1733891.0
p44,2024,IRA_low,2011,1733840.0
p44,2024,IRA_low,2012,1733891.0
p44,2024,IRA_low,2013,1734072.0
p44,2025,IRA_low,2007,1750790.0
p44,2025,IRA_low,2008,1751419.0
p44,2025,IRA_low,2009,1750930.0
p44,2025,IRA_low,2010,1750533.0
p44,2025,IRA_low,2011,1750706.0
p44,2025,IRA_low,2012,1749637.0
p44,2025,IRA_low,2013,1751593.0
p44,2026,IRA_low,2007,1789097.0
p44,2026,IRA_low,2008,1791101.0
p44,2026,IRA_low,2009,1789903.0
p44,2026,IRA_low,2010,1788324.0
p44,2026,IRA_low,2011,1788864.0
p44,2026,IRA_low,2012,1785744.0
p44,2026,IRA_low,2013,1791645.0
p44,2027,IRA_low,2007,1827235.0
p44,2027,IRA_low,2008,1830956.0
p44,2027,IRA_low,2009,1828799.0
p44,2027,IRA_low,2010,1826016.0
p44,2027,IRA_low,2011,1827086.0
p44,2027,IRA_low,2012,1821825.0
p44,2027,IRA_low,2013,1831623.0
p44,2028,IRA_low,2007,1865490.0
p44,2028,IRA_low,2008,1870768.0
p44,2028,IRA_low,2009,1867712.0
p44,2028,IRA_low,2010,1863616.0
p44,2028,IRA_low,2011,1865259.0
p44,2028,IRA_low,2012,1857960.0
p44,2028,IRA_low,2013,1871795.0
p44,2029,IRA_low,2007,1903799.0
p44,2029,IRA_low,2008,1910448.0
p44,2029,IRA_low,2009,1906721.0
p44,2029,IRA_low,2010,1901308.0
p44,2029,IRA_low,2011,1903494.0
p44,2029,IRA_low,2012,1894089.0
p44,2029,IRA_low,2013,1911684.0
p44,2030,IRA_low,2007,1942099.0
p44,2030,IRA_low,2008,1950199.0
p44,2030,IRA_low,2009,1945680.0
p44,2030,IRA_low,2010,1939004.0
p44,2030,IRA_low,2011,1941595.0
p44,2030,IRA_low,2012,1930258.0
p44,2030,IRA_low,2013,1951702.0
p44,2031,IRA_low,2007,1989595.0
p44,2031,IRA_low,2008,1999411.0
p44,2031,IRA_low,2009,1994047.0
p44,2031,IRA_low,2010,1986025.0
p44,2031,IRA_low,2011,1989383.0
p44,2031,IRA_low,2012,1975504.0
p44,2031,IRA_low,2013,2001200.0
p44,2032,IRA_low,2007,2037066.0
p44,2032,IRA_low,2008,2048623.0
p44,2032,IRA_low,2009,2042387.0
p44,2032,IRA_low,2010,2033014.0
p44,2032,IRA_low,2011,2036955.0
p44,2032,IRA_low,2012,2021013.0
p44,2032,IRA_low,2013,2050741.0
p44,2033,IRA_low,2007,2084592.0
p44,2033,IRA_low,2008,2097876.0
p44,2033,IRA_low,2009,2090694.0
p44,2033,IRA_low,2010,2080091.0
p44,2033,IRA_low,2011,2084613.0
p44,2033,IRA_low,2012,2066349.0
p44,2033,IRA_low,2013,2100176.0
p44,2034,IRA_low,2007,2132219.0
p44,2034,IRA_low,2008,2147081.0
p44,2034,IRA_low,2009,2139175.0
p44,2034,IRA_low,2010,2127062.0
p44,2034,IRA_low,2011,2132112.0
p44,2034,IRA_low,2012,2111753.0
p44,2034,IRA_low,2013,2149725.0
p44,2035,IRA_low,2007,2179517.0
p44,2035,IRA_low,2008,2196199.0
p44,2035,IRA_low,2009,2187479.0
p44,2035,IRA_low,2010,2173909.0
p44,2035,IRA_low,2011,2179875.0
p44,2035,IRA_low,2012,2156976.0
p44,2035,IRA_low,2013,2199283.0
p44,2036,IRA_low,2007,2227042.0
p44,2036,IRA_low,2008,2245012.0
p44,2036,IRA_low,2009,2235420.0
p44,2036,IRA_low,2010,2221037.0
p44,2036,IRA_low,2011,2227094.0
p44,2036,IRA_low,2012,2202501.0
p44,2036,IRA_low,2013,2248259.0
p44,2037,IRA_low,2007,2274351.0
p44,2037,IRA_low,2008,2293790.0
p44,2037,IRA_low,2009,2283540.0
p44,2037,IRA_low,2010,2267970.0
p44,2037,IRA_low,2011,2274523.0
p44,2037,IRA_low,2012,2247865.0
p44,2037,IRA_low,2013,2297214.0
p44,2038,IRA_low,2007,2321719.0
p44,2038,IRA_low,2008,2342539.0
p44,2038,IRA_low,2009,2331598.0
p44,2038,IRA_low,2010,2314961.0
p44,2038,IRA_low,2011,2321808.0
p44,2038,IRA_low,2012,2293391.0
p44,2038,IRA_low,2013,2346295.0
p44,2039,IRA_low,2007,2369047.0
p44,2039,IRA_low,2008,2391223.0
p44,2039,IRA_low,2009,2379520.0
p44,2039,IRA_low,2010,2361813.0
p44,2039,IRA_low,2011,2369273.0
p44,2039,IRA_low,2012,2338800.0
p44,2039,IRA_low,2013,2395369.0
p44,2040,IRA_low,2007,2416490.0
p44,2040,IRA_low,2008,2440039.0
p44,2040,IRA_low,2009,2427544.0
p44,2040,IRA_low,2010,2408877.0
p44,2040,IRA_low,2011,2416513.0
p44,2040,IRA_low,2012,2384203.0
p44,2040,IRA_low,2013,2444318.0
p44,2041,IRA_low,2007,2455356.0
p44,2041,IRA_low,2008,2479729.0
p44,2041,IRA_low,2009,2466721.0
p44,2041,IRA_low,2010,2447295.0
p44,2041,IRA_low,2011,2455430.0
p44,2041,IRA_low,2012,2421727.0
p44,2041,IRA_low,2013,2484100.0
p44,2042,IRA_low,2007,2494243.0
p44,2042,IRA_low,2008,2519343.0
p44,2042,IRA_low,2009,2505888.0
p44,2042,IRA_low,2010,2485934.0
p44,2042,IRA_low,2011,2494175.0
p44,2042,IRA_low,2012,2459429.0
p44,2042,IRA_low,2013,2524123.0
p44,2043,IRA_low,2007,2533084.0
p44,2043,IRA_low,2008,2558999.0
p44,2043,IRA_low,2009,2545047.0
p44,2043,IRA_low,2010,2524565.0
p44,2043,IRA_low,2011,2533003.0
p44,2043,IRA_low,2012,2497010.0
p44,2043,IRA_low,2013,2564055.0
p44,2044,IRA_low,2007,2571985.0
p44,2044,IRA_low,2008,2598692.0
p44,2044,IRA_low,2009,2584242.0
p44,2044,IRA_low,2010,2563096.0
p44,2044,IRA_low,2011,2571823.0
p44,2044,IRA_low,2012,2534633.0
p44,2044,IRA_low,2013,2603773.0
p44,2045,IRA_low,2007,2610917.0
p44,2045,IRA_low,2008,2638408.0
p44,2045,IRA_low,2009,2623359.0
p44,2045,IRA_low,2010,2601765.0
p44,2045,IRA_low,2011,2610617.0
p44,2045,IRA_low,2012,2572240.0
p44,2045,IRA_low,2013,2643722.0
p44,2046,IRA_low,2007,2640216.0
p44,2046,IRA_low,2008,2668060.0
p44,2046,IRA_low,2009,2652720.0
p44,2046,IRA_low,2010,2630938.0
p44,2046,IRA_low,2011,2639877.0
p44,2046,IRA_low,2012,2600755.0
p44,2046,IRA_low,2013,2673480.0
p44,2047,IRA_low,2007,2669780.0
p44,2047,IRA_low,2008,2697760.0
p44,2047,IRA_low,2009,2682045.0
p44,2047,IRA_low,2010,2660218.0
p44,2047,IRA_low,2011,2669016.0
p44,2047,IRA_low,2012,2629415.0
p44,2047,IRA_low,2013,2703311.0
p44,2048,IRA_low,2007,2699009.0
p44,2048,IRA_low,2008,2727421.0
p44,2048,IRA_low,2009,2711413.0
p44,2048,IRA_low,2010,2689362.0
p44,2048,IRA_low,2011,2698324.0
p44,2048,IRA_low,2012,2658015.0
p44,2048,IRA_low,2013,2733139.0
p44,2049,IRA_low,2007,2728396.0
p44,2049,IRA_low,2008,2757177.0
p44,2049,IRA_low,2009,2740835.0
p44,2049,IRA_low,2010,2718482.0
p44,2049,IRA_low,2011,2727557.0
p44,2049,IRA_low,2012,2686679.0
p44,2049,IRA_low,2013,2763155.0
p44,2050,IRA_low,2007,2757797.0
p44,2050,IRA_low,2008,2786803.0
p44,2050,IRA_low,2009,2770131.0
p44,2050,IRA_low,2010,2747743.0
p44,2050,IRA_low,2011,2756753.0
p44,2050,IRA_low,2012,2715219.0
p44,2050,IRA_low,2013,2792889.0
p45,2020,IRA_low,2007,13424863.54
p45,2020,IRA_low,2008,13424232.44
p45,2020,IRA_low,2009,13424364.48
p45,2020,IRA_low,2010,13423968.37
p45,2020,IRA_low,2011,13424039.98
p45,2020,IRA_low,2012,13424847.88
p45,2020,IRA_low,2013,13423570.02
p45,2021,IRA_low,2007,13287829.0
p45,2021,IRA_low,2008,13287892.0
p45,2021,IRA_low,2009,13287888.0
p45,2021,IRA_low,2010,13287886.0
p45,2021,IRA_low,2011,13287866.0
p45,2021,IRA_low,2012,13287875.0
p45,2021,IRA_low,2013,13287817.0
p45,2022,IRA_low,2007,13650093.0
p45,2022,IRA_low,2008,13650127.0
p45,2022,IRA_low,2009,13650123.0
p45,2022,IRA_low,2010,13650068.0
p45,2022,IRA_low,2011,13650151.0
p45,2022,IRA_low,2012,13650104.0
p45,2022,IRA_low,2013,13650093.0
p45,2023,IRA_low,2007,13692138.0
p45,2023,IRA_low,2008,13692136.0
p45,2023,IRA_low,2009,13692159.0
p45,2023,IRA_low,2010,13692247.0
p45,2023,IRA_low,2011,13692210.0
p45,2023,IRA_low,2012,13692196.0
p45,2023,IRA_low,2013,13692216.0
p45,2024,IRA_low,2007,13458269.0
p45,2024,IRA_low,2008,13458164.0
p45,2024,IRA_low,2009,13458307.0
p45,2024,IRA_low,2010,13458152.0
p45,2024,IRA_low,2011,13458200.0
p45,2024,IRA_low,2012,13458265.0
p45,2024,IRA_low,2013,13458234.0
p45,2025,IRA_low,2007,13802847.0
p45,2025,IRA_low,2008,13803916.0
p45,2025,IRA_low,2009,13800957.0
p45,2025,IRA_low,2010,13803193.0
p45,2025,IRA_low,2011,13801648.0
p45,2025,IRA_low,2012,13799462.0
p45,2025,IRA_low,2013,13803598.0
p45,2026,IRA_low,2007,14282116.0
p45,2026,IRA_low,2008,14291128.0
p45,2026,IRA_low,2009,14281421.0
p45,2026,IRA_low,2010,14283663.0
p45,2026,IRA_low,2011,14280057.0
p45,2026,IRA_low,2012,14268034.0
p45,2026,IRA_low,2013,14288482.0
p45,2027,IRA_low,2007,14761495.0
p45,2027,IRA_low,2008,14778266.0
p45,2027,IRA_low,2009,14761743.0
p45,2027,IRA_low,2010,14764158.0
p45,2027,IRA_low,2011,14758435.0
p45,2027,IRA_low,2012,14736559.0
p45,2027,IRA_low,2013,14773374.0
p45,2028,IRA_low,2007,15240756.0
p45,2028,IRA_low,2008,15265423.0
p45,2028,IRA_low,2009,15242250.0
p45,2028,IRA_low,2010,15244661.0
p45,2028,IRA_low,2011,15236684.0
p45,2028,IRA_low,2012,15205072.0
p45,2028,IRA_low,2013,15258210.0
p45,2029,IRA_low,2007,15720193.0
p45,2029,IRA_low,2008,15752686.0
p45,2029,IRA_low,2009,15722707.0
p45,2029,IRA_low,2010,15725171.0
p45,2029,IRA_low,2011,15715102.0
p45,2029,IRA_low,2012,15673681.0
p45,2029,IRA_low,2013,15743229.0
p45,2030,IRA_low,2007,16199456.0
p45,2030,IRA_low,2008,16239646.0
p45,2030,IRA_low,2009,16203084.0
p45,2030,IRA_low,2010,16205617.0
p45,2030,IRA_low,2011,16193487.0
p45,2030,IRA_low,2012,16142163.0
p45,2030,IRA_low,2013,16227917.0
p45,2031,IRA_low,2007,16646905.0
p45,2031,IRA_low,2008,16695811.0
p45,2031,IRA_low,2009,16652213.0
p45,2031,IRA_low,2010,16654349.0
p45,2031,IRA_low,2011,16640256.0
p45,2031,IRA_low,2012,16577913.0
p45,2031,IRA_low,2013,16682085.0
p45,2032,IRA_low,2007,17094437.0
p45,2032,IRA_low,2008,17151749.0
p45,2032,IRA_low,2009,17101364.0
p45,2032,IRA_low,2010,17102953.0
p45,2032,IRA_low,2011,17087047.0
p45,2032,IRA_low,2012,17013771.0
p45,2032,IRA_low,2013,17136091.0
p45,2033,IRA_low,2007,17541822.0
p45,2033,IRA_low,2008,17607761.0
p45,2033,IRA_low,2009,17550303.0
p45,2033,IRA_low,2010,17551535.0
p45,2033,IRA_low,2011,17533814.0
p45,2033,IRA_low,2012,17449482.0
p45,2033,IRA_low,2013,17590180.0
p45,2034,IRA_low,2007,17989305.0
p45,2034,IRA_low,2008,18063776.0
p45,2034,IRA_low,2009,17999437.0
p45,2034,IRA_low,2010,18000201.0
p45,2034,IRA_low,2011,17980776.0
p45,2034,IRA_low,2012,17885230.0
p45,2034,IRA_low,2013,18044115.0
p45,2035,IRA_low,2007,18436774.0
p45,2035,IRA_low,2008,18519779.0
p45,2035,IRA_low,2009,18448520.0
p45,2035,IRA_low,2010,18448908.0
p45,2035,IRA_low,2011,18427450.0
p45,2035,IRA_low,2012,18320962.0
p45,2035,IRA_low,2013,18498247.0
p45,2036,IRA_low,2007,18818492.0
p45,2036,IRA_low,2008,18908158.0
p45,2036,IRA_low,2009,18830995.0
p45,2036,IRA_low,2010,18831629.0
p45,2036,IRA_low,2011,18808472.0
p45,2036,IRA_low,2012,18692948.0
p45,2036,IRA_low,2013,18885293.0
p45,2037,IRA_low,2007,19200269.0
p45,2037,IRA_low,2008,19296501.0
p45,2037,IRA_low,2009,19213361.0
p45,2037,IRA_low,2010,19214264.0
p45,2037,IRA_low,2011,19189372.0
p45,2037,IRA_low,2012,19064938.0
p45,2037,IRA_low,2013,19272229.0
p45,2038,IRA_low,2007,19582095.0
p45,2038,IRA_low,2008,19684974.0
p45,2038,IRA_low,2009,19595734.0
p45,2038,IRA_low,2010,19597032.0
p45,2038,IRA_low,2011,19570344.0
p45,2038,IRA_low,2012,19436923.0
p45,2038,IRA_low,2013,19659354.0
p45,2039,IRA_low,2007,19963840.0
p45,2039,IRA_low,2008,20073388.0
p45,2039,IRA_low,2009,19978201.0
p45,2039,IRA_low,2010,19979673.0
p45,2039,IRA_low,2011,19951272.0
p45,2039,IRA_low,2012,19808889.0
p45,2039,IRA_low,2013,20046224.0
p45,2040,IRA_low,2007,20345621.0
p45,2040,IRA_low,2008,20461725.0
p45,2040,IRA_low,2009,20360615.0
p45,2040,IRA_low,2010,20362408.0
p45,2040,IRA_low,2011,20332213.0
p45,2040,IRA_low,2012,20180872.0
p45,2040,IRA_low,2013,20433287.0
p45,2041,IRA_low,2007,20698479.0
p45,2041,IRA_low,2008,20818365.0
p45,2041,IRA_low,2009,20713232.0
p45,2041,IRA_low,2010,20715937.0
p45,2041,IRA_low,2011,20684263.0
p45,2041,IRA_low,2012,20527126.0
p45,2041,IRA_low,2013,20789452.0
p45,2042,IRA_low,2007,21051393.0
p45,2042,IRA_low,2008,21174938.0
p45,2042,IRA_low,2009,21065911.0
p45,2042,IRA_low,2010,21069362.0
p45,2042,IRA_low,2011,21036237.0
p45,2042,IRA_low,2012,20873362.0
p45,2042,IRA_low,2013,21145654.0
p45,2043,IRA_low,2007,21404187.0
p45,2043,IRA_low,2008,21531598.0
p45,2043,IRA_low,2009,21418500.0
p45,2043,IRA_low,2010,21422894.0
p45,2043,IRA_low,2011,21388185.0
p45,2043,IRA_low,2012,21219663.0
p45,2043,IRA_low,2013,21501755.0
p45,2044,IRA_low,2007,21757192.0
p45,2044,IRA_low,2008,21888261.0
p45,2044,IRA_low,2009,21771079.0
p45,2044,IRA_low,2010,21776356.0
p45,2044,IRA_low,2011,21740213.0
p45,2044,IRA_low,2012,21565798.0
p45,2044,IRA_low,2013,21857830.0
p45,2045,IRA_low,2007,22110019.0
p45,2045,IRA_low,2008,22244754.0
p45,2045,IRA_low,2009,22123719.0
p45,2045,IRA_low,2010,22129844.0
p45,2045,IRA_low,2011,22092147.0
p45,2045,IRA_low,2012,21912114.0
p45,2045,IRA_low,2013,22214049.0
p45,2046,IRA_low,2007,22413454.0
p45,2046,IRA_low,2008,22549412.0
p45,2046,IRA_low,2009,22426114.0
p45,2046,IRA_low,2010,22433603.0
p45,2046,IRA_low,2011,22394774.0
p45,2046,IRA_low,2012,22212332.0
p45,2046,IRA_low,2013,22518791.0
p45,2047,IRA_low,2007,22717040.0
p45,2047,IRA_low,2008,22853838.0
p45,2047,IRA_low,2009,22728411.0
p45,2047,IRA_low,2010,22737442.0
p45,2047,IRA_low,2011,22697545.0
p45,2047,IRA_low,2012,22512648.0
p45,2047,IRA_low,2013,22823623.0
p45,2048,IRA_low,2007,23020512.0
p45,2048,IRA_low,2008,23158452.0
p45,2048,IRA_low,2009,23030860.0
p45,2048,IRA_low,2010,23041253.0
p45,2048,IRA_low,2011,23000152.0
p45,2048,IRA_low,2012,22812989.0
p45,2048,IRA_low,2013,23128326.0
p45,2049,IRA_low,2007,23323980.0
p45,2049,IRA_low,2008,23463013.0
p45,2049,IRA_low,2009,23333253.0
p45,2049,IRA_low,2010,23345007.0
p45,2049,IRA_low,2011,23302734.0
p45,2049,IRA_low,2012,23113290.0
p45,2049,IRA_low,2013,23433042.0
p45,2050,IRA_low,2007,23627451.0
p45,2050,IRA_low,2008,23767445.0
p45,2050,IRA_low,2009,23635624.0
p45,2050,IRA_low,2010,23648892.0
p45,2050,IRA_low,2011,23605332.0
p45,2050,IRA_low,2012,23413629.0
p45,2050,IRA_low,2013,23737817.0
p46,2020,IRA_low,2007,9698380.63
p46,2020,IRA_low,2008,9697960.9
p46,2020,IRA_low,2009,9698326.57
p46,2020,IRA_low,2010,9697991.37
p46,2020,IRA_low,2011,9697675.83
p46,2020,IRA_low,2012,9698515.3
p46,2020,IRA_low,2013,9697720.07
p46,2021,IRA_low,2007,8705849.0
p46,2021,IRA_low,2008,8705780.0
p46,2021,IRA_low,2009,8705787.0
p46,2021,IRA_low,2010,8705751.0
p46,2021,IRA_low,2011,8705782.0
p46,2021,IRA_low,2012,8705746.0
p46,2021,IRA_low,2013,8705802.0
p46,2022,IRA_low,2007,8749785.0
p46,2022,IRA_low,2008,8749826.0
p46,2022,IRA_low,2009,8749833.0
p46,2022,IRA_low,2010,8749861.0
p46,2022,IRA_low,2011,8749854.0
p46,2022,IRA_low,2012,8749840.0
p46,2022,IRA_low,2013,8749859.0
p46,2023,IRA_low,2007,8595203.0
p46,2023,IRA_low,2008,8595180.0
p46,2023,IRA_low,2009,8595108.0
p46,2023,IRA_low,2010,8595127.0
p46,2023,IRA_low,2011,8595165.0
p46,2023,IRA_low,2012,8595159.0
p46,2023,IRA_low,2013,8595227.0
p46,2024,IRA_low,2007,8633646.0
p46,2024,IRA_low,2008,8633734.0
p46,2024,IRA_low,2009,8633764.0
p46,2024,IRA_low,2010,8633693.0
p46,2024,IRA_low,2011,8633575.0
p46,2024,IRA_low,2012,8633663.0
p46,2024,IRA_low,2013,8633774.0
p46,2025,IRA_low,2007,8677394.0
p46,2025,IRA_low,2008,8681099.0
p46,2025,IRA_low,2009,8678596.0
p46,2025,IRA_low,2010,8675334.0
p46,2025,IRA_low,2011,8677126.0
p46,2025,IRA_low,2012,8672331.0
p46,2025,IRA_low,2013,8681334.0
p46,2026,IRA_low,2007,8857585.0
p46,2026,IRA_low,2008,8870952.0
p46,2026,IRA_low,2009,8863786.0
p46,2026,IRA_low,2010,8850921.0
p46,2026,IRA_low,2011,8858660.0
p46,2026,IRA_low,2012,8842356.0
p46,2026,IRA_low,2013,8872031.0
p46,2027,IRA_low,2007,9037735.0
p46,2027,IRA_low,2008,9060772.0
p46,2027,IRA_low,2009,9048839.0
p46,2027,IRA_low,2010,9026573.0
p46,2027,IRA_low,2011,9040374.0
p46,2027,IRA_low,2012,9012541.0
p46,2027,IRA_low,2013,9062694.0
p46,2028,IRA_low,2007,9217868.0
p46,2028,IRA_low,2008,9250587.0
p46,2028,IRA_low,2009,9234031.0
p46,2028,IRA_low,2010,9202190.0
p46,2028,IRA_low,2011,9221972.0
p46,2028,IRA_low,2012,9182641.0
p46,2028,IRA_low,2013,9253405.0
p46,2029,IRA_low,2007,9398017.0
p46,2029,IRA_low,2008,9440403.0
p46,2029,IRA_low,2009,9419248.0
p46,2029,IRA_low,2010,9377721.0
p46,2029,IRA_low,2011,9403558.0
p46,2029,IRA_low,2012,9352660.0
p46,2029,IRA_low,2013,9444058.0
p46,2030,IRA_low,2007,9578195.0
p46,2030,IRA_low,2008,9630169.0
p46,2030,IRA_low,2009,9604407.0
p46,2030,IRA_low,2010,9553468.0
p46,2030,IRA_low,2011,9585164.0
p46,2030,IRA_low,2012,9522728.0
p46,2030,IRA_low,2013,9634749.0
p46,2031,IRA_low,2007,9826293.0
p46,2031,IRA_low,2008,9888264.0
p46,2031,IRA_low,2009,9857769.0
p46,2031,IRA_low,2010,9796927.0
p46,2031,IRA_low,2011,9835130.0
p46,2031,IRA_low,2012,9760590.0
p46,2031,IRA_low,2013,9894055.0
p46,2032,IRA_low,2007,10074364.0
p46,2032,IRA_low,2008,10146294.0
p46,2032,IRA_low,2009,10111251.0
p46,2032,IRA_low,2010,10040488.0
p46,2032,IRA_low,2011,10085002.0
p46,2032,IRA_low,2012,9998550.0
p46,2032,IRA_low,2013,10153301.0
p46,2033,IRA_low,2007,10322474.0
p46,2033,IRA_low,2008,10404359.0
p46,2033,IRA_low,2009,10364592.0
p46,2033,IRA_low,2010,10283972.0
p46,2033,IRA_low,2011,10335016.0
p46,2033,IRA_low,2012,10236318.0
p46,2033,IRA_low,2013,10412633.0
p46,2034,IRA_low,2007,10570673.0
p46,2034,IRA_low,2008,10662449.0
p46,2034,IRA_low,2009,10618005.0
p46,2034,IRA_low,2010,10527500.0
p46,2034,IRA_low,2011,10584929.0
p46,2034,IRA_low,2012,10474250.0
p46,2034,IRA_low,2013,10671860.0
p46,2035,IRA_low,2007,10818727.0
p46,2035,IRA_low,2008,10920540.0
p46,2035,IRA_low,2009,10871336.0
p46,2035,IRA_low,2010,10771032.0
p46,2035,IRA_low,2011,10834791.0
p46,2035,IRA_low,2012,10712111.0
p46,2035,IRA_low,2013,10931105.0
p46,2036,IRA_low,2007,11072904.0
p46,2036,IRA_low,2008,11182871.0
p46,2036,IRA_low,2009,11129782.0
p46,2036,IRA_low,2010,11021537.0
p46,2036,IRA_low,2011,11090295.0
p46,2036,IRA_low,2012,10957136.0
p46,2036,IRA_low,2013,11194436.0
p46,2037,IRA_low,2007,11327015.0
p46,2037,IRA_low,2008,11445188.0
p46,2037,IRA_low,2009,11388234.0
p46,2037,IRA_low,2010,11271679.0
p46,2037,IRA_low,2011,11345632.0
p46,2037,IRA_low,2012,11202174.0
p46,2037,IRA_low,2013,11457821.0
p46,2038,IRA_low,2007,11581318.0
p46,2038,IRA_low,2008,11707610.0
p46,2038,IRA_low,2009,11646546.0
p46,2038,IRA_low,2010,11522380.0
p46,2038,IRA_low,2011,11601064.0
p46,2038,IRA_low,2012,11447133.0
p46,2038,IRA_low,2013,11721236.0
p46,2039,IRA_low,2007,11835403.0
p46,2039,IRA_low,2008,11969978.0
p46,2039,IRA_low,2009,11904862.0
p46,2039,IRA_low,2010,11772893.0
p46,2039,IRA_low,2011,11856456.0
p46,2039,IRA_low,2012,11692316.0
p46,2039,IRA_low,2013,11984533.0
p46,2040,IRA_low,2007,12089713.0
p46,2040,IRA_low,2008,12232435.0
p46,2040,IRA_low,2009,12163269.0
p46,2040,IRA_low,2010,12023327.0
p46,2040,IRA_low,2011,12111887.0
p46,2040,IRA_low,2012,11937293.0
p46,2040,IRA_low,2013,12247847.0
p46,2041,IRA_low,2007,12292044.0
p46,2041,IRA_low,2008,12439268.0
p46,2041,IRA_low,2009,12367530.0
p46,2041,IRA_low,2010,12223501.0
p46,2041,IRA_low,2011,12314355.0
p46,2041,IRA_low,2012,12133146.0
p46,2041,IRA_low,2013,12455423.0
p46,2042,IRA_low,2007,12494349.0
p46,2042,IRA_low,2008,12646182.0
p46,2042,IRA_low,2009,12571751.0
p46,2042,IRA_low,2010,12423766.0
p46,2042,IRA_low,2011,12516855.0
p46,2042,IRA_low,2012,12328989.0
p46,2042,IRA_low,2013,12663055.0
p46,2043,IRA_low,2007,12696741.0
p46,2043,IRA_low,2008,12853127.0
p46,2043,IRA_low,2009,12776079.0
p46,2043,IRA_low,2010,12623998.0
p46,2043,IRA_low,2011,12719246.0
p46,2043,IRA_low,2012,12524655.0
p46,2043,IRA_low,2013,12870580.0
p46,2044,IRA_low,2007,12899182.0
p46,2044,IRA_low,2008,13059985.0
p46,2044,IRA_low,2009,12980310.0
p46,2044,IRA_low,2010,12824284.0
p46,2044,IRA_low,2011,12921709.0
p46,2044,IRA_low,2012,12720517.0
p46,2044,IRA_low,2013,13078301.0
p46,2045,IRA_low,2007,13101582.0
p46,2045,IRA_low,2008,13266945.0
p46,2045,IRA_low,2009,13184567.0
p46,2045,IRA_low,2010,13024403.0
p46,2045,IRA_low,2011,13124037.0
p46,2045,IRA_low,2012,12916363.0
p46,2045,IRA_low,2013,13285652.0
p46,2046,IRA_low,2007,13239263.0
p46,2046,IRA_low,2008,13406217.0
p46,2046,IRA_low,2009,13322395.0
p46,2046,IRA_low,2010,13161210.0
p46,2046,IRA_low,2011,13261206.0
p46,2046,IRA_low,2012,13050245.0
p46,2046,IRA_low,2013,13425465.0
p46,2047,IRA_low,2007,13376967.0
p46,2047,IRA_low,2008,13545499.0
p46,2047,IRA_low,2009,13460092.0
p46,2047,IRA_low,2010,13298005.0
p46,2047,IRA_low,2011,13398313.0
p46,2047,IRA_low,2012,13184127.0
p46,2047,IRA_low,2013,13565158.0
p46,2048,IRA_low,2007,13514637.0
p46,2048,IRA_low,2008,13684879.0
p46,2048,IRA_low,2009,13597930.0
p46,2048,IRA_low,2010,13434747.0
p46,2048,IRA_low,2011,13535435.0
p46,2048,IRA_low,2012,13318006.0
p46,2048,IRA_low,2013,13704903.0
p46,2049,IRA_low,2007,13652353.0
p46,2049,IRA_low,2008,13824250.0
p46,2049,IRA_low,2009,13735694.0
p46,2049,IRA_low,2010,13571457.0
p46,2049,IRA_low,2011,13672449.0
p46,2049,IRA_low,2012,13451929.0
p46,2049,IRA_low,2013,13844654.0
p46,2050,IRA_low,2007,13790002.0
p46,2050,IRA_low,2008,13963538.0
p46,2050,IRA_low,2009,13873394.0
p46,2050,IRA_low,2010,13708247.0
p46,2050,IRA_low,2011,13809527.0
p46,2050,IRA_low,2012,13585763.0
p46,2050,IRA_low,2013,13984399.0
p47,2020,IRA_low,2007,4135386.03
p47,2020,IRA_low,2008,4135158.47
p47,2020,IRA_low,2009,4135277.3
p47,2020,IRA_low,2010,4135235.82
p47,2020,IRA_low,2011,4135100.18
p47,2020,IRA_low,2012,4135372.58
p47,2020,IRA_low,2013,4135118.11
p47,2021,IRA_low,2007,7590055.0
p47,2021,IRA_low,2008,7590059.0
p47,2021,IRA_low,2009,7590168.0
p47,2021,IRA_low,2010,7590140.0
p47,2021,IRA_low,2011,7590070.0
p47,2021,IRA_low,2012,7590063.0
p47,2021,IRA_low,2013,7589968.0
p47,2022,IRA_low,2007,8123509.0
p47,2022,IRA_low,2008,8123546.0
p47,2022,IRA_low,2009,8123562.0
p47,2022,IRA_low,2010,8123552.0
p47,2022,IRA_low,2011,8123517.0
p47,2022,IRA_low,2012,8123571.0
p47,2022,IRA_low,2013,8123530.0
p47,2023,IRA_low,2007,8518143.0
p47,2023,IRA_low,2008,8518162.0
p47,2023,IRA_low,2009,8518100.0
p47,2023,IRA_low,2010,8518126.0
p47,2023,IRA_low,2011,8518107.0
p47,2023,IRA_low,2012,8518150.0
p47,2023,IRA_low,2013,8518130.0
p47,2024,IRA_low,2007,9135960.0
p47,2024,IRA_low,2008,9136054.0
p47,2024,IRA_low,2009,9135983.0
p47,2024,IRA_low,2010,9135954.0
p47,2024,IRA_low,2011,9136077.0
p47,2024,IRA_low,2012,9136063.0
p47,2024,IRA_low,2013,9136060.0
p47,2025,IRA_low,2007,9357104.0
p47,2025,IRA_low,2008,9356247.0
p47,2025,IRA_low,2009,9355743.0
p47,2025,IRA_low,2010,9356298.0
p47,2025,IRA_low,2011,9358514.0
p47,2025,IRA_low,2012,9355142.0
p47,2025,IRA_low,2013,9358253.0
p47,2026,IRA_low,2007,9716955.0
p47,2026,IRA_low,2008,9714877.0
p47,2026,IRA_low,2009,9713140.0
p47,2026,IRA_low,2010,9714837.0
p47,2026,IRA_low,2011,9719860.0
p47,2026,IRA_low,2012,9709665.0
p47,2026,IRA_low,2013,9720123.0
p47,2027,IRA_low,2007,10076581.0
p47,2027,IRA_low,2008,10073575.0
p47,2027,IRA_low,2009,10070527.0
p47,2027,IRA_low,2010,10073324.0
p47,2027,IRA_low,2011,10081301.0
p47,2027,IRA_low,2012,10064274.0
p47,2027,IRA_low,2013,10082165.0
p47,2028,IRA_low,2007,10436441.0
p47,2028,IRA_low,2008,10432296.0
p47,2028,IRA_low,2009,10427947.0
p47,2028,IRA_low,2010,10431906.0
p47,2028,IRA_low,2011,10442568.0
p47,2028,IRA_low,2012,10418831.0
p47,2028,IRA_low,2013,10444087.0
p47,2029,IRA_low,2007,10796157.0
p47,2029,IRA_low,2008,10790990.0
p47,2029,IRA_low,2009,10785439.0
p47,2029,IRA_low,2010,10790361.0
p47,2029,IRA_low,2011,10803837.0
p47,2029,IRA_low,2012,10773410.0
p47,2029,IRA_low,2013,10806000.0
p47,2030,IRA_low,2007,11155803.0
p47,2030,IRA_low,2008,11149650.0
p47,2030,IRA_low,2009,11142796.0
p47,2030,IRA_low,2010,11148886.0
p47,2030,IRA_low,2011,11165232.0
p47,2030,IRA_low,2012,11127925.0
p47,2030,IRA_low,2013,11167887.0
p47,2031,IRA_low,2007,11588879.0
p47,2031,IRA_low,2008,11581387.0
p47,2031,IRA_low,2009,11573453.0
p47,2031,IRA_low,2010,11580829.0
p47,2031,IRA_low,2011,11599740.0
p47,2031,IRA_low,2012,11555308.0
p47,2031,IRA_low,2013,11603169.0
p47,2032,IRA_low,2007,12021824.0
p47,2032,IRA_low,2008,12013101.0
p47,2032,IRA_low,2009,12004243.0
p47,2032,IRA_low,2010,12012699.0
p47,2032,IRA_low,2011,12034264.0
p47,2032,IRA_low,2012,11982600.0
p47,2032,IRA_low,2013,12038553.0
p47,2033,IRA_low,2007,12454734.0
p47,2033,IRA_low,2008,12444920.0
p47,2033,IRA_low,2009,12434906.0
p47,2033,IRA_low,2010,12444565.0
p47,2033,IRA_low,2011,12468784.0
p47,2033,IRA_low,2012,12409925.0
p47,2033,IRA_low,2013,12473914.0
p47,2034,IRA_low,2007,12887836.0
p47,2034,IRA_low,2008,12876596.0
p47,2034,IRA_low,2009,12865547.0
p47,2034,IRA_low,2010,12876431.0
p47,2034,IRA_low,2011,12903245.0
p47,2034,IRA_low,2012,12837181.0
p47,2034,IRA_low,2013,12909282.0
p47,2035,IRA_low,2007,13320861.0
p47,2035,IRA_low,2008,13308388.0
p47,2035,IRA_low,2009,13296232.0
p47,2035,IRA_low,2010,13308285.0
p47,2035,IRA_low,2011,13337719.0
p47,2035,IRA_low,2012,13264511.0
p47,2035,IRA_low,2013,13344533.0
p47,2036,IRA_low,2007,13727150.0
p47,2036,IRA_low,2008,13713799.0
p47,2036,IRA_low,2009,13701009.0
p47,2036,IRA_low,2010,13714068.0
p47,2036,IRA_low,2011,13745443.0
p47,2036,IRA_low,2012,13666725.0
p47,2036,IRA_low,2013,13752798.0
p47,2037,IRA_low,2007,14133480.0
p47,2037,IRA_low,2008,14119219.0
p47,2037,IRA_low,2009,14105824.0
p47,2037,IRA_low,2010,14119736.0
p47,2037,IRA_low,2011,14153317.0
p47,2037,IRA_low,2012,14069044.0
p47,2037,IRA_low,2013,14161180.0
p47,2038,IRA_low,2007,14539859.0
p47,2038,IRA_low,2008,14524699.0
p47,2038,IRA_low,2009,14510636.0
p47,2038,IRA_low,2010,14525402.0
p47,2038,IRA_low,2011,14561028.0
p47,2038,IRA_low,2012,14471341.0
p47,2038,IRA_low,2013,14569522.0
p47,2039,IRA_low,2007,14946182.0
p47,2039,IRA_low,2008,14930193.0
p47,2039,IRA_low,2009,14915407.0
p47,2039,IRA_low,2010,14931275.0
p47,2039,IRA_low,2011,14968830.0
p47,2039,IRA_low,2012,14873540.0
p47,2039,IRA_low,2013,14977811.0
p47,2040,IRA_low,2007,15352605.0
p47,2040,IRA_low,2008,15335603.0
p47,2040,IRA_low,2009,15320110.0
p47,2040,IRA_low,2010,15337074.0
p47,2040,IRA_low,2011,15376677.0
p47,2040,IRA_low,2012,15275829.0
p47,2040,IRA_low,2013,15386112.0
p47,2041,IRA_low,2007,15706054.0
p47,2041,IRA_low,2008,15688312.0
p47,2041,IRA_low,2009,15672596.0
p47,2041,IRA_low,2010,15690282.0
p47,2041,IRA_low,2011,15731337.0
p47,2041,IRA_low,2012,15627205.0
p47,2041,IRA_low,2013,15740939.0
p47,2042,IRA_low,2007,16059512.0
p47,2042,IRA_low,2008,16041065.0
p47,2042,IRA_low,2009,16025051.0
p47,2042,IRA_low,2010,16043618.0
p47,2042,IRA_low,2011,16086014.0
p47,2042,IRA_low,2012,15978433.0
p47,2042,IRA_low,2013,16095626.0
p47,2043,IRA_low,2007,16413027.0
p47,2043,IRA_low,2008,16393726.0
p47,2043,IRA_low,2009,16377552.0
p47,2043,IRA_low,2010,16396883.0
p47,2043,IRA_low,2011,16440571.0
p47,2043,IRA_low,2012,16329648.0
p47,2043,IRA_low,2013,16450507.0
p47,2044,IRA_low,2007,16766506.0
p47,2044,IRA_low,2008,16746298.0
p47,2044,IRA_low,2009,16730004.0
p47,2044,IRA_low,2010,16750175.0
p47,2044,IRA_low,2011,16795286.0
p47,2044,IRA_low,2012,16680938.0
p47,2044,IRA_low,2013,16805269.0
p47,2045,IRA_low,2007,17120100.0
p47,2045,IRA_low,2008,17098936.0
p47,2045,IRA_low,2009,17082308.0
p47,2045,IRA_low,2010,17103474.0
p47,2045,IRA_low,2011,17149963.0
p47,2045,IRA_low,2012,17032296.0
p47,2045,IRA_low,2013,17160006.0
p47,2046,IRA_low,2007,17372250.0
p47,2046,IRA_low,2008,17350685.0
p47,2046,IRA_low,2009,17334262.0
p47,2046,IRA_low,2010,17355619.0
p47,2046,IRA_low,2011,17402837.0
p47,2046,IRA_low,2012,17283954.0
p47,2046,IRA_low,2013,17412818.0
p47,2047,IRA_low,2007,17624627.0
p47,2047,IRA_low,2008,17602512.0
p47,2047,IRA_low,2009,17586163.0
p47,2047,IRA_low,2010,17607833.0
p47,2047,IRA_low,2011,17655675.0
p47,2047,IRA_low,2012,17535606.0
p47,2047,IRA_low,2013,17665456.0
p47,2048,IRA_low,2007,17876960.0
p47,2048,IRA_low,2008,17854397.0
p47,2048,IRA_low,2009,17837848.0
p47,2048,IRA_low,2010,17860095.0
p47,2048,IRA_low,2011,17908542.0
p47,2048,IRA_low,2012,17787271.0
p47,2048,IRA_low,2013,17918301.0
p47,2049,IRA_low,2007,18129328.0
p47,2049,IRA_low,2008,18106067.0
p47,2049,IRA_low,2009,18089720.0
p47,2049,IRA_low,2010,18112235.0
p47,2049,IRA_low,2011,18161348.0
p47,2049,IRA_low,2012,18039048.0
p47,2049,IRA_low,2013,18170940.0
p47,2050,IRA_low,2007,18381569.0
p47,2050,IRA_low,2008,18357915.0
p47,2050,IRA_low,2009,18341426.0
p47,2050,IRA_low,2010,18364430.0
p47,2050,IRA_low,2011,18414270.0
p47,2050,IRA_low,2012,18290801.0
p47,2050,IRA_low,2013,18423782.0
p48,2020,IRA_low,2007,17227020.46
p48,2020,IRA_low,2008,17226745.53
p48,2020,IRA_low,2009,17226836.37
p48,2020,IRA_low,2010,17226514.82
p48,2020,IRA_low,2011,17226471.78
p48,2020,IRA_low,2012,17226959.5
p48,2020,IRA_low,2013,17226422.77
p48,2021,IRA_low,2007,28522576.0
p48,2021,IRA_low,2008,28522586.0
p48,2021,IRA_low,2009,28522565.0
p48,2021,IRA_low,2010,28522569.0
p48,2021,IRA_low,2011,28522601.0
p48,2021,IRA_low,2012,28522630.0
p48,2021,IRA_low,2013,28522590.0
p48,2022,IRA_low,2007,31071210.0
p48,2022,IRA_low,2008,31071150.0
p48,2022,IRA_low,2009,31071144.0
p48,2022,IRA_low,2010,31071112.0
p48,2022,IRA_low,2011,31071159.0
p48,2022,IRA_low,2012,31071227.0
p48,2022,IRA_low,2013,31071218.0
p48,2023,IRA_low,2007,32261205.0
p48,2023,IRA_low,2008,32261166.0
p48,2023,IRA_low,2009,32261198.0
p48,2023,IRA_low,2010,32261216.0
p48,2023,IRA_low,2011,32261218.0
p48,2023,IRA_low,2012,32261211.0
p48,2023,IRA_low,2013,32261091.0
p48,2024,IRA_low,2007,31852035.0
p48,2024,IRA_low,2008,31852086.0
p48,2024,IRA_low,2009,31852084.0
p48,2024,IRA_low,2010,31852067.0
p48,2024,IRA_low,2011,31852077.0
p48,2024,IRA_low,2012,31852038.0
p48,2024,IRA_low,2013,31852125.0
p48,2025,IRA_low,2007,32473438.0
p48,2025,IRA_low,2008,32473968.0
p48,2025,IRA_low,2009,32475195.0
p48,2025,IRA_low,2010,32481341.0
p48,2025,IRA_low,2011,32486575.0
p48,2025,IRA_low,2012,32471292.0
p48,2025,IRA_low,2013,32478026.0
p48,2026,IRA_low,2007,33213095.0
p48,2026,IRA_low,2008,33213134.0
p48,2026,IRA_low,2009,33214894.0
p48,2026,IRA_low,2010,33225120.0
p48,2026,IRA_low,2011,33231879.0
p48,2026,IRA_low,2012,33206777.0
p48,2026,IRA_low,2013,33220060.0
p48,2027,IRA_low,2007,33952605.0
p48,2027,IRA_low,2008,33952294.0
p48,2027,IRA_low,2009,33954559.0
p48,2027,IRA_low,2010,33968893.0
p48,2027,IRA_low,2011,33977191.0
p48,2027,IRA_low,2012,33942134.0
p48,2027,IRA_low,2013,33962095.0
p48,2028,IRA_low,2007,34692279.0
p48,2028,IRA_low,2008,34691442.0
p48,2028,IRA_low,2009,34694224.0
p48,2028,IRA_low,2010,34712721.0
p48,2028,IRA_low,2011,34722405.0
p48,2028,IRA_low,2012,34677622.0
p48,2028,IRA_low,2013,34704106.0
p48,2029,IRA_low,2007,35431874.0
p48,2029,IRA_low,2008,35430641.0
p48,2029,IRA_low,2009,35433951.0
p48,2029,IRA_low,2010,35456468.0
p48,2029,IRA_low,2011,35467779.0
p48,2029,IRA_low,2012,35413044.0
p48,2029,IRA_low,2013,35446227.0
p48,2030,IRA_low,2007,36171515.0
p48,2030,IRA_low,2008,36169750.0
p48,2030,IRA_low,2009,36173640.0
p48,2030,IRA_low,2010,36200386.0
p48,2030,IRA_low,2011,36213046.0
p48,2030,IRA_low,2012,36148496.0
p48,2030,IRA_low,2013,36188190.0
p48,2031,IRA_low,2007,36844224.0
p48,2031,IRA_low,2008,36841729.0
p48,2031,IRA_low,2009,36846223.0
p48,2031,IRA_low,2010,36877381.0
p48,2031,IRA_low,2011,36891148.0
p48,2031,IRA_low,2012,36816035.0
p48,2031,IRA_low,2013,36863245.0
p48,2032,IRA_low,2007,37517152.0
p48,2032,IRA_low,2008,37513756.0
p48,2032,IRA_low,2009,37518811.0
p48,2032,IRA_low,2010,37554535.0
p48,2032,IRA_low,2011,37569449.0
p48,2032,IRA_low,2012,37483436.0
p48,2032,IRA_low,2013,37538365.0
p48,2033,IRA_low,2007,38189833.0
p48,2033,IRA_low,2008,38185719.0
p48,2033,IRA_low,2009,38191449.0
p48,2033,IRA_low,2010,38231547.0
p48,2033,IRA_low,2011,38247696.0
p48,2033,IRA_low,2012,38150897.0
p48,2033,IRA_low,2013,38213462.0
p48,2034,IRA_low,2007,38862568.0
p48,2034,IRA_low,2008,38857768.0
p48,2034,IRA_low,2009,38864001.0
p48,2034,IRA_low,2010,38908650.0
p48,2034,IRA_low,2011,38925895.0
p48,2034,IRA_low,2012,38818388.0
p48,2034,IRA_low,2013,38888634.0
p48,2035,IRA_low,2007,39535310.0
p48,2035,IRA_low,2008,39529783.0
p48,2035,IRA_low,2009,39536688.0
p48,2035,IRA_low,2010,39585584.0
p48,2035,IRA_low,2011,39604047.0
p48,2035,IRA_low,2012,39485840.0
p48,2035,IRA_low,2013,39563734.0
p48,2036,IRA_low,2007,40104609.0
p48,2036,IRA_low,2008,40099028.0
p48,2036,IRA_low,2009,40106792.0
p48,2036,IRA_low,2010,40159450.0
p48,2036,IRA_low,2011,40180823.0
p48,2036,IRA_low,2012,40052573.0
p48,2036,IRA_low,2013,40135719.0
p48,2037,IRA_low,2007,40674018.0
p48,2037,IRA_low,2008,40668231.0
p48,2037,IRA_low,2009,40676831.0
p48,2037,IRA_low,2010,40733260.0
p48,2037,IRA_low,2011,40757577.0
p48,2037,IRA_low,2012,40619163.0
p48,2037,IRA_low,2013,40707806.0
p48,2038,IRA_low,2007,41243323.0
p48,2038,IRA_low,2008,41237504.0
p48,2038,IRA_low,2009,41246931.0
p48,2038,IRA_low,2010,41307201.0
p48,2038,IRA_low,2011,41334266.0
p48,2038,IRA_low,2012,41185967.0
p48,2038,IRA_low,2013,41279850.0
p48,2039,IRA_low,2007,41812722.0
p48,2039,IRA_low,2008,41806810.0
p48,2039,IRA_low,2009,41817108.0
p48,2039,IRA_low,2010,41881047.0
p48,2039,IRA_low,2011,41910980.0
p48,2039,IRA_low,2012,41752612.0
p48,2039,IRA_low,2013,41851913.0
p48,2040,IRA_low,2007,42381985.0
p48,2040,IRA_low,2008,42376047.0
p48,2040,IRA_low,2009,42387124.0
p48,2040,IRA_low,2010,42454892.0
p48,2040,IRA_low,2011,42487759.0
p48,2040,IRA_low,2012,42319370.0
p48,2040,IRA_low,2013,42423868.0
p48,2041,IRA_low,2007,42932179.0
p48,2041,IRA_low,2008,42926636.0
p48,2041,IRA_low,2009,42938447.0
p48,2041,IRA_low,2010,43008660.0
p48,2041,IRA_low,2011,43044900.0
p48,2041,IRA_low,2012,42869251.0
p48,2041,IRA_low,2013,42976241.0
p48,2042,IRA_low,2007,43482374.0
p48,2042,IRA_low,2008,43477254.0
p48,2042,IRA_low,2009,43489827.0
p48,2042,IRA_low,2010,43562416.0
p48,2042,IRA_low,2011,43602095.0
p48,2042,IRA_low,2012,43419202.0
p48,2042,IRA_low,2013,43528723.0
p48,2043,IRA_low,2007,44032554.0
p48,2043,IRA_low,2008,44027753.0
p48,2043,IRA_low,2009,44041258.0
p48,2043,IRA_low,2010,44116189.0
p48,2043,IRA_low,2011,44159299.0
p48,2043,IRA_low,2012,43969123.0
p48,2043,IRA_low,2013,44081184.0
p48,2044,IRA_low,2007,44582730.0
p48,2044,IRA_low,2008,44578386.0
p48,2044,IRA_low,2009,44592737.0
p48,2044,IRA_low,2010,44669931.0
p48,2044,IRA_low,2011,44716514.0
p48,2044,IRA_low,2012,44519082.0
p48,2044,IRA_low,2013,44633612.0
p48,2045,IRA_low,2007,45132936.0
p48,2045,IRA_low,2008,45129003.0
p48,2045,IRA_low,2009,45144087.0
p48,2045,IRA_low,2010,45223696.0
p48,2045,IRA_low,2011,45273637.0
p48,2045,IRA_low,2012,45069017.0
p48,2045,IRA_low,2013,45186073.0
p48,2046,IRA_low,2007,45668812.0
p48,2046,IRA_low,2008,45665790.0
p48,2046,IRA_low,2009,45681788.0
p48,2046,IRA_low,2010,45763435.0
p48,2046,IRA_low,2011,45817822.0
p48,2046,IRA_low,2012,45606219.0
p48,2046,IRA_low,2013,45724399.0
p48,2047,IRA_low,2007,46204831.0
p48,2047,IRA_low,2008,46202594.0
p48,2047,IRA_low,2009,46219526.0
p48,2047,IRA_low,2010,46303256.0
p48,2047,IRA_low,2011,46362063.0
p48,2047,IRA_low,2012,46143508.0
p48,2047,IRA_low,2013,46262732.0
p48,2048,IRA_low,2007,46740679.0
p48,2048,IRA_low,2008,46739487.0
p48,2048,IRA_low,2009,46757269.0
p48,2048,IRA_low,2010,46843054.0
p48,2048,IRA_low,2011,46906308.0
p48,2048,IRA_low,2012,46680685.0
p48,2048,IRA_low,2013,46801291.0
p48,2049,IRA_low,2007,47276684.0
p48,2049,IRA_low,2008,47276201.0
p48,2049,IRA_low,2009,47294932.0
p48,2049,IRA_low,2010,47382785.0
p48,2049,IRA_low,2011,47450609.0
p48,2049,IRA_low,2012,47217957.0
p48,2049,IRA_low,2013,47339546.0
p48,2050,IRA_low,2007,47812544.0
p48,2050,IRA_low,2008,47812921.0
p48,2050,IRA_low,2009,47832677.0
p48,2050,IRA_low,2010,47922552.0
p48,2050,IRA_low,2011,47994836.0
p48,2050,IRA_low,2012,47755160.0
p48,2050,IRA_low,2013,47878059.0
p49,2020,IRA_low,2007,512049.87
p49,2020,IRA_low,2008,512028.32
p49,2020,IRA_low,2009,511999.23
p49,2020,IRA_low,2010,512043.41
p49,2020,IRA_low,2011,512019.7
p49,2020,IRA_low,2012,511859.15
p49,2020,IRA_low,2013,512101.6
p49,2021,IRA_low,2007,801873.0
p49,2021,IRA_low,2008,801680.0
p49,2021,IRA_low,2009,801713.0
p49,2021,IRA_low,2010,801621.0
p49,2021,IRA_low,2011,801741.0
p49,2021,IRA_low,2012,801604.0
p49,2021,IRA_low,2013,801834.0
p49,2022,IRA_low,2007,863804.0
p49,2022,IRA_low,2008,863724.0
p49,2022,IRA_low,2009,863656.0
p49,2022,IRA_low,2010,863879.0
p49,2022,IRA_low,2011,863891.0
p49,2022,IRA_low,2012,863789.0
p49,2022,IRA_low,2013,863555.0
p49,2023,IRA_low,2007,857182.0
p49,2023,IRA_low,2008,857431.0
p49,2023,IRA_low,2009,857200.0
p49,2023,IRA_low,2010,857079.0
p49,2023,IRA_low,2011,857142.0
p49,2023,IRA_low,2012,857144.0
p49,2023,IRA_low,2013,857443.0
p49,2024,IRA_low,2007,899350.0
p49,2024,IRA_low,2008,899709.0
p49,2024,IRA_low,2009,899419.0
p49,2024,IRA_low,2010,899223.0
p49,2024,IRA_low,2011,899233.0
p49,2024,IRA_low,2012,899882.0
p49,2024,IRA_low,2013,899423.0
p49,2025,IRA_low,2007,904329.0
p49,2025,IRA_low,2008,904077.0
p49,2025,IRA_low,2009,904308.0
p49,2025,IRA_low,2010,904406.0
p49,2025,IRA_low,2011,904512.0
p49,2025,IRA_low,2012,904067.0
p49,2025,IRA_low,2013,904197.0
p49,2026,IRA_low,2007,910813.0
p49,2026,IRA_low,2008,910476.0
p49,2026,IRA_low,2009,910908.0
p49,2026,IRA_low,2010,910801.0
p49,2026,IRA_low,2011,910747.0
p49,2026,IRA_low,2012,910560.0
p49,2026,IRA_low,2013,910975.0
p49,2027,IRA_low,2007,917232.0
p49,2027,IRA_low,2008,917513.0
p49,2027,IRA_low,2009,917347.0
p49,2027,IRA_low,2010,917370.0
p49,2027,IRA_low,2011,917608.0
p49,2027,IRA_low,2012,917123.0
p49,2027,IRA_low,2013,917588.0
p49,2028,IRA_low,2007,924172.0
p49,2028,IRA_low,2008,924431.0
p49,2028,IRA_low,2009,924268.0
p49,2028,IRA_low,2010,924094.0
p49,2028,IRA_low,2011,924123.0
p49,2028,IRA_low,2012,922887.0
p49,2028,IRA_low,2013,924282.0
p49,2029,IRA_low,2007,930403.0
p49,2029,IRA_low,2008,930872.0
p49,2029,IRA_low,2009,930622.0
p49,2029,IRA_low,2010,930658.0
p49,2029,IRA_low,2011,930739.0
p49,2029,IRA_low,2012,929728.0
p49,2029,IRA_low,2013,931228.0
p49,2030,IRA_low,2007,936967.0
p49,2030,IRA_low,2008,937162.0
p49,2030,IRA_low,2009,937188.0
p49,2030,IRA_low,2010,937427.0
p49,2030,IRA_low,2011,937511.0
p49,2030,IRA_low,2012,935829.0
p49,2030,IRA_low,2013,937993.0
p49,2031,IRA_low,2007,944803.0
p49,2031,IRA_low,2008,944958.0
p49,2031,IRA_low,2009,944986.0
p49,2031,IRA_low,2010,944848.0
p49,2031,IRA_low,2011,944845.0
p49,2031,IRA_low,2012,943490.0
p49,2031,IRA_low,2013,945869.0
p49,2032,IRA_low,2007,952404.0
p49,2032,IRA_low,2008,952789.0
p49,2032,IRA_low,2009,952637.0
p49,2032,IRA_low,2010,952935.0
p49,2032,IRA_low,2011,953033.0
p49,2032,IRA_low,2012,950997.0
p49,2032,IRA_low,2013,953502.0
p49,2033,IRA_low,2007,960684.0
p49,2033,IRA_low,2008,960765.0
p49,2033,IRA_low,2009,960983.0
p49,2033,IRA_low,2010,960669.0
p49,2033,IRA_low,2011,960549.0
p49,2033,IRA_low,2012,958534.0
p49,2033,IRA_low,2013,961679.0
p49,2034,IRA_low,2007,967833.0
p49,2034,IRA_low,2008,968281.0
p49,2034,IRA_low,2009,968231.0
p49,2034,IRA_low,2010,968522.0
p49,2034,IRA_low,2011,968405.0
p49,2034,IRA_low,2012,966267.0
p49,2034,IRA_low,2013,968996.0
p49,2035,IRA_low,2007,975902.0
p49,2035,IRA_low,2008,976278.0
p49,2035,IRA_low,2009,975818.0
p49,2035,IRA_low,2010,976221.0
p49,2035,IRA_low,2011,976512.0
p49,2035,IRA_low,2012,973637.0
p49,2035,IRA_low,2013,977249.0
p49,2036,IRA_low,2007,983818.0
p49,2036,IRA_low,2008,983504.0
p49,2036,IRA_low,2009,983404.0
p49,2036,IRA_low,2010,984337.0
p49,2036,IRA_low,2011,984329.0
p49,2036,IRA_low,2012,980979.0
p49,2036,IRA_low,2013,985090.0
p49,2037,IRA_low,2007,991425.0
p49,2037,IRA_low,2008,991883.0
p49,2037,IRA_low,2009,991705.0
p49,2037,IRA_low,2010,992048.0
p49,2037,IRA_low,2011,991987.0
p49,2037,IRA_low,2012,988647.0
p49,2037,IRA_low,2013,993105.0
p49,2038,IRA_low,2007,999093.0
p49,2038,IRA_low,2008,999882.0
p49,2038,IRA_low,2009,999558.0
p49,2038,IRA_low,2010,999925.0
p49,2038,IRA_low,2011,999995.0
p49,2038,IRA_low,2012,996607.0
p49,2038,IRA_low,2013,1001111.0
p49,2039,IRA_low,2007,1007090.0
p49,2039,IRA_low,2008,1007616.0
p49,2039,IRA_low,2009,1007278.0
p49,2039,IRA_low,2010,1007958.0
p49,2039,IRA_low,2011,1007913.0
p49,2039,IRA_low,2012,1004185.0
p49,2039,IRA_low,2013,1008664.0
p49,2040,IRA_low,2007,1015015.0
p49,2040,IRA_low,2008,1015220.0
p49,2040,IRA_low,2009,1015331.0
p49,2040,IRA_low,2010,1015585.0
p49,2040,IRA_low,2011,1015506.0
p49,2040,IRA_low,2012,1011674.0
p49,2040,IRA_low,2013,1017119.0
p49,2041,IRA_low,2007,1022467.0
p49,2041,IRA_low,2008,1023777.0
p49,2041,IRA_low,2009,1022953.0
p49,2041,IRA_low,2010,1023925.0
p49,2041,IRA_low,2011,1024128.0
p49,2041,IRA_low,2012,1019871.0
p49,2041,IRA_low,2013,1024762.0
p49,2042,IRA_low,2007,1030894.0
p49,2042,IRA_low,2008,1031560.0
p49,2042,IRA_low,2009,1030907.0
p49,2042,IRA_low,2010,1031939.0
p49,2042,IRA_low,2011,1032033.0
p49,2042,IRA_low,2012,1027600.0
p49,2042,IRA_low,2013,1032874.0
p49,2043,IRA_low,2007,1038687.0
p49,2043,IRA_low,2008,1039242.0
p49,2043,IRA_low,2009,1039150.0
p49,2043,IRA_low,2010,1039958.0
p49,2043,IRA_low,2011,1040066.0
p49,2043,IRA_low,2012,1035391.0
p49,2043,IRA_low,2013,1040952.0
p49,2044,IRA_low,2007,1047141.0
p49,2044,IRA_low,2008,1047299.0
p49,2044,IRA_low,2009,1047243.0
p49,2044,IRA_low,2010,1048225.0
p49,2044,IRA_low,2011,1048341.0
p49,2044,IRA_low,2012,1043525.0
p49,2044,IRA_low,2013,1048889.0
p49,2045,IRA_low,2007,1054731.0
p49,2045,IRA_low,2008,1055271.0
p49,2045,IRA_low,2009,1055034.0
p49,2045,IRA_low,2010,1055762.0
p49,2045,IRA_low,2011,1055836.0
p49,2045,IRA_low,2012,1051642.0
p49,2045,IRA_low,2013,1057105.0
p49,2046,IRA_low,2007,1061403.0
p49,2046,IRA_low,2008,1061825.0
p49,2046,IRA_low,2009,1061801.0
p49,2046,IRA_low,2010,1062360.0
p49,2046,IRA_low,2011,1062678.0
p49,2046,IRA_low,2012,1057731.0
p49,2046,IRA_low,2013,1063494.0
p49,2047,IRA_low,2007,1068007.0
p49,2047,IRA_low,2008,1068272.0
p49,2047,IRA_low,2009,1067803.0
p49,2047,IRA_low,2010,1069099.0
p49,2047,IRA_low,2011,1069349.0
p49,2047,IRA_low,2012,1064466.0
p49,2047,IRA_low,2013,1070230.0
p49,2048,IRA_low,2007,1074424.0
p49,2048,IRA_low,2008,1075149.0
p49,2048,IRA_low,2009,1074581.0
p49,2048,IRA_low,2010,1075696.0
p49,2048,IRA_low,2011,1075922.0
p49,2048,IRA_low,2012,1071075.0
p49,2048,IRA_low,2013,1076806.0
p49,2049,IRA_low,2007,1080755.0
p49,2049,IRA_low,2008,1081760.0
p49,2049,IRA_low,2009,1080977.0
p49,2049,IRA_low,2010,1082359.0
p49,2049,IRA_low,2011,1082887.0
p49,2049,IRA_low,2012,1077411.0
p49,2049,IRA_low,2013,1083379.0
p49,2050,IRA_low,2007,1087529.0
p49,2050,IRA_low,2008,1087817.0
p49,2050,IRA_low,2009,1087961.0
p49,2050,IRA_low,2010,1088640.0
p49,2050,IRA_low,2011,1088593.0
p49,2050,IRA_low,2012,1084089.0
p49,2050,IRA_low,2013,1089204.0
p5,2020,IRA_low,2007,55186972.99
p5,2020,IRA_low,2008,55182430.11
p5,2020,IRA_low,2009,55185200.62
p5,2020,IRA_low,2010,55189771.36
p5,2020,IRA_low,2011,55180232.19
p5,2020,IRA_low,2012,55187211.39
p5,2020,IRA_low,2013,55184195.8
p5,2021,IRA_low,2007,41042397.0
p5,2021,IRA_low,2008,41042367.0
p5,2021,IRA_low,2009,41042387.0
p5,2021,IRA_low,2010,41042328.0
p5,2021,IRA_low,2011,41042372.0
p5,2021,IRA_low,2012,41042420.0
p5,2021,IRA_low,2013,41042333.0
p5,2022,IRA_low,2007,42716588.0
p5,2022,IRA_low,2008,42716600.0
p5,2022,IRA_low,2009,42716565.0
p5,2022,IRA_low,2010,42716599.0
p5,2022,IRA_low,2011,42716627.0
p5,2022,IRA_low,2012,42716631.0
p5,2022,IRA_low,2013,42716612.0
p5,2023,IRA_low,2007,44089142.0
p5,2023,IRA_low,2008,44089150.0
p5,2023,IRA_low,2009,44089146.0
p5,2023,IRA_low,2010,44089129.0
p5,2023,IRA_low,2011,44089163.0
p5,2023,IRA_low,2012,44089142.0
p5,2023,IRA_low,2013,44089149.0
p5,2024,IRA_low,2007,44714323.0
p5,2024,IRA_low,2008,44714412.0
p5,2024,IRA_low,2009,44714372.0
p5,2024,IRA_low,2010,44714298.0
p5,2024,IRA_low,2011,44714373.0
p5,2024,IRA_low,2012,44714329.0
p5,2024,IRA_low,2013,44714292.0
p5,2025,IRA_low,2007,46661076.0
p5,2025,IRA_low,2008,46661415.0
p5,2025,IRA_low,2009,46663995.0
p5,2025,IRA_low,2010,46653983.0
p5,2025,IRA_low,2011,46657100.0
p5,2025,IRA_low,2012,46661159.0
p5,2025,IRA_low,2013,46663209.0
p5,2026,IRA_low,2007,49200770.0
p5,2026,IRA_low,2008,49207112.0
p5,2026,IRA_low,2009,49208640.0
p5,2026,IRA_low,2010,49184237.0
p5,2026,IRA_low,2011,49200271.0
p5,2026,IRA_low,2012,49198768.0
p5,2026,IRA_low,2013,49204595.0
p5,2027,IRA_low,2007,51740332.0
p5,2027,IRA_low,2008,51752955.0
p5,2027,IRA_low,2009,51753377.0
p5,2027,IRA_low,2010,51714508.0
p5,2027,IRA_low,2011,51743336.0
p5,2027,IRA_low,2012,51736388.0
p5,2027,IRA_low,2013,51746042.0
p5,2028,IRA_low,2007,54280009.0
p5,2028,IRA_low,2008,54298662.0
p5,2028,IRA_low,2009,54297966.0
p5,2028,IRA_low,2010,54244670.0
p5,2028,IRA_low,2011,54286430.0
p5,2028,IRA_low,2012,54274076.0
p5,2028,IRA_low,2013,54287470.0
p5,2029,IRA_low,2007,56819521.0
p5,2029,IRA_low,2008,56844450.0
p5,2029,IRA_low,2009,56842608.0
p5,2029,IRA_low,2010,56774831.0
p5,2029,IRA_low,2011,56829653.0
p5,2029,IRA_low,2012,56811694.0
p5,2029,IRA_low,2013,56828935.0
p5,2030,IRA_low,2007,59359057.0
p5,2030,IRA_low,2008,59390250.0
p5,2030,IRA_low,2009,59387268.0
p5,2030,IRA_low,2010,59305146.0
p5,2030,IRA_low,2011,59372743.0
p5,2030,IRA_low,2012,59349344.0
p5,2030,IRA_low,2013,59370282.0
p5,2031,IRA_low,2007,61539270.0
p5,2031,IRA_low,2008,61579809.0
p5,2031,IRA_low,2009,61573953.0
p5,2031,IRA_low,2010,61476035.0
p5,2031,IRA_low,2011,61560203.0
p5,2031,IRA_low,2012,61526150.0
p5,2031,IRA_low,2013,61553417.0
p5,2032,IRA_low,2007,63719428.0
p5,2032,IRA_low,2008,63769499.0
p5,2032,IRA_low,2009,63760822.0
p5,2032,IRA_low,2010,63647180.0
p5,2032,IRA_low,2011,63747729.0
p5,2032,IRA_low,2012,63703009.0
p5,2032,IRA_low,2013,63736446.0
p5,2033,IRA_low,2007,65899535.0
p5,2033,IRA_low,2008,65959154.0
p5,2033,IRA_low,2009,65947652.0
p5,2033,IRA_low,2010,65818220.0
p5,2033,IRA_low,2011,65935277.0
p5,2033,IRA_low,2012,65879905.0
p5,2033,IRA_low,2013,65919613.0
p5,2034,IRA_low,2007,68079682.0
p5,2034,IRA_low,2008,68148751.0
p5,2034,IRA_low,2009,68134371.0
p5,2034,IRA_low,2010,67989106.0
p5,2034,IRA_low,2011,68122787.0
p5,2034,IRA_low,2012,68056839.0
p5,2034,IRA_low,2013,68102707.0
p5,2035,IRA_low,2007,70259832.0
p5,2035,IRA_low,2008,70338449.0
p5,2035,IRA_low,2009,70321137.0
p5,2035,IRA_low,2010,70160159.0
p5,2035,IRA_low,2011,70310373.0
p5,2035,IRA_low,2012,70233681.0
p5,2035,IRA_low,2013,70285823.0
p5,2036,IRA_low,2007,71981466.0
p5,2036,IRA_low,2008,72066441.0
p5,2036,IRA_low,2009,72047907.0
p5,2036,IRA_low,2010,71873031.0
p5,2036,IRA_low,2011,72035938.0
p5,2036,IRA_low,2012,71952267.0
p5,2036,IRA_low,2013,72009837.0
p5,2037,IRA_low,2007,73703132.0
p5,2037,IRA_low,2008,73794579.0
p5,2037,IRA_low,2009,73774699.0
p5,2037,IRA_low,2010,73585937.0
p5,2037,IRA_low,2011,73761544.0
p5,2037,IRA_low,2012,73670899.0
p5,2037,IRA_low,2013,73733767.0
p5,2038,IRA_low,2007,75424733.0
p5,2038,IRA_low,2008,75522597.0
p5,2038,IRA_low,2009,75501458.0
p5,2038,IRA_low,2010,75298640.0
p5,2038,IRA_low,2011,75487207.0
p5,2038,IRA_low,2012,75389487.0
p5,2038,IRA_low,2013,75457827.0
p5,2039,IRA_low,2007,77146429.0
p5,2039,IRA_low,2008,77250809.0
p5,2039,IRA_low,2009,77228189.0
p5,2039,IRA_low,2010,77011506.0
p5,2039,IRA_low,2011,77212787.0
p5,2039,IRA_low,2012,77108109.0
p5,2039,IRA_low,2013,77181823.0
p5,2040,IRA_low,2007,78868037.0
p5,2040,IRA_low,2008,78978961.0
p5,2040,IRA_low,2009,78954982.0
p5,2040,IRA_low,2010,78724395.0
p5,2040,IRA_low,2011,78938412.0
p5,2040,IRA_low,2012,78826713.0
p5,2040,IRA_low,2013,78905782.0
p5,2041,IRA_low,2007,80506333.0
p5,2041,IRA_low,2008,80620122.0
p5,2041,IRA_low,2009,80596314.0
p5,2041,IRA_low,2010,80357417.0
p5,2041,IRA_low,2011,80577423.0
p5,2041,IRA_low,2012,80463112.0
p5,2041,IRA_low,2013,80545909.0
p5,2042,IRA_low,2007,82144545.0
p5,2042,IRA_low,2008,82261243.0
p5,2042,IRA_low,2009,82237617.0
p5,2042,IRA_low,2010,81990584.0
p5,2042,IRA_low,2011,82216393.0
p5,2042,IRA_low,2012,82099518.0
p5,2042,IRA_low,2013,82185912.0
p5,2043,IRA_low,2007,83782887.0
p5,2043,IRA_low,2008,83902439.0
p5,2043,IRA_low,2009,83878964.0
p5,2043,IRA_low,2010,83623604.0
p5,2043,IRA_low,2011,83855346.0
p5,2043,IRA_low,2012,83736019.0
p5,2043,IRA_low,2013,83826023.0
p5,2044,IRA_low,2007,85421096.0
p5,2044,IRA_low,2008,85543619.0
p5,2044,IRA_low,2009,85520197.0
p5,2044,IRA_low,2010,85256708.0
p5,2044,IRA_low,2011,85494367.0
p5,2044,IRA_low,2012,85372370.0
p5,2044,IRA_low,2013,85466152.0
p5,2045,IRA_low,2007,87059356.0
p5,2045,IRA_low,2008,87184814.0
p5,2045,IRA_low,2009,87161662.0
p5,2045,IRA_low,2010,86889822.0
p5,2045,IRA_low,2011,87133327.0
p5,2045,IRA_low,2012,87008758.0
p5,2045,IRA_low,2013,87106278.0
p5,2046,IRA_low,2007,88586566.0
p5,2046,IRA_low,2008,88713033.0
p5,2046,IRA_low,2009,88691544.0
p5,2046,IRA_low,2010,88412873.0
p5,2046,IRA_low,2011,88658893.0
p5,2046,IRA_low,2012,88535080.0
p5,2046,IRA_low,2013,88635484.0
p5,2047,IRA_low,2007,90113822.0
p5,2047,IRA_low,2008,90241235.0
p5,2047,IRA_low,2009,90221481.0
p5,2047,IRA_low,2010,89935883.0
p5,2047,IRA_low,2011,90184483.0
p5,2047,IRA_low,2012,90061303.0
p5,2047,IRA_low,2013,90164909.0
p5,2048,IRA_low,2007,91641075.0
p5,2048,IRA_low,2008,91769363.0
p5,2048,IRA_low,2009,91751370.0
p5,2048,IRA_low,2010,91458863.0
p5,2048,IRA_low,2011,91709972.0
p5,2048,IRA_low,2012,91587518.0
p5,2048,IRA_low,2013,91694211.0
p5,2049,IRA_low,2007,93168339.0
p5,2049,IRA_low,2008,93297532.0
p5,2049,IRA_low,2009,93281255.0
p5,2049,IRA_low,2010,92981865.0
p5,2049,IRA_low,2011,93235572.0
p5,2049,IRA_low,2012,93113862.0
p5,2049,IRA_low,2013,93223587.0
p5,2050,IRA_low,2007,94695593.0
p5,2050,IRA_low,2008,94825846.0
p5,2050,IRA_low,2009,94811123.0
p5,2050,IRA_low,2010,94504895.0
p5,2050,IRA_low,2011,94761139.0
p5,2050,IRA_low,2012,94640165.0
p5,2050,IRA_low,2013,94752871.0
p50,2020,IRA_low,2007,49624181.7
p50,2020,IRA_low,2008,49623751.76
p50,2020,IRA_low,2009,49623489.92
p50,2020,IRA_low,2010,49622272.31
p50,2020,IRA_low,2011,49621956.59
p50,2020,IRA_low,2012,49624961.83
p50,2020,IRA_low,2013,49622743.19
p50,2021,IRA_low,2007,41466814.0
p50,2021,IRA_low,2008,41468534.0
p50,2021,IRA_low,2009,41466833.0
p50,2021,IRA_low,2010,41466791.0
p50,2021,IRA_low,2011,41466717.0
p50,2021,IRA_low,2012,41467015.0
p50,2021,IRA_low,2013,41466842.0
p50,2022,IRA_low,2007,44672268.0
p50,2022,IRA_low,2008,44672286.0
p50,2022,IRA_low,2009,44672270.0
p50,2022,IRA_low,2010,44672280.0
p50,2022,IRA_low,2011,44672259.0
p50,2022,IRA_low,2012,44672276.0
p50,2022,IRA_low,2013,44672263.0
p50,2023,IRA_low,2007,44331787.0
p50,2023,IRA_low,2008,44331819.0
p50,2023,IRA_low,2009,44331757.0
p50,2023,IRA_low,2010,44331717.0
p50,2023,IRA_low,2011,44331740.0
p50,2023,IRA_low,2012,44331778.0
p50,2023,IRA_low,2013,44331809.0
p50,2024,IRA_low,2007,46517997.0
p50,2024,IRA_low,2008,46517976.0
p50,2024,IRA_low,2009,46517979.0
p50,2024,IRA_low,2010,46517975.0
p50,2024,IRA_low,2011,46518038.0
p50,2024,IRA_low,2012,46517989.0
p50,2024,IRA_low,2013,46518025.0
p50,2025,IRA_low,2007,46952191.0
p50,2025,IRA_low,2008,46954687.0
p50,2025,IRA_low,2009,46951761.0
p50,2025,IRA_low,2010,46959497.0
p50,2025,IRA_low,2011,46962867.0
p50,2025,IRA_low,2012,46944994.0
p50,2025,IRA_low,2013,46959718.0
p50,2026,IRA_low,2007,47562051.0
p50,2026,IRA_low,2008,47568164.0
p50,2026,IRA_low,2009,47563075.0
p50,2026,IRA_low,2010,47574366.0
p50,2026,IRA_low,2011,47577038.0
p50,2026,IRA_low,2012,47534411.0
p50,2026,IRA_low,2013,47581131.0
p50,2027,IRA_low,2007,48172062.0
p50,2027,IRA_low,2008,48181664.0
p50,2027,IRA_low,2009,48174318.0
p50,2027,IRA_low,2010,48189259.0
p50,2027,IRA_low,2011,48191204.0
p50,2027,IRA_low,2012,48123834.0
p50,2027,IRA_low,2013,48202501.0
p50,2028,IRA_low,2007,48781978.0
p50,2028,IRA_low,2008,48795140.0
p50,2028,IRA_low,2009,48785656.0
p50,2028,IRA_low,2010,48804122.0
p50,2028,IRA_low,2011,48805314.0
p50,2028,IRA_low,2012,48713228.0
p50,2028,IRA_low,2013,48823790.0
p50,2029,IRA_low,2007,49391970.0
p50,2029,IRA_low,2008,49408731.0
p50,2029,IRA_low,2009,49397110.0
p50,2029,IRA_low,2010,49419083.0
p50,2029,IRA_low,2011,49419397.0
p50,2029,IRA_low,2012,49302585.0
p50,2029,IRA_low,2013,49445202.0
p50,2030,IRA_low,2007,50001862.0
p50,2030,IRA_low,2008,50022111.0
p50,2030,IRA_low,2009,50008408.0
p50,2030,IRA_low,2010,50033858.0
p50,2030,IRA_low,2011,50033562.0
p50,2030,IRA_low,2012,49892042.0
p50,2030,IRA_low,2013,50066491.0
p50,2031,IRA_low,2007,50719522.0
p50,2031,IRA_low,2008,50743327.0
p50,2031,IRA_low,2009,50727750.0
p50,2031,IRA_low,2010,50756636.0
p50,2031,IRA_low,2011,50756043.0
p50,2031,IRA_low,2012,50589128.0
p50,2031,IRA_low,2013,50796023.0
p50,2032,IRA_low,2007,51437205.0
p50,2032,IRA_low,2008,51464558.0
p50,2032,IRA_low,2009,51447221.0
p50,2032,IRA_low,2010,51479408.0
p50,2032,IRA_low,2011,51478581.0
p50,2032,IRA_low,2012,51286199.0
p50,2032,IRA_low,2013,51525617.0
p50,2033,IRA_low,2007,52154779.0
p50,2033,IRA_low,2008,52185739.0
p50,2033,IRA_low,2009,52166620.0
p50,2033,IRA_low,2010,52202195.0
p50,2033,IRA_low,2011,52201167.0
p50,2033,IRA_low,2012,51983198.0
p50,2033,IRA_low,2013,52255262.0
p50,2034,IRA_low,2007,52872461.0
p50,2034,IRA_low,2008,52906913.0
p50,2034,IRA_low,2009,52886110.0
p50,2034,IRA_low,2010,52924967.0
p50,2034,IRA_low,2011,52923661.0
p50,2034,IRA_low,2012,52680228.0
p50,2034,IRA_low,2013,52984863.0
p50,2035,IRA_low,2007,53590047.0
p50,2035,IRA_low,2008,53628093.0
p50,2035,IRA_low,2009,53605442.0
p50,2035,IRA_low,2010,53647710.0
p50,2035,IRA_low,2011,53646156.0
p50,2035,IRA_low,2012,53377296.0
p50,2035,IRA_low,2013,53714449.0
p50,2036,IRA_low,2007,54314948.0
p50,2036,IRA_low,2008,54355782.0
p50,2036,IRA_low,2009,54331860.0
p50,2036,IRA_low,2010,54377290.0
p50,2036,IRA_low,2011,54376307.0
p50,2036,IRA_low,2012,54087704.0
p50,2036,IRA_low,2013,54448673.0
p50,2037,IRA_low,2007,55039831.0
p50,2037,IRA_low,2008,55083465.0
p50,2037,IRA_low,2009,55058200.0
p50,2037,IRA_low,2010,55106822.0
p50,2037,IRA_low,2011,55106343.0
p50,2037,IRA_low,2012,54798080.0
p50,2037,IRA_low,2013,55183077.0
p50,2038,IRA_low,2007,55764674.0
p50,2038,IRA_low,2008,55811175.0
p50,2038,IRA_low,2009,55784554.0
p50,2038,IRA_low,2010,55836317.0
p50,2038,IRA_low,2011,55836484.0
p50,2038,IRA_low,2012,55508522.0
p50,2038,IRA_low,2013,55917363.0
p50,2039,IRA_low,2007,56489610.0
p50,2039,IRA_low,2008,56538899.0
p50,2039,IRA_low,2009,56510939.0
p50,2039,IRA_low,2010,56565959.0
p50,2039,IRA_low,2011,56566615.0
p50,2039,IRA_low,2012,56218791.0
p50,2039,IRA_low,2013,56651647.0
p50,2040,IRA_low,2007,57214468.0
p50,2040,IRA_low,2008,57266538.0
p50,2040,IRA_low,2009,57237305.0
p50,2040,IRA_low,2010,57295505.0
p50,2040,IRA_low,2011,57296569.0
p50,2040,IRA_low,2012,56929165.0
p50,2040,IRA_low,2013,57385895.0
p50,2041,IRA_low,2007,57952056.0
p50,2041,IRA_low,2008,58005500.0
p50,2041,IRA_low,2009,57974641.0
p50,2041,IRA_low,2010,58038958.0
p50,2041,IRA_low,2011,58042450.0
p50,2041,IRA_low,2012,57659992.0
p50,2041,IRA_low,2013,58129658.0
p50,2042,IRA_low,2007,58689619.0
p50,2042,IRA_low,2008,58744430.0
p50,2042,IRA_low,2009,58711920.0
p50,2042,IRA_low,2010,58781961.0
p50,2042,IRA_low,2011,58788492.0
p50,2042,IRA_low,2012,58390732.0
p50,2042,IRA_low,2013,58873382.0
p50,2043,IRA_low,2007,59427188.0
p50,2043,IRA_low,2008,59483437.0
p50,2043,IRA_low,2009,59449138.0
p50,2043,IRA_low,2010,59525209.0
p50,2043,IRA_low,2011,59534515.0
p50,2043,IRA_low,2012,59121484.0
p50,2043,IRA_low,2013,59617046.0
p50,2044,IRA_low,2007,60164722.0
p50,2044,IRA_low,2008,60222433.0
p50,2044,IRA_low,2009,60186449.0
p50,2044,IRA_low,2010,60268556.0
p50,2044,IRA_low,2011,60280471.0
p50,2044,IRA_low,2012,59852240.0
p50,2044,IRA_low,2013,60360754.0
p50,2045,IRA_low,2007,60902324.0
p50,2045,IRA_low,2008,60961434.0
p50,2045,IRA_low,2009,60923693.0
p50,2045,IRA_low,2010,61011736.0
p50,2045,IRA_low,2011,61026415.0
p50,2045,IRA_low,2012,60583066.0
p50,2045,IRA_low,2013,61104530.0
p50,2046,IRA_low,2007,61510031.0
p50,2046,IRA_low,2008,61569187.0
p50,2046,IRA_low,2009,61530396.0
p50,2046,IRA_low,2010,61623431.0
p50,2046,IRA_low,2011,61640866.0
p50,2046,IRA_low,2012,61190409.0
p50,2046,IRA_low,2013,61714166.0
p50,2047,IRA_low,2007,62117881.0
p50,2047,IRA_low,2008,62177084.0
p50,2047,IRA_low,2009,62137197.0
p50,2047,IRA_low,2010,62234971.0
p50,2047,IRA_low,2011,62255298.0
p50,2047,IRA_low,2012,61797833.0
p50,2047,IRA_low,2013,62323871.0
p50,2048,IRA_low,2007,62725758.0
p50,2048,IRA_low,2008,62784935.0
p50,2048,IRA_low,2009,62743778.0
p50,2048,IRA_low,2010,62846576.0
p50,2048,IRA_low,2011,62869720.0
p50,2048,IRA_low,2012,62405108.0
p50,2048,IRA_low,2013,62933512.0
p50,2049,IRA_low,2007,63333555.0
p50,2049,IRA_low,2008,63392823.0
p50,2049,IRA_low,2009,63350610.0
p50,2049,IRA_low,2010,63458186.0
p50,2049,IRA_low,2011,63484227.0
p50,2049,IRA_low,2012,63012476.0
p50,2049,IRA_low,2013,63543237.0
p50,2050,IRA_low,2007,63941276.0
p50,2050,IRA_low,2008,64000582.0
p50,2050,IRA_low,2009,63957340.0
p50,2050,IRA_low,2010,64069779.0
p50,2050,IRA_low,2011,64098649.0
p50,2050,IRA_low,2012,63619859.0
p50,2050,IRA_low,2013,64152924.0
p51,2020,IRA_low,2007,25252581.26
p51,2020,IRA_low,2008,25252407.77
p51,2020,IRA_low,2009,25252050.03
p51,2020,IRA_low,2010,25251317.31
p51,2020,IRA_low,2011,25251538.2
p51,2020,IRA_low,2012,25252960.55
p51,2020,IRA_low,2013,25251845.3
p51,2021,IRA_low,2007,23166008.0
p51,2021,IRA_low,2008,23165981.0
p51,2021,IRA_low,2009,23166007.0
p51,2021,IRA_low,2010,23166015.0
p51,2021,IRA_low,2011,23166030.0
p51,2021,IRA_low,2012,23166009.0
p51,2021,IRA_low,2013,23165998.0
p51,2022,IRA_low,2007,24956753.0
p51,2022,IRA_low,2008,24956795.0
p51,2022,IRA_low,2009,24956783.0
p51,2022,IRA_low,2010,24956738.0
p51,2022,IRA_low,2011,24956787.0
p51,2022,IRA_low,2012,24956783.0
p51,2022,IRA_low,2013,24956774.0
p51,2023,IRA_low,2007,24766579.0
p51,2023,IRA_low,2008,24766554.0
p51,2023,IRA_low,2009,24766563.0
p51,2023,IRA_low,2010,24766576.0
p51,2023,IRA_low,2011,24766579.0
p51,2023,IRA_low,2012,24766528.0
p51,2023,IRA_low,2013,24766594.0
p51,2024,IRA_low,2007,25987947.0
p51,2024,IRA_low,2008,25987877.0
p51,2024,IRA_low,2009,25987907.0
p51,2024,IRA_low,2010,25987911.0
p51,2024,IRA_low,2011,25987913.0
p51,2024,IRA_low,2012,25987941.0
p51,2024,IRA_low,2013,25987919.0
p51,2025,IRA_low,2007,26224443.0
p51,2025,IRA_low,2008,26225905.0
p51,2025,IRA_low,2009,26224010.0
p51,2025,IRA_low,2010,26228531.0
p51,2025,IRA_low,2011,26230366.0
p51,2025,IRA_low,2012,26220645.0
p51,2025,IRA_low,2013,26228707.0
p51,2026,IRA_low,2007,26556832.0
p51,2026,IRA_low,2008,26560256.0
p51,2026,IRA_low,2009,26557418.0
p51,2026,IRA_low,2010,26563690.0
p51,2026,IRA_low,2011,26565067.0
p51,2026,IRA_low,2012,26541890.0
p51,2026,IRA_low,2013,26567340.0
p51,2027,IRA_low,2007,26889311.0
p51,2027,IRA_low,2008,26894546.0
p51,2027,IRA_low,2009,26890691.0
p51,2027,IRA_low,2010,26898797.0
p51,2027,IRA_low,2011,26899763.0
p51,2027,IRA_low,2012,26863138.0
p51,2027,IRA_low,2013,26905929.0
p51,2028,IRA_low,2007,27221727.0
p51,2028,IRA_low,2008,27228991.0
p51,2028,IRA_low,2009,27223774.0
p51,2028,IRA_low,2010,27233867.0
p51,2028,IRA_low,2011,27234490.0
p51,2028,IRA_low,2012,27184369.0
p51,2028,IRA_low,2013,27244648.0
p51,2029,IRA_low,2007,27554186.0
p51,2029,IRA_low,2008,27563339.0
p51,2029,IRA_low,2009,27556901.0
p51,2029,IRA_low,2010,27568934.0
p51,2029,IRA_low,2011,27569169.0
p51,2029,IRA_low,2012,27505590.0
p51,2029,IRA_low,2013,27583279.0
p51,2030,IRA_low,2007,27886658.0
p51,2030,IRA_low,2008,27897662.0
p51,2030,IRA_low,2009,27890160.0
p51,2030,IRA_low,2010,27904032.0
p51,2030,IRA_low,2011,27903850.0
p51,2030,IRA_low,2012,27826761.0
p51,2030,IRA_low,2013,27921941.0
p51,2031,IRA_low,2007,28277739.0
p51,2031,IRA_low,2008,28290709.0
p51,2031,IRA_low,2009,28282119.0
p51,2031,IRA_low,2010,28298023.0
p51,2031,IRA_low,2011,28297678.0
p51,2031,IRA_low,2012,28206668.0
p51,2031,IRA_low,2013,28319564.0
p51,2032,IRA_low,2007,28668845.0
p51,2032,IRA_low,2008,28683841.0
p51,2032,IRA_low,2009,28674421.0
p51,2032,IRA_low,2010,28691906.0
p51,2032,IRA_low,2011,28691369.0
p51,2032,IRA_low,2012,28586574.0
p51,2032,IRA_low,2013,28717111.0
p51,2033,IRA_low,2007,29059963.0
p51,2033,IRA_low,2008,29076852.0
p51,2033,IRA_low,2009,29066414.0
p51,2033,IRA_low,2010,29085804.0
p51,2033,IRA_low,2011,29085187.0
p51,2033,IRA_low,2012,28966634.0
p51,2033,IRA_low,2013,29114768.0
p51,2034,IRA_low,2007,29451013.0
p51,2034,IRA_low,2008,29469888.0
p51,2034,IRA_low,2009,29458473.0
p51,2034,IRA_low,2010,29479729.0
p51,2034,IRA_low,2011,29478977.0
p51,2034,IRA_low,2012,29346494.0
p51,2034,IRA_low,2013,29512371.0
p51,2035,IRA_low,2007,29842159.0
p51,2035,IRA_low,2008,29862993.0
p51,2035,IRA_low,2009,29850555.0
p51,2035,IRA_low,2010,29873681.0
p51,2035,IRA_low,2011,29872767.0
p51,2035,IRA_low,2012,29726217.0
p51,2035,IRA_low,2013,29910020.0
p51,2036,IRA_low,2007,30237163.0
p51,2036,IRA_low,2008,30259511.0
p51,2036,IRA_low,2009,30246485.0
p51,2036,IRA_low,2010,30271267.0
p51,2036,IRA_low,2011,30270701.0
p51,2036,IRA_low,2012,30113525.0
p51,2036,IRA_low,2013,30310153.0
p51,2037,IRA_low,2007,30632372.0
p51,2037,IRA_low,2008,30656131.0
p51,2037,IRA_low,2009,30642344.0
p51,2037,IRA_low,2010,30668827.0
p51,2037,IRA_low,2011,30668559.0
p51,2037,IRA_low,2012,30500568.0
p51,2037,IRA_low,2013,30710456.0
p51,2038,IRA_low,2007,31027353.0
p51,2038,IRA_low,2008,31052663.0
p51,2038,IRA_low,2009,31038197.0
p51,2038,IRA_low,2010,31066466.0
p51,2038,IRA_low,2011,31066410.0
p51,2038,IRA_low,2012,30887736.0
p51,2038,IRA_low,2013,31110600.0
p51,2039,IRA_low,2007,31422404.0
p51,2039,IRA_low,2008,31449395.0
p51,2039,IRA_low,2009,31434057.0
p51,2039,IRA_low,2010,31464058.0
p51,2039,IRA_low,2011,31464398.0
p51,2039,IRA_low,2012,31274859.0
p51,2039,IRA_low,2013,31510808.0
p51,2040,IRA_low,2007,31817521.0
p51,2040,IRA_low,2008,31845994.0
p51,2040,IRA_low,2009,31829933.0
p51,2040,IRA_low,2010,31861633.0
p51,2040,IRA_low,2011,31862260.0
p51,2040,IRA_low,2012,31662094.0
p51,2040,IRA_low,2013,31911073.0
p51,2041,IRA_low,2007,32219466.0
p51,2041,IRA_low,2008,32248627.0
p51,2041,IRA_low,2009,32231685.0
p51,2041,IRA_low,2010,32266715.0
p51,2041,IRA_low,2011,32268826.0
p51,2041,IRA_low,2012,32060359.0
p51,2041,IRA_low,2013,32316297.0
p51,2042,IRA_low,2007,32621438.0
p51,2042,IRA_low,2008,32651407.0
p51,2042,IRA_low,2009,32633628.0
p51,2042,IRA_low,2010,32671860.0
p51,2042,IRA_low,2011,32675384.0
p51,2042,IRA_low,2012,32458578.0
p51,2042,IRA_low,2013,32721666.0
p51,2043,IRA_low,2007,33023400.0
p51,2043,IRA_low,2008,33054222.0
p51,2043,IRA_low,2009,33035398.0
p51,2043,IRA_low,2010,33076898.0
p51,2043,IRA_low,2011,33081903.0
p51,2043,IRA_low,2012,32856933.0
p51,2043,IRA_low,2013,33127029.0
p51,2044,IRA_low,2007,33425397.0
p51,2044,IRA_low,2008,33456939.0
p51,2044,IRA_low,2009,33437215.0
p51,2044,IRA_low,2010,33482023.0
p51,2044,IRA_low,2011,33488448.0
p51,2044,IRA_low,2012,33255127.0
p51,2044,IRA_low,2013,33532259.0
p51,2045,IRA_low,2007,33827377.0
p51,2045,IRA_low,2008,33859634.0
p51,2045,IRA_low,2009,33839034.0
p51,2045,IRA_low,2010,33887038.0
p51,2045,IRA_low,2011,33895004.0
p51,2045,IRA_low,2012,33653439.0
p51,2045,IRA_low,2013,33937658.0
p51,2046,IRA_low,2007,34158674.0
p51,2046,IRA_low,2008,34190941.0
p51,2046,IRA_low,2009,34169705.0
p51,2046,IRA_low,2010,34220468.0
p51,2046,IRA_low,2011,34229869.0
p51,2046,IRA_low,2012,33984504.0
p51,2046,IRA_low,2013,34269927.0
p51,2047,IRA_low,2007,34489873.0
p51,2047,IRA_low,2008,34522161.0
p51,2047,IRA_low,2009,34500378.0
p51,2047,IRA_low,2010,34553707.0
p51,2047,IRA_low,2011,34564774.0
p51,2047,IRA_low,2012,34315429.0
p51,2047,IRA_low,2013,34602230.0
p51,2048,IRA_low,2007,34821176.0
p51,2048,IRA_low,2008,34853475.0
p51,2048,IRA_low,2009,34831082.0
p51,2048,IRA_low,2010,34887053.0
p51,2048,IRA_low,2011,34899597.0
p51,2048,IRA_low,2012,34646449.0
p51,2048,IRA_low,2013,34934506.0
p51,2049,IRA_low,2007,35152408.0
p51,2049,IRA_low,2008,35184695.0
p51,2049,IRA_low,2009,35161709.0
p51,2049,IRA_low,2010,35220343.0
p51,2049,IRA_low,2011,35234490.0
p51,2049,IRA_low,2012,34977450.0
p51,2049,IRA_low,2013,35266755.0
p51,2050,IRA_low,2007,35483661.0
p51,2050,IRA_low,2008,35516124.0
p51,2050,IRA_low,2009,35492401.0
p51,2050,IRA_low,2010,35553679.0
p51,2050,IRA_low,2011,35569402.0
p51,2050,IRA_low,2012,35308244.0
p51,2050,IRA_low,2013,35599043.0
p52,2020,IRA_low,2007,1545011.46
p52,2020,IRA_low,2008,1545290.19
p52,2020,IRA_low,2009,1545286.28
p52,2020,IRA_low,2010,1545236.4
p52,2020,IRA_low,2011,1545118.06
p52,2020,IRA_low,2012,1545134.69
p52,2020,IRA_low,2013,1545145.45
p52,2021,IRA_low,2007,1640562.0
p52,2021,IRA_low,2008,1640632.0
p52,2021,IRA_low,2009,1640647.0
p52,2021,IRA_low,2010,1640543.0
p52,2021,IRA_low,2011,1640517.0
p52,2021,IRA_low,2012,1640609.0
p52,2021,IRA_low,2013,1640663.0
p52,2022,IRA_low,2007,1697989.0
p52,2022,IRA_low,2008,1697388.0
p52,2022,IRA_low,2009,1698018.0
p52,2022,IRA_low,2010,1697996.0
p52,2022,IRA_low,2011,1698016.0
p52,2022,IRA_low,2012,1698756.0
p52,2022,IRA_low,2013,1698125.0
p52,2023,IRA_low,2007,1666201.0
p52,2023,IRA_low,2008,1666172.0
p52,2023,IRA_low,2009,1666202.0
p52,2023,IRA_low,2010,1666217.0
p52,2023,IRA_low,2011,1666177.0
p52,2023,IRA_low,2012,1666194.0
p52,2023,IRA_low,2013,1666237.0
p52,2024,IRA_low,2007,1687085.0
p52,2024,IRA_low,2008,1687193.0
p52,2024,IRA_low,2009,1687150.0
p52,2024,IRA_low,2010,1687071.0
p52,2024,IRA_low,2011,1687137.0
p52,2024,IRA_low,2012,1687145.0
p52,2024,IRA_low,2013,1687027.0
p52,2025,IRA_low,2007,1701473.0
p52,2025,IRA_low,2008,1701812.0
p52,2025,IRA_low,2009,1701237.0
p52,2025,IRA_low,2010,1701726.0
p52,2025,IRA_low,2011,1701847.0
p52,2025,IRA_low,2012,1700318.0
p52,2025,IRA_low,2013,1701898.0
p52,2026,IRA_low,2007,1737883.0
p52,2026,IRA_low,2008,1739284.0
p52,2026,IRA_low,2009,1738132.0
p52,2026,IRA_low,2010,1738712.0
p52,2026,IRA_low,2011,1738850.0
p52,2026,IRA_low,2012,1734073.0
p52,2026,IRA_low,2013,1739449.0
p52,2027,IRA_low,2007,1774439.0
p52,2027,IRA_low,2008,1776736.0
p52,2027,IRA_low,2009,1774983.0
p52,2027,IRA_low,2010,1775733.0
p52,2027,IRA_low,2011,1776020.0
p52,2027,IRA_low,2012,1767713.0
p52,2027,IRA_low,2013,1777163.0
p52,2028,IRA_low,2007,1810984.0
p52,2028,IRA_low,2008,1814543.0
p52,2028,IRA_low,2009,1811848.0
p52,2028,IRA_low,2010,1812732.0
p52,2028,IRA_low,2011,1812913.0
p52,2028,IRA_low,2012,1801833.0
p52,2028,IRA_low,2013,1814967.0
p52,2029,IRA_low,2007,1847228.0
p52,2029,IRA_low,2008,1852191.0
p52,2029,IRA_low,2009,1848622.0
p52,2029,IRA_low,2010,1849505.0
p52,2029,IRA_low,2011,1849828.0
p52,2029,IRA_low,2012,1835633.0
p52,2029,IRA_low,2013,1852297.0
p52,2030,IRA_low,2007,1883808.0
p52,2030,IRA_low,2008,1889776.0
p52,2030,IRA_low,2009,1885409.0
p52,2030,IRA_low,2010,1886501.0
p52,2030,IRA_low,2011,1886782.0
p52,2030,IRA_low,2012,1869545.0
p52,2030,IRA_low,2013,1889951.0
p52,2031,IRA_low,2007,1933201.0
p52,2031,IRA_low,2008,1940298.0
p52,2031,IRA_low,2009,1935095.0
p52,2031,IRA_low,2010,1936427.0
p52,2031,IRA_low,2011,1936816.0
p52,2031,IRA_low,2012,1916234.0
p52,2031,IRA_low,2013,1940494.0
p52,2032,IRA_low,2007,1982581.0
p52,2032,IRA_low,2008,1990787.0
p52,2032,IRA_low,2009,1984828.0
p52,2032,IRA_low,2010,1986446.0
p52,2032,IRA_low,2011,1986907.0
p52,2032,IRA_low,2012,1963109.0
p52,2032,IRA_low,2013,1991147.0
p52,2033,IRA_low,2007,2032057.0
p52,2033,IRA_low,2008,2041448.0
p52,2033,IRA_low,2009,2034575.0
p52,2033,IRA_low,2010,2036326.0
p52,2033,IRA_low,2011,2036800.0
p52,2033,IRA_low,2012,2009941.0
p52,2033,IRA_low,2013,2041703.0
p52,2034,IRA_low,2007,2081493.0
p52,2034,IRA_low,2008,2091853.0
p52,2034,IRA_low,2009,2084320.0
p52,2034,IRA_low,2010,2086300.0
p52,2034,IRA_low,2011,2086888.0
p52,2034,IRA_low,2012,2056616.0
p52,2034,IRA_low,2013,2092296.0
p52,2035,IRA_low,2007,2130847.0
p52,2035,IRA_low,2008,2142413.0
p52,2035,IRA_low,2009,2134164.0
p52,2035,IRA_low,2010,2136218.0
p52,2035,IRA_low,2011,2136870.0
p52,2035,IRA_low,2012,2103517.0
p52,2035,IRA_low,2013,2142812.0
p52,2036,IRA_low,2007,2180423.0
p52,2036,IRA_low,2008,2192860.0
p52,2036,IRA_low,2009,2183792.0
p52,2036,IRA_low,2010,2186147.0
p52,2036,IRA_low,2011,2186922.0
p52,2036,IRA_low,2012,2150901.0
p52,2036,IRA_low,2013,2193281.0
p52,2037,IRA_low,2007,2229978.0
p52,2037,IRA_low,2008,2243290.0
p52,2037,IRA_low,2009,2233680.0
p52,2037,IRA_low,2010,2236076.0
p52,2037,IRA_low,2011,2236954.0
p52,2037,IRA_low,2012,2198262.0
p52,2037,IRA_low,2013,2243963.0
p52,2038,IRA_low,2007,2279472.0
p52,2038,IRA_low,2008,2293722.0
p52,2038,IRA_low,2009,2283367.0
p52,2038,IRA_low,2010,2286035.0
p52,2038,IRA_low,2011,2286891.0
p52,2038,IRA_low,2012,2245783.0
p52,2038,IRA_low,2013,2294376.0
p52,2039,IRA_low,2007,2329006.0
p52,2039,IRA_low,2008,2344061.0
p52,2039,IRA_low,2009,2333223.0
p52,2039,IRA_low,2010,2336066.0
p52,2039,IRA_low,2011,2336915.0
p52,2039,IRA_low,2012,2293159.0
p52,2039,IRA_low,2013,2344901.0
p52,2040,IRA_low,2007,2378477.0
p52,2040,IRA_low,2008,2394507.0
p52,2040,IRA_low,2009,2382738.0
p52,2040,IRA_low,2010,2385911.0
p52,2040,IRA_low,2011,2386851.0
p52,2040,IRA_low,2012,2340631.0
p52,2040,IRA_low,2013,2395430.0
p52,2041,IRA_low,2007,2422029.0
p52,2041,IRA_low,2008,2438466.0
p52,2041,IRA_low,2009,2426333.0
p52,2041,IRA_low,2010,2429744.0
p52,2041,IRA_low,2011,2430787.0
p52,2041,IRA_low,2012,2382952.0
p52,2041,IRA_low,2013,2439453.0
p52,2042,IRA_low,2007,2465624.0
p52,2042,IRA_low,2008,2482372.0
p52,2042,IRA_low,2009,2469712.0
p52,2042,IRA_low,2010,2473636.0
p52,2042,IRA_low,2011,2474701.0
p52,2042,IRA_low,2012,2425310.0
p52,2042,IRA_low,2013,2483415.0
p52,2043,IRA_low,2007,2509075.0
p52,2043,IRA_low,2008,2526193.0
p52,2043,IRA_low,2009,2513577.0
p52,2043,IRA_low,2010,2517208.0
p52,2043,IRA_low,2011,2518304.0
p52,2043,IRA_low,2012,2467654.0
p52,2043,IRA_low,2013,2527502.0
p52,2044,IRA_low,2007,2552614.0
p52,2044,IRA_low,2008,2570132.0
p52,2044,IRA_low,2009,2556978.0
p52,2044,IRA_low,2010,2561057.0
p52,2044,IRA_low,2011,2562258.0
p52,2044,IRA_low,2012,2510039.0
p52,2044,IRA_low,2013,2571565.0
p52,2045,IRA_low,2007,2596204.0
p52,2045,IRA_low,2008,2614054.0
p52,2045,IRA_low,2009,2600389.0
p52,2045,IRA_low,2010,2604882.0
p52,2045,IRA_low,2011,2606113.0
p52,2045,IRA_low,2012,2552306.0
p52,2045,IRA_low,2013,2615587.0
p52,2046,IRA_low,2007,2628549.0
p52,2046,IRA_low,2008,2646529.0
p52,2046,IRA_low,2009,2632743.0
p52,2046,IRA_low,2010,2637448.0
p52,2046,IRA_low,2011,2638658.0
p52,2046,IRA_low,2012,2584502.0
p52,2046,IRA_low,2013,2648160.0
p52,2047,IRA_low,2007,2661098.0
p52,2047,IRA_low,2008,2679736.0
p52,2047,IRA_low,2009,2664980.0
p52,2047,IRA_low,2010,2670077.0
p52,2047,IRA_low,2011,2671298.0
p52,2047,IRA_low,2012,2616566.0
p52,2047,IRA_low,2013,2680686.0
p52,2048,IRA_low,2007,2692559.0
p52,2048,IRA_low,2008,2711383.0
p52,2048,IRA_low,2009,2697399.0
p52,2048,IRA_low,2010,2702287.0
p52,2048,IRA_low,2011,2703490.0
p52,2048,IRA_low,2012,2648833.0
p52,2048,IRA_low,2013,2713146.0
p52,2049,IRA_low,2007,2725947.0
p52,2049,IRA_low,2008,2743860.0
p52,2049,IRA_low,2009,2729500.0
p52,2049,IRA_low,2010,2735207.0
p52,2049,IRA_low,2011,2736482.0
p52,2049,IRA_low,2012,2680416.0
p52,2049,IRA_low,2013,2745855.0
p52,2050,IRA_low,2007,2758400.0
p52,2050,IRA_low,2008,2776115.0
p52,2050,IRA_low,2009,2761740.0
p52,2050,IRA_low,2010,2767663.0
p52,2050,IRA_low,2011,2768971.0
p52,2050,IRA_low,2012,2712811.0
p52,2050,IRA_low,2013,2778254.0
p53,2020,IRA_low,2007,39090186.71
p53,2020,IRA_low,2008,39090117.28
p53,2020,IRA_low,2009,39089813.12
p53,2020,IRA_low,2010,39089542.21
p53,2020,IRA_low,2011,39088255.15
p53,2020,IRA_low,2012,39090715.82
p53,2020,IRA_low,2013,39089362.25
p53,2021,IRA_low,2007,39159682.0
p53,2021,IRA_low,2008,39159682.0
p53,2021,IRA_low,2009,39159612.0
p53,2021,IRA_low,2010,39159670.0
p53,2021,IRA_low,2011,39159705.0
p53,2021,IRA_low,2012,39159681.0
p53,2021,IRA_low,2013,39159680.0
p53,2022,IRA_low,2007,40529847.0
p53,2022,IRA_low,2008,40529804.0
p53,2022,IRA_low,2009,40529815.0
p53,2022,IRA_low,2010,40529816.0
p53,2022,IRA_low,2011,40529815.0
p53,2022,IRA_low,2012,40529808.0
p53,2022,IRA_low,2013,40529828.0
p53,2023,IRA_low,2007,39769849.0
p53,2023,IRA_low,2008,39769785.0
p53,2023,IRA_low,2009,39769869.0
p53,2023,IRA_low,2010,39769824.0
p53,2023,IRA_low,2011,39769806.0
p53,2023,IRA_low,2012,39769923.0
p53,2023,IRA_low,2013,39769911.0
p53,2024,IRA_low,2007,40270305.0
p53,2024,IRA_low,2008,40270245.0
p53,2024,IRA_low,2009,40270331.0
p53,2024,IRA_low,2010,40270359.0
p53,2024,IRA_low,2011,40270314.0
p53,2024,IRA_low,2012,40270294.0
p53,2024,IRA_low,2013,40270306.0
p53,2025,IRA_low,2007,40483672.0
p53,2025,IRA_low,2008,40488497.0
p53,2025,IRA_low,2009,40481517.0
p53,2025,IRA_low,2010,40488417.0
p53,2025,IRA_low,2011,40489743.0
p53,2025,IRA_low,2012,40467823.0
p53,2025,IRA_low,2013,40490548.0
p53,2026,IRA_low,2007,41027935.0
p53,2026,IRA_low,2008,41049744.0
p53,2026,IRA_low,2009,41031040.0
p53,2026,IRA_low,2010,41039830.0
p53,2026,IRA_low,2011,41042038.0
p53,2026,IRA_low,2012,40972948.0
p53,2026,IRA_low,2013,41051782.0
p53,2027,IRA_low,2007,41572098.0
p53,2027,IRA_low,2008,41611092.0
p53,2027,IRA_low,2009,41580478.0
p53,2027,IRA_low,2010,41591443.0
p53,2027,IRA_low,2011,41594199.0
p53,2027,IRA_low,2012,41478186.0
p53,2027,IRA_low,2013,41613028.0
p53,2028,IRA_low,2007,42116409.0
p53,2028,IRA_low,2008,42172326.0
p53,2028,IRA_low,2009,42130002.0
p53,2028,IRA_low,2010,42142982.0
p53,2028,IRA_low,2011,42146446.0
p53,2028,IRA_low,2012,41983354.0
p53,2028,IRA_low,2013,42174308.0
p53,2029,IRA_low,2007,42660615.0
p53,2029,IRA_low,2008,42733625.0
p53,2029,IRA_low,2009,42679550.0
p53,2029,IRA_low,2010,42694466.0
p53,2029,IRA_low,2011,42698733.0
p53,2029,IRA_low,2012,42488631.0
p53,2029,IRA_low,2013,42735558.0
p53,2030,IRA_low,2007,43204759.0
p53,2030,IRA_low,2008,43294846.0
p53,2030,IRA_low,2009,43228934.0
p53,2030,IRA_low,2010,43246101.0
p53,2030,IRA_low,2011,43250995.0
p53,2030,IRA_low,2012,42993860.0
p53,2030,IRA_low,2013,43296779.0
p53,2031,IRA_low,2007,43942692.0
p53,2031,IRA_low,2008,44049205.0
p53,2031,IRA_low,2009,43971564.0
p53,2031,IRA_low,2010,43991474.0
p53,2031,IRA_low,2011,43997575.0
p53,2031,IRA_low,2012,43692285.0
p53,2031,IRA_low,2013,44052174.0
p53,2032,IRA_low,2007,44680579.0
p53,2032,IRA_low,2008,44803595.0
p53,2032,IRA_low,2009,44714132.0
p53,2032,IRA_low,2010,44736918.0
p53,2032,IRA_low,2011,44744062.0
p53,2032,IRA_low,2012,44390796.0
p53,2032,IRA_low,2013,44807511.0
p53,2033,IRA_low,2007,45418479.0
p53,2033,IRA_low,2008,45557908.0
p53,2033,IRA_low,2009,45456623.0
p53,2033,IRA_low,2010,45482432.0
p53,2033,IRA_low,2011,45490691.0
p53,2033,IRA_low,2012,45089277.0
p53,2033,IRA_low,2013,45562744.0
p53,2034,IRA_low,2007,46156384.0
p53,2034,IRA_low,2008,46312275.0
p53,2034,IRA_low,2009,46199253.0
p53,2034,IRA_low,2010,46227846.0
p53,2034,IRA_low,2011,46237197.0
p53,2034,IRA_low,2012,45787804.0
p53,2034,IRA_low,2013,46318070.0
p53,2035,IRA_low,2007,46894370.0
p53,2035,IRA_low,2008,47066603.0
p53,2035,IRA_low,2009,46941752.0
p53,2035,IRA_low,2010,46973270.0
p53,2035,IRA_low,2011,46983775.0
p53,2035,IRA_low,2012,46486292.0
p53,2035,IRA_low,2013,47073403.0
p53,2036,IRA_low,2007,47633661.0
p53,2036,IRA_low,2008,47819209.0
p53,2036,IRA_low,2009,47684467.0
p53,2036,IRA_low,2010,47718816.0
p53,2036,IRA_low,2011,47730188.0
p53,2036,IRA_low,2012,47194014.0
p53,2036,IRA_low,2013,47827098.0
p53,2037,IRA_low,2007,48372975.0
p53,2037,IRA_low,2008,48571761.0
p53,2037,IRA_low,2009,48427184.0
p53,2037,IRA_low,2010,48464383.0
p53,2037,IRA_low,2011,48476774.0
p53,2037,IRA_low,2012,47901721.0
p53,2037,IRA_low,2013,48580891.0
p53,2038,IRA_low,2007,49112482.0
p53,2038,IRA_low,2008,49324318.0
p53,2038,IRA_low,2009,49169810.0
p53,2038,IRA_low,2010,49209932.0
p53,2038,IRA_low,2011,49223303.0
p53,2038,IRA_low,2012,48609456.0
p53,2038,IRA_low,2013,49334488.0
p53,2039,IRA_low,2007,49851922.0
p53,2039,IRA_low,2008,50076904.0
p53,2039,IRA_low,2009,49912510.0
p53,2039,IRA_low,2010,49955681.0
p53,2039,IRA_low,2011,49969805.0
p53,2039,IRA_low,2012,49317327.0
p53,2039,IRA_low,2013,50088187.0
p53,2040,IRA_low,2007,50591292.0
p53,2040,IRA_low,2008,50829394.0
p53,2040,IRA_low,2009,50655285.0
p53,2040,IRA_low,2010,50701246.0
p53,2040,IRA_low,2011,50716295.0
p53,2040,IRA_low,2012,50025008.0
p53,2040,IRA_low,2013,50841805.0
p53,2041,IRA_low,2007,51241113.0
p53,2041,IRA_low,2008,51485112.0
p53,2041,IRA_low,2009,51305026.0
p53,2041,IRA_low,2010,51354942.0
p53,2041,IRA_low,2011,51370566.0
p53,2041,IRA_low,2012,50657383.0
p53,2041,IRA_low,2013,51499382.0
p53,2042,IRA_low,2007,51890872.0
p53,2042,IRA_low,2008,52140835.0
p53,2042,IRA_low,2009,51954866.0
p53,2042,IRA_low,2010,52008698.0
p53,2042,IRA_low,2011,52024916.0
p53,2042,IRA_low,2012,51289754.0
p53,2042,IRA_low,2013,52156706.0
p53,2043,IRA_low,2007,52540674.0
p53,2043,IRA_low,2008,52796459.0
p53,2043,IRA_low,2009,52604569.0
p53,2043,IRA_low,2010,52662394.0
p53,2043,IRA_low,2011,52679268.0
p53,2043,IRA_low,2012,51922211.0
p53,2043,IRA_low,2013,52814315.0
p53,2044,IRA_low,2007,53190328.0
p53,2044,IRA_low,2008,53452197.0
p53,2044,IRA_low,2009,53254383.0
p53,2044,IRA_low,2010,53316201.0
p53,2044,IRA_low,2011,53333571.0
p53,2044,IRA_low,2012,52554610.0
p53,2044,IRA_low,2013,53471688.0
p53,2045,IRA_low,2007,53840176.0
p53,2045,IRA_low,2008,54107846.0
p53,2045,IRA_low,2009,53904259.0
p53,2045,IRA_low,2010,53969921.0
p53,2045,IRA_low,2011,53987879.0
p53,2045,IRA_low,2012,53187004.0
p53,2045,IRA_low,2013,54129169.0
p53,2046,IRA_low,2007,54324339.0
p53,2046,IRA_low,2008,54591840.0
p53,2046,IRA_low,2009,54385655.0
p53,2046,IRA_low,2010,54456054.0
p53,2046,IRA_low,2011,54474267.0
p53,2046,IRA_low,2012,53665930.0
p53,2046,IRA_low,2013,54615112.0
p53,2047,IRA_low,2007,54808656.0
p53,2047,IRA_low,2008,55075745.0
p53,2047,IRA_low,2009,54867147.0
p53,2047,IRA_low,2010,54942124.0
p53,2047,IRA_low,2011,54960601.0
p53,2047,IRA_low,2012,54144725.0
p53,2047,IRA_low,2013,55100987.0
p53,2048,IRA_low,2007,55292877.0
p53,2048,IRA_low,2008,55559706.0
p53,2048,IRA_low,2009,55348690.0
p53,2048,IRA_low,2010,55428161.0
p53,2048,IRA_low,2011,55447004.0
p53,2048,IRA_low,2012,54623718.0
p53,2048,IRA_low,2013,55586846.0
p53,2049,IRA_low,2007,55777146.0
p53,2049,IRA_low,2008,56043645.0
p53,2049,IRA_low,2009,55830100.0
p53,2049,IRA_low,2010,55914334.0
p53,2049,IRA_low,2011,55933341.0
p53,2049,IRA_low,2012,55102638.0
p53,2049,IRA_low,2013,56072751.0
p53,2050,IRA_low,2007,56261474.0
p53,2050,IRA_low,2008,56527547.0
p53,2050,IRA_low,2009,56311584.0
p53,2050,IRA_low,2010,56400444.0
p53,2050,IRA_low,2011,56419668.0
p53,2050,IRA_low,2012,55581523.0
p53,2050,IRA_low,2013,56558661.0
p54,2020,IRA_low,2007,18476831.95
p54,2020,IRA_low,2008,18476881.45
p54,2020,IRA_low,2009,18476763.01
p54,2020,IRA_low,2010,18476135.45
p54,2020,IRA_low,2011,18475663.46
p54,2020,IRA_low,2012,18477302.18
p54,2020,IRA_low,2013,18476081.53
p54,2021,IRA_low,2007,21234771.0
p54,2021,IRA_low,2008,21234761.0
p54,2021,IRA_low,2009,21234788.0
p54,2021,IRA_low,2010,21234699.0
p54,2021,IRA_low,2011,21234820.0
p54,2021,IRA_low,2012,21234762.0
p54,2021,IRA_low,2013,21234735.0
p54,2022,IRA_low,2007,21947839.0
p54,2022,IRA_low,2008,21947843.0
p54,2022,IRA_low,2009,21947850.0
p54,2022,IRA_low,2010,21947844.0
p54,2022,IRA_low,2011,21947867.0
p54,2022,IRA_low,2012,21947874.0
p54,2022,IRA_low,2013,21947836.0
p54,2023,IRA_low,2007,21090568.0
p54,2023,IRA_low,2008,21090578.0
p54,2023,IRA_low,2009,21090592.0
p54,2023,IRA_low,2010,21090556.0
p54,2023,IRA_low,2011,21090557.0
p54,2023,IRA_low,2012,21090562.0
p54,2023,IRA_low,2013,21090604.0
p54,2024,IRA_low,2007,21497085.0
p54,2024,IRA_low,2008,21497041.0
p54,2024,IRA_low,2009,21497132.0
p54,2024,IRA_low,2010,21497047.0
p54,2024,IRA_low,2011,21497045.0
p54,2024,IRA_low,2012,21497127.0
p54,2024,IRA_low,2013,21497061.0
p54,2025,IRA_low,2007,21699917.0
p54,2025,IRA_low,2008,21702463.0
p54,2025,IRA_low,2009,21696629.0
p54,2025,IRA_low,2010,21704741.0
p54,2025,IRA_low,2011,21700373.0
p54,2025,IRA_low,2012,21690314.0
p54,2025,IRA_low,2013,21703263.0
p54,2026,IRA_low,2007,22158743.0
p54,2026,IRA_low,2008,22173437.0
p54,2026,IRA_low,2009,22157688.0
p54,2026,IRA_low,2010,22172960.0
p54,2026,IRA_low,2011,22160912.0
p54,2026,IRA_low,2012,22126461.0
p54,2026,IRA_low,2013,22172357.0
p54,2027,IRA_low,2007,22617671.0
p54,2027,IRA_low,2008,22644364.0
p54,2027,IRA_low,2009,22618878.0
p54,2027,IRA_low,2010,22641155.0
p54,2027,IRA_low,2011,22621359.0
p54,2027,IRA_low,2012,22562550.0
p54,2027,IRA_low,2013,22641540.0
p54,2028,IRA_low,2007,23076356.0
p54,2028,IRA_low,2008,23115326.0
p54,2028,IRA_low,2009,23080069.0
p54,2028,IRA_low,2010,23109375.0
p54,2028,IRA_low,2011,23081905.0
p54,2028,IRA_low,2012,22998602.0
p54,2028,IRA_low,2013,23110733.0
p54,2029,IRA_low,2007,23535190.0
p54,2029,IRA_low,2008,23586296.0
p54,2029,IRA_low,2009,23541143.0
p54,2029,IRA_low,2010,23577637.0
p54,2029,IRA_low,2011,23542391.0
p54,2029,IRA_low,2012,23434685.0
p54,2029,IRA_low,2013,23579826.0
p54,2030,IRA_low,2007,23993905.0
p54,2030,IRA_low,2008,24057235.0
p54,2030,IRA_low,2009,24002220.0
p54,2030,IRA_low,2010,24045854.0
p54,2030,IRA_low,2011,24002911.0
p54,2030,IRA_low,2012,23870817.0
p54,2030,IRA_low,2013,24049065.0
p54,2031,IRA_low,2007,24666658.0
p54,2031,IRA_low,2008,24742309.0
p54,2031,IRA_low,2009,24677144.0
p54,2031,IRA_low,2010,24728385.0
p54,2031,IRA_low,2011,24677689.0
p54,2031,IRA_low,2012,24519710.0
p54,2031,IRA_low,2013,24732729.0
p54,2032,IRA_low,2007,25339120.0
p54,2032,IRA_low,2008,25427321.0
p54,2032,IRA_low,2009,25351966.0
p54,2032,IRA_low,2010,25410855.0
p54,2032,IRA_low,2011,25352272.0
p54,2032,IRA_low,2012,25168519.0
p54,2032,IRA_low,2013,25416444.0
p54,2033,IRA_low,2007,26011710.0
p54,2033,IRA_low,2008,26112394.0
p54,2033,IRA_low,2009,26026787.0
p54,2033,IRA_low,2010,26093384.0
p54,2033,IRA_low,2011,26026951.0
p54,2033,IRA_low,2012,25817441.0
p54,2033,IRA_low,2013,26100072.0
p54,2034,IRA_low,2007,26684401.0
p54,2034,IRA_low,2008,26797416.0
p54,2034,IRA_low,2009,26701537.0
p54,2034,IRA_low,2010,26775962.0
p54,2034,IRA_low,2011,26701596.0
p54,2034,IRA_low,2012,26466314.0
p54,2034,IRA_low,2013,26783673.0
p54,2035,IRA_low,2007,27356875.0
p54,2035,IRA_low,2008,27482510.0
p54,2035,IRA_low,2009,27376398.0
p54,2035,IRA_low,2010,27458398.0
p54,2035,IRA_low,2011,27376370.0
p54,2035,IRA_low,2012,27115156.0
p54,2035,IRA_low,2013,27467337.0
p54,2036,IRA_low,2007,28075867.0
p54,2036,IRA_low,2008,28211197.0
p54,2036,IRA_low,2009,28096579.0
p54,2036,IRA_low,2010,28185624.0
p54,2036,IRA_low,2011,28096938.0
p54,2036,IRA_low,2012,27814499.0
p54,2036,IRA_low,2013,28195363.0
p54,2037,IRA_low,2007,28794912.0
p54,2037,IRA_low,2008,28940044.0
p54,2037,IRA_low,2009,28816799.0
p54,2037,IRA_low,2010,28912954.0
p54,2037,IRA_low,2011,28817421.0
p54,2037,IRA_low,2012,28513735.0
p54,2037,IRA_low,2013,28923329.0
p54,2038,IRA_low,2007,29513913.0
p54,2038,IRA_low,2008,29668781.0
p54,2038,IRA_low,2009,29536926.0
p54,2038,IRA_low,2010,29640240.0
p54,2038,IRA_low,2011,29537982.0
p54,2038,IRA_low,2012,29213039.0
p54,2038,IRA_low,2013,29651383.0
p54,2039,IRA_low,2007,30232924.0
p54,2039,IRA_low,2008,30397515.0
p54,2039,IRA_low,2009,30257154.0
p54,2039,IRA_low,2010,30367546.0
p54,2039,IRA_low,2011,30258507.0
p54,2039,IRA_low,2012,29912378.0
p54,2039,IRA_low,2013,30379405.0
p54,2040,IRA_low,2007,30951844.0
p54,2040,IRA_low,2008,31126203.0
p54,2040,IRA_low,2009,30977293.0
p54,2040,IRA_low,2010,31094807.0
p54,2040,IRA_low,2011,30979085.0
p54,2040,IRA_low,2012,30611651.0
p54,2040,IRA_low,2013,31107372.0
p54,2041,IRA_low,2007,31602274.0
p54,2041,IRA_low,2008,31780807.0
p54,2041,IRA_low,2009,31627157.0
p54,2041,IRA_low,2010,31749839.0
p54,2041,IRA_low,2011,31629965.0
p54,2041,IRA_low,2012,31251047.0
p54,2041,IRA_low,2013,31762301.0
p54,2042,IRA_low,2007,32252630.0
p54,2042,IRA_low,2008,32435464.0
p54,2042,IRA_low,2009,32276816.0
p54,2042,IRA_low,2010,32404677.0
p54,2042,IRA_low,2011,32280902.0
p54,2042,IRA_low,2012,31890486.0
p54,2042,IRA_low,2013,32417209.0
p54,2043,IRA_low,2007,32903072.0
p54,2043,IRA_low,2008,33089920.0
p54,2043,IRA_low,2009,32926588.0
p54,2043,IRA_low,2010,33060039.0
p54,2043,IRA_low,2011,32931983.0
p54,2043,IRA_low,2012,32529900.0
p54,2043,IRA_low,2013,33072127.0
p54,2044,IRA_low,2007,33553508.0
p54,2044,IRA_low,2008,33744562.0
p54,2044,IRA_low,2009,33576365.0
p54,2044,IRA_low,2010,33714626.0
p54,2044,IRA_low,2011,33582883.0
p54,2044,IRA_low,2012,33169389.0
p54,2044,IRA_low,2013,33727085.0
p54,2045,IRA_low,2007,34203885.0
p54,2045,IRA_low,2008,34399167.0
p54,2045,IRA_low,2009,34226030.0
p54,2045,IRA_low,2010,34369605.0
p54,2045,IRA_low,2011,34233791.0
p54,2045,IRA_low,2012,33808731.0
p54,2045,IRA_low,2013,34381976.0
p54,2046,IRA_low,2007,34685009.0
p54,2046,IRA_low,2008,34879776.0
p54,2046,IRA_low,2009,34704826.0
p54,2046,IRA_low,2010,34852276.0
p54,2046,IRA_low,2011,34714607.0
p54,2046,IRA_low,2012,34286383.0
p54,2046,IRA_low,2013,34863523.0
p54,2047,IRA_low,2007,35166031.0
p54,2047,IRA_low,2008,35360562.0
p54,2047,IRA_low,2009,35183571.0
p54,2047,IRA_low,2010,35335094.0
p54,2047,IRA_low,2011,35195769.0
p54,2047,IRA_low,2012,34764030.0
p54,2047,IRA_low,2013,35344923.0
p54,2048,IRA_low,2007,35647138.0
p54,2048,IRA_low,2008,35841195.0
p54,2048,IRA_low,2009,35662358.0
p54,2048,IRA_low,2010,35817750.0
p54,2048,IRA_low,2011,35676529.0
p54,2048,IRA_low,2012,35241611.0
p54,2048,IRA_low,2013,35826366.0
p54,2049,IRA_low,2007,36128263.0
p54,2049,IRA_low,2008,36321962.0
p54,2049,IRA_low,2009,36141039.0
p54,2049,IRA_low,2010,36300473.0
p54,2049,IRA_low,2011,36157383.0
p54,2049,IRA_low,2012,35719164.0
p54,2049,IRA_low,2013,36307823.0
p54,2050,IRA_low,2007,36609295.0
p54,2050,IRA_low,2008,36802645.0
p54,2050,IRA_low,2009,36619874.0
p54,2050,IRA_low,2010,36783037.0
p54,2050,IRA_low,2011,36638260.0
p54,2050,IRA_low,2012,36196807.0
p54,2050,IRA_low,2013,36789453.0
p55,2020,IRA_low,2007,11141230.31
p55,2020,IRA_low,2008,11141209.1
p55,2020,IRA_low,2009,11140961.61
p55,2020,IRA_low,2010,11140461.33
p55,2020,IRA_low,2011,11140509.06
p55,2020,IRA_low,2012,11141491.06
p55,2020,IRA_low,2013,11140725.61
p55,2021,IRA_low,2007,10027310.0
p55,2021,IRA_low,2008,10027348.0
p55,2021,IRA_low,2009,10027311.0
p55,2021,IRA_low,2010,10027311.0
p55,2021,IRA_low,2011,10027292.0
p55,2021,IRA_low,2012,10027240.0
p55,2021,IRA_low,2013,10027400.0
p55,2022,IRA_low,2007,10364111.0
p55,2022,IRA_low,2008,10364075.0
p55,2022,IRA_low,2009,10364084.0
p55,2022,IRA_low,2010,10364035.0
p55,2022,IRA_low,2011,10364096.0
p55,2022,IRA_low,2012,10364024.0
p55,2022,IRA_low,2013,10364059.0
p55,2023,IRA_low,2007,9959226.0
p55,2023,IRA_low,2008,9959277.0
p55,2023,IRA_low,2009,9959208.0
p55,2023,IRA_low,2010,9959253.0
p55,2023,IRA_low,2011,9959253.0
p55,2023,IRA_low,2012,9959316.0
p55,2023,IRA_low,2013,9959240.0
p55,2024,IRA_low,2007,10151231.0
p55,2024,IRA_low,2008,10151220.0
p55,2024,IRA_low,2009,10151164.0
p55,2024,IRA_low,2010,10151191.0
p55,2024,IRA_low,2011,10151211.0
p55,2024,IRA_low,2012,10151133.0
p55,2024,IRA_low,2013,10151179.0
p55,2025,IRA_low,2007,10272207.0
p55,2025,IRA_low,2008,10273738.0
p55,2025,IRA_low,2009,10270182.0
p55,2025,IRA_low,2010,10275069.0
p55,2025,IRA_low,2011,10272460.0
p55,2025,IRA_low,2012,10266504.0
p55,2025,IRA_low,2013,10274218.0
p55,2026,IRA_low,2007,10545990.0
p55,2026,IRA_low,2008,10554662.0
p55,2026,IRA_low,2009,10545355.0
p55,2026,IRA_low,2010,10554464.0
p55,2026,IRA_low,2011,10547291.0
p55,2026,IRA_low,2012,10526564.0
p55,2026,IRA_low,2013,10554034.0
p55,2027,IRA_low,2007,10819642.0
p55,2027,IRA_low,2008,10835646.0
p55,2027,IRA_low,2009,10820395.0
p55,2027,IRA_low,2010,10833681.0
p55,2027,IRA_low,2011,10821904.0
p55,2027,IRA_low,2012,10786673.0
p55,2027,IRA_low,2013,10834006.0
p55,2028,IRA_low,2007,11093406.0
p55,2028,IRA_low,2008,11116566.0
p55,2028,IRA_low,2009,11095499.0
p55,2028,IRA_low,2010,11113060.0
p55,2028,IRA_low,2011,11096582.0
p55,2028,IRA_low,2012,11046877.0
p55,2028,IRA_low,2013,11113881.0
p55,2029,IRA_low,2007,11367027.0
p55,2029,IRA_low,2008,11397525.0
p55,2029,IRA_low,2009,11370622.0
p55,2029,IRA_low,2010,11392346.0
p55,2029,IRA_low,2011,11371323.0
p55,2029,IRA_low,2012,11307105.0
p55,2029,IRA_low,2013,11393742.0
p55,2030,IRA_low,2007,11640748.0
p55,2030,IRA_low,2008,11678457.0
p55,2030,IRA_low,2009,11645531.0
p55,2030,IRA_low,2010,11671649.0
p55,2030,IRA_low,2011,11645974.0
p55,2030,IRA_low,2012,11567086.0
p55,2030,IRA_low,2013,11673555.0
p55,2031,IRA_low,2007,12041933.0
p55,2031,IRA_low,2008,12087044.0
p55,2031,IRA_low,2009,12048177.0
p55,2031,IRA_low,2010,12078795.0
p55,2031,IRA_low,2011,12048578.0
p55,2031,IRA_low,2012,11954187.0
p55,2031,IRA_low,2013,12081409.0
p55,2032,IRA_low,2007,12443190.0
p55,2032,IRA_low,2008,12495741.0
p55,2032,IRA_low,2009,12450819.0
p55,2032,IRA_low,2010,12485923.0
p55,2032,IRA_low,2011,12451026.0
p55,2032,IRA_low,2012,12341302.0
p55,2032,IRA_low,2013,12489218.0
p55,2033,IRA_low,2007,12844402.0
p55,2033,IRA_low,2008,12904439.0
p55,2033,IRA_low,2009,12853357.0
p55,2033,IRA_low,2010,12893124.0
p55,2033,IRA_low,2011,12853553.0
p55,2033,IRA_low,2012,12728460.0
p55,2033,IRA_low,2013,12897107.0
p55,2034,IRA_low,2007,13245663.0
p55,2034,IRA_low,2008,13313076.0
p55,2034,IRA_low,2009,13255888.0
p55,2034,IRA_low,2010,13300249.0
p55,2034,IRA_low,2011,13255911.0
p55,2034,IRA_low,2012,13115472.0
p55,2034,IRA_low,2013,13304918.0
p55,2035,IRA_low,2007,13646711.0
p55,2035,IRA_low,2008,13721701.0
p55,2035,IRA_low,2009,13658408.0
p55,2035,IRA_low,2010,13707390.0
p55,2035,IRA_low,2011,13658356.0
p55,2035,IRA_low,2012,13502516.0
p55,2035,IRA_low,2013,13712759.0
p55,2036,IRA_low,2007,14075687.0
p55,2036,IRA_low,2008,14156459.0
p55,2036,IRA_low,2009,14088064.0
p55,2036,IRA_low,2010,14141249.0
p55,2036,IRA_low,2011,14088239.0
p55,2036,IRA_low,2012,13919718.0
p55,2036,IRA_low,2013,14146990.0
p55,2037,IRA_low,2007,14504517.0
p55,2037,IRA_low,2008,14591171.0
p55,2037,IRA_low,2009,14517715.0
p55,2037,IRA_low,2010,14575154.0
p55,2037,IRA_low,2011,14518122.0
p55,2037,IRA_low,2012,14336871.0
p55,2037,IRA_low,2013,14581312.0
p55,2038,IRA_low,2007,14933524.0
p55,2038,IRA_low,2008,15025829.0
p55,2038,IRA_low,2009,14947320.0
p55,2038,IRA_low,2010,15008946.0
p55,2038,IRA_low,2011,14947841.0
p55,2038,IRA_low,2012,14754050.0
p55,2038,IRA_low,2013,15015454.0
p55,2039,IRA_low,2007,15362434.0
p55,2039,IRA_low,2008,15460601.0
p55,2039,IRA_low,2009,15376890.0
p55,2039,IRA_low,2010,15442780.0
p55,2039,IRA_low,2011,15377720.0
p55,2039,IRA_low,2012,15171187.0
p55,2039,IRA_low,2013,15449769.0
p55,2040,IRA_low,2007,15791348.0
p55,2040,IRA_low,2008,15895334.0
p55,2040,IRA_low,2009,15806519.0
p55,2040,IRA_low,2010,15876687.0
p55,2040,IRA_low,2011,15807566.0
p55,2040,IRA_low,2012,15588259.0
p55,2040,IRA_low,2013,15884022.0
p55,2041,IRA_low,2007,16179334.0
p55,2041,IRA_low,2008,16285768.0
p55,2041,IRA_low,2009,16194040.0
p55,2041,IRA_low,2010,16267309.0
p55,2041,IRA_low,2011,16195904.0
p55,2041,IRA_low,2012,15969771.0
p55,2041,IRA_low,2013,16274891.0
p55,2042,IRA_low,2007,16567312.0
p55,2042,IRA_low,2008,16676285.0
p55,2042,IRA_low,2009,16581698.0
p55,2042,IRA_low,2010,16658006.0
p55,2042,IRA_low,2011,16584181.0
p55,2042,IRA_low,2012,16351131.0
p55,2042,IRA_low,2013,16665467.0
p55,2043,IRA_low,2007,16955271.0
p55,2043,IRA_low,2008,17066753.0
p55,2043,IRA_low,2009,16969316.0
p55,2043,IRA_low,2010,17048749.0
p55,2043,IRA_low,2011,16972499.0
p55,2043,IRA_low,2012,16732660.0
p55,2043,IRA_low,2013,17056149.0
p55,2044,IRA_low,2007,17343296.0
p55,2044,IRA_low,2008,17457263.0
p55,2044,IRA_low,2009,17356884.0
p55,2044,IRA_low,2010,17439453.0
p55,2044,IRA_low,2011,17360823.0
p55,2044,IRA_low,2012,17114103.0
p55,2044,IRA_low,2013,17446813.0
p55,2045,IRA_low,2007,17731255.0
p55,2045,IRA_low,2008,17847753.0
p55,2045,IRA_low,2009,17744461.0
p55,2045,IRA_low,2010,17830093.0
p55,2045,IRA_low,2011,17749072.0
p55,2045,IRA_low,2012,17495467.0
p55,2045,IRA_low,2013,17837475.0
p55,2046,IRA_low,2007,18018181.0
p55,2046,IRA_low,2008,18134492.0
p55,2046,IRA_low,2009,18030031.0
p55,2046,IRA_low,2010,18118076.0
p55,2046,IRA_low,2011,18035955.0
p55,2046,IRA_low,2012,17780410.0
p55,2046,IRA_low,2013,18124758.0
p55,2047,IRA_low,2007,18305238.0
p55,2047,IRA_low,2008,18421289.0
p55,2047,IRA_low,2009,18315745.0
p55,2047,IRA_low,2010,18406103.0
p55,2047,IRA_low,2011,18322880.0
p55,2047,IRA_low,2012,18065260.0
p55,2047,IRA_low,2013,18411975.0
p55,2048,IRA_low,2007,18592156.0
p55,2048,IRA_low,2008,18707992.0
p55,2048,IRA_low,2009,18601328.0
p55,2048,IRA_low,2010,18693934.0
p55,2048,IRA_low,2011,18609729.0
p55,2048,IRA_low,2012,18350191.0
p55,2048,IRA_low,2013,18699107.0
p55,2049,IRA_low,2007,18879225.0
p55,2049,IRA_low,2008,18994753.0
p55,2049,IRA_low,2009,18886781.0
p55,2049,IRA_low,2010,18981937.0
p55,2049,IRA_low,2011,18896625.0
p55,2049,IRA_low,2012,18635103.0
p55,2049,IRA_low,2013,18986383.0
p55,2050,IRA_low,2007,19166265.0
p55,2050,IRA_low,2008,19281446.0
p55,2050,IRA_low,2009,19172498.0
p55,2050,IRA_low,2010,19269854.0
p55,2050,IRA_low,2011,19183462.0
p55,2050,IRA_low,2012,18920027.0
p55,2050,IRA_low,2013,19273511.0
p56,2020,IRA_low,2007,16229496.55
p56,2020,IRA_low,2008,16229224.78
p56,2020,IRA_low,2009,16229064.57
p56,2020,IRA_low,2010,16228782.31
p56,2020,IRA_low,2011,16228879.58
p56,2020,IRA_low,2012,16229533.74
p56,2020,IRA_low,2013,16229033.11
p56,2021,IRA_low,2007,14502945.0
p56,2021,IRA_low,2008,14502921.0
p56,2021,IRA_low,2009,14502993.0
p56,2021,IRA_low,2010,14502931.0
p56,2021,IRA_low,2011,14502988.0
p56,2021,IRA_low,2012,14502945.0
p56,2021,IRA_low,2013,14502902.0
p56,2022,IRA_low,2007,14611549.0
p56,2022,IRA_low,2008,14611527.0
p56,2022,IRA_low,2009,14611539.0
p56,2022,IRA_low,2010,14611543.0
p56,2022,IRA_low,2011,14611554.0
p56,2022,IRA_low,2012,14611565.0
p56,2022,IRA_low,2013,14611528.0
p56,2023,IRA_low,2007,14511733.0
p56,2023,IRA_low,2008,14511775.0
p56,2023,IRA_low,2009,14511724.0
p56,2023,IRA_low,2010,14511723.0
p56,2023,IRA_low,2011,14511796.0
p56,2023,IRA_low,2012,14511799.0
p56,2023,IRA_low,2013,14511738.0
p56,2024,IRA_low,2007,14809649.0
p56,2024,IRA_low,2008,14809651.0
p56,2024,IRA_low,2009,14809606.0
p56,2024,IRA_low,2010,14809685.0
p56,2024,IRA_low,2011,14809633.0
p56,2024,IRA_low,2012,14809643.0
p56,2024,IRA_low,2013,14809624.0
p56,2025,IRA_low,2007,14874818.0
p56,2025,IRA_low,2008,14876007.0
p56,2025,IRA_low,2009,14875089.0
p56,2025,IRA_low,2010,14877607.0
p56,2025,IRA_low,2011,14876225.0
p56,2025,IRA_low,2012,14873721.0
p56,2025,IRA_low,2013,14876607.0
p56,2026,IRA_low,2007,14999484.0
p56,2026,IRA_low,2008,15002210.0
p56,2026,IRA_low,2009,15000467.0
p56,2026,IRA_low,2010,15004239.0
p56,2026,IRA_low,2011,15000642.0
p56,2026,IRA_low,2012,14994530.0
p56,2026,IRA_low,2013,15002829.0
p56,2027,IRA_low,2007,15123637.0
p56,2027,IRA_low,2008,15128229.0
p56,2027,IRA_low,2009,15125788.0
p56,2027,IRA_low,2010,15130765.0
p56,2027,IRA_low,2011,15125081.0
p56,2027,IRA_low,2012,15115366.0
p56,2027,IRA_low,2013,15129142.0
p56,2028,IRA_low,2007,15247706.0
p56,2028,IRA_low,2008,15254471.0
p56,2028,IRA_low,2009,15251068.0
p56,2028,IRA_low,2010,15257224.0
p56,2028,IRA_low,2011,15249618.0
p56,2028,IRA_low,2012,15236253.0
p56,2028,IRA_low,2013,15255515.0
p56,2029,IRA_low,2007,15371983.0
p56,2029,IRA_low,2008,15380579.0
p56,2029,IRA_low,2009,15376373.0
p56,2029,IRA_low,2010,15383833.0
p56,2029,IRA_low,2011,15374105.0
p56,2029,IRA_low,2012,15357132.0
p56,2029,IRA_low,2013,15381835.0
p56,2030,IRA_low,2007,15496065.0
p56,2030,IRA_low,2008,15506736.0
p56,2030,IRA_low,2009,15501737.0
p56,2030,IRA_low,2010,15510438.0
p56,2030,IRA_low,2011,15498724.0
p56,2030,IRA_low,2012,15478066.0
p56,2030,IRA_low,2013,15508116.0
p56,2031,IRA_low,2007,15676478.0
p56,2031,IRA_low,2008,15688936.0
p56,2031,IRA_low,2009,15683088.0
p56,2031,IRA_low,2010,15693264.0
p56,2031,IRA_low,2011,15679632.0
p56,2031,IRA_low,2012,15655098.0
p56,2031,IRA_low,2013,15690811.0
p56,2032,IRA_low,2007,15856816.0
p56,2032,IRA_low,2008,15871248.0
p56,2032,IRA_low,2009,15864691.0
p56,2032,IRA_low,2010,15876226.0
p56,2032,IRA_low,2011,15860530.0
p56,2032,IRA_low,2012,15832414.0
p56,2032,IRA_low,2013,15873376.0
p56,2033,IRA_low,2007,16037170.0
p56,2033,IRA_low,2008,16053483.0
p56,2033,IRA_low,2009,16046142.0
p56,2033,IRA_low,2010,16059198.0
p56,2033,IRA_low,2011,16041474.0
p56,2033,IRA_low,2012,16009608.0
p56,2033,IRA_low,2013,16056021.0
p56,2034,IRA_low,2007,16217515.0
p56,2034,IRA_low,2008,16235738.0
p56,2034,IRA_low,2009,16227549.0
p56,2034,IRA_low,2010,16242047.0
p56,2034,IRA_low,2011,16222348.0
p56,2034,IRA_low,2012,16186720.0
p56,2034,IRA_low,2013,16238608.0
p56,2035,IRA_low,2007,16397894.0
p56,2035,IRA_low,2008,16418077.0
p56,2035,IRA_low,2009,16409121.0
p56,2035,IRA_low,2010,16425043.0
p56,2035,IRA_low,2011,16403306.0
p56,2035,IRA_low,2012,16363989.0
p56,2035,IRA_low,2013,16421307.0
p56,2036,IRA_low,2007,16612595.0
p56,2036,IRA_low,2008,16634184.0
p56,2036,IRA_low,2009,16624669.0
p56,2036,IRA_low,2010,16641617.0
p56,2036,IRA_low,2011,16618507.0
p56,2036,IRA_low,2012,16576446.0
p56,2036,IRA_low,2013,16637564.0
p56,2037,IRA_low,2007,16827412.0
p56,2037,IRA_low,2008,16850188.0
p56,2037,IRA_low,2009,16840183.0
p56,2037,IRA_low,2010,16858168.0
p56,2037,IRA_low,2011,16833683.0
p56,2037,IRA_low,2012,16788752.0
p56,2037,IRA_low,2013,16854004.0
p56,2038,IRA_low,2007,17042168.0
p56,2038,IRA_low,2008,17066273.0
p56,2038,IRA_low,2009,17055773.0
p56,2038,IRA_low,2010,17074736.0
p56,2038,IRA_low,2011,17048816.0
p56,2038,IRA_low,2012,17001107.0
p56,2038,IRA_low,2013,17070358.0
p56,2039,IRA_low,2007,17256841.0
p56,2039,IRA_low,2008,17282356.0
p56,2039,IRA_low,2009,17271259.0
p56,2039,IRA_low,2010,17291317.0
p56,2039,IRA_low,2011,17264026.0
p56,2039,IRA_low,2012,17213530.0
p56,2039,IRA_low,2013,17286797.0
p56,2040,IRA_low,2007,17471612.0
p56,2040,IRA_low,2008,17498415.0
p56,2040,IRA_low,2009,17486840.0
p56,2040,IRA_low,2010,17507914.0
p56,2040,IRA_low,2011,17479217.0
p56,2040,IRA_low,2012,17425866.0
p56,2040,IRA_low,2013,17503218.0
p56,2041,IRA_low,2007,17691407.0
p56,2041,IRA_low,2008,17718858.0
p56,2041,IRA_low,2009,17706647.0
p56,2041,IRA_low,2010,17729349.0
p56,2041,IRA_low,2011,17699537.0
p56,2041,IRA_low,2012,17644289.0
p56,2041,IRA_low,2013,17724040.0
p56,2042,IRA_low,2007,17911145.0
p56,2042,IRA_low,2008,17939134.0
p56,2042,IRA_low,2009,17926409.0
p56,2042,IRA_low,2010,17950808.0
p56,2042,IRA_low,2011,17919846.0
p56,2042,IRA_low,2012,17862688.0
p56,2042,IRA_low,2013,17944743.0
p56,2043,IRA_low,2007,18130983.0
p56,2043,IRA_low,2008,18159501.0
p56,2043,IRA_low,2009,18146027.0
p56,2043,IRA_low,2010,18172236.0
p56,2043,IRA_low,2011,18140243.0
p56,2043,IRA_low,2012,18080895.0
p56,2043,IRA_low,2013,18165551.0
p56,2044,IRA_low,2007,18350796.0
p56,2044,IRA_low,2008,18379844.0
p56,2044,IRA_low,2009,18365970.0
p56,2044,IRA_low,2010,18393853.0
p56,2044,IRA_low,2011,18360603.0
p56,2044,IRA_low,2012,18299197.0
p56,2044,IRA_low,2013,18386275.0
p56,2045,IRA_low,2007,18570572.0
p56,2045,IRA_low,2008,18600004.0
p56,2045,IRA_low,2009,18585763.0
p56,2045,IRA_low,2010,18615167.0
p56,2045,IRA_low,2011,18580981.0
p56,2045,IRA_low,2012,18517620.0
p56,2045,IRA_low,2013,18607029.0
p56,2046,IRA_low,2007,18741265.0
p56,2046,IRA_low,2008,18770525.0
p56,2046,IRA_low,2009,18756160.0
p56,2046,IRA_low,2010,18786730.0
p56,2046,IRA_low,2011,18751894.0
p56,2046,IRA_low,2012,18688123.0
p56,2046,IRA_low,2013,18777972.0
p56,2047,IRA_low,2007,18912145.0
p56,2047,IRA_low,2008,18941245.0
p56,2047,IRA_low,2009,18926447.0
p56,2047,IRA_low,2010,18958337.0
p56,2047,IRA_low,2011,18922998.0
p56,2047,IRA_low,2012,18858440.0
p56,2047,IRA_low,2013,18948728.0
p56,2048,IRA_low,2007,19082950.0
p56,2048,IRA_low,2008,19111879.0
p56,2048,IRA_low,2009,19096857.0
p56,2048,IRA_low,2010,19129778.0
p56,2048,IRA_low,2011,19094040.0
p56,2048,IRA_low,2012,19028948.0
p56,2048,IRA_low,2013,19119631.0
p56,2049,IRA_low,2007,19253667.0
p56,2049,IRA_low,2008,19282494.0
p56,2049,IRA_low,2009,19267223.0
p56,2049,IRA_low,2010,19301202.0
p56,2049,IRA_low,2011,19265061.0
p56,2049,IRA_low,2012,19199359.0
p56,2049,IRA_low,2013,19290456.0
p56,2050,IRA_low,2007,19424434.0
p56,2050,IRA_low,2008,19453079.0
p56,2050,IRA_low,2009,19437589.0
p56,2050,IRA_low,2010,19472715.0
p56,2050,IRA_low,2011,19436138.0
p56,2050,IRA_low,2012,19369823.0
p56,2050,IRA_low,2013,19461337.0
p57,2020,IRA_low,2007,10599838.79
p57,2020,IRA_low,2008,10599737.18
p57,2020,IRA_low,2009,10599573.41
p57,2020,IRA_low,2010,10599376.18
p57,2020,IRA_low,2011,10599401.28
p57,2020,IRA_low,2012,10599940.4
p57,2020,IRA_low,2013,10599549.51
p57,2021,IRA_low,2007,9218815.0
p57,2021,IRA_low,2008,9218826.0
p57,2021,IRA_low,2009,9218788.0
p57,2021,IRA_low,2010,9218775.0
p57,2021,IRA_low,2011,9218795.0
p57,2021,IRA_low,2012,9218790.0
p57,2021,IRA_low,2013,9218745.0
p57,2022,IRA_low,2007,10042534.0
p57,2022,IRA_low,2008,10042443.0
p57,2022,IRA_low,2009,10042488.0
p57,2022,IRA_low,2010,10042524.0
p57,2022,IRA_low,2011,10042469.0
p57,2022,IRA_low,2012,10042535.0
p57,2022,IRA_low,2013,10042523.0
p57,2023,IRA_low,2007,10427142.0
p57,2023,IRA_low,2008,10427094.0
p57,2023,IRA_low,2009,10427126.0
p57,2023,IRA_low,2010,10427093.0
p57,2023,IRA_low,2011,10427123.0
p57,2023,IRA_low,2012,10427142.0
p57,2023,IRA_low,2013,10427130.0
p57,2024,IRA_low,2007,10294938.0
p57,2024,IRA_low,2008,10294930.0
p57,2024,IRA_low,2009,10294924.0
p57,2024,IRA_low,2010,10294926.0
p57,2024,IRA_low,2011,10294877.0
p57,2024,IRA_low,2012,10294902.0
p57,2024,IRA_low,2013,10294919.0
p57,2025,IRA_low,2007,10541454.0
p57,2025,IRA_low,2008,10541636.0
p57,2025,IRA_low,2009,10542092.0
p57,2025,IRA_low,2010,10544637.0
p57,2025,IRA_low,2011,10546665.0
p57,2025,IRA_low,2012,10540578.0
p57,2025,IRA_low,2013,10543240.0
p57,2026,IRA_low,2007,10834896.0
p57,2026,IRA_low,2008,10834836.0
p57,2026,IRA_low,2009,10835514.0
p57,2026,IRA_low,2010,10839611.0
p57,2026,IRA_low,2011,10842320.0
p57,2026,IRA_low,2012,10832329.0
p57,2026,IRA_low,2013,10837730.0
p57,2027,IRA_low,2007,11128248.0
p57,2027,IRA_low,2008,11128086.0
p57,2027,IRA_low,2009,11129014.0
p57,2027,IRA_low,2010,11134702.0
p57,2027,IRA_low,2011,11138002.0
p57,2027,IRA_low,2012,11124120.0
p57,2027,IRA_low,2013,11132027.0
p57,2028,IRA_low,2007,11421818.0
p57,2028,IRA_low,2008,11421315.0
p57,2028,IRA_low,2009,11422521.0
p57,2028,IRA_low,2010,11429785.0
p57,2028,IRA_low,2011,11433616.0
p57,2028,IRA_low,2012,11415941.0
p57,2028,IRA_low,2013,11426371.0
p57,2029,IRA_low,2007,11715203.0
p57,2029,IRA_low,2008,11714678.0
p57,2029,IRA_low,2009,11715945.0
p57,2029,IRA_low,2010,11724874.0
p57,2029,IRA_low,2011,11729440.0
p57,2029,IRA_low,2012,11707606.0
p57,2029,IRA_low,2013,11720797.0
p57,2030,IRA_low,2007,12008610.0
p57,2030,IRA_low,2008,12007914.0
p57,2030,IRA_low,2009,12009446.0
p57,2030,IRA_low,2010,12020024.0
p57,2030,IRA_low,2011,12025110.0
p57,2030,IRA_low,2012,11999461.0
p57,2030,IRA_low,2013,12015145.0
p57,2031,IRA_low,2007,12275595.0
p57,2031,IRA_low,2008,12274514.0
p57,2031,IRA_low,2009,12276216.0
p57,2031,IRA_low,2010,12288606.0
p57,2031,IRA_low,2011,12294162.0
p57,2031,IRA_low,2012,12264299.0
p57,2031,IRA_low,2013,12283003.0
p57,2032,IRA_low,2007,12542420.0
p57,2032,IRA_low,2008,12541053.0
p57,2032,IRA_low,2009,12543136.0
p57,2032,IRA_low,2010,12557221.0
p57,2032,IRA_low,2011,12563205.0
p57,2032,IRA_low,2012,12529078.0
p57,2032,IRA_low,2013,12550894.0
p57,2033,IRA_low,2007,12809334.0
p57,2033,IRA_low,2008,12807703.0
p57,2033,IRA_low,2009,12809957.0
p57,2033,IRA_low,2010,12825882.0
p57,2033,IRA_low,2011,12832365.0
p57,2033,IRA_low,2012,12793952.0
p57,2033,IRA_low,2013,12818746.0
p57,2034,IRA_low,2007,13076195.0
p57,2034,IRA_low,2008,13074298.0
p57,2034,IRA_low,2009,13076835.0
p57,2034,IRA_low,2010,13094435.0
p57,2034,IRA_low,2011,13101328.0
p57,2034,IRA_low,2012,13058703.0
p57,2034,IRA_low,2013,13086614.0
p57,2035,IRA_low,2007,13343119.0
p57,2035,IRA_low,2008,13340975.0
p57,2035,IRA_low,2009,13343608.0
p57,2035,IRA_low,2010,13363060.0
p57,2035,IRA_low,2011,13370503.0
p57,2035,IRA_low,2012,13323522.0
p57,2035,IRA_low,2013,13354404.0
p57,2036,IRA_low,2007,13568913.0
p57,2036,IRA_low,2008,13566768.0
p57,2036,IRA_low,2009,13569747.0
p57,2036,IRA_low,2010,13590802.0
p57,2036,IRA_low,2011,13599280.0
p57,2036,IRA_low,2012,13548390.0
p57,2036,IRA_low,2013,13581415.0
p57,2037,IRA_low,2007,13794936.0
p57,2037,IRA_low,2008,13792652.0
p57,2037,IRA_low,2009,13796038.0
p57,2037,IRA_low,2010,13818394.0
p57,2037,IRA_low,2011,13828026.0
p57,2037,IRA_low,2012,13773178.0
p57,2037,IRA_low,2013,13808301.0
p57,2038,IRA_low,2007,14020836.0
p57,2038,IRA_low,2008,14018518.0
p57,2038,IRA_low,2009,14022338.0
p57,2038,IRA_low,2010,14046104.0
p57,2038,IRA_low,2011,14056822.0
p57,2038,IRA_low,2012,13998019.0
p57,2038,IRA_low,2013,14035331.0
p57,2039,IRA_low,2007,14246744.0
p57,2039,IRA_low,2008,14244373.0
p57,2039,IRA_low,2009,14248380.0
p57,2039,IRA_low,2010,14273809.0
p57,2039,IRA_low,2011,14285704.0
p57,2039,IRA_low,2012,14222877.0
p57,2039,IRA_low,2013,14262282.0
p57,2040,IRA_low,2007,14472613.0
p57,2040,IRA_low,2008,14470278.0
p57,2040,IRA_low,2009,14474567.0
p57,2040,IRA_low,2010,14501376.0
p57,2040,IRA_low,2011,14514532.0
p57,2040,IRA_low,2012,14447673.0
p57,2040,IRA_low,2013,14489134.0
p57,2041,IRA_low,2007,14690853.0
p57,2041,IRA_low,2008,14688678.0
p57,2041,IRA_low,2009,14693358.0
p57,2041,IRA_low,2010,14721157.0
p57,2041,IRA_low,2011,14735574.0
p57,2041,IRA_low,2012,14665859.0
p57,2041,IRA_low,2013,14708331.0
p57,2042,IRA_low,2007,14909134.0
p57,2042,IRA_low,2008,14906914.0
p57,2042,IRA_low,2009,14912051.0
p57,2042,IRA_low,2010,14940869.0
p57,2042,IRA_low,2011,14956601.0
p57,2042,IRA_low,2012,14883992.0
p57,2042,IRA_low,2013,14927626.0
p57,2043,IRA_low,2007,15127414.0
p57,2043,IRA_low,2008,15125485.0
p57,2043,IRA_low,2009,15130822.0
p57,2043,IRA_low,2010,15160526.0
p57,2043,IRA_low,2011,15177678.0
p57,2043,IRA_low,2012,15102278.0
p57,2043,IRA_low,2013,15146696.0
p57,2044,IRA_low,2007,15345684.0
p57,2044,IRA_low,2008,15344010.0
p57,2044,IRA_low,2009,15349604.0
p57,2044,IRA_low,2010,15380219.0
p57,2044,IRA_low,2011,15398921.0
p57,2044,IRA_low,2012,15320447.0
p57,2044,IRA_low,2013,15365793.0
p57,2045,IRA_low,2007,15563941.0
p57,2045,IRA_low,2008,15562374.0
p57,2045,IRA_low,2009,15568255.0
p57,2045,IRA_low,2010,15599996.0
p57,2045,IRA_low,2011,15619759.0
p57,2045,IRA_low,2012,15538542.0
p57,2045,IRA_low,2013,15585015.0
p57,2046,IRA_low,2007,15776557.0
p57,2046,IRA_low,2008,15775393.0
p57,2046,IRA_low,2009,15781750.0
p57,2046,IRA_low,2010,15814184.0
p57,2046,IRA_low,2011,15835709.0
p57,2046,IRA_low,2012,15751690.0
p57,2046,IRA_low,2013,15798609.0
p57,2047,IRA_low,2007,15989231.0
p57,2047,IRA_low,2008,15988307.0
p57,2047,IRA_low,2009,15995064.0
p57,2047,IRA_low,2010,16028294.0
p57,2047,IRA_low,2011,16051650.0
p57,2047,IRA_low,2012,15964809.0
p57,2047,IRA_low,2013,16012263.0
p57,2048,IRA_low,2007,16201927.0
p57,2048,IRA_low,2008,16201346.0
p57,2048,IRA_low,2009,16208377.0
p57,2048,IRA_low,2010,16242421.0
p57,2048,IRA_low,2011,16267618.0
p57,2048,IRA_low,2012,16177974.0
p57,2048,IRA_low,2013,16225839.0
p57,2049,IRA_low,2007,16414564.0
p57,2049,IRA_low,2008,16414269.0
p57,2049,IRA_low,2009,16421653.0
p57,2049,IRA_low,2010,16456591.0
p57,2049,IRA_low,2011,16483503.0
p57,2049,IRA_low,2012,16391160.0
p57,2049,IRA_low,2013,16439414.0
p57,2050,IRA_low,2007,16627139.0
p57,2050,IRA_low,2008,16627214.0
p57,2050,IRA_low,2009,16635050.0
p57,2050,IRA_low,2010,16670611.0
p57,2050,IRA_low,2011,16699349.0
p57,2050,IRA_low,2012,16604332.0
p57,2050,IRA_low,2013,16653076.0
p58,2020,IRA_low,2007,110759262.12
p58,2020,IRA_low,2008,110756713.36
p58,2020,IRA_low,2009,110755258.29
p58,2020,IRA_low,2010,110755349.69
p58,2020,IRA_low,2011,110757025.39
p58,2020,IRA_low,2012,110758715.81
p58,2020,IRA_low,2013,110755489.42
p58,2021,IRA_low,2007,83703834.0
p58,2021,IRA_low,2008,83703868.0
p58,2021,IRA_low,2009,83703850.0
p58,2021,IRA_low,2010,83703828.0
p58,2021,IRA_low,2011,83703837.0
p58,2021,IRA_low,2012,83703901.0
p58,2021,IRA_low,2013,83703852.0
p58,2022,IRA_low,2007,86853648.0
p58,2022,IRA_low,2008,86853611.0
p58,2022,IRA_low,2009,86853649.0
p58,2022,IRA_low,2010,86853645.0
p58,2022,IRA_low,2011,86853645.0
p58,2022,IRA_low,2012,86853668.0
p58,2022,IRA_low,2013,86853660.0
p58,2023,IRA_low,2007,85231961.0
p58,2023,IRA_low,2008,85232005.0
p58,2023,IRA_low,2009,85232017.0
p58,2023,IRA_low,2010,85231977.0
p58,2023,IRA_low,2011,85231929.0
p58,2023,IRA_low,2012,85231977.0
p58,2023,IRA_low,2013,85231968.0
p58,2024,IRA_low,2007,84219439.0
p58,2024,IRA_low,2008,84219495.0
p58,2024,IRA_low,2009,84219444.0
p58,2024,IRA_low,2010,84219442.0
p58,2024,IRA_low,2011,84219473.0
p58,2024,IRA_low,2012,84219431.0
p58,2024,IRA_low,2013,84219433.0
p58,2025,IRA_low,2007,84883150.0
p58,2025,IRA_low,2008,84882746.0
p58,2025,IRA_low,2009,84882758.0
p58,2025,IRA_low,2010,84910550.0
p58,2025,IRA_low,2011,84895094.0
p58,2025,IRA_low,2012,84870567.0
p58,2025,IRA_low,2013,84887170.0
p58,2026,IRA_low,2007,85514837.0
p58,2026,IRA_low,2008,85515766.0
p58,2026,IRA_low,2009,85512271.0
p58,2026,IRA_low,2010,85548731.0
p58,2026,IRA_low,2011,85527486.0
p58,2026,IRA_low,2012,85495485.0
p58,2026,IRA_low,2013,85522236.0
p58,2027,IRA_low,2007,86146561.0
p58,2027,IRA_low,2008,86148789.0
p58,2027,IRA_low,2009,86141813.0
p58,2027,IRA_low,2010,86186912.0
p58,2027,IRA_low,2011,86159883.0
p58,2027,IRA_low,2012,86120373.0
p58,2027,IRA_low,2013,86157267.0
p58,2028,IRA_low,2007,86778185.0
p58,2028,IRA_low,2008,86781853.0
p58,2028,IRA_low,2009,86771381.0
p58,2028,IRA_low,2010,86825069.0
p58,2028,IRA_low,2011,86792209.0
p58,2028,IRA_low,2012,86745256.0
p58,2028,IRA_low,2013,86792352.0
p58,2029,IRA_low,2007,87409953.0
p58,2029,IRA_low,2008,87414878.0
p58,2029,IRA_low,2009,87400954.0
p58,2029,IRA_low,2010,87463315.0
p58,2029,IRA_low,2011,87424616.0
p58,2029,IRA_low,2012,87370178.0
p58,2029,IRA_low,2013,87427406.0
p58,2030,IRA_low,2007,88041673.0
p58,2030,IRA_low,2008,88047971.0
p58,2030,IRA_low,2009,88030481.0
p58,2030,IRA_low,2010,88101487.0
p58,2030,IRA_low,2011,88056973.0
p58,2030,IRA_low,2012,87995022.0
p58,2030,IRA_low,2013,88062428.0
p58,2031,IRA_low,2007,88960180.0
p58,2031,IRA_low,2008,88968352.0
p58,2031,IRA_low,2009,88947880.0
p58,2031,IRA_low,2010,89025895.0
p58,2031,IRA_low,2011,88976091.0
p58,2031,IRA_low,2012,88908128.0
p58,2031,IRA_low,2013,88984397.0
p58,2032,IRA_low,2007,89878810.0
p58,2032,IRA_low,2008,89888735.0
p58,2032,IRA_low,2009,89865223.0
p58,2032,IRA_low,2010,89950336.0
p58,2032,IRA_low,2011,89895141.0
p58,2032,IRA_low,2012,89821333.0
p58,2032,IRA_low,2013,89906395.0
p58,2033,IRA_low,2007,90797402.0
p58,2033,IRA_low,2008,90809206.0
p58,2033,IRA_low,2009,90782740.0
p58,2033,IRA_low,2010,90874668.0
p58,2033,IRA_low,2011,90814241.0
p58,2033,IRA_low,2012,90734429.0
p58,2033,IRA_low,2013,90828305.0
p58,2034,IRA_low,2007,91715947.0
p58,2034,IRA_low,2008,91729612.0
p58,2034,IRA_low,2009,91700093.0
p58,2034,IRA_low,2010,91799103.0
p58,2034,IRA_low,2011,91733363.0
p58,2034,IRA_low,2012,91647574.0
p58,2034,IRA_low,2013,91750390.0
p58,2035,IRA_low,2007,92634470.0
p58,2035,IRA_low,2008,92650030.0
p58,2035,IRA_low,2009,92617477.0
p58,2035,IRA_low,2010,92723430.0
p58,2035,IRA_low,2011,92652389.0
p58,2035,IRA_low,2012,92560689.0
p58,2035,IRA_low,2013,92672276.0
p58,2036,IRA_low,2007,93704494.0
p58,2036,IRA_low,2008,93721011.0
p58,2036,IRA_low,2009,93686830.0
p58,2036,IRA_low,2010,93796032.0
p58,2036,IRA_low,2011,93722228.0
p58,2036,IRA_low,2012,93627410.0
p58,2036,IRA_low,2013,93744308.0
p58,2037,IRA_low,2007,94774446.0
p58,2037,IRA_low,2008,94792009.0
p58,2037,IRA_low,2009,94756158.0
p58,2037,IRA_low,2010,94868499.0
p58,2037,IRA_low,2011,94792048.0
p58,2037,IRA_low,2012,94694094.0
p58,2037,IRA_low,2013,94816226.0
p58,2038,IRA_low,2007,95844372.0
p58,2038,IRA_low,2008,95862986.0
p58,2038,IRA_low,2009,95825595.0
p58,2038,IRA_low,2010,95940961.0
p58,2038,IRA_low,2011,95861784.0
p58,2038,IRA_low,2012,95760806.0
p58,2038,IRA_low,2013,95888329.0
p58,2039,IRA_low,2007,96914353.0
p58,2039,IRA_low,2008,96934038.0
p58,2039,IRA_low,2009,96894928.0
p58,2039,IRA_low,2010,97013503.0
p58,2039,IRA_low,2011,96931684.0
p58,2039,IRA_low,2012,96827533.0
p58,2039,IRA_low,2013,96960307.0
p58,2040,IRA_low,2007,97984236.0
p58,2040,IRA_low,2008,98005110.0
p58,2040,IRA_low,2009,97964226.0
p58,2040,IRA_low,2010,98085955.0
p58,2040,IRA_low,2011,98001455.0
p58,2040,IRA_low,2012,97894114.0
p58,2040,IRA_low,2013,98032252.0
p58,2041,IRA_low,2007,99144275.0
p58,2041,IRA_low,2008,99163923.0
p58,2041,IRA_low,2009,99124793.0
p58,2041,IRA_low,2010,99253791.0
p58,2041,IRA_low,2011,99165362.0
p58,2041,IRA_low,2012,99051089.0
p58,2041,IRA_low,2013,99192533.0
p58,2042,IRA_low,2007,100304273.0
p58,2042,IRA_low,2008,100322730.0
p58,2042,IRA_low,2009,100285337.0
p58,2042,IRA_low,2010,100421641.0
p58,2042,IRA_low,2011,100329225.0
p58,2042,IRA_low,2012,100207924.0
p58,2042,IRA_low,2013,100352740.0
p58,2043,IRA_low,2007,101464218.0
p58,2043,IRA_low,2008,101481653.0
p58,2043,IRA_low,2009,101445825.0
p58,2043,IRA_low,2010,101589383.0
p58,2043,IRA_low,2011,101492942.0
p58,2043,IRA_low,2012,101364783.0
p58,2043,IRA_low,2013,101513029.0
p58,2044,IRA_low,2007,102624283.0
p58,2044,IRA_low,2008,102640536.0
p58,2044,IRA_low,2009,102606275.0
p58,2044,IRA_low,2010,102757205.0
p58,2044,IRA_low,2011,102656876.0
p58,2044,IRA_low,2012,102521670.0
p58,2044,IRA_low,2013,102673286.0
p58,2045,IRA_low,2007,103784209.0
p58,2045,IRA_low,2008,103799303.0
p58,2045,IRA_low,2009,103766864.0
p58,2045,IRA_low,2010,103925024.0
p58,2045,IRA_low,2011,103820705.0
p58,2045,IRA_low,2012,103678565.0
p58,2045,IRA_low,2013,103833577.0
p58,2046,IRA_low,2007,104756110.0
p58,2046,IRA_low,2008,104769169.0
p58,2046,IRA_low,2009,104739315.0
p58,2046,IRA_low,2010,104899225.0
p58,2046,IRA_low,2011,104794935.0
p58,2046,IRA_low,2012,104650602.0
p58,2046,IRA_low,2013,104803841.0
p58,2047,IRA_low,2007,105727883.0
p58,2047,IRA_low,2008,105738933.0
p58,2047,IRA_low,2009,105711855.0
p58,2047,IRA_low,2010,105873545.0
p58,2047,IRA_low,2011,105769239.0
p58,2047,IRA_low,2012,105622551.0
p58,2047,IRA_low,2013,105774153.0
p58,2048,IRA_low,2007,106699659.0
p58,2048,IRA_low,2008,106708849.0
p58,2048,IRA_low,2009,106684417.0
p58,2048,IRA_low,2010,106847893.0
p58,2048,IRA_low,2011,106743469.0
p58,2048,IRA_low,2012,106594530.0
p58,2048,IRA_low,2013,106744509.0
p58,2049,IRA_low,2007,107671482.0
p58,2049,IRA_low,2008,107678592.0
p58,2049,IRA_low,2009,107656753.0
p58,2049,IRA_low,2010,107822096.0
p58,2049,IRA_low,2011,107717722.0
p58,2049,IRA_low,2012,107566644.0
p58,2049,IRA_low,2013,107714856.0
p58,2050,IRA_low,2007,108643359.0
p58,2050,IRA_low,2008,108648417.0
p58,2050,IRA_low,2009,108629275.0
p58,2050,IRA_low,2010,108796456.0
p58,2050,IRA_low,2011,108691966.0
p58,2050,IRA_low,2012,108538657.0
p58,2050,IRA_low,2013,108685157.0
p59,2020,IRA_low,2007,16928215.79
p59,2020,IRA_low,2008,16928313.82
p59,2020,IRA_low,2009,16928644.94
p59,2020,IRA_low,2010,16928276.76
p59,2020,IRA_low,2011,16927362.29
p59,2020,IRA_low,2012,16929074.08
p59,2020,IRA_low,2013,16928103.43
p59,2021,IRA_low,2007,7930875.0
p59,2021,IRA_low,2008,7930825.0
p59,2021,IRA_low,2009,7930809.0
p59,2021,IRA_low,2010,7930857.0
p59,2021,IRA_low,2011,7930856.0
p59,2021,IRA_low,2012,7930868.0
p59,2021,IRA_low,2013,7930894.0
p59,2022,IRA_low,2007,8639569.0
p59,2022,IRA_low,2008,8639499.0
p59,2022,IRA_low,2009,8639549.0
p59,2022,IRA_low,2010,8639579.0
p59,2022,IRA_low,2011,8639495.0
p59,2022,IRA_low,2012,8639428.0
p59,2022,IRA_low,2013,8639470.0
p59,2023,IRA_low,2007,8970385.0
p59,2023,IRA_low,2008,8970358.0
p59,2023,IRA_low,2009,8970397.0
p59,2023,IRA_low,2010,8970383.0
p59,2023,IRA_low,2011,8970405.0
p59,2023,IRA_low,2012,8970448.0
p59,2023,IRA_low,2013,8970381.0
p59,2024,IRA_low,2007,8856740.0
p59,2024,IRA_low,2008,8856649.0
p59,2024,IRA_low,2009,8856575.0
p59,2024,IRA_low,2010,8856237.0
p59,2024,IRA_low,2011,8856945.0
p59,2024,IRA_low,2012,8856687.0
p59,2024,IRA_low,2013,8856852.0
p59,2025,IRA_low,2007,9090279.0
p59,2025,IRA_low,2008,9090276.0
p59,2025,IRA_low,2009,9090659.0
p59,2025,IRA_low,2010,9092695.0
p59,2025,IRA_low,2011,9095384.0
p59,2025,IRA_low,2012,9089367.0
p59,2025,IRA_low,2013,9092027.0
p59,2026,IRA_low,2007,9368211.0
p59,2026,IRA_low,2008,9367958.0
p59,2026,IRA_low,2009,9368544.0
p59,2026,IRA_low,2010,9372132.0
p59,2026,IRA_low,2011,9375384.0
p59,2026,IRA_low,2012,9365719.0
p59,2026,IRA_low,2013,9370834.0
p59,2027,IRA_low,2007,9646175.0
p59,2027,IRA_low,2008,9645696.0
p59,2027,IRA_low,2009,9646547.0
p59,2027,IRA_low,2010,9651623.0
p59,2027,IRA_low,2011,9655446.0
p59,2027,IRA_low,2012,9641991.0
p59,2027,IRA_low,2013,9649608.0
p59,2028,IRA_low,2007,9924116.0
p59,2028,IRA_low,2008,9923389.0
p59,2028,IRA_low,2009,9924405.0
p59,2028,IRA_low,2010,9931134.0
p59,2028,IRA_low,2011,9935590.0
p59,2028,IRA_low,2012,9918346.0
p59,2028,IRA_low,2013,9928403.0
p59,2029,IRA_low,2007,10202024.0
p59,2029,IRA_low,2008,10201107.0
p59,2029,IRA_low,2009,10202422.0
p59,2029,IRA_low,2010,10210609.0
p59,2029,IRA_low,2011,10215609.0
p59,2029,IRA_low,2012,10194660.0
p59,2029,IRA_low,2013,10207203.0
p59,2030,IRA_low,2007,10479895.0
p59,2030,IRA_low,2008,10478813.0
p59,2030,IRA_low,2009,10480379.0
p59,2030,IRA_low,2010,10490160.0
p59,2030,IRA_low,2011,10495708.0
p59,2030,IRA_low,2012,10471026.0
p59,2030,IRA_low,2013,10485940.0
p59,2031,IRA_low,2007,10732726.0
p59,2031,IRA_low,2008,10731295.0
p59,2031,IRA_low,2009,10733035.0
p59,2031,IRA_low,2010,10744547.0
p59,2031,IRA_low,2011,10750498.0
p59,2031,IRA_low,2012,10721825.0
p59,2031,IRA_low,2013,10739663.0
p59,2032,IRA_low,2007,10985485.0
p59,2032,IRA_low,2008,10983773.0
p59,2032,IRA_low,2009,10985800.0
p59,2032,IRA_low,2010,10998957.0
p59,2032,IRA_low,2011,11005424.0
p59,2032,IRA_low,2012,10972668.0
p59,2032,IRA_low,2013,10993321.0
p59,2033,IRA_low,2007,11238251.0
p59,2033,IRA_low,2008,11236150.0
p59,2033,IRA_low,2009,11238457.0
p59,2033,IRA_low,2010,11253349.0
p59,2033,IRA_low,2011,11260189.0
p59,2033,IRA_low,2012,11223447.0
p59,2033,IRA_low,2013,11246922.0
p59,2034,IRA_low,2007,11490971.0
p59,2034,IRA_low,2008,11488648.0
p59,2034,IRA_low,2009,11491276.0
p59,2034,IRA_low,2010,11507874.0
p59,2034,IRA_low,2011,11515058.0
p59,2034,IRA_low,2012,11474162.0
p59,2034,IRA_low,2013,11500555.0
p59,2035,IRA_low,2007,11743810.0
p59,2035,IRA_low,2008,11741177.0
p59,2035,IRA_low,2009,11743963.0
p59,2035,IRA_low,2010,11762215.0
p59,2035,IRA_low,2011,11769851.0
p59,2035,IRA_low,2012,11724962.0
p59,2035,IRA_low,2013,11754182.0
p59,2036,IRA_low,2007,11957728.0
p59,2036,IRA_low,2008,11954979.0
p59,2036,IRA_low,2009,11958190.0
p59,2036,IRA_low,2010,11977850.0
p59,2036,IRA_low,2011,11986610.0
p59,2036,IRA_low,2012,11937881.0
p59,2036,IRA_low,2013,11969079.0
p59,2037,IRA_low,2007,12171655.0
p59,2037,IRA_low,2008,12168910.0
p59,2037,IRA_low,2009,12172380.0
p59,2037,IRA_low,2010,12193496.0
p59,2037,IRA_low,2011,12203284.0
p59,2037,IRA_low,2012,12150778.0
p59,2037,IRA_low,2013,12184011.0
p59,2038,IRA_low,2007,12385562.0
p59,2038,IRA_low,2008,12382782.0
p59,2038,IRA_low,2009,12386637.0
p59,2038,IRA_low,2010,12409147.0
p59,2038,IRA_low,2011,12420002.0
p59,2038,IRA_low,2012,12363756.0
p59,2038,IRA_low,2013,12399069.0
p59,2039,IRA_low,2007,12599527.0
p59,2039,IRA_low,2008,12596752.0
p59,2039,IRA_low,2009,12600835.0
p59,2039,IRA_low,2010,12624836.0
p59,2039,IRA_low,2011,12636669.0
p59,2039,IRA_low,2012,12576571.0
p59,2039,IRA_low,2013,12613851.0
p59,2040,IRA_low,2007,12813411.0
p59,2040,IRA_low,2008,12810610.0
p59,2040,IRA_low,2009,12815031.0
p59,2040,IRA_low,2010,12840495.0
p59,2040,IRA_low,2011,12853368.0
p59,2040,IRA_low,2012,12789503.0
p59,2040,IRA_low,2013,12828817.0
p59,2041,IRA_low,2007,13020099.0
p59,2041,IRA_low,2008,13017420.0
p59,2041,IRA_low,2009,13022207.0
p59,2041,IRA_low,2010,13048519.0
p59,2041,IRA_low,2011,13062696.0
p59,2041,IRA_low,2012,12996172.0
p59,2041,IRA_low,2013,13036364.0
p59,2042,IRA_low,2007,13226823.0
p59,2042,IRA_low,2008,13224326.0
p59,2042,IRA_low,2009,13229379.0
p59,2042,IRA_low,2010,13256615.0
p59,2042,IRA_low,2011,13272046.0
p59,2042,IRA_low,2012,13202763.0
p59,2042,IRA_low,2013,13243880.0
p59,2043,IRA_low,2007,13433572.0
p59,2043,IRA_low,2008,13431218.0
p59,2043,IRA_low,2009,13436493.0
p59,2043,IRA_low,2010,13464746.0
p59,2043,IRA_low,2011,13481406.0
p59,2043,IRA_low,2012,13409360.0
p59,2043,IRA_low,2013,13451492.0
p59,2044,IRA_low,2007,13640285.0
p59,2044,IRA_low,2008,13638115.0
p59,2044,IRA_low,2009,13643807.0
p59,2044,IRA_low,2010,13672890.0
p59,2044,IRA_low,2011,13690740.0
p59,2044,IRA_low,2012,13615991.0
p59,2044,IRA_low,2013,13658991.0
p59,2045,IRA_low,2007,13847013.0
p59,2045,IRA_low,2008,13844928.0
p59,2045,IRA_low,2009,13850890.0
p59,2045,IRA_low,2010,13880960.0
p59,2045,IRA_low,2011,13900049.0
p59,2045,IRA_low,2012,13822589.0
p59,2045,IRA_low,2013,13866568.0
p59,2046,IRA_low,2007,14048327.0
p59,2046,IRA_low,2008,14046709.0
p59,2046,IRA_low,2009,14052963.0
p59,2046,IRA_low,2010,14083725.0
p59,2046,IRA_low,2011,14104573.0
p59,2046,IRA_low,2012,14024432.0
p59,2046,IRA_low,2013,14068856.0
p59,2047,IRA_low,2007,14249728.0
p59,2047,IRA_low,2008,14248349.0
p59,2047,IRA_low,2009,14254911.0
p59,2047,IRA_low,2010,14286575.0
p59,2047,IRA_low,2011,14309083.0
p59,2047,IRA_low,2012,14226299.0
p59,2047,IRA_low,2013,14271136.0
p59,2048,IRA_low,2007,14451062.0
p59,2048,IRA_low,2008,14450081.0
p59,2048,IRA_low,2009,14457013.0
p59,2048,IRA_low,2010,14489344.0
p59,2048,IRA_low,2011,14513522.0
p59,2048,IRA_low,2012,14428192.0
p59,2048,IRA_low,2013,14473490.0
p59,2049,IRA_low,2007,14652454.0
p59,2049,IRA_low,2008,14651850.0
p59,2049,IRA_low,2009,14659009.0
p59,2049,IRA_low,2010,14692290.0
p59,2049,IRA_low,2011,14717957.0
p59,2049,IRA_low,2012,14630004.0
p59,2049,IRA_low,2013,14675742.0
p59,2050,IRA_low,2007,14853778.0
p59,2050,IRA_low,2008,14853488.0
p59,2050,IRA_low,2009,14861059.0
p59,2050,IRA_low,2010,14895075.0
p59,2050,IRA_low,2011,14922471.0
p59,2050,IRA_low,2012,14831913.0
p59,2050,IRA_low,2013,14878051.0
p6,2020,IRA_low,2007,9005526.39
p6,2020,IRA_low,2008,9004825.68
p6,2020,IRA_low,2009,9005328.1
p6,2020,IRA_low,2010,9005621.08
p6,2020,IRA_low,2011,9004649.67
p6,2020,IRA_low,2012,9005476.26
p6,2020,IRA_low,2013,9005148.74
p6,2021,IRA_low,2007,12218562.0
p6,2021,IRA_low,2008,12218538.0
p6,2021,IRA_low,2009,12218571.0
p6,2021,IRA_low,2010,12218519.0
p6,2021,IRA_low,2011,12218554.0
p6,2021,IRA_low,2012,12218597.0
p6,2021,IRA_low,2013,12218553.0
p6,2022,IRA_low,2007,12717040.0
p6,2022,IRA_low,2008,12716967.0
p6,2022,IRA_low,2009,12716974.0
p6,2022,IRA_low,2010,12716960.0
p6,2022,IRA_low,2011,12716996.0
p6,2022,IRA_low,2012,12716967.0
p6,2022,IRA_low,2013,12716989.0
p6,2023,IRA_low,2007,13125711.0
p6,2023,IRA_low,2008,13125572.0
p6,2023,IRA_low,2009,13125569.0
p6,2023,IRA_low,2010,13125580.0
p6,2023,IRA_low,2011,13125632.0
p6,2023,IRA_low,2012,13125610.0
p6,2023,IRA_low,2013,13125580.0
p6,2024,IRA_low,2007,13311732.0
p6,2024,IRA_low,2008,13311790.0
p6,2024,IRA_low,2009,13311705.0
p6,2024,IRA_low,2010,13311670.0
p6,2024,IRA_low,2011,13311694.0
p6,2024,IRA_low,2012,13311778.0
p6,2024,IRA_low,2013,13311751.0
p6,2025,IRA_low,2007,13582101.0
p6,2025,IRA_low,2008,13582095.0
p6,2025,IRA_low,2009,13582478.0
p6,2025,IRA_low,2010,13581039.0
p6,2025,IRA_low,2011,13581522.0
p6,2025,IRA_low,2012,13582106.0
p6,2025,IRA_low,2013,13582325.0
p6,2026,IRA_low,2007,13934942.0
p6,2026,IRA_low,2008,13935682.0
p6,2026,IRA_low,2009,13935990.0
p6,2026,IRA_low,2010,13932563.0
p6,2026,IRA_low,2011,13934735.0
p6,2026,IRA_low,2012,13934562.0
p6,2026,IRA_low,2013,13935306.0
p6,2027,IRA_low,2007,14287592.0
p6,2027,IRA_low,2008,14289165.0
p6,2027,IRA_low,2009,14289346.0
p6,2027,IRA_low,2010,14283834.0
p6,2027,IRA_low,2011,14287891.0
p6,2027,IRA_low,2012,14286942.0
p6,2027,IRA_low,2013,14288088.0
p6,2028,IRA_low,2007,14640374.0
p6,2028,IRA_low,2008,14642843.0
p6,2028,IRA_low,2009,14642761.0
p6,2028,IRA_low,2010,14635276.0
p6,2028,IRA_low,2011,14641155.0
p6,2028,IRA_low,2012,14639469.0
p6,2028,IRA_low,2013,14641241.0
p6,2029,IRA_low,2007,14992849.0
p6,2029,IRA_low,2008,14996424.0
p6,2029,IRA_low,2009,14996132.0
p6,2029,IRA_low,2010,14986787.0
p6,2029,IRA_low,2011,14994017.0
p6,2029,IRA_low,2012,14991759.0
p6,2029,IRA_low,2013,14994306.0
p6,2030,IRA_low,2007,15345730.0
p6,2030,IRA_low,2008,15349942.0
p6,2030,IRA_low,2009,15349683.0
p6,2030,IRA_low,2010,15338150.0
p6,2030,IRA_low,2011,15347547.0
p6,2030,IRA_low,2012,15344191.0
p6,2030,IRA_low,2013,15347224.0
p6,2031,IRA_low,2007,15648456.0
p6,2031,IRA_low,2008,15654056.0
p6,2031,IRA_low,2009,15653299.0
p6,2031,IRA_low,2010,15639638.0
p6,2031,IRA_low,2011,15651430.0
p6,2031,IRA_low,2012,15646633.0
p6,2031,IRA_low,2013,15650396.0
p6,2032,IRA_low,2007,15951314.0
p6,2032,IRA_low,2008,15958141.0
p6,2032,IRA_low,2009,15956980.0
p6,2032,IRA_low,2010,15941142.0
p6,2032,IRA_low,2011,15955139.0
p6,2032,IRA_low,2012,15948923.0
p6,2032,IRA_low,2013,15953560.0
p6,2033,IRA_low,2007,16254042.0
p6,2033,IRA_low,2008,16262235.0
p6,2033,IRA_low,2009,16260755.0
p6,2033,IRA_low,2010,16242652.0
p6,2033,IRA_low,2011,16258880.0
p6,2033,IRA_low,2012,16251221.0
p6,2033,IRA_low,2013,16256705.0
p6,2034,IRA_low,2007,16556784.0
p6,2034,IRA_low,2008,16566292.0
p6,2034,IRA_low,2009,16564368.0
p6,2034,IRA_low,2010,16544168.0
p6,2034,IRA_low,2011,16562767.0
p6,2034,IRA_low,2012,16553629.0
p6,2034,IRA_low,2013,16559966.0
p6,2035,IRA_low,2007,16859614.0
p6,2035,IRA_low,2008,16870475.0
p6,2035,IRA_low,2009,16868119.0
p6,2035,IRA_low,2010,16845660.0
p6,2035,IRA_low,2011,16866610.0
p6,2035,IRA_low,2012,16855863.0
p6,2035,IRA_low,2013,16863124.0
p6,2036,IRA_low,2007,17098806.0
p6,2036,IRA_low,2008,17110418.0
p6,2036,IRA_low,2009,17107895.0
p6,2036,IRA_low,2010,17083621.0
p6,2036,IRA_low,2011,17106232.0
p6,2036,IRA_low,2012,17094649.0
p6,2036,IRA_low,2013,17102626.0
p6,2037,IRA_low,2007,17337796.0
p6,2037,IRA_low,2008,17350450.0
p6,2037,IRA_low,2009,17347794.0
p6,2037,IRA_low,2010,17321433.0
p6,2037,IRA_low,2011,17345869.0
p6,2037,IRA_low,2012,17333273.0
p6,2037,IRA_low,2013,17342001.0
p6,2038,IRA_low,2007,17576986.0
p6,2038,IRA_low,2008,17590274.0
p6,2038,IRA_low,2009,17587552.0
p6,2038,IRA_low,2010,17559339.0
p6,2038,IRA_low,2011,17585514.0
p6,2038,IRA_low,2012,17571990.0
p6,2038,IRA_low,2013,17581484.0
p6,2039,IRA_low,2007,17816072.0
p6,2039,IRA_low,2008,17830488.0
p6,2039,IRA_low,2009,17827389.0
p6,2039,IRA_low,2010,17797174.0
p6,2039,IRA_low,2011,17825197.0
p6,2039,IRA_low,2012,17810676.0
p6,2039,IRA_low,2013,17820891.0
p6,2040,IRA_low,2007,18055178.0
p6,2040,IRA_low,2008,18070427.0
p6,2040,IRA_low,2009,18067251.0
p6,2040,IRA_low,2010,18035164.0
p6,2040,IRA_low,2011,18064833.0
p6,2040,IRA_low,2012,18048120.0
p6,2040,IRA_low,2013,18060382.0
p6,2041,IRA_low,2007,18282690.0
p6,2041,IRA_low,2008,18298382.0
p6,2041,IRA_low,2009,18295189.0
p6,2041,IRA_low,2010,18261971.0
p6,2041,IRA_low,2011,18292514.0
p6,2041,IRA_low,2012,18276650.0
p6,2041,IRA_low,2013,18288095.0
p6,2042,IRA_low,2007,18510096.0
p6,2042,IRA_low,2008,18526272.0
p6,2042,IRA_low,2009,18523128.0
p6,2042,IRA_low,2010,18488708.0
p6,2042,IRA_low,2011,18520133.0
p6,2042,IRA_low,2012,18503926.0
p6,2042,IRA_low,2013,18515740.0
p6,2043,IRA_low,2007,18737744.0
p6,2043,IRA_low,2008,18754276.0
p6,2043,IRA_low,2009,18751056.0
p6,2043,IRA_low,2010,18715573.0
p6,2043,IRA_low,2011,18747752.0
p6,2043,IRA_low,2012,18731159.0
p6,2043,IRA_low,2013,18743600.0
p6,2044,IRA_low,2007,18965283.0
p6,2044,IRA_low,2008,18982268.0
p6,2044,IRA_low,2009,18978987.0
p6,2044,IRA_low,2010,18942334.0
p6,2044,IRA_low,2011,18975340.0
p6,2044,IRA_low,2012,18958366.0
p6,2044,IRA_low,2013,18971546.0
p6,2045,IRA_low,2007,19192819.0
p6,2045,IRA_low,2008,19210185.0
p6,2045,IRA_low,2009,19207045.0
p6,2045,IRA_low,2010,19169074.0
p6,2045,IRA_low,2011,19202925.0
p6,2045,IRA_low,2012,19185661.0
p6,2045,IRA_low,2013,19199153.0
p6,2046,IRA_low,2007,19404893.0
p6,2046,IRA_low,2008,19422337.0
p6,2046,IRA_low,2009,19419465.0
p6,2046,IRA_low,2010,19380598.0
p6,2046,IRA_low,2011,19414831.0
p6,2046,IRA_low,2012,19397706.0
p6,2046,IRA_low,2013,19411599.0
p6,2047,IRA_low,2007,19617011.0
p6,2047,IRA_low,2008,19634593.0
p6,2047,IRA_low,2009,19631940.0
p6,2047,IRA_low,2010,19592172.0
p6,2047,IRA_low,2011,19626719.0
p6,2047,IRA_low,2012,19609624.0
p6,2047,IRA_low,2013,19624077.0
p6,2048,IRA_low,2007,19829199.0
p6,2048,IRA_low,2008,19846858.0
p6,2048,IRA_low,2009,19844386.0
p6,2048,IRA_low,2010,19803750.0
p6,2048,IRA_low,2011,19838601.0
p6,2048,IRA_low,2012,19821556.0
p6,2048,IRA_low,2013,19836347.0
p6,2049,IRA_low,2007,20041253.0
p6,2049,IRA_low,2008,20059113.0
p6,2049,IRA_low,2009,20056833.0
p6,2049,IRA_low,2010,20015297.0
p6,2049,IRA_low,2011,20050429.0
p6,2049,IRA_low,2012,20033626.0
p6,2049,IRA_low,2013,20048849.0
p6,2050,IRA_low,2007,20253346.0
p6,2050,IRA_low,2008,20271346.0
p6,2050,IRA_low,2009,20269289.0
p6,2050,IRA_low,2010,20226749.0
p6,2050,IRA_low,2011,20262308.0
p6,2050,IRA_low,2012,20245603.0
p6,2050,IRA_low,2013,20261223.0
p60,2020,IRA_low,2007,3982590.73
p60,2020,IRA_low,2008,3982517.81
p60,2020,IRA_low,2009,3982655.28
p60,2020,IRA_low,2010,3982364.81
p60,2020,IRA_low,2011,3982574.0
p60,2020,IRA_low,2012,3982628.99
p60,2020,IRA_low,2013,3982692.34
p60,2021,IRA_low,2007,4467367.0
p60,2021,IRA_low,2008,4467393.0
p60,2021,IRA_low,2009,4467386.0
p60,2021,IRA_low,2010,4467327.0
p60,2021,IRA_low,2011,4467350.0
p60,2021,IRA_low,2012,4467387.0
p60,2021,IRA_low,2013,4467413.0
p60,2022,IRA_low,2007,4866558.0
p60,2022,IRA_low,2008,4866580.0
p60,2022,IRA_low,2009,4866595.0
p60,2022,IRA_low,2010,4866589.0
p60,2022,IRA_low,2011,4866563.0
p60,2022,IRA_low,2012,4866573.0
p60,2022,IRA_low,2013,4866481.0
p60,2023,IRA_low,2007,5052937.0
p60,2023,IRA_low,2008,5052919.0
p60,2023,IRA_low,2009,5052902.0
p60,2023,IRA_low,2010,5052932.0
p60,2023,IRA_low,2011,5052940.0
p60,2023,IRA_low,2012,5052925.0
p60,2023,IRA_low,2013,5052870.0
p60,2024,IRA_low,2007,4988853.0
p60,2024,IRA_low,2008,4988901.0
p60,2024,IRA_low,2009,4988832.0
p60,2024,IRA_low,2010,4988893.0
p60,2024,IRA_low,2011,4988879.0
p60,2024,IRA_low,2012,4988886.0
p60,2024,IRA_low,2013,4988844.0
p60,2025,IRA_low,2007,5201935.0
p60,2025,IRA_low,2008,5202139.0
p60,2025,IRA_low,2009,5202568.0
p60,2025,IRA_low,2010,5204594.0
p60,2025,IRA_low,2011,5206510.0
p60,2025,IRA_low,2012,5201261.0
p60,2025,IRA_low,2013,5203452.0
p60,2026,IRA_low,2007,5455483.0
p60,2026,IRA_low,2008,5455606.0
p60,2026,IRA_low,2009,5456096.0
p60,2026,IRA_low,2010,5459742.0
p60,2026,IRA_low,2011,5462129.0
p60,2026,IRA_low,2012,5453385.0
p60,2026,IRA_low,2013,5457964.0
p60,2027,IRA_low,2007,5709183.0
p60,2027,IRA_low,2008,5709021.0
p60,2027,IRA_low,2009,5709926.0
p60,2027,IRA_low,2010,5714744.0
p60,2027,IRA_low,2011,5717632.0
p60,2027,IRA_low,2012,5705596.0
p60,2027,IRA_low,2013,5712410.0
p60,2028,IRA_low,2007,5962836.0
p60,2028,IRA_low,2008,5962615.0
p60,2028,IRA_low,2009,5963515.0
p60,2028,IRA_low,2010,5969855.0
p60,2028,IRA_low,2011,5973291.0
p60,2028,IRA_low,2012,5957789.0
p60,2028,IRA_low,2013,5966833.0
p60,2029,IRA_low,2007,6216402.0
p60,2029,IRA_low,2008,6216005.0
p60,2029,IRA_low,2009,6217194.0
p60,2029,IRA_low,2010,6224821.0
p60,2029,IRA_low,2011,6228797.0
p60,2029,IRA_low,2012,6209991.0
p60,2029,IRA_low,2013,6221320.0
p60,2030,IRA_low,2007,6470111.0
p60,2030,IRA_low,2008,6469546.0
p60,2030,IRA_low,2009,6470840.0
p60,2030,IRA_low,2010,6480009.0
p60,2030,IRA_low,2011,6484371.0
p60,2030,IRA_low,2012,6462182.0
p60,2030,IRA_low,2013,6475802.0
p60,2031,IRA_low,2007,6700744.0
p60,2031,IRA_low,2008,6699907.0
p60,2031,IRA_low,2009,6701456.0
p60,2031,IRA_low,2010,6712248.0
p60,2031,IRA_low,2011,6716940.0
p60,2031,IRA_low,2012,6691126.0
p60,2031,IRA_low,2013,6707296.0
p60,2032,IRA_low,2007,6931449.0
p60,2032,IRA_low,2008,6930367.0
p60,2032,IRA_low,2009,6932092.0
p60,2032,IRA_low,2010,6944328.0
p60,2032,IRA_low,2011,6949440.0
p60,2032,IRA_low,2012,6920037.0
p60,2032,IRA_low,2013,6938807.0
p60,2033,IRA_low,2007,7162240.0
p60,2033,IRA_low,2008,7160817.0
p60,2033,IRA_low,2009,7162864.0
p60,2033,IRA_low,2010,7176510.0
p60,2033,IRA_low,2011,7182304.0
p60,2033,IRA_low,2012,7148930.0
p60,2033,IRA_low,2013,7170403.0
p60,2034,IRA_low,2007,7392933.0
p60,2034,IRA_low,2008,7391225.0
p60,2034,IRA_low,2009,7393383.0
p60,2034,IRA_low,2010,7408778.0
p60,2034,IRA_low,2011,7414654.0
p60,2034,IRA_low,2012,7377793.0
p60,2034,IRA_low,2013,7401840.0
p60,2035,IRA_low,2007,7623542.0
p60,2035,IRA_low,2008,7621784.0
p60,2035,IRA_low,2009,7624099.0
p60,2035,IRA_low,2010,7640867.0
p60,2035,IRA_low,2011,7647299.0
p60,2035,IRA_low,2012,7606611.0
p60,2035,IRA_low,2013,7633318.0
p60,2036,IRA_low,2007,7818863.0
p60,2036,IRA_low,2008,7816895.0
p60,2036,IRA_low,2009,7819578.0
p60,2036,IRA_low,2010,7837650.0
p60,2036,IRA_low,2011,7844895.0
p60,2036,IRA_low,2012,7800952.0
p60,2036,IRA_low,2013,7829565.0
p60,2037,IRA_low,2007,8014082.0
p60,2037,IRA_low,2008,8012144.0
p60,2037,IRA_low,2009,8015096.0
p60,2037,IRA_low,2010,8034458.0
p60,2037,IRA_low,2011,8042791.0
p60,2037,IRA_low,2012,7995388.0
p60,2037,IRA_low,2013,8025659.0
p60,2038,IRA_low,2007,8209399.0
p60,2038,IRA_low,2008,8207372.0
p60,2038,IRA_low,2009,8210567.0
p60,2038,IRA_low,2010,8231266.0
p60,2038,IRA_low,2011,8240526.0
p60,2038,IRA_low,2012,8189650.0
p60,2038,IRA_low,2013,8221872.0
p60,2039,IRA_low,2007,8404596.0
p60,2039,IRA_low,2008,8402499.0
p60,2039,IRA_low,2009,8405988.0
p60,2039,IRA_low,2010,8427988.0
p60,2039,IRA_low,2011,8438376.0
p60,2039,IRA_low,2012,8383972.0
p60,2039,IRA_low,2013,8418009.0
p60,2040,IRA_low,2007,8599875.0
p60,2040,IRA_low,2008,8597682.0
p60,2040,IRA_low,2009,8601592.0
p60,2040,IRA_low,2010,8624807.0
p60,2040,IRA_low,2011,8636105.0
p60,2040,IRA_low,2012,8578261.0
p60,2040,IRA_low,2013,8614077.0
p60,2041,IRA_low,2007,8788461.0
p60,2041,IRA_low,2008,8786564.0
p60,2041,IRA_low,2009,8790678.0
p60,2041,IRA_low,2010,8814706.0
p60,2041,IRA_low,2011,8827138.0
p60,2041,IRA_low,2012,8766881.0
p60,2041,IRA_low,2013,8803673.0
p60,2042,IRA_low,2007,8977237.0
p60,2042,IRA_low,2008,8975301.0
p60,2042,IRA_low,2009,8979763.0
p60,2042,IRA_low,2010,9004621.0
p60,2042,IRA_low,2011,9018202.0
p60,2042,IRA_low,2012,8955477.0
p60,2042,IRA_low,2013,8993035.0
p60,2043,IRA_low,2007,9165792.0
p60,2043,IRA_low,2008,9164408.0
p60,2043,IRA_low,2009,9168831.0
p60,2043,IRA_low,2010,9194486.0
p60,2043,IRA_low,2011,9209296.0
p60,2043,IRA_low,2012,9144051.0
p60,2043,IRA_low,2013,9182459.0
p60,2044,IRA_low,2007,9354516.0
p60,2044,IRA_low,2008,9352998.0
p60,2044,IRA_low,2009,9357933.0
p60,2044,IRA_low,2010,9384411.0
p60,2044,IRA_low,2011,9400349.0
p60,2044,IRA_low,2012,9332715.0
p60,2044,IRA_low,2013,9371900.0
p60,2045,IRA_low,2007,9543187.0
p60,2045,IRA_low,2008,9541799.0
p60,2045,IRA_low,2009,9547003.0
p60,2045,IRA_low,2010,9574316.0
p60,2045,IRA_low,2011,9591525.0
p60,2045,IRA_low,2012,9521244.0
p60,2045,IRA_low,2013,9561362.0
p60,2046,IRA_low,2007,9726950.0
p60,2046,IRA_low,2008,9725859.0
p60,2046,IRA_low,2009,9731396.0
p60,2046,IRA_low,2010,9759395.0
p60,2046,IRA_low,2011,9778051.0
p60,2046,IRA_low,2012,9705514.0
p60,2046,IRA_low,2013,9745955.0
p60,2047,IRA_low,2007,9910707.0
p60,2047,IRA_low,2008,9909964.0
p60,2047,IRA_low,2009,9915733.0
p60,2047,IRA_low,2010,9944508.0
p60,2047,IRA_low,2011,9964649.0
p60,2047,IRA_low,2012,9889738.0
p60,2047,IRA_low,2013,9930621.0
p60,2048,IRA_low,2007,10094666.0
p60,2048,IRA_low,2008,10094038.0
p60,2048,IRA_low,2009,10100173.0
p60,2048,IRA_low,2010,10129564.0
p60,2048,IRA_low,2011,10151241.0
p60,2048,IRA_low,2012,10074009.0
p60,2048,IRA_low,2013,10115226.0
p60,2049,IRA_low,2007,10278252.0
p60,2049,IRA_low,2008,10278069.0
p60,2049,IRA_low,2009,10284566.0
p60,2049,IRA_low,2010,10314655.0
p60,2049,IRA_low,2011,10337885.0
p60,2049,IRA_low,2012,10258207.0
p60,2049,IRA_low,2013,10299904.0
p60,2050,IRA_low,2007,10462064.0
p60,2050,IRA_low,2008,10462184.0
p60,2050,IRA_low,2009,10468949.0
p60,2050,IRA_low,2010,10499861.0
p60,2050,IRA_low,2011,10524578.0
p60,2050,IRA_low,2012,10442375.0
p60,2050,IRA_low,2013,10484417.0
p61,2020,IRA_low,2007,8100977.97
p61,2020,IRA_low,2008,8100913.42
p61,2020,IRA_low,2009,8101205.09
p61,2020,IRA_low,2010,8100693.47
p61,2020,IRA_low,2011,8100890.71
p61,2020,IRA_low,2012,8101116.63
p61,2020,IRA_low,2013,8101080.77
p61,2021,IRA_low,2007,10069353.0
p61,2021,IRA_low,2008,10069419.0
p61,2021,IRA_low,2009,10069376.0
p61,2021,IRA_low,2010,10069387.0
p61,2021,IRA_low,2011,10069444.0
p61,2021,IRA_low,2012,10069386.0
p61,2021,IRA_low,2013,10069389.0
p61,2022,IRA_low,2007,10969082.0
p61,2022,IRA_low,2008,10969100.0
p61,2022,IRA_low,2009,10969127.0
p61,2022,IRA_low,2010,10969154.0
p61,2022,IRA_low,2011,10969150.0
p61,2022,IRA_low,2012,10969166.0
p61,2022,IRA_low,2013,10969126.0
p61,2023,IRA_low,2007,11389202.0
p61,2023,IRA_low,2008,11389255.0
p61,2023,IRA_low,2009,11389283.0
p61,2023,IRA_low,2010,11389291.0
p61,2023,IRA_low,2011,11389213.0
p61,2023,IRA_low,2012,11389240.0
p61,2023,IRA_low,2013,11389235.0
p61,2024,IRA_low,2007,11244820.0
p61,2024,IRA_low,2008,11244818.0
p61,2024,IRA_low,2009,11244826.0
p61,2024,IRA_low,2010,11244813.0
p61,2024,IRA_low,2011,11244842.0
p61,2024,IRA_low,2012,11244836.0
p61,2024,IRA_low,2013,11244823.0
p61,2025,IRA_low,2007,11503253.0
p61,2025,IRA_low,2008,11503509.0
p61,2025,IRA_low,2009,11503856.0
p61,2025,IRA_low,2010,11506484.0
p61,2025,IRA_low,2011,11508717.0
p61,2025,IRA_low,2012,11502346.0
p61,2025,IRA_low,2013,11505122.0
p61,2026,IRA_low,2007,11810894.0
p61,2026,IRA_low,2008,11810942.0
p61,2026,IRA_low,2009,11811584.0
p61,2026,IRA_low,2010,11815954.0
p61,2026,IRA_low,2011,11818733.0
p61,2026,IRA_low,2012,11808337.0
p61,2026,IRA_low,2013,11813766.0
p61,2027,IRA_low,2007,12118515.0
p61,2027,IRA_low,2008,12118407.0
p61,2027,IRA_low,2009,12119283.0
p61,2027,IRA_low,2010,12125212.0
p61,2027,IRA_low,2011,12128700.0
p61,2027,IRA_low,2012,12114341.0
p61,2027,IRA_low,2013,12122416.0
p61,2028,IRA_low,2007,12426203.0
p61,2028,IRA_low,2008,12425800.0
p61,2028,IRA_low,2009,12426925.0
p61,2028,IRA_low,2010,12434574.0
p61,2028,IRA_low,2011,12438697.0
p61,2028,IRA_low,2012,12420051.0
p61,2028,IRA_low,2013,12431044.0
p61,2029,IRA_low,2007,12733748.0
p61,2029,IRA_low,2008,12733238.0
p61,2029,IRA_low,2009,12734563.0
p61,2029,IRA_low,2010,12743989.0
p61,2029,IRA_low,2011,12748603.0
p61,2029,IRA_low,2012,12725928.0
p61,2029,IRA_low,2013,12739637.0
p61,2030,IRA_low,2007,13041419.0
p61,2030,IRA_low,2008,13040706.0
p61,2030,IRA_low,2009,13042160.0
p61,2030,IRA_low,2010,13053370.0
p61,2030,IRA_low,2011,13058680.0
p61,2030,IRA_low,2012,13031801.0
p61,2030,IRA_low,2013,13048220.0
p61,2031,IRA_low,2007,13321176.0
p61,2031,IRA_low,2008,13320176.0
p61,2031,IRA_low,2009,13321913.0
p61,2031,IRA_low,2010,13335031.0
p61,2031,IRA_low,2011,13340712.0
p61,2031,IRA_low,2012,13309457.0
p61,2031,IRA_low,2013,13329083.0
p61,2032,IRA_low,2007,13601047.0
p61,2032,IRA_low,2008,13599658.0
p61,2032,IRA_low,2009,13601728.0
p61,2032,IRA_low,2010,13616592.0
p61,2032,IRA_low,2011,13622889.0
p61,2032,IRA_low,2012,13587056.0
p61,2032,IRA_low,2013,13609882.0
p61,2033,IRA_low,2007,13880901.0
p61,2033,IRA_low,2008,13879209.0
p61,2033,IRA_low,2009,13881559.0
p61,2033,IRA_low,2010,13898136.0
p61,2033,IRA_low,2011,13904836.0
p61,2033,IRA_low,2012,13864672.0
p61,2033,IRA_low,2013,13890510.0
p61,2034,IRA_low,2007,14160699.0
p61,2034,IRA_low,2008,14158710.0
p61,2034,IRA_low,2009,14161227.0
p61,2034,IRA_low,2010,14179769.0
p61,2034,IRA_low,2011,14186927.0
p61,2034,IRA_low,2012,14142291.0
p61,2034,IRA_low,2013,14171383.0
p61,2035,IRA_low,2007,14440478.0
p61,2035,IRA_low,2008,14438233.0
p61,2035,IRA_low,2009,14440936.0
p61,2035,IRA_low,2010,14461440.0
p61,2035,IRA_low,2011,14469090.0
p61,2035,IRA_low,2012,14419933.0
p61,2035,IRA_low,2013,14452235.0
p61,2036,IRA_low,2007,14677393.0
p61,2036,IRA_low,2008,14674990.0
p61,2036,IRA_low,2009,14678132.0
p61,2036,IRA_low,2010,14700038.0
p61,2036,IRA_low,2011,14708974.0
p61,2036,IRA_low,2012,14655610.0
p61,2036,IRA_low,2013,14690155.0
p61,2037,IRA_low,2007,14914116.0
p61,2037,IRA_low,2008,14911748.0
p61,2037,IRA_low,2009,14915250.0
p61,2037,IRA_low,2010,14938812.0
p61,2037,IRA_low,2011,14948794.0
p61,2037,IRA_low,2012,14891343.0
p61,2037,IRA_low,2013,14928081.0
p61,2038,IRA_low,2007,15150945.0
p61,2038,IRA_low,2008,15148456.0
p61,2038,IRA_low,2009,15152302.0
p61,2038,IRA_low,2010,15177429.0
p61,2038,IRA_low,2011,15188722.0
p61,2038,IRA_low,2012,15126909.0
p61,2038,IRA_low,2013,15166080.0
p61,2039,IRA_low,2007,15387679.0
p61,2039,IRA_low,2008,15385318.0
p61,2039,IRA_low,2009,15389474.0
p61,2039,IRA_low,2010,15416127.0
p61,2039,IRA_low,2011,15428634.0
p61,2039,IRA_low,2012,15362741.0
p61,2039,IRA_low,2013,15403977.0
p61,2040,IRA_low,2007,15624521.0
p61,2040,IRA_low,2008,15622067.0
p61,2040,IRA_low,2009,15626593.0
p61,2040,IRA_low,2010,15654820.0
p61,2040,IRA_low,2011,15668513.0
p61,2040,IRA_low,2012,15598407.0
p61,2040,IRA_low,2013,15641886.0
p61,2041,IRA_low,2007,15853411.0
p61,2041,IRA_low,2008,15851041.0
p61,2041,IRA_low,2009,15855887.0
p61,2041,IRA_low,2010,15885122.0
p61,2041,IRA_low,2011,15900309.0
p61,2041,IRA_low,2012,15827148.0
p61,2041,IRA_low,2013,15871660.0
p61,2042,IRA_low,2007,16082184.0
p61,2042,IRA_low,2008,16080033.0
p61,2042,IRA_low,2009,16085214.0
p61,2042,IRA_low,2010,16115413.0
p61,2042,IRA_low,2011,16132031.0
p61,2042,IRA_low,2012,16055895.0
p61,2042,IRA_low,2013,16101352.0
p61,2043,IRA_low,2007,16310982.0
p61,2043,IRA_low,2008,16309099.0
p61,2043,IRA_low,2009,16314552.0
p61,2043,IRA_low,2010,16345815.0
p61,2043,IRA_low,2011,16363633.0
p61,2043,IRA_low,2012,16284674.0
p61,2043,IRA_low,2013,16331262.0
p61,2044,IRA_low,2007,16539869.0
p61,2044,IRA_low,2008,16537999.0
p61,2044,IRA_low,2009,16543956.0
p61,2044,IRA_low,2010,16576102.0
p61,2044,IRA_low,2011,16595483.0
p61,2044,IRA_low,2012,16513380.0
p61,2044,IRA_low,2013,16560945.0
p61,2045,IRA_low,2007,16768754.0
p61,2045,IRA_low,2008,16767073.0
p61,2045,IRA_low,2009,16773251.0
p61,2045,IRA_low,2010,16806424.0
p61,2045,IRA_low,2011,16827287.0
p61,2045,IRA_low,2012,16742114.0
p61,2045,IRA_low,2013,16790728.0
p61,2046,IRA_low,2007,16991633.0
p61,2046,IRA_low,2008,16990352.0
p61,2046,IRA_low,2009,16996929.0
p61,2046,IRA_low,2010,17030940.0
p61,2046,IRA_low,2011,17053560.0
p61,2046,IRA_low,2012,16965581.0
p61,2046,IRA_low,2013,17014656.0
p61,2047,IRA_low,2007,17214478.0
p61,2047,IRA_low,2008,17213619.0
p61,2047,IRA_low,2009,17220553.0
p61,2047,IRA_low,2010,17255483.0
p61,2047,IRA_low,2011,17279899.0
p61,2047,IRA_low,2012,17189037.0
p61,2047,IRA_low,2013,17238609.0
p61,2048,IRA_low,2007,17437406.0
p61,2048,IRA_low,2008,17436927.0
p61,2048,IRA_low,2009,17444248.0
p61,2048,IRA_low,2010,17480158.0
p61,2048,IRA_low,2011,17506375.0
p61,2048,IRA_low,2012,17412469.0
p61,2048,IRA_low,2013,17462504.0
p61,2049,IRA_low,2007,17660332.0
p61,2049,IRA_low,2008,17660103.0
p61,2049,IRA_low,2009,17668007.0
p61,2049,IRA_low,2010,17704439.0
p61,2049,IRA_low,2011,17732734.0
p61,2049,IRA_low,2012,17635950.0
p61,2049,IRA_low,2013,17686422.0
p61,2050,IRA_low,2007,17883203.0
p61,2050,IRA_low,2008,17883434.0
p61,2050,IRA_low,2009,17891463.0
p61,2050,IRA_low,2010,17928935.0
p61,2050,IRA_low,2011,17959034.0
p61,2050,IRA_low,2012,17859405.0
p61,2050,IRA_low,2013,17910373.0
p62,2020,IRA_low,2007,7793394.42
p62,2020,IRA_low,2008,7793245.0
p62,2020,IRA_low,2009,7793288.03
p62,2020,IRA_low,2010,7792827.81
p62,2020,IRA_low,2011,7793080.04
p62,2020,IRA_low,2012,7793378.88
p62,2020,IRA_low,2013,7793295.21
p62,2021,IRA_low,2007,8546857.0
p62,2021,IRA_low,2008,8546826.0
p62,2021,IRA_low,2009,8546847.0
p62,2021,IRA_low,2010,8546869.0
p62,2021,IRA_low,2011,8546828.0
p62,2021,IRA_low,2012,8546819.0
p62,2021,IRA_low,2013,8546815.0
p62,2022,IRA_low,2007,9310528.0
p62,2022,IRA_low,2008,9310601.0
p62,2022,IRA_low,2009,9310553.0
p62,2022,IRA_low,2010,9310575.0
p62,2022,IRA_low,2011,9310450.0
p62,2022,IRA_low,2012,9310549.0
p62,2022,IRA_low,2013,9310556.0
p62,2023,IRA_low,2007,9667085.0
p62,2023,IRA_low,2008,9667152.0
p62,2023,IRA_low,2009,9667088.0
p62,2023,IRA_low,2010,9667103.0
p62,2023,IRA_low,2011,9667077.0
p62,2023,IRA_low,2012,9667118.0
p62,2023,IRA_low,2013,9667148.0
p62,2024,IRA_low,2007,9544477.0
p62,2024,IRA_low,2008,9544500.0
p62,2024,IRA_low,2009,9544479.0
p62,2024,IRA_low,2010,9544525.0
p62,2024,IRA_low,2011,9544531.0
p62,2024,IRA_low,2012,9544543.0
p62,2024,IRA_low,2013,9544530.0
p62,2025,IRA_low,2007,9921183.0
p62,2025,IRA_low,2008,9921457.0
p62,2025,IRA_low,2009,9922187.0
p62,2025,IRA_low,2010,9925845.0
p62,2025,IRA_low,2011,9929179.0
p62,2025,IRA_low,2012,9919769.0
p62,2025,IRA_low,2013,9923868.0
p62,2026,IRA_low,2007,10369368.0
p62,2026,IRA_low,2008,10369441.0
p62,2026,IRA_low,2009,10370408.0
p62,2026,IRA_low,2010,10376693.0
p62,2026,IRA_low,2011,10380850.0
p62,2026,IRA_low,2012,10365625.0
p62,2026,IRA_low,2013,10373548.0
p62,2027,IRA_low,2007,10817593.0
p62,2027,IRA_low,2008,10817510.0
p62,2027,IRA_low,2009,10818862.0
p62,2027,IRA_low,2010,10827534.0
p62,2027,IRA_low,2011,10832555.0
p62,2027,IRA_low,2012,10811333.0
p62,2027,IRA_low,2013,10823417.0
p62,2028,IRA_low,2007,11265937.0
p62,2028,IRA_low,2008,11265467.0
p62,2028,IRA_low,2009,11267219.0
p62,2028,IRA_low,2010,11278281.0
p62,2028,IRA_low,2011,11284261.0
p62,2028,IRA_low,2012,11257064.0
p62,2028,IRA_low,2013,11273132.0
p62,2029,IRA_low,2007,11714275.0
p62,2029,IRA_low,2008,11713498.0
p62,2029,IRA_low,2009,11715528.0
p62,2029,IRA_low,2010,11729156.0
p62,2029,IRA_low,2011,11736006.0
p62,2029,IRA_low,2012,11702809.0
p62,2029,IRA_low,2013,11722894.0
p62,2030,IRA_low,2007,12162599.0
p62,2030,IRA_low,2008,12161564.0
p62,2030,IRA_low,2009,12163821.0
p62,2030,IRA_low,2010,12180005.0
p62,2030,IRA_low,2011,12187747.0
p62,2030,IRA_low,2012,12148562.0
p62,2030,IRA_low,2013,12172571.0
p62,2031,IRA_low,2007,12570299.0
p62,2031,IRA_low,2008,12568860.0
p62,2031,IRA_low,2009,12571451.0
p62,2031,IRA_low,2010,12590375.0
p62,2031,IRA_low,2011,12598771.0
p62,2031,IRA_low,2012,12553164.0
p62,2031,IRA_low,2013,12581743.0
p62,2032,IRA_low,2007,12978137.0
p62,2032,IRA_low,2008,12976038.0
p62,2032,IRA_low,2009,12979146.0
p62,2032,IRA_low,2010,13000738.0
p62,2032,IRA_low,2011,13009905.0
p62,2032,IRA_low,2012,12957634.0
p62,2032,IRA_low,2013,12991009.0
p62,2033,IRA_low,2007,13385820.0
p62,2033,IRA_low,2008,13383434.0
p62,2033,IRA_low,2009,13386779.0
p62,2033,IRA_low,2010,13411069.0
p62,2033,IRA_low,2011,13421063.0
p62,2033,IRA_low,2012,13362282.0
p62,2033,IRA_low,2013,13400230.0
p62,2034,IRA_low,2007,13793612.0
p62,2034,IRA_low,2008,13790647.0
p62,2034,IRA_low,2009,13794506.0
p62,2034,IRA_low,2010,13821513.0
p62,2034,IRA_low,2011,13831985.0
p62,2034,IRA_low,2012,13766772.0
p62,2034,IRA_low,2013,13809391.0
p62,2035,IRA_low,2007,14201419.0
p62,2035,IRA_low,2008,14198050.0
p62,2035,IRA_low,2009,14202131.0
p62,2035,IRA_low,2010,14231887.0
p62,2035,IRA_low,2011,14242987.0
p62,2035,IRA_low,2012,14171372.0
p62,2035,IRA_low,2013,14218541.0
p62,2036,IRA_low,2007,14546445.0
p62,2036,IRA_low,2008,14542995.0
p62,2036,IRA_low,2009,14547758.0
p62,2036,IRA_low,2010,14579675.0
p62,2036,IRA_low,2011,14592634.0
p62,2036,IRA_low,2012,14514857.0
p62,2036,IRA_low,2013,14565296.0
p62,2037,IRA_low,2007,14891598.0
p62,2037,IRA_low,2008,14888091.0
p62,2037,IRA_low,2009,14893284.0
p62,2037,IRA_low,2010,14927493.0
p62,2037,IRA_low,2011,14942189.0
p62,2037,IRA_low,2012,14858347.0
p62,2037,IRA_low,2013,14912037.0
p62,2038,IRA_low,2007,15236619.0
p62,2038,IRA_low,2008,15233118.0
p62,2038,IRA_low,2009,15238757.0
p62,2038,IRA_low,2010,15275319.0
p62,2038,IRA_low,2011,15291793.0
p62,2038,IRA_low,2012,15201804.0
p62,2038,IRA_low,2013,15258670.0
p62,2039,IRA_low,2007,15581673.0
p62,2039,IRA_low,2008,15578124.0
p62,2039,IRA_low,2009,15584380.0
p62,2039,IRA_low,2010,15623112.0
p62,2039,IRA_low,2011,15641287.0
p62,2039,IRA_low,2012,15545262.0
p62,2039,IRA_low,2013,15605400.0
p62,2040,IRA_low,2007,15926791.0
p62,2040,IRA_low,2008,15923131.0
p62,2040,IRA_low,2009,15929898.0
p62,2040,IRA_low,2010,15970924.0
p62,2040,IRA_low,2011,15990885.0
p62,2040,IRA_low,2012,15888785.0
p62,2040,IRA_low,2013,15952178.0
p62,2041,IRA_low,2007,16260283.0
p62,2041,IRA_low,2008,16256975.0
p62,2041,IRA_low,2009,16264017.0
p62,2041,IRA_low,2010,16306581.0
p62,2041,IRA_low,2011,16328639.0
p62,2041,IRA_low,2012,16222046.0
p62,2041,IRA_low,2013,16286982.0
p62,2042,IRA_low,2007,16593682.0
p62,2042,IRA_low,2008,16590612.0
p62,2042,IRA_low,2009,16598217.0
p62,2042,IRA_low,2010,16642177.0
p62,2042,IRA_low,2011,16666268.0
p62,2042,IRA_low,2012,16555417.0
p62,2042,IRA_low,2013,16621715.0
p62,2043,IRA_low,2007,16927253.0
p62,2043,IRA_low,2008,16924335.0
p62,2043,IRA_low,2009,16932449.0
p62,2043,IRA_low,2010,16977833.0
p62,2043,IRA_low,2011,17004047.0
p62,2043,IRA_low,2012,16888758.0
p62,2043,IRA_low,2013,16956654.0
p62,2044,IRA_low,2007,17260616.0
p62,2044,IRA_low,2008,17258058.0
p62,2044,IRA_low,2009,17266637.0
p62,2044,IRA_low,2010,17313367.0
p62,2044,IRA_low,2011,17341680.0
p62,2044,IRA_low,2012,17222044.0
p62,2044,IRA_low,2013,17291465.0
p62,2045,IRA_low,2007,17594178.0
p62,2045,IRA_low,2008,17591750.0
p62,2045,IRA_low,2009,17600831.0
p62,2045,IRA_low,2010,17649105.0
p62,2045,IRA_low,2011,17679457.0
p62,2045,IRA_low,2012,17555412.0
p62,2045,IRA_low,2013,17626323.0
p62,2046,IRA_low,2007,17918936.0
p62,2046,IRA_low,2008,17917076.0
p62,2046,IRA_low,2009,17926728.0
p62,2046,IRA_low,2010,17976337.0
p62,2046,IRA_low,2011,18009333.0
p62,2046,IRA_low,2012,17880980.0
p62,2046,IRA_low,2013,17952597.0
p62,2047,IRA_low,2007,18243802.0
p62,2047,IRA_low,2008,18242474.0
p62,2047,IRA_low,2009,18252653.0
p62,2047,IRA_low,2010,18303443.0
p62,2047,IRA_low,2011,18339127.0
p62,2047,IRA_low,2012,18206651.0
p62,2047,IRA_low,2013,18278930.0
p62,2048,IRA_low,2007,18568568.0
p62,2048,IRA_low,2008,18567881.0
p62,2048,IRA_low,2009,18578583.0
p62,2048,IRA_low,2010,18630619.0
p62,2048,IRA_low,2011,18669054.0
p62,2048,IRA_low,2012,18532126.0
p62,2048,IRA_low,2013,18605275.0
p62,2049,IRA_low,2007,18893373.0
p62,2049,IRA_low,2008,18893209.0
p62,2049,IRA_low,2009,18904527.0
p62,2049,IRA_low,2010,18957751.0
p62,2049,IRA_low,2011,18998890.0
p62,2049,IRA_low,2012,18857923.0
p62,2049,IRA_low,2013,18931513.0
p62,2050,IRA_low,2007,19218200.0
p62,2050,IRA_low,2008,19218597.0
p62,2050,IRA_low,2009,19230363.0
p62,2050,IRA_low,2010,19284984.0
p62,2050,IRA_low,2011,19328761.0
p62,2050,IRA_low,2012,19183544.0
p62,2050,IRA_low,2013,19257855.0
p63,2020,IRA_low,2007,205482263.56
p63,2020,IRA_low,2008,205480812.37
p63,2020,IRA_low,2009,205485494.68
p63,2020,IRA_low,2010,205475127.14
p63,2020,IRA_low,2011,205481555.9
p63,2020,IRA_low,2012,205484539.57
p63,2020,IRA_low,2013,205485361.99
p63,2021,IRA_low,2007,155963806.0
p63,2021,IRA_low,2008,155963793.0
p63,2021,IRA_low,2009,155963764.0
p63,2021,IRA_low,2010,155963763.0
p63,2021,IRA_low,2011,155963772.0
p63,2021,IRA_low,2012,155963802.0
p63,2021,IRA_low,2013,155963764.0
p63,2022,IRA_low,2007,169899739.0
p63,2022,IRA_low,2008,169899744.0
p63,2022,IRA_low,2009,169899740.0
p63,2022,IRA_low,2010,169899691.0
p63,2022,IRA_low,2011,169899772.0
p63,2022,IRA_low,2012,169899751.0
p63,2022,IRA_low,2013,169899787.0
p63,2023,IRA_low,2007,176406819.0
p63,2023,IRA_low,2008,176406772.0
p63,2023,IRA_low,2009,176406811.0
p63,2023,IRA_low,2010,176406788.0
p63,2023,IRA_low,2011,176406794.0
p63,2023,IRA_low,2012,176406799.0
p63,2023,IRA_low,2013,176406809.0
p63,2024,IRA_low,2007,174169703.0
p63,2024,IRA_low,2008,174169669.0
p63,2024,IRA_low,2009,174169687.0
p63,2024,IRA_low,2010,174169675.0
p63,2024,IRA_low,2011,174169704.0
p63,2024,IRA_low,2012,174169630.0
p63,2024,IRA_low,2013,174169666.0
p63,2025,IRA_low,2007,178619852.0
p63,2025,IRA_low,2008,178622827.0
p63,2025,IRA_low,2009,178631331.0
p63,2025,IRA_low,2010,178674916.0
p63,2025,IRA_low,2011,178713414.0
p63,2025,IRA_low,2012,178603990.0
p63,2025,IRA_low,2013,178651999.0
p63,2026,IRA_low,2007,183915950.0
p63,2026,IRA_low,2008,183915758.0
p63,2026,IRA_low,2009,183928061.0
p63,2026,IRA_low,2010,184001177.0
p63,2026,IRA_low,2011,184050303.0
p63,2026,IRA_low,2012,183870174.0
p63,2026,IRA_low,2013,183965425.0
p63,2027,IRA_low,2007,189212083.0
p63,2027,IRA_low,2008,189208582.0
p63,2027,IRA_low,2009,189224755.0
p63,2027,IRA_low,2010,189327398.0
p63,2027,IRA_low,2011,189386949.0
p63,2027,IRA_low,2012,189136274.0
p63,2027,IRA_low,2013,189278798.0
p63,2028,IRA_low,2007,194508178.0
p63,2028,IRA_low,2008,194501554.0
p63,2028,IRA_low,2009,194521480.0
p63,2028,IRA_low,2010,194653614.0
p63,2028,IRA_low,2011,194723761.0
p63,2028,IRA_low,2012,194402562.0
p63,2028,IRA_low,2013,194592232.0
p63,2029,IRA_low,2007,199804265.0
p63,2029,IRA_low,2008,199794383.0
p63,2029,IRA_low,2009,199818219.0
p63,2029,IRA_low,2010,199979854.0
p63,2029,IRA_low,2011,200060557.0
p63,2029,IRA_low,2012,199668742.0
p63,2029,IRA_low,2013,199905735.0
p63,2030,IRA_low,2007,205100337.0
p63,2030,IRA_low,2008,205087227.0
p63,2030,IRA_low,2009,205114963.0
p63,2030,IRA_low,2010,205306050.0
p63,2030,IRA_low,2011,205397339.0
p63,2030,IRA_low,2012,204934908.0
p63,2030,IRA_low,2013,205219122.0
p63,2031,IRA_low,2007,209917681.0
p63,2031,IRA_low,2008,209899194.0
p63,2031,IRA_low,2009,209931285.0
p63,2031,IRA_low,2010,210154254.0
p63,2031,IRA_low,2011,210253689.0
p63,2031,IRA_low,2012,209714362.0
p63,2031,IRA_low,2013,210053439.0
p63,2032,IRA_low,2007,214735101.0
p63,2032,IRA_low,2008,214711072.0
p63,2032,IRA_low,2009,214747467.0
p63,2032,IRA_low,2010,215002425.0
p63,2032,IRA_low,2011,215110059.0
p63,2032,IRA_low,2012,214493991.0
p63,2032,IRA_low,2013,214887639.0
p63,2033,IRA_low,2007,219552551.0
p63,2033,IRA_low,2008,219522981.0
p63,2033,IRA_low,2009,219563710.0
p63,2033,IRA_low,2010,219850647.0
p63,2033,IRA_low,2011,219966471.0
p63,2033,IRA_low,2012,219273591.0
p63,2033,IRA_low,2013,219721970.0
p63,2034,IRA_low,2007,224369896.0
p63,2034,IRA_low,2008,224334983.0
p63,2034,IRA_low,2009,224380004.0
p63,2034,IRA_low,2010,224698815.0
p63,2034,IRA_low,2011,224822827.0
p63,2034,IRA_low,2012,224053119.0
p63,2034,IRA_low,2013,224556130.0
p63,2035,IRA_low,2007,229187380.0
p63,2035,IRA_low,2008,229146889.0
p63,2035,IRA_low,2009,229196318.0
p63,2035,IRA_low,2010,229546982.0
p63,2035,IRA_low,2011,229679248.0
p63,2035,IRA_low,2012,228832653.0
p63,2035,IRA_low,2013,229390383.0
p63,2036,IRA_low,2007,233264226.0
p63,2036,IRA_low,2008,233223265.0
p63,2036,IRA_low,2009,233278529.0
p63,2036,IRA_low,2010,233656158.0
p63,2036,IRA_low,2011,233809130.0
p63,2036,IRA_low,2012,232890590.0
p63,2036,IRA_low,2013,233486593.0
p63,2037,IRA_low,2007,237341072.0
p63,2037,IRA_low,2008,237299508.0
p63,2037,IRA_low,2009,237360772.0
p63,2037,IRA_low,2010,237765273.0
p63,2037,IRA_low,2011,237939070.0
p63,2037,IRA_low,2012,236948465.0
p63,2037,IRA_low,2013,237582770.0
p63,2038,IRA_low,2007,241417977.0
p63,2038,IRA_low,2008,241375800.0
p63,2038,IRA_low,2009,241443039.0
p63,2038,IRA_low,2010,241874327.0
p63,2038,IRA_low,2011,242069028.0
p63,2038,IRA_low,2012,241006251.0
p63,2038,IRA_low,2013,241678918.0
p63,2039,IRA_low,2007,245494911.0
p63,2039,IRA_low,2008,245452174.0
p63,2039,IRA_low,2009,245525342.0
p63,2039,IRA_low,2010,245983492.0
p63,2039,IRA_low,2011,246198841.0
p63,2039,IRA_low,2012,245064163.0
p63,2039,IRA_low,2013,245775061.0
p63,2040,IRA_low,2007,249571818.0
p63,2040,IRA_low,2008,249528474.0
p63,2040,IRA_low,2009,249607550.0
p63,2040,IRA_low,2010,250092534.0
p63,2040,IRA_low,2011,250328857.0
p63,2040,IRA_low,2012,249121999.0
p63,2040,IRA_low,2013,249871297.0
p63,2041,IRA_low,2007,253511472.0
p63,2041,IRA_low,2008,253471010.0
p63,2041,IRA_low,2009,253555937.0
p63,2041,IRA_low,2010,254057933.0
p63,2041,IRA_low,2011,254318432.0
p63,2041,IRA_low,2012,253059940.0
p63,2041,IRA_low,2013,253827048.0
p63,2042,IRA_low,2007,257451122.0
p63,2042,IRA_low,2008,257413539.0
p63,2042,IRA_low,2009,257504223.0
p63,2042,IRA_low,2010,258023332.0
p63,2042,IRA_low,2011,258308257.0
p63,2042,IRA_low,2012,256998023.0
p63,2042,IRA_low,2013,257782695.0
p63,2043,IRA_low,2007,261390770.0
p63,2043,IRA_low,2008,261356166.0
p63,2043,IRA_low,2009,261452586.0
p63,2043,IRA_low,2010,261988690.0
p63,2043,IRA_low,2011,262297947.0
p63,2043,IRA_low,2012,260935901.0
p63,2043,IRA_low,2013,261738447.0
p63,2044,IRA_low,2007,265330501.0
p63,2044,IRA_low,2008,265298711.0
p63,2044,IRA_low,2009,265400984.0
p63,2044,IRA_low,2010,265953990.0
p63,2044,IRA_low,2011,266287674.0
p63,2044,IRA_low,2012,264873763.0
p63,2044,IRA_low,2013,265694089.0
p63,2045,IRA_low,2007,269270198.0
p63,2045,IRA_low,2008,269241245.0
p63,2045,IRA_low,2009,269349315.0
p63,2045,IRA_low,2010,269919354.0
p63,2045,IRA_low,2011,270277478.0
p63,2045,IRA_low,2012,268811791.0
p63,2045,IRA_low,2013,269649906.0
p63,2046,IRA_low,2007,273107646.0
p63,2046,IRA_low,2008,273085116.0
p63,2046,IRA_low,2009,273199693.0
p63,2046,IRA_low,2010,273784550.0
p63,2046,IRA_low,2011,274174522.0
p63,2046,IRA_low,2012,272658847.0
p63,2046,IRA_low,2013,273505180.0
p63,2047,IRA_low,2007,276945154.0
p63,2047,IRA_low,2008,276929105.0
p63,2047,IRA_low,2009,277050104.0
p63,2047,IRA_low,2010,277649714.0
p63,2047,IRA_low,2011,278071701.0
p63,2047,IRA_low,2012,276505905.0
p63,2047,IRA_low,2013,277360489.0
p63,2048,IRA_low,2007,280782781.0
p63,2048,IRA_low,2008,280773067.0
p63,2048,IRA_low,2009,280900531.0
p63,2048,IRA_low,2010,281514858.0
p63,2048,IRA_low,2011,281968753.0
p63,2048,IRA_low,2012,280352916.0
p63,2048,IRA_low,2013,281215751.0
p63,2049,IRA_low,2007,284620242.0
p63,2049,IRA_low,2008,284616941.0
p63,2049,IRA_low,2009,284751047.0
p63,2049,IRA_low,2010,285380114.0
p63,2049,IRA_low,2011,285865880.0
p63,2049,IRA_low,2012,284199970.0
p63,2049,IRA_low,2013,285071124.0
p63,2050,IRA_low,2007,288457691.0
p63,2050,IRA_low,2008,288460870.0
p63,2050,IRA_low,2009,288601356.0
p63,2050,IRA_low,2010,289245255.0
p63,2050,IRA_low,2011,289763024.0
p63,2050,IRA_low,2012,288047003.0
p63,2050,IRA_low,2013,288926413.0
p64,2020,IRA_low,2007,72944464.74
p64,2020,IRA_low,2008,72943761.86
p64,2020,IRA_low,2009,72945529.82
p64,2020,IRA_low,2010,72941644.84
p64,2020,IRA_low,2011,72944164.7
p64,2020,IRA_low,2012,72945195.12
p64,2020,IRA_low,2013,72945467.66
p64,2021,IRA_low,2007,46698971.0
p64,2021,IRA_low,2008,46698959.0
p64,2021,IRA_low,2009,46698940.0
p64,2021,IRA_low,2010,46698901.0
p64,2021,IRA_low,2011,46698950.0
p64,2021,IRA_low,2012,46698962.0
p64,2021,IRA_low,2013,46698948.0
p64,2022,IRA_low,2007,50871666.0
p64,2022,IRA_low,2008,50871599.0
p64,2022,IRA_low,2009,50871696.0
p64,2022,IRA_low,2010,50871654.0
p64,2022,IRA_low,2011,50871667.0
p64,2022,IRA_low,2012,50871674.0
p64,2022,IRA_low,2013,50871687.0
p64,2023,IRA_low,2007,52820054.0
p64,2023,IRA_low,2008,52819992.0
p64,2023,IRA_low,2009,52820006.0
p64,2023,IRA_low,2010,52820042.0
p64,2023,IRA_low,2011,52820093.0
p64,2023,IRA_low,2012,52820051.0
p64,2023,IRA_low,2013,52820018.0
p64,2024,IRA_low,2007,52150177.0
p64,2024,IRA_low,2008,52150188.0
p64,2024,IRA_low,2009,52150199.0
p64,2024,IRA_low,2010,52150251.0
p64,2024,IRA_low,2011,52150207.0
p64,2024,IRA_low,2012,52150192.0
p64,2024,IRA_low,2013,52150234.0
p64,2025,IRA_low,2007,53347671.0
p64,2025,IRA_low,2008,53348328.0
p64,2025,IRA_low,2009,53350665.0
p64,2025,IRA_low,2010,53362513.0
p64,2025,IRA_low,2011,53372835.0
p64,2025,IRA_low,2012,53343367.0
p64,2025,IRA_low,2013,53356259.0
p64,2026,IRA_low,2007,54772712.0
p64,2026,IRA_low,2008,54772640.0
p64,2026,IRA_low,2009,54775910.0
p64,2026,IRA_low,2010,54795636.0
p64,2026,IRA_low,2011,54808850.0
p64,2026,IRA_low,2012,54760391.0
p64,2026,IRA_low,2013,54785985.0
p64,2027,IRA_low,2007,56197715.0
p64,2027,IRA_low,2008,56196853.0
p64,2027,IRA_low,2009,56201135.0
p64,2027,IRA_low,2010,56228798.0
p64,2027,IRA_low,2011,56244772.0
p64,2027,IRA_low,2012,56177346.0
p64,2027,IRA_low,2013,56215720.0
p64,2028,IRA_low,2007,57622739.0
p64,2028,IRA_low,2008,57620936.0
p64,2028,IRA_low,2009,57626336.0
p64,2028,IRA_low,2010,57661958.0
p64,2028,IRA_low,2011,57680792.0
p64,2028,IRA_low,2012,57594418.0
p64,2028,IRA_low,2013,57645364.0
p64,2029,IRA_low,2007,59047831.0
p64,2029,IRA_low,2008,59045162.0
p64,2029,IRA_low,2009,59051555.0
p64,2029,IRA_low,2010,59095096.0
p64,2029,IRA_low,2011,59116720.0
p64,2029,IRA_low,2012,59011416.0
p64,2029,IRA_low,2013,59075125.0
p64,2030,IRA_low,2007,60472858.0
p64,2030,IRA_low,2008,60469308.0
p64,2030,IRA_low,2009,60476881.0
p64,2030,IRA_low,2010,60528238.0
p64,2030,IRA_low,2011,60552733.0
p64,2030,IRA_low,2012,60428411.0
p64,2030,IRA_low,2013,60504821.0
p64,2031,IRA_low,2007,61769147.0
p64,2031,IRA_low,2008,61764044.0
p64,2031,IRA_low,2009,61772801.0
p64,2031,IRA_low,2010,61832756.0
p64,2031,IRA_low,2011,61859539.0
p64,2031,IRA_low,2012,61714485.0
p64,2031,IRA_low,2013,61805704.0
p64,2032,IRA_low,2007,63065316.0
p64,2032,IRA_low,2008,63058936.0
p64,2032,IRA_low,2009,63068710.0
p64,2032,IRA_low,2010,63137292.0
p64,2032,IRA_low,2011,63166197.0
p64,2032,IRA_low,2012,63000468.0
p64,2032,IRA_low,2013,63106381.0
p64,2033,IRA_low,2007,64361602.0
p64,2033,IRA_low,2008,64353667.0
p64,2033,IRA_low,2009,64364632.0
p64,2033,IRA_low,2010,64441864.0
p64,2033,IRA_low,2011,64472903.0
p64,2033,IRA_low,2012,64286593.0
p64,2033,IRA_low,2013,64407157.0
p64,2034,IRA_low,2007,65657835.0
p64,2034,IRA_low,2008,65648501.0
p64,2034,IRA_low,2009,65660511.0
p64,2034,IRA_low,2010,65746374.0
p64,2034,IRA_low,2011,65779662.0
p64,2034,IRA_low,2012,65572625.0
p64,2034,IRA_low,2013,65707899.0
p64,2035,IRA_low,2007,66954064.0
p64,2035,IRA_low,2008,66943181.0
p64,2035,IRA_low,2009,66956528.0
p64,2035,IRA_low,2010,67050908.0
p64,2035,IRA_low,2011,67086434.0
p64,2035,IRA_low,2012,66858669.0
p64,2035,IRA_low,2013,67008776.0
p64,2036,IRA_low,2007,68051070.0
p64,2036,IRA_low,2008,68040008.0
p64,2036,IRA_low,2009,68054982.0
p64,2036,IRA_low,2010,68156647.0
p64,2036,IRA_low,2011,68197677.0
p64,2036,IRA_low,2012,67950529.0
p64,2036,IRA_low,2013,68110883.0
p64,2037,IRA_low,2007,69148119.0
p64,2037,IRA_low,2008,69136834.0
p64,2037,IRA_low,2009,69153337.0
p64,2037,IRA_low,2010,69262221.0
p64,2037,IRA_low,2011,69308966.0
p64,2037,IRA_low,2012,69042450.0
p64,2037,IRA_low,2013,69213108.0
p64,2038,IRA_low,2007,70245032.0
p64,2038,IRA_low,2008,70233707.0
p64,2038,IRA_low,2009,70251861.0
p64,2038,IRA_low,2010,70367839.0
p64,2038,IRA_low,2011,70420141.0
p64,2038,IRA_low,2012,70134297.0
p64,2038,IRA_low,2013,70315207.0
p64,2039,IRA_low,2007,71342024.0
p64,2039,IRA_low,2008,71330544.0
p64,2039,IRA_low,2009,71350223.0
p64,2039,IRA_low,2010,71473622.0
p64,2039,IRA_low,2011,71531480.0
p64,2039,IRA_low,2012,71226244.0
p64,2039,IRA_low,2013,71417429.0
p64,2040,IRA_low,2007,72439008.0
p64,2040,IRA_low,2008,72427395.0
p64,2040,IRA_low,2009,72448715.0
p64,2040,IRA_low,2010,72579255.0
p64,2040,IRA_low,2011,72642746.0
p64,2040,IRA_low,2012,72318060.0
p64,2040,IRA_low,2013,72519644.0
p64,2041,IRA_low,2007,73499119.0
p64,2041,IRA_low,2008,73488239.0
p64,2041,IRA_low,2009,73511096.0
p64,2041,IRA_low,2010,73646190.0
p64,2041,IRA_low,2011,73716228.0
p64,2041,IRA_low,2012,73377705.0
p64,2041,IRA_low,2013,73583976.0
p64,2042,IRA_low,2007,74559188.0
p64,2042,IRA_low,2008,74549109.0
p64,2042,IRA_low,2009,74573424.0
p64,2042,IRA_low,2010,74713147.0
p64,2042,IRA_low,2011,74789775.0
p64,2042,IRA_low,2012,74437290.0
p64,2042,IRA_low,2013,74648390.0
p64,2043,IRA_low,2007,75619256.0
p64,2043,IRA_low,2008,75609921.0
p64,2043,IRA_low,2009,75635888.0
p64,2043,IRA_low,2010,75780197.0
p64,2043,IRA_low,2011,75863311.0
p64,2043,IRA_low,2012,75496914.0
p64,2043,IRA_low,2013,75712862.0
p64,2044,IRA_low,2007,76679237.0
p64,2044,IRA_low,2008,76670801.0
p64,2044,IRA_low,2009,76698240.0
p64,2044,IRA_low,2010,76847125.0
p64,2044,IRA_low,2011,76936892.0
p64,2044,IRA_low,2012,76556459.0
p64,2044,IRA_low,2013,76777162.0
p64,2045,IRA_low,2007,77739404.0
p64,2045,IRA_low,2008,77731624.0
p64,2045,IRA_low,2009,77760689.0
p64,2045,IRA_low,2010,77914075.0
p64,2045,IRA_low,2011,78010333.0
p64,2045,IRA_low,2012,77616086.0
p64,2045,IRA_low,2013,77841576.0
p64,2046,IRA_low,2007,78771983.0
p64,2046,IRA_low,2008,78765898.0
p64,2046,IRA_low,2009,78796730.0
p64,2046,IRA_low,2010,78954158.0
p64,2046,IRA_low,2011,79059085.0
p64,2046,IRA_low,2012,78651362.0
p64,2046,IRA_low,2013,78878882.0
p64,2047,IRA_low,2007,79804495.0
p64,2047,IRA_low,2008,79800142.0
p64,2047,IRA_low,2009,79832767.0
p64,2047,IRA_low,2010,79994199.0
p64,2047,IRA_low,2011,80107672.0
p64,2047,IRA_low,2012,79686468.0
p64,2047,IRA_low,2013,79916218.0
p64,2048,IRA_low,2007,80837088.0
p64,2048,IRA_low,2008,80834591.0
p64,2048,IRA_low,2009,80868883.0
p64,2048,IRA_low,2010,81034164.0
p64,2048,IRA_low,2011,81156232.0
p64,2048,IRA_low,2012,80721559.0
p64,2048,IRA_low,2013,80953690.0
p64,2049,IRA_low,2007,81869731.0
p64,2049,IRA_low,2008,81868786.0
p64,2049,IRA_low,2009,81904837.0
p64,2049,IRA_low,2010,82074231.0
p64,2049,IRA_low,2011,82204834.0
p64,2049,IRA_low,2012,81756656.0
p64,2049,IRA_low,2013,81990896.0
p64,2050,IRA_low,2007,82902255.0
p64,2050,IRA_low,2008,82903157.0
p64,2050,IRA_low,2009,82940917.0
p64,2050,IRA_low,2010,83114237.0
p64,2050,IRA_low,2011,83253517.0
p64,2050,IRA_low,2012,82791864.0
p64,2050,IRA_low,2013,83028370.0
p65,2020,IRA_low,2007,101771844.94
p65,2020,IRA_low,2008,101771100.22
p65,2020,IRA_low,2009,101773406.11
p65,2020,IRA_low,2010,101768171.54
p65,2020,IRA_low,2011,101771358.42
p65,2020,IRA_low,2012,101772910.03
p65,2020,IRA_low,2013,101773430.02
p65,2021,IRA_low,2007,70757362.0
p65,2021,IRA_low,2008,70757330.0
p65,2021,IRA_low,2009,70757336.0
p65,2021,IRA_low,2010,70757313.0
p65,2021,IRA_low,2011,70757347.0
p65,2021,IRA_low,2012,70757383.0
p65,2021,IRA_low,2013,70757326.0
p65,2022,IRA_low,2007,77079734.0
p65,2022,IRA_low,2008,77079782.0
p65,2022,IRA_low,2009,77079759.0
p65,2022,IRA_low,2010,77079742.0
p65,2022,IRA_low,2011,77079804.0
p65,2022,IRA_low,2012,77079779.0
p65,2022,IRA_low,2013,77079785.0
p65,2023,IRA_low,2007,80031918.0
p65,2023,IRA_low,2008,80031882.0
p65,2023,IRA_low,2009,80031852.0
p65,2023,IRA_low,2010,80031855.0
p65,2023,IRA_low,2011,80031825.0
p65,2023,IRA_low,2012,80031870.0
p65,2023,IRA_low,2013,80031870.0
p65,2024,IRA_low,2007,79016904.0
p65,2024,IRA_low,2008,79016948.0
p65,2024,IRA_low,2009,79017024.0
p65,2024,IRA_low,2010,79016948.0
p65,2024,IRA_low,2011,79016947.0
p65,2024,IRA_low,2012,79016972.0
p65,2024,IRA_low,2013,79016996.0
p65,2025,IRA_low,2007,80688827.0
p65,2025,IRA_low,2008,80689918.0
p65,2025,IRA_low,2009,80693175.0
p65,2025,IRA_low,2010,80709543.0
p65,2025,IRA_low,2011,80723992.0
p65,2025,IRA_low,2012,80682921.0
p65,2025,IRA_low,2013,80701024.0
p65,2026,IRA_low,2007,82678529.0
p65,2026,IRA_low,2008,82678455.0
p65,2026,IRA_low,2009,82683174.0
p65,2026,IRA_low,2010,82710614.0
p65,2026,IRA_low,2011,82729058.0
p65,2026,IRA_low,2012,82661362.0
p65,2026,IRA_low,2013,82697219.0
p65,2027,IRA_low,2007,84668250.0
p65,2027,IRA_low,2008,84667049.0
p65,2027,IRA_low,2009,84673079.0
p65,2027,IRA_low,2010,84711729.0
p65,2027,IRA_low,2011,84734052.0
p65,2027,IRA_low,2012,84639842.0
p65,2027,IRA_low,2013,84693475.0
p65,2028,IRA_low,2007,86657933.0
p65,2028,IRA_low,2008,86655483.0
p65,2028,IRA_low,2009,86663021.0
p65,2028,IRA_low,2010,86712723.0
p65,2028,IRA_low,2011,86739023.0
p65,2028,IRA_low,2012,86618349.0
p65,2028,IRA_low,2013,86689731.0
p65,2029,IRA_low,2007,88647800.0
p65,2029,IRA_low,2008,88644095.0
p65,2029,IRA_low,2009,88653057.0
p65,2029,IRA_low,2010,88713703.0
p65,2029,IRA_low,2011,88743943.0
p65,2029,IRA_low,2012,88596827.0
p65,2029,IRA_low,2013,88685893.0
p65,2030,IRA_low,2007,90637505.0
p65,2030,IRA_low,2008,90632563.0
p65,2030,IRA_low,2009,90642959.0
p65,2030,IRA_low,2010,90714841.0
p65,2030,IRA_low,2011,90749050.0
p65,2030,IRA_low,2012,90575275.0
p65,2030,IRA_low,2013,90682131.0
p65,2031,IRA_low,2007,92447408.0
p65,2031,IRA_low,2008,92440416.0
p65,2031,IRA_low,2009,92452403.0
p65,2031,IRA_low,2010,92536305.0
p65,2031,IRA_low,2011,92573578.0
p65,2031,IRA_low,2012,92371021.0
p65,2031,IRA_low,2013,92498364.0
p65,2032,IRA_low,2007,94257306.0
p65,2032,IRA_low,2008,94248173.0
p65,2032,IRA_low,2009,94261942.0
p65,2032,IRA_low,2010,94357673.0
p65,2032,IRA_low,2011,94398607.0
p65,2032,IRA_low,2012,94166621.0
p65,2032,IRA_low,2013,94314564.0
p65,2033,IRA_low,2007,96067224.0
p65,2033,IRA_low,2008,96056030.0
p65,2033,IRA_low,2009,96071340.0
p65,2033,IRA_low,2010,96179164.0
p65,2033,IRA_low,2011,96222601.0
p65,2033,IRA_low,2012,95962326.0
p65,2033,IRA_low,2013,96130802.0
p65,2034,IRA_low,2007,97876948.0
p65,2034,IRA_low,2008,97863913.0
p65,2034,IRA_low,2009,97880786.0
p65,2034,IRA_low,2010,98000578.0
p65,2034,IRA_low,2011,98047195.0
p65,2034,IRA_low,2012,97757947.0
p65,2034,IRA_low,2013,97947031.0
p65,2035,IRA_low,2007,99686947.0
p65,2035,IRA_low,2008,99671754.0
p65,2035,IRA_low,2009,99690277.0
p65,2035,IRA_low,2010,99822038.0
p65,2035,IRA_low,2011,99871746.0
p65,2035,IRA_low,2012,99553622.0
p65,2035,IRA_low,2013,99763188.0
p65,2036,IRA_low,2007,101218573.0
p65,2036,IRA_low,2008,101203155.0
p65,2036,IRA_low,2009,101223917.0
p65,2036,IRA_low,2010,101365791.0
p65,2036,IRA_low,2011,101423300.0
p65,2036,IRA_low,2012,101078168.0
p65,2036,IRA_low,2013,101302119.0
p65,2037,IRA_low,2007,102750304.0
p65,2037,IRA_low,2008,102734654.0
p65,2037,IRA_low,2009,102757589.0
p65,2037,IRA_low,2010,102909604.0
p65,2037,IRA_low,2011,102974901.0
p65,2037,IRA_low,2012,102602664.0
p65,2037,IRA_low,2013,102841074.0
p65,2038,IRA_low,2007,104281935.0
p65,2038,IRA_low,2008,104266061.0
p65,2038,IRA_low,2009,104291361.0
p65,2038,IRA_low,2010,104453455.0
p65,2038,IRA_low,2011,104526446.0
p65,2038,IRA_low,2012,104127272.0
p65,2038,IRA_low,2013,104380043.0
p65,2039,IRA_low,2007,105813602.0
p65,2039,IRA_low,2008,105797558.0
p65,2039,IRA_low,2009,105824986.0
p65,2039,IRA_low,2010,105997107.0
p65,2039,IRA_low,2011,106078027.0
p65,2039,IRA_low,2012,105651762.0
p65,2039,IRA_low,2013,105918923.0
p65,2040,IRA_low,2007,107345273.0
p65,2040,IRA_low,2008,107328994.0
p65,2040,IRA_low,2009,107358706.0
p65,2040,IRA_low,2010,107540999.0
p65,2040,IRA_low,2011,107629716.0
p65,2040,IRA_low,2012,107176291.0
p65,2040,IRA_low,2013,107457852.0
p65,2041,IRA_low,2007,108825435.0
p65,2041,IRA_low,2008,108810169.0
p65,2041,IRA_low,2009,108842110.0
p65,2041,IRA_low,2010,109030724.0
p65,2041,IRA_low,2011,109128578.0
p65,2041,IRA_low,2012,108655750.0
p65,2041,IRA_low,2013,108944036.0
p65,2042,IRA_low,2007,110305622.0
p65,2042,IRA_low,2008,110291370.0
p65,2042,IRA_low,2009,110325541.0
p65,2042,IRA_low,2010,110520440.0
p65,2042,IRA_low,2011,110627519.0
p65,2042,IRA_low,2012,110135301.0
p65,2042,IRA_low,2013,110430201.0
p65,2043,IRA_low,2007,111785667.0
p65,2043,IRA_low,2008,111772671.0
p65,2043,IRA_low,2009,111808848.0
p65,2043,IRA_low,2010,112010228.0
p65,2043,IRA_low,2011,112126547.0
p65,2043,IRA_low,2012,111614790.0
p65,2043,IRA_low,2013,111916256.0
p65,2044,IRA_low,2007,113265829.0
p65,2044,IRA_low,2008,113253813.0
p65,2044,IRA_low,2009,113292267.0
p65,2044,IRA_low,2010,113499984.0
p65,2044,IRA_low,2011,113625486.0
p65,2044,IRA_low,2012,113094236.0
p65,2044,IRA_low,2013,113402489.0
p65,2045,IRA_low,2007,114745891.0
p65,2045,IRA_low,2008,114735107.0
p65,2045,IRA_low,2009,114775630.0
p65,2045,IRA_low,2010,114989818.0
p65,2045,IRA_low,2011,115124283.0
p65,2045,IRA_low,2012,114573800.0
p65,2045,IRA_low,2013,114888684.0
p65,2046,IRA_low,2007,116187723.0
p65,2046,IRA_low,2008,116179281.0
p65,2046,IRA_low,2009,116222238.0
p65,2046,IRA_low,2010,116441954.0
p65,2046,IRA_low,2011,116588522.0
p65,2046,IRA_low,2012,116019076.0
p65,2046,IRA_low,2013,116337040.0
p65,2047,IRA_low,2007,117629406.0
p65,2047,IRA_low,2008,117623322.0
p65,2047,IRA_low,2009,117668784.0
p65,2047,IRA_low,2010,117894074.0
p65,2047,IRA_low,2011,118052612.0
p65,2047,IRA_low,2012,117464375.0
p65,2047,IRA_low,2013,117785458.0
p65,2048,IRA_low,2007,119071137.0
p65,2048,IRA_low,2008,119067505.0
p65,2048,IRA_low,2009,119115445.0
p65,2048,IRA_low,2010,119346268.0
p65,2048,IRA_low,2011,119516765.0
p65,2048,IRA_low,2012,118909722.0
p65,2048,IRA_low,2013,119233937.0
p65,2049,IRA_low,2007,120512977.0
p65,2049,IRA_low,2008,120511590.0
p65,2049,IRA_low,2009,120561965.0
p65,2049,IRA_low,2010,120798320.0
p65,2049,IRA_low,2011,120980899.0
p65,2049,IRA_low,2012,120355018.0
p65,2049,IRA_low,2013,120682381.0
p65,2050,IRA_low,2007,121954570.0
p65,2050,IRA_low,2008,121955783.0
p65,2050,IRA_low,2009,122008643.0
p65,2050,IRA_low,2010,122250490.0
p65,2050,IRA_low,2011,122444967.0
p65,2050,IRA_low,2012,121800331.0
p65,2050,IRA_low,2013,122130782.0
p66,2020,IRA_low,2007,36808243.88
p66,2020,IRA_low,2008,36807689.22
p66,2020,IRA_low,2009,36807383.2
p66,2020,IRA_low,2010,36806791.49
p66,2020,IRA_low,2011,36807646.19
p66,2020,IRA_low,2012,36808071.74
p66,2020,IRA_low,2013,36807464.49
p66,2021,IRA_low,2007,27908845.0
p66,2021,IRA_low,2008,27908911.0
p66,2021,IRA_low,2009,27908843.0
p66,2021,IRA_low,2010,27908859.0
p66,2021,IRA_low,2011,27908888.0
p66,2021,IRA_low,2012,27908851.0
p66,2021,IRA_low,2013,27908895.0
p66,2022,IRA_low,2007,30402633.0
p66,2022,IRA_low,2008,30402715.0
p66,2022,IRA_low,2009,30402647.0
p66,2022,IRA_low,2010,30402634.0
p66,2022,IRA_low,2011,30402663.0
p66,2022,IRA_low,2012,30402626.0
p66,2022,IRA_low,2013,30402658.0
p66,2023,IRA_low,2007,31567078.0
p66,2023,IRA_low,2008,31567020.0
p66,2023,IRA_low,2009,31567025.0
p66,2023,IRA_low,2010,31566991.0
p66,2023,IRA_low,2011,31567034.0
p66,2023,IRA_low,2012,31567045.0
p66,2023,IRA_low,2013,31567038.0
p66,2024,IRA_low,2007,31166778.0
p66,2024,IRA_low,2008,31166751.0
p66,2024,IRA_low,2009,31166726.0
p66,2024,IRA_low,2010,31166712.0
p66,2024,IRA_low,2011,31166760.0
p66,2024,IRA_low,2012,31166684.0
p66,2024,IRA_low,2013,31166734.0
p66,2025,IRA_low,2007,32148429.0
p66,2025,IRA_low,2008,32149173.0
p66,2025,IRA_low,2009,32150988.0
p66,2025,IRA_low,2010,32160636.0
p66,2025,IRA_low,2011,32169110.0
p66,2025,IRA_low,2012,32145023.0
p66,2025,IRA_low,2013,32155516.0
p66,2026,IRA_low,2007,33316831.0
p66,2026,IRA_low,2008,33316823.0
p66,2026,IRA_low,2009,33319498.0
p66,2026,IRA_low,2010,33335649.0
p66,2026,IRA_low,2011,33346456.0
p66,2026,IRA_low,2012,33306779.0
p66,2026,IRA_low,2013,33327844.0
p66,2027,IRA_low,2007,34485270.0
p66,2027,IRA_low,2008,34484505.0
p66,2027,IRA_low,2009,34488038.0
p66,2027,IRA_low,2010,34510591.0
p66,2027,IRA_low,2011,34523774.0
p66,2027,IRA_low,2012,34468554.0
p66,2027,IRA_low,2013,34499984.0
p66,2028,IRA_low,2007,35653651.0
p66,2028,IRA_low,2008,35652184.0
p66,2028,IRA_low,2009,35656512.0
p66,2028,IRA_low,2010,35685685.0
p66,2028,IRA_low,2011,35701267.0
p66,2028,IRA_low,2012,35630365.0
p66,2028,IRA_low,2013,35672259.0
p66,2029,IRA_low,2007,36821937.0
p66,2029,IRA_low,2008,36819835.0
p66,2029,IRA_low,2009,36825104.0
p66,2029,IRA_low,2010,36860751.0
p66,2029,IRA_low,2011,36878524.0
p66,2029,IRA_low,2012,36792120.0
p66,2029,IRA_low,2013,36844424.0
p66,2030,IRA_low,2007,37990412.0
p66,2030,IRA_low,2008,37987554.0
p66,2030,IRA_low,2009,37993643.0
p66,2030,IRA_low,2010,38035815.0
p66,2030,IRA_low,2011,38055994.0
p66,2030,IRA_low,2012,37953908.0
p66,2030,IRA_low,2013,38016635.0
p66,2031,IRA_low,2007,39053212.0
p66,2031,IRA_low,2008,39049088.0
p66,2031,IRA_low,2009,39056156.0
p66,2031,IRA_low,2010,39105418.0
p66,2031,IRA_low,2011,39127286.0
p66,2031,IRA_low,2012,39008331.0
p66,2031,IRA_low,2013,39083162.0
p66,2032,IRA_low,2007,40115961.0
p66,2032,IRA_low,2008,40110668.0
p66,2032,IRA_low,2009,40118666.0
p66,2032,IRA_low,2010,40174900.0
p66,2032,IRA_low,2011,40198665.0
p66,2032,IRA_low,2012,40062781.0
p66,2032,IRA_low,2013,40149608.0
p66,2033,IRA_low,2007,41178738.0
p66,2033,IRA_low,2008,41172280.0
p66,2033,IRA_low,2009,41181204.0
p66,2033,IRA_low,2010,41244561.0
p66,2033,IRA_low,2011,41270030.0
p66,2033,IRA_low,2012,41117288.0
p66,2033,IRA_low,2013,41216133.0
p66,2034,IRA_low,2007,42241537.0
p66,2034,IRA_low,2008,42233901.0
p66,2034,IRA_low,2009,42243718.0
p66,2034,IRA_low,2010,42314054.0
p66,2034,IRA_low,2011,42341503.0
p66,2034,IRA_low,2012,42171660.0
p66,2034,IRA_low,2013,42282597.0
p66,2035,IRA_low,2007,43304334.0
p66,2035,IRA_low,2008,43295421.0
p66,2035,IRA_low,2009,43306309.0
p66,2035,IRA_low,2010,43383714.0
p66,2035,IRA_low,2011,43412861.0
p66,2035,IRA_low,2012,43226050.0
p66,2035,IRA_low,2013,43349080.0
p66,2036,IRA_low,2007,44203700.0
p66,2036,IRA_low,2008,44194765.0
p66,2036,IRA_low,2009,44206907.0
p66,2036,IRA_low,2010,44290168.0
p66,2036,IRA_low,2011,44323965.0
p66,2036,IRA_low,2012,44121279.0
p66,2036,IRA_low,2013,44252821.0
p66,2037,IRA_low,2007,45103110.0
p66,2037,IRA_low,2008,45094000.0
p66,2037,IRA_low,2009,45107464.0
p66,2037,IRA_low,2010,45196695.0
p66,2037,IRA_low,2011,45235008.0
p66,2037,IRA_low,2012,45016499.0
p66,2037,IRA_low,2013,45156443.0
p66,2038,IRA_low,2007,46002583.0
p66,2038,IRA_low,2008,45993362.0
p66,2038,IRA_low,2009,46008055.0
p66,2038,IRA_low,2010,46103327.0
p66,2038,IRA_low,2011,46146219.0
p66,2038,IRA_low,2012,45911735.0
p66,2038,IRA_low,2013,46060083.0
p66,2039,IRA_low,2007,46901956.0
p66,2039,IRA_low,2008,46892630.0
p66,2039,IRA_low,2009,46908683.0
p66,2039,IRA_low,2010,47009713.0
p66,2039,IRA_low,2011,47057290.0
p66,2039,IRA_low,2012,46806910.0
p66,2039,IRA_low,2013,46963764.0
p66,2040,IRA_low,2007,47801416.0
p66,2040,IRA_low,2008,47791912.0
p66,2040,IRA_low,2009,47809283.0
p66,2040,IRA_low,2010,47916236.0
p66,2040,IRA_low,2011,47968343.0
p66,2040,IRA_low,2012,47702162.0
p66,2040,IRA_low,2013,47867484.0
p66,2041,IRA_low,2007,48670484.0
p66,2041,IRA_low,2008,48661624.0
p66,2041,IRA_low,2009,48680293.0
p66,2041,IRA_low,2010,48791065.0
p66,2041,IRA_low,2011,48848552.0
p66,2041,IRA_low,2012,48570998.0
p66,2041,IRA_low,2013,48740165.0
p66,2042,IRA_low,2007,49539730.0
p66,2042,IRA_low,2008,49531423.0
p66,2042,IRA_low,2009,49551321.0
p66,2042,IRA_low,2010,49665875.0
p66,2042,IRA_low,2011,49728797.0
p66,2042,IRA_low,2012,49439703.0
p66,2042,IRA_low,2013,49612824.0
p66,2043,IRA_low,2007,50408771.0
p66,2043,IRA_low,2008,50401204.0
p66,2043,IRA_low,2009,50422326.0
p66,2043,IRA_low,2010,50540726.0
p66,2043,IRA_low,2011,50608991.0
p66,2043,IRA_low,2012,50308388.0
p66,2043,IRA_low,2013,50485524.0
p66,2044,IRA_low,2007,51278088.0
p66,2044,IRA_low,2008,51271018.0
p66,2044,IRA_low,2009,51293476.0
p66,2044,IRA_low,2010,51415512.0
p66,2044,IRA_low,2011,51489140.0
p66,2044,IRA_low,2012,51177211.0
p66,2044,IRA_low,2013,51358154.0
p66,2045,IRA_low,2007,52147067.0
p66,2045,IRA_low,2008,52140762.0
p66,2045,IRA_low,2009,52164574.0
p66,2045,IRA_low,2010,52290249.0
p66,2045,IRA_low,2011,52369287.0
p66,2045,IRA_low,2012,52046034.0
p66,2045,IRA_low,2013,52230902.0
p66,2046,IRA_low,2007,52993716.0
p66,2046,IRA_low,2008,52988792.0
p66,2046,IRA_low,2009,53014030.0
p66,2046,IRA_low,2010,53142996.0
p66,2046,IRA_low,2011,53229041.0
p66,2046,IRA_low,2012,52894650.0
p66,2046,IRA_low,2013,53081397.0
p66,2047,IRA_low,2007,53840327.0
p66,2047,IRA_low,2008,53836799.0
p66,2047,IRA_low,2009,53863494.0
p66,2047,IRA_low,2010,53995722.0
p66,2047,IRA_low,2011,54088894.0
p66,2047,IRA_low,2012,53743412.0
p66,2047,IRA_low,2013,53931959.0
p66,2048,IRA_low,2007,54686886.0
p66,2048,IRA_low,2008,54684852.0
p66,2048,IRA_low,2009,54712885.0
p66,2048,IRA_low,2010,54848475.0
p66,2048,IRA_low,2011,54948561.0
p66,2048,IRA_low,2012,54592056.0
p66,2048,IRA_low,2013,54782458.0
p66,2049,IRA_low,2007,55533566.0
p66,2049,IRA_low,2008,55532827.0
p66,2049,IRA_low,2009,55562386.0
p66,2049,IRA_low,2010,55701081.0
p66,2049,IRA_low,2011,55808318.0
p66,2049,IRA_low,2012,55440855.0
p66,2049,IRA_low,2013,55632978.0
p66,2050,IRA_low,2007,56380125.0
p66,2050,IRA_low,2008,56380925.0
p66,2050,IRA_low,2009,56411855.0
p66,2050,IRA_low,2010,56553804.0
p66,2050,IRA_low,2011,56668033.0
p66,2050,IRA_low,2012,56289513.0
p66,2050,IRA_low,2013,56483496.0
p67,2020,IRA_low,2007,150825028.02
p67,2020,IRA_low,2008,150823978.47
p67,2020,IRA_low,2009,150827458.23
p67,2020,IRA_low,2010,150820051.65
p67,2020,IRA_low,2011,150824522.37
p67,2020,IRA_low,2012,150826640.59
p67,2020,IRA_low,2013,150827327.93
p67,2021,IRA_low,2007,103348497.0
p67,2021,IRA_low,2008,103348542.0
p67,2021,IRA_low,2009,103348565.0
p67,2021,IRA_low,2010,103348537.0
p67,2021,IRA_low,2011,103348560.0
p67,2021,IRA_low,2012,103348507.0
p67,2021,IRA_low,2013,103348539.0
p67,2022,IRA_low,2007,112583108.0
p67,2022,IRA_low,2008,112583119.0
p67,2022,IRA_low,2009,112583132.0
p67,2022,IRA_low,2010,112583128.0
p67,2022,IRA_low,2011,112583157.0
p67,2022,IRA_low,2012,112583111.0
p67,2022,IRA_low,2013,112583087.0
p67,2023,IRA_low,2007,116894952.0
p67,2023,IRA_low,2008,116894964.0
p67,2023,IRA_low,2009,116894968.0
p67,2023,IRA_low,2010,116895013.0
p67,2023,IRA_low,2011,116894994.0
p67,2023,IRA_low,2012,116894974.0
p67,2023,IRA_low,2013,116894957.0
p67,2024,IRA_low,2007,115412597.0
p67,2024,IRA_low,2008,115412575.0
p67,2024,IRA_low,2009,115412552.0
p67,2024,IRA_low,2010,115412558.0
p67,2024,IRA_low,2011,115412532.0
p67,2024,IRA_low,2012,115412587.0
p67,2024,IRA_low,2013,115412548.0
p67,2025,IRA_low,2007,117762808.0
p67,2025,IRA_low,2008,117764451.0
p67,2025,IRA_low,2009,117768818.0
p67,2025,IRA_low,2010,117791911.0
p67,2025,IRA_low,2011,117812262.0
p67,2025,IRA_low,2012,117754562.0
p67,2025,IRA_low,2013,117779852.0
p67,2026,IRA_low,2007,120559868.0
p67,2026,IRA_low,2008,120559836.0
p67,2026,IRA_low,2009,120566334.0
p67,2026,IRA_low,2010,120604856.0
p67,2026,IRA_low,2011,120630770.0
p67,2026,IRA_low,2012,120535772.0
p67,2026,IRA_low,2013,120586070.0
p67,2027,IRA_low,2007,123356892.0
p67,2027,IRA_low,2008,123355234.0
p67,2027,IRA_low,2009,123363697.0
p67,2027,IRA_low,2010,123417942.0
p67,2027,IRA_low,2011,123449473.0
p67,2027,IRA_low,2012,123317120.0
p67,2027,IRA_low,2013,123392275.0
p67,2028,IRA_low,2007,126153948.0
p67,2028,IRA_low,2008,126150583.0
p67,2028,IRA_low,2009,126161125.0
p67,2028,IRA_low,2010,126230863.0
p67,2028,IRA_low,2011,126267941.0
p67,2028,IRA_low,2012,126098316.0
p67,2028,IRA_low,2013,126198473.0
p67,2029,IRA_low,2007,128951106.0
p67,2029,IRA_low,2008,128945920.0
p67,2029,IRA_low,2009,128958479.0
p67,2029,IRA_low,2010,129043906.0
p67,2029,IRA_low,2011,129086534.0
p67,2029,IRA_low,2012,128879606.0
p67,2029,IRA_low,2013,129004703.0
p67,2030,IRA_low,2007,131748201.0
p67,2030,IRA_low,2008,131741258.0
p67,2030,IRA_low,2009,131755904.0
p67,2030,IRA_low,2010,131856857.0
p67,2030,IRA_low,2011,131905083.0
p67,2030,IRA_low,2012,131660898.0
p67,2030,IRA_low,2013,131810996.0
p67,2031,IRA_low,2007,134292385.0
p67,2031,IRA_low,2008,134282692.0
p67,2031,IRA_low,2009,134299600.0
p67,2031,IRA_low,2010,134417324.0
p67,2031,IRA_low,2011,134469872.0
p67,2031,IRA_low,2012,134185089.0
p67,2031,IRA_low,2013,134364052.0
p67,2032,IRA_low,2007,136836631.0
p67,2032,IRA_low,2008,136824037.0
p67,2032,IRA_low,2009,136843241.0
p67,2032,IRA_low,2010,136977794.0
p67,2032,IRA_low,2011,137034690.0
p67,2032,IRA_low,2012,136709387.0
p67,2032,IRA_low,2013,136917188.0
p67,2033,IRA_low,2007,139380868.0
p67,2033,IRA_low,2008,139365388.0
p67,2033,IRA_low,2009,139386859.0
p67,2033,IRA_low,2010,139538434.0
p67,2033,IRA_low,2011,139599521.0
p67,2033,IRA_low,2012,139233694.0
p67,2033,IRA_low,2013,139470412.0
p67,2034,IRA_low,2007,141925173.0
p67,2034,IRA_low,2008,141906756.0
p67,2034,IRA_low,2009,141930454.0
p67,2034,IRA_low,2010,142098821.0
p67,2034,IRA_low,2011,142164450.0
p67,2034,IRA_low,2012,141757834.0
p67,2034,IRA_low,2013,142023536.0
p67,2035,IRA_low,2007,144469432.0
p67,2035,IRA_low,2008,144448051.0
p67,2035,IRA_low,2009,144474141.0
p67,2035,IRA_low,2010,144659426.0
p67,2035,IRA_low,2011,144729280.0
p67,2035,IRA_low,2012,144282129.0
p67,2035,IRA_low,2013,144576688.0
p67,2036,IRA_low,2007,146622602.0
p67,2036,IRA_low,2008,146600951.0
p67,2036,IRA_low,2009,146630184.0
p67,2036,IRA_low,2010,146829605.0
p67,2036,IRA_low,2011,146910436.0
p67,2036,IRA_low,2012,146425283.0
p67,2036,IRA_low,2013,146740061.0
p67,2037,IRA_low,2007,148775744.0
p67,2037,IRA_low,2008,148753885.0
p67,2037,IRA_low,2009,148786118.0
p67,2037,IRA_low,2010,148999680.0
p67,2037,IRA_low,2011,149091499.0
p67,2037,IRA_low,2012,148568390.0
p67,2037,IRA_low,2013,148903317.0
p67,2038,IRA_low,2007,150928954.0
p67,2038,IRA_low,2008,150906713.0
p67,2038,IRA_low,2009,150942130.0
p67,2038,IRA_low,2010,151169873.0
p67,2038,IRA_low,2011,151272672.0
p67,2038,IRA_low,2012,150711509.0
p67,2038,IRA_low,2013,151066682.0
p67,2039,IRA_low,2007,153082038.0
p67,2039,IRA_low,2008,153059503.0
p67,2039,IRA_low,2009,153098138.0
p67,2039,IRA_low,2010,153340034.0
p67,2039,IRA_low,2011,153453797.0
p67,2039,IRA_low,2012,152854651.0
p67,2039,IRA_low,2013,153230081.0
p67,2040,IRA_low,2007,155235195.0
p67,2040,IRA_low,2008,155212334.0
p67,2040,IRA_low,2009,155254128.0
p67,2040,IRA_low,2010,155510246.0
p67,2040,IRA_low,2011,155635044.0
p67,2040,IRA_low,2012,154997682.0
p67,2040,IRA_low,2013,155393392.0
p67,2041,IRA_low,2007,157315892.0
p67,2041,IRA_low,2008,157294599.0
p67,2041,IRA_low,2009,157339390.0
p67,2041,IRA_low,2010,157604497.0
p67,2041,IRA_low,2011,157742172.0
p67,2041,IRA_low,2012,157077531.0
p67,2041,IRA_low,2013,157482546.0
p67,2042,IRA_low,2007,159396554.0
p67,2042,IRA_low,2008,159376787.0
p67,2042,IRA_low,2009,159424706.0
p67,2042,IRA_low,2010,159698801.0
p67,2042,IRA_low,2011,159849257.0
p67,2042,IRA_low,2012,159157238.0
p67,2042,IRA_low,2013,159571760.0
p67,2043,IRA_low,2007,161477206.0
p67,2043,IRA_low,2008,161459023.0
p67,2043,IRA_low,2009,161509957.0
p67,2043,IRA_low,2010,161792942.0
p67,2043,IRA_low,2011,161956365.0
p67,2043,IRA_low,2012,161237065.0
p67,2043,IRA_low,2013,161660833.0
p67,2044,IRA_low,2007,163557984.0
p67,2044,IRA_low,2008,163541291.0
p67,2044,IRA_low,2009,163595215.0
p67,2044,IRA_low,2010,163887238.0
p67,2044,IRA_low,2011,164063579.0
p67,2044,IRA_low,2012,163316841.0
p67,2044,IRA_low,2013,163750075.0
p67,2045,IRA_low,2007,165638698.0
p67,2045,IRA_low,2008,165623449.0
p67,2045,IRA_low,2009,165680522.0
p67,2045,IRA_low,2010,165981455.0
p67,2045,IRA_low,2011,166170644.0
p67,2045,IRA_low,2012,165396633.0
p67,2045,IRA_low,2013,165839219.0
p67,2046,IRA_low,2007,167665374.0
p67,2046,IRA_low,2008,167653540.0
p67,2046,IRA_low,2009,167713981.0
p67,2046,IRA_low,2010,168022806.0
p67,2046,IRA_low,2011,168228852.0
p67,2046,IRA_low,2012,167428426.0
p67,2046,IRA_low,2013,167875344.0
p67,2047,IRA_low,2007,169692082.0
p67,2047,IRA_low,2008,169683713.0
p67,2047,IRA_low,2009,169747594.0
p67,2047,IRA_low,2010,170064221.0
p67,2047,IRA_low,2011,170287146.0
p67,2047,IRA_low,2012,169460185.0
p67,2047,IRA_low,2013,169911489.0
p67,2048,IRA_low,2007,171718856.0
p67,2048,IRA_low,2008,171713811.0
p67,2048,IRA_low,2009,171781067.0
p67,2048,IRA_low,2010,172105430.0
p67,2048,IRA_low,2011,172345294.0
p67,2048,IRA_low,2012,171491935.0
p67,2048,IRA_low,2013,171947560.0
p67,2049,IRA_low,2007,173745588.0
p67,2049,IRA_low,2008,173743968.0
p67,2049,IRA_low,2009,173814659.0
p67,2049,IRA_low,2010,174146888.0
p67,2049,IRA_low,2011,174403531.0
p67,2049,IRA_low,2012,173523636.0
p67,2049,IRA_low,2013,173983718.0
p67,2050,IRA_low,2007,175772332.0
p67,2050,IRA_low,2008,175774078.0
p67,2050,IRA_low,2009,175848239.0
p67,2050,IRA_low,2010,176188207.0
p67,2050,IRA_low,2011,176461725.0
p67,2050,IRA_low,2012,175555485.0
p67,2050,IRA_low,2013,176019821.0
p68,2020,IRA_low,2007,3577759.59
p68,2020,IRA_low,2008,3577614.73
p68,2020,IRA_low,2009,3577657.34
p68,2020,IRA_low,2010,3577600.53
p68,2020,IRA_low,2011,3577517.21
p68,2020,IRA_low,2012,3577716.99
p68,2020,IRA_low,2013,3577450.93
p68,2021,IRA_low,2007,3405755.0
p68,2021,IRA_low,2008,3405687.0
p68,2021,IRA_low,2009,3405754.0
p68,2021,IRA_low,2010,3405702.0
p68,2021,IRA_low,2011,3405760.0
p68,2021,IRA_low,2012,3405808.0
p68,2021,IRA_low,2013,3405784.0
p68,2022,IRA_low,2007,3422605.0
p68,2022,IRA_low,2008,3422638.0
p68,2022,IRA_low,2009,3422542.0
p68,2022,IRA_low,2010,3422584.0
p68,2022,IRA_low,2011,3422546.0
p68,2022,IRA_low,2012,3422603.0
p68,2022,IRA_low,2013,3422581.0
p68,2023,IRA_low,2007,3404526.0
p68,2023,IRA_low,2008,3404514.0
p68,2023,IRA_low,2009,3404441.0
p68,2023,IRA_low,2010,3404537.0
p68,2023,IRA_low,2011,3404526.0
p68,2023,IRA_low,2012,3404490.0
p68,2023,IRA_low,2013,3404619.0
p68,2024,IRA_low,2007,3345362.0
p68,2024,IRA_low,2008,3345384.0
p68,2024,IRA_low,2009,3345407.0
p68,2024,IRA_low,2010,3345395.0
p68,2024,IRA_low,2011,3345433.0
p68,2024,IRA_low,2012,3345466.0
p68,2024,IRA_low,2013,3345407.0
p68,2025,IRA_low,2007,3385784.0
p68,2025,IRA_low,2008,3387064.0
p68,2025,IRA_low,2009,3386097.0
p68,2025,IRA_low,2010,3385226.0
p68,2025,IRA_low,2011,3385334.0
p68,2025,IRA_low,2012,3383359.0
p68,2025,IRA_low,2013,3387490.0
p68,2026,IRA_low,2007,3477335.0
p68,2026,IRA_low,2008,3482241.0
p68,2026,IRA_low,2009,3479233.0
p68,2026,IRA_low,2010,3475403.0
p68,2026,IRA_low,2011,3476940.0
p68,2026,IRA_low,2012,3469706.0
p68,2026,IRA_low,2013,3483426.0
p68,2027,IRA_low,2007,3568758.0
p68,2027,IRA_low,2008,3577549.0
p68,2027,IRA_low,2009,3572552.0
p68,2027,IRA_low,2010,3565617.0
p68,2027,IRA_low,2011,3568508.0
p68,2027,IRA_low,2012,3556216.0
p68,2027,IRA_low,2013,3579148.0
p68,2028,IRA_low,2007,3660221.0
p68,2028,IRA_low,2008,3672809.0
p68,2028,IRA_low,2009,3665827.0
p68,2028,IRA_low,2010,3655857.0
p68,2028,IRA_low,2011,3659918.0
p68,2028,IRA_low,2012,3642628.0
p68,2028,IRA_low,2013,3674847.0
p68,2029,IRA_low,2007,3751703.0
p68,2029,IRA_low,2008,3767968.0
p68,2029,IRA_low,2009,3759103.0
p68,2029,IRA_low,2010,3746063.0
p68,2029,IRA_low,2011,3751350.0
p68,2029,IRA_low,2012,3729068.0
p68,2029,IRA_low,2013,3770743.0
p68,2030,IRA_low,2007,3843281.0
p68,2030,IRA_low,2008,3863194.0
p68,2030,IRA_low,2009,3852285.0
p68,2030,IRA_low,2010,3836302.0
p68,2030,IRA_low,2011,3842986.0
p68,2030,IRA_low,2012,3815518.0
p68,2030,IRA_low,2013,3866630.0
p68,2031,IRA_low,2007,3957044.0
p68,2031,IRA_low,2008,3980937.0
p68,2031,IRA_low,2009,3968125.0
p68,2031,IRA_low,2010,3948845.0
p68,2031,IRA_low,2011,3956840.0
p68,2031,IRA_low,2012,3924018.0
p68,2031,IRA_low,2013,3985119.0
p68,2032,IRA_low,2007,4070878.0
p68,2032,IRA_low,2008,4098758.0
p68,2032,IRA_low,2009,4083902.0
p68,2032,IRA_low,2010,4061414.0
p68,2032,IRA_low,2011,4070719.0
p68,2032,IRA_low,2012,4032577.0
p68,2032,IRA_low,2013,4103602.0
p68,2033,IRA_low,2007,4184675.0
p68,2033,IRA_low,2008,4216555.0
p68,2033,IRA_low,2009,4199690.0
p68,2033,IRA_low,2010,4173935.0
p68,2033,IRA_low,2011,4184743.0
p68,2033,IRA_low,2012,4141280.0
p68,2033,IRA_low,2013,4222091.0
p68,2034,IRA_low,2007,4298518.0
p68,2034,IRA_low,2008,4334368.0
p68,2034,IRA_low,2009,4315459.0
p68,2034,IRA_low,2010,4286466.0
p68,2034,IRA_low,2011,4298714.0
p68,2034,IRA_low,2012,4249711.0
p68,2034,IRA_low,2013,4340668.0
p68,2035,IRA_low,2007,4412259.0
p68,2035,IRA_low,2008,4452184.0
p68,2035,IRA_low,2009,4431191.0
p68,2035,IRA_low,2010,4399020.0
p68,2035,IRA_low,2011,4412581.0
p68,2035,IRA_low,2012,4358369.0
p68,2035,IRA_low,2013,4459199.0
p68,2036,IRA_low,2007,4525712.0
p68,2036,IRA_low,2008,4568814.0
p68,2036,IRA_low,2009,4546109.0
p68,2036,IRA_low,2010,4511352.0
p68,2036,IRA_low,2011,4525975.0
p68,2036,IRA_low,2012,4467194.0
p68,2036,IRA_low,2013,4576422.0
p68,2037,IRA_low,2007,4639135.0
p68,2037,IRA_low,2008,4685500.0
p68,2037,IRA_low,2009,4661022.0
p68,2037,IRA_low,2010,4623645.0
p68,2037,IRA_low,2011,4639326.0
p68,2037,IRA_low,2012,4575890.0
p68,2037,IRA_low,2013,4693774.0
p68,2038,IRA_low,2007,4752443.0
p68,2038,IRA_low,2008,4802127.0
p68,2038,IRA_low,2009,4775932.0
p68,2038,IRA_low,2010,4735981.0
p68,2038,IRA_low,2011,4752680.0
p68,2038,IRA_low,2012,4684582.0
p68,2038,IRA_low,2013,4811122.0
p68,2039,IRA_low,2007,4865756.0
p68,2039,IRA_low,2008,4918864.0
p68,2039,IRA_low,2009,4890809.0
p68,2039,IRA_low,2010,4848273.0
p68,2039,IRA_low,2011,4866019.0
p68,2039,IRA_low,2012,4793366.0
p68,2039,IRA_low,2013,4928465.0
p68,2040,IRA_low,2007,4979180.0
p68,2040,IRA_low,2008,5035549.0
p68,2040,IRA_low,2009,5005813.0
p68,2040,IRA_low,2010,4960579.0
p68,2040,IRA_low,2011,4979459.0
p68,2040,IRA_low,2012,4902169.0
p68,2040,IRA_low,2013,5045719.0
p68,2041,IRA_low,2007,5072212.0
p68,2041,IRA_low,2008,5130512.0
p68,2041,IRA_low,2009,5099537.0
p68,2041,IRA_low,2010,5052938.0
p68,2041,IRA_low,2011,5072361.0
p68,2041,IRA_low,2012,4992119.0
p68,2041,IRA_low,2013,5141278.0
p68,2042,IRA_low,2007,5165355.0
p68,2042,IRA_low,2008,5225502.0
p68,2042,IRA_low,2009,5193276.0
p68,2042,IRA_low,2010,5145441.0
p68,2042,IRA_low,2011,5165174.0
p68,2042,IRA_low,2012,5082194.0
p68,2042,IRA_low,2013,5236657.0
p68,2043,IRA_low,2007,5258427.0
p68,2043,IRA_low,2008,5320446.0
p68,2043,IRA_low,2009,5287004.0
p68,2043,IRA_low,2010,5237808.0
p68,2043,IRA_low,2011,5258146.0
p68,2043,IRA_low,2012,5172156.0
p68,2043,IRA_low,2013,5332131.0
p68,2044,IRA_low,2007,5351505.0
p68,2044,IRA_low,2008,5415485.0
p68,2044,IRA_low,2009,5380806.0
p68,2044,IRA_low,2010,5330258.0
p68,2044,IRA_low,2011,5351058.0
p68,2044,IRA_low,2012,5262262.0
p68,2044,IRA_low,2013,5427569.0
p68,2045,IRA_low,2007,5444647.0
p68,2045,IRA_low,2008,5510452.0
p68,2045,IRA_low,2009,5474617.0
p68,2045,IRA_low,2010,5422575.0
p68,2045,IRA_low,2011,5443912.0
p68,2045,IRA_low,2012,5352257.0
p68,2045,IRA_low,2013,5523231.0
p68,2046,IRA_low,2007,5514841.0
p68,2046,IRA_low,2008,5581540.0
p68,2046,IRA_low,2009,5544791.0
p68,2046,IRA_low,2010,5492642.0
p68,2046,IRA_low,2011,5513861.0
p68,2046,IRA_low,2012,5420717.0
p68,2046,IRA_low,2013,5594495.0
p68,2047,IRA_low,2007,5585181.0
p68,2047,IRA_low,2008,5652643.0
p68,2047,IRA_low,2009,5614988.0
p68,2047,IRA_low,2010,5562479.0
p68,2047,IRA_low,2011,5583856.0
p68,2047,IRA_low,2012,5489087.0
p68,2047,IRA_low,2013,5665945.0
p68,2048,IRA_low,2007,5655544.0
p68,2048,IRA_low,2008,5723711.0
p68,2048,IRA_low,2009,5685345.0
p68,2048,IRA_low,2010,5632337.0
p68,2048,IRA_low,2011,5653807.0
p68,2048,IRA_low,2012,5557570.0
p68,2048,IRA_low,2013,5737335.0
p68,2049,IRA_low,2007,5725890.0
p68,2049,IRA_low,2008,5794774.0
p68,2049,IRA_low,2009,5755606.0
p68,2049,IRA_low,2010,5702259.0
p68,2049,IRA_low,2011,5723790.0
p68,2049,IRA_low,2012,5626039.0
p68,2049,IRA_low,2013,5808767.0
p68,2050,IRA_low,2007,5796208.0
p68,2050,IRA_low,2008,5865774.0
p68,2050,IRA_low,2009,5825943.0
p68,2050,IRA_low,2010,5772192.0
p68,2050,IRA_low,2011,5793751.0
p68,2050,IRA_low,2012,5694510.0
p68,2050,IRA_low,2013,5880060.0
p69,2020,IRA_low,2007,6142385.9
p69,2020,IRA_low,2008,6142162.11
p69,2020,IRA_low,2009,6142260.58
p69,2020,IRA_low,2010,6141930.48
p69,2020,IRA_low,2011,6141979.72
p69,2020,IRA_low,2012,6142350.1
p69,2020,IRA_low,2013,6142011.05
p69,2021,IRA_low,2007,5760221.0
p69,2021,IRA_low,2008,5760132.0
p69,2021,IRA_low,2009,5760162.0
p69,2021,IRA_low,2010,5760145.0
p69,2021,IRA_low,2011,5760151.0
p69,2021,IRA_low,2012,5759997.0
p69,2021,IRA_low,2013,5760141.0
p69,2022,IRA_low,2007,5917115.0
p69,2022,IRA_low,2008,5917164.0
p69,2022,IRA_low,2009,5917110.0
p69,2022,IRA_low,2010,5917173.0
p69,2022,IRA_low,2011,5917109.0
p69,2022,IRA_low,2012,5917155.0
p69,2022,IRA_low,2013,5917170.0
p69,2023,IRA_low,2007,5935426.0
p69,2023,IRA_low,2008,5935411.0
p69,2023,IRA_low,2009,5935450.0
p69,2023,IRA_low,2010,5935432.0
p69,2023,IRA_low,2011,5935466.0
p69,2023,IRA_low,2012,5935374.0
p69,2023,IRA_low,2013,5935394.0
p69,2024,IRA_low,2007,5834016.0
p69,2024,IRA_low,2008,5834019.0
p69,2024,IRA_low,2009,5834039.0
p69,2024,IRA_low,2010,5834023.0
p69,2024,IRA_low,2011,5833995.0
p69,2024,IRA_low,2012,5834073.0
p69,2024,IRA_low,2013,5834040.0
p69,2025,IRA_low,2007,5934964.0
p69,2025,IRA_low,2008,5935310.0
p69,2025,IRA_low,2009,5934430.0
p69,2025,IRA_low,2010,5935138.0
p69,2025,IRA_low,2011,5934674.0
p69,2025,IRA_low,2012,5933935.0
p69,2025,IRA_low,2013,5935234.0
p69,2026,IRA_low,2007,6075490.0
p69,2026,IRA_low,2008,6078047.0
p69,2026,IRA_low,2009,6075192.0
p69,2026,IRA_low,2010,6076048.0
p69,2026,IRA_low,2011,6074818.0
p69,2026,IRA_low,2012,6071648.0
p69,2026,IRA_low,2013,6077362.0
p69,2027,IRA_low,2007,6215950.0
p69,2027,IRA_low,2008,6220852.0
p69,2027,IRA_low,2009,6216128.0
p69,2027,IRA_low,2010,6216750.0
p69,2027,IRA_low,2011,6215075.0
p69,2027,IRA_low,2012,6208688.0
p69,2027,IRA_low,2013,6219488.0
p69,2028,IRA_low,2007,6356304.0
p69,2028,IRA_low,2008,6363679.0
p69,2028,IRA_low,2009,6356862.0
p69,2028,IRA_low,2010,6357624.0
p69,2028,IRA_low,2011,6355177.0
p69,2028,IRA_low,2012,6346048.0
p69,2028,IRA_low,2013,6361564.0
p69,2029,IRA_low,2007,6496904.0
p69,2029,IRA_low,2008,6506379.0
p69,2029,IRA_low,2009,6497636.0
p69,2029,IRA_low,2010,6498389.0
p69,2029,IRA_low,2011,6495408.0
p69,2029,IRA_low,2012,6483195.0
p69,2029,IRA_low,2013,6503688.0
p69,2030,IRA_low,2007,6637395.0
p69,2030,IRA_low,2008,6649143.0
p69,2030,IRA_low,2009,6638486.0
p69,2030,IRA_low,2010,6639236.0
p69,2030,IRA_low,2011,6635558.0
p69,2030,IRA_low,2012,6620331.0
p69,2030,IRA_low,2013,6645605.0
p69,2031,IRA_low,2007,6768485.0
p69,2031,IRA_low,2008,6782745.0
p69,2031,IRA_low,2009,6770097.0
p69,2031,IRA_low,2010,6770675.0
p69,2031,IRA_low,2011,6766552.0
p69,2031,IRA_low,2012,6748266.0
p69,2031,IRA_low,2013,6778738.0
p69,2032,IRA_low,2007,6899837.0
p69,2032,IRA_low,2008,6916480.0
p69,2032,IRA_low,2009,6901609.0
p69,2032,IRA_low,2010,6902308.0
p69,2032,IRA_low,2011,6897574.0
p69,2032,IRA_low,2012,6876033.0
p69,2032,IRA_low,2013,6911894.0
p69,2033,IRA_low,2007,7030765.0
p69,2033,IRA_low,2008,7050186.0
p69,2033,IRA_low,2009,7033240.0
p69,2033,IRA_low,2010,7033718.0
p69,2033,IRA_low,2011,7028495.0
p69,2033,IRA_low,2012,7003717.0
p69,2033,IRA_low,2013,7045000.0
p69,2034,IRA_low,2007,7161933.0
p69,2034,IRA_low,2008,7183732.0
p69,2034,IRA_low,2009,7164903.0
p69,2034,IRA_low,2010,7165174.0
p69,2034,IRA_low,2011,7159437.0
p69,2034,IRA_low,2012,7131427.0
p69,2034,IRA_low,2013,7177968.0
p69,2035,IRA_low,2007,7293015.0
p69,2035,IRA_low,2008,7317321.0
p69,2035,IRA_low,2009,7296528.0
p69,2035,IRA_low,2010,7296720.0
p69,2035,IRA_low,2011,7290312.0
p69,2035,IRA_low,2012,7259100.0
p69,2035,IRA_low,2013,7311110.0
p69,2036,IRA_low,2007,7404912.0
p69,2036,IRA_low,2008,7431256.0
p69,2036,IRA_low,2009,7408551.0
p69,2036,IRA_low,2010,7408764.0
p69,2036,IRA_low,2011,7401942.0
p69,2036,IRA_low,2012,7368236.0
p69,2036,IRA_low,2013,7424530.0
p69,2037,IRA_low,2007,7516865.0
p69,2037,IRA_low,2008,7545076.0
p69,2037,IRA_low,2009,7520686.0
p69,2037,IRA_low,2010,7521040.0
p69,2037,IRA_low,2011,7513632.0
p69,2037,IRA_low,2012,7477231.0
p69,2037,IRA_low,2013,7537899.0
p69,2038,IRA_low,2007,7628379.0
p69,2038,IRA_low,2008,7658868.0
p69,2038,IRA_low,2009,7633068.0
p69,2038,IRA_low,2010,7633454.0
p69,2038,IRA_low,2011,7624894.0
p69,2038,IRA_low,2012,7586262.0
p69,2038,IRA_low,2013,7651362.0
p69,2039,IRA_low,2007,7740607.0
p69,2039,IRA_low,2008,7772691.0
p69,2039,IRA_low,2009,7744778.0
p69,2039,IRA_low,2010,7745263.0
p69,2039,IRA_low,2011,7736919.0
p69,2039,IRA_low,2012,7695223.0
p69,2039,IRA_low,2013,7764768.0
p69,2040,IRA_low,2007,7852490.0
p69,2040,IRA_low,2008,7886579.0
p69,2040,IRA_low,2009,7856818.0
p69,2040,IRA_low,2010,7857549.0
p69,2040,IRA_low,2011,7848637.0
p69,2040,IRA_low,2012,7804235.0
p69,2040,IRA_low,2013,7878175.0
p69,2041,IRA_low,2007,7955947.0
p69,2041,IRA_low,2008,7991113.0
p69,2041,IRA_low,2009,7960183.0
p69,2041,IRA_low,2010,7961048.0
p69,2041,IRA_low,2011,7951762.0
p69,2041,IRA_low,2012,7905624.0
p69,2041,IRA_low,2013,7982500.0
p69,2042,IRA_low,2007,8059326.0
p69,2042,IRA_low,2008,8095617.0
p69,2042,IRA_low,2009,8063566.0
p69,2042,IRA_low,2010,8064729.0
p69,2042,IRA_low,2011,8054910.0
p69,2042,IRA_low,2012,8007083.0
p69,2042,IRA_low,2013,8086951.0
p69,2043,IRA_low,2007,8162756.0
p69,2043,IRA_low,2008,8200075.0
p69,2043,IRA_low,2009,8166873.0
p69,2043,IRA_low,2010,8168399.0
p69,2043,IRA_low,2011,8158055.0
p69,2043,IRA_low,2012,8108684.0
p69,2043,IRA_low,2013,8191383.0
p69,2044,IRA_low,2007,8266107.0
p69,2044,IRA_low,2008,8304578.0
p69,2044,IRA_low,2009,8270281.0
p69,2044,IRA_low,2010,8271905.0
p69,2044,IRA_low,2011,8261203.0
p69,2044,IRA_low,2012,8210065.0
p69,2044,IRA_low,2013,8295752.0
p69,2045,IRA_low,2007,8369622.0
p69,2045,IRA_low,2008,8409110.0
p69,2045,IRA_low,2009,8373660.0
p69,2045,IRA_low,2010,8375538.0
p69,2045,IRA_low,2011,8364414.0
p69,2045,IRA_low,2012,8311558.0
p69,2045,IRA_low,2013,8399993.0
p69,2046,IRA_low,2007,8458545.0
p69,2046,IRA_low,2008,8498329.0
p69,2046,IRA_low,2009,8462246.0
p69,2046,IRA_low,2010,8464549.0
p69,2046,IRA_low,2011,8453101.0
p69,2046,IRA_low,2012,8399491.0
p69,2046,IRA_low,2013,8489337.0
p69,2047,IRA_low,2007,8547426.0
p69,2047,IRA_low,2008,8587667.0
p69,2047,IRA_low,2009,8550832.0
p69,2047,IRA_low,2010,8553478.0
p69,2047,IRA_low,2011,8541692.0
p69,2047,IRA_low,2012,8487515.0
p69,2047,IRA_low,2013,8578712.0
p69,2048,IRA_low,2007,8636457.0
p69,2048,IRA_low,2008,8676809.0
p69,2048,IRA_low,2009,8639458.0
p69,2048,IRA_low,2010,8642598.0
p69,2048,IRA_low,2011,8630483.0
p69,2048,IRA_low,2012,8575571.0
p69,2048,IRA_low,2013,8668035.0
p69,2049,IRA_low,2007,8725393.0
p69,2049,IRA_low,2008,8766067.0
p69,2049,IRA_low,2009,8728491.0
p69,2049,IRA_low,2010,8731461.0
p69,2049,IRA_low,2011,8718701.0
p69,2049,IRA_low,2012,8663567.0
p69,2049,IRA_low,2013,8757272.0
p69,2050,IRA_low,2007,8814286.0
p69,2050,IRA_low,2008,8855369.0
p69,2050,IRA_low,2009,8816665.0
p69,2050,IRA_low,2010,8820581.0
p69,2050,IRA_low,2011,8807829.0
p69,2050,IRA_low,2012,8751609.0
p69,2050,IRA_low,2013,8846601.0
p7,2020,IRA_low,2007,988244.46
p7,2020,IRA_low,2008,988342.49
p7,2020,IRA_low,2009,988381.48
p7,2020,IRA_low,2010,988556.38
p7,2020,IRA_low,2011,988629.9
p7,2020,IRA_low,2012,988421.58
p7,2020,IRA_low,2013,988242.23
p7,2021,IRA_low,2007,1616440.0
p7,2021,IRA_low,2008,1617334.0
p7,2021,IRA_low,2009,1616309.0
p7,2021,IRA_low,2010,1616371.0
p7,2021,IRA_low,2011,1616352.0
p7,2021,IRA_low,2012,1617125.0
p7,2021,IRA_low,2013,1616414.0
p7,2022,IRA_low,2007,1682012.0
p7,2022,IRA_low,2008,1681851.0
p7,2022,IRA_low,2009,1682065.0
p7,2022,IRA_low,2010,1682075.0
p7,2022,IRA_low,2011,1682019.0
p7,2022,IRA_low,2012,1682164.0
p7,2022,IRA_low,2013,1681994.0
p7,2023,IRA_low,2007,1736171.0
p7,2023,IRA_low,2008,1735986.0
p7,2023,IRA_low,2009,1736202.0
p7,2023,IRA_low,2010,1736198.0
p7,2023,IRA_low,2011,1736122.0
p7,2023,IRA_low,2012,1736135.0
p7,2023,IRA_low,2013,1736025.0
p7,2024,IRA_low,2007,1760881.0
p7,2024,IRA_low,2008,1760792.0
p7,2024,IRA_low,2009,1760929.0
p7,2024,IRA_low,2010,1760911.0
p7,2024,IRA_low,2011,1760921.0
p7,2024,IRA_low,2012,1761027.0
p7,2024,IRA_low,2013,1760872.0
p7,2025,IRA_low,2007,1805830.0
p7,2025,IRA_low,2008,1805817.0
p7,2025,IRA_low,2009,1805763.0
p7,2025,IRA_low,2010,1805610.0
p7,2025,IRA_low,2011,1805682.0
p7,2025,IRA_low,2012,1805747.0
p7,2025,IRA_low,2013,1805785.0
p7,2026,IRA_low,2007,1864530.0
p7,2026,IRA_low,2008,1864585.0
p7,2026,IRA_low,2009,1864697.0
p7,2026,IRA_low,2010,1864088.0
p7,2026,IRA_low,2011,1864443.0
p7,2026,IRA_low,2012,1864429.0
p7,2026,IRA_low,2013,1864543.0
p7,2027,IRA_low,2007,1923254.0
p7,2027,IRA_low,2008,1923290.0
p7,2027,IRA_low,2009,1923468.0
p7,2027,IRA_low,2010,1922571.0
p7,2027,IRA_low,2011,1923336.0
p7,2027,IRA_low,2012,1923137.0
p7,2027,IRA_low,2013,1923336.0
p7,2028,IRA_low,2007,1981846.0
p7,2028,IRA_low,2008,1982205.0
p7,2028,IRA_low,2009,1982162.0
p7,2028,IRA_low,2010,1981175.0
p7,2028,IRA_low,2011,1981923.0
p7,2028,IRA_low,2012,1981682.0
p7,2028,IRA_low,2013,1982078.0
p7,2029,IRA_low,2007,2040505.0
p7,2029,IRA_low,2008,2041070.0
p7,2029,IRA_low,2009,2041026.0
p7,2029,IRA_low,2010,2039302.0
p7,2029,IRA_low,2011,2040901.0
p7,2029,IRA_low,2012,2040361.0
p7,2029,IRA_low,2013,2040747.0
p7,2030,IRA_low,2007,2099306.0
p7,2030,IRA_low,2008,2099932.0
p7,2030,IRA_low,2009,2099957.0
p7,2030,IRA_low,2010,2097887.0
p7,2030,IRA_low,2011,2099476.0
p7,2030,IRA_low,2012,2098962.0
p7,2030,IRA_low,2013,2099419.0
p7,2031,IRA_low,2007,2149803.0
p7,2031,IRA_low,2008,2150415.0
p7,2031,IRA_low,2009,2150305.0
p7,2031,IRA_low,2010,2148188.0
p7,2031,IRA_low,2011,2150124.0
p7,2031,IRA_low,2012,2149291.0
p7,2031,IRA_low,2013,2150005.0
p7,2032,IRA_low,2007,2200036.0
p7,2032,IRA_low,2008,2200755.0
p7,2032,IRA_low,2009,2200969.0
p7,2032,IRA_low,2010,2198194.0
p7,2032,IRA_low,2011,2200608.0
p7,2032,IRA_low,2012,2199397.0
p7,2032,IRA_low,2013,2200294.0
p7,2033,IRA_low,2007,2250296.0
p7,2033,IRA_low,2008,2251723.0
p7,2033,IRA_low,2009,2251403.0
p7,2033,IRA_low,2010,2248485.0
p7,2033,IRA_low,2011,2251185.0
p7,2033,IRA_low,2012,2249898.0
p7,2033,IRA_low,2013,2250901.0
p7,2034,IRA_low,2007,2300705.0
p7,2034,IRA_low,2008,2302245.0
p7,2034,IRA_low,2009,2301996.0
p7,2034,IRA_low,2010,2298669.0
p7,2034,IRA_low,2011,2301656.0
p7,2034,IRA_low,2012,2300304.0
p7,2034,IRA_low,2013,2301269.0
p7,2035,IRA_low,2007,2350833.0
p7,2035,IRA_low,2008,2352925.0
p7,2035,IRA_low,2009,2352844.0
p7,2035,IRA_low,2010,2348868.0
p7,2035,IRA_low,2011,2352312.0
p7,2035,IRA_low,2012,2350445.0
p7,2035,IRA_low,2013,2351750.0
p7,2036,IRA_low,2007,2390678.0
p7,2036,IRA_low,2008,2392803.0
p7,2036,IRA_low,2009,2392233.0
p7,2036,IRA_low,2010,2388511.0
p7,2036,IRA_low,2011,2392363.0
p7,2036,IRA_low,2012,2390247.0
p7,2036,IRA_low,2013,2391663.0
p7,2037,IRA_low,2007,2430614.0
p7,2037,IRA_low,2008,2432716.0
p7,2037,IRA_low,2009,2432265.0
p7,2037,IRA_low,2010,2427962.0
p7,2037,IRA_low,2011,2432028.0
p7,2037,IRA_low,2012,2429887.0
p7,2037,IRA_low,2013,2431491.0
p7,2038,IRA_low,2007,2470400.0
p7,2038,IRA_low,2008,2472662.0
p7,2038,IRA_low,2009,2472229.0
p7,2038,IRA_low,2010,2467439.0
p7,2038,IRA_low,2011,2471880.0
p7,2038,IRA_low,2012,2469677.0
p7,2038,IRA_low,2013,2471256.0
p7,2039,IRA_low,2007,2510169.0
p7,2039,IRA_low,2008,2512629.0
p7,2039,IRA_low,2009,2511930.0
p7,2039,IRA_low,2010,2507063.0
p7,2039,IRA_low,2011,2511911.0
p7,2039,IRA_low,2012,2509270.0
p7,2039,IRA_low,2013,2510932.0
p7,2040,IRA_low,2007,2550003.0
p7,2040,IRA_low,2008,2552476.0
p7,2040,IRA_low,2009,2551975.0
p7,2040,IRA_low,2010,2546603.0
p7,2040,IRA_low,2011,2551758.0
p7,2040,IRA_low,2012,2548892.0
p7,2040,IRA_low,2013,2550805.0
p7,2041,IRA_low,2007,2587806.0
p7,2041,IRA_low,2008,2590406.0
p7,2041,IRA_low,2009,2590007.0
p7,2041,IRA_low,2010,2584543.0
p7,2041,IRA_low,2011,2589489.0
p7,2041,IRA_low,2012,2586801.0
p7,2041,IRA_low,2013,2588754.0
p7,2042,IRA_low,2007,2625850.0
p7,2042,IRA_low,2008,2628377.0
p7,2042,IRA_low,2009,2627928.0
p7,2042,IRA_low,2010,2622161.0
p7,2042,IRA_low,2011,2627471.0
p7,2042,IRA_low,2012,2624596.0
p7,2042,IRA_low,2013,2626758.0
p7,2043,IRA_low,2007,2663578.0
p7,2043,IRA_low,2008,2666276.0
p7,2043,IRA_low,2009,2665704.0
p7,2043,IRA_low,2010,2659762.0
p7,2043,IRA_low,2011,2665233.0
p7,2043,IRA_low,2012,2662538.0
p7,2043,IRA_low,2013,2664577.0
p7,2044,IRA_low,2007,2701166.0
p7,2044,IRA_low,2008,2704268.0
p7,2044,IRA_low,2009,2704108.0
p7,2044,IRA_low,2010,2697789.0
p7,2044,IRA_low,2011,2702800.0
p7,2044,IRA_low,2012,2700261.0
p7,2044,IRA_low,2013,2702601.0
p7,2045,IRA_low,2007,2739401.0
p7,2045,IRA_low,2008,2741632.0
p7,2045,IRA_low,2009,2741563.0
p7,2045,IRA_low,2010,2735198.0
p7,2045,IRA_low,2011,2741046.0
p7,2045,IRA_low,2012,2738343.0
p7,2045,IRA_low,2013,2740526.0
p7,2046,IRA_low,2007,2774649.0
p7,2046,IRA_low,2008,2777495.0
p7,2046,IRA_low,2009,2776945.0
p7,2046,IRA_low,2010,2770521.0
p7,2046,IRA_low,2011,2776249.0
p7,2046,IRA_low,2012,2773420.0
p7,2046,IRA_low,2013,2775692.0
p7,2047,IRA_low,2007,2809896.0
p7,2047,IRA_low,2008,2812743.0
p7,2047,IRA_low,2009,2812305.0
p7,2047,IRA_low,2010,2805724.0
p7,2047,IRA_low,2011,2811454.0
p7,2047,IRA_low,2012,2808721.0
p7,2047,IRA_low,2013,2810974.0
p7,2048,IRA_low,2007,2845183.0
p7,2048,IRA_low,2008,2848075.0
p7,2048,IRA_low,2009,2847660.0
p7,2048,IRA_low,2010,2840879.0
p7,2048,IRA_low,2011,2846719.0
p7,2048,IRA_low,2012,2843951.0
p7,2048,IRA_low,2013,2846245.0
p7,2049,IRA_low,2007,2880434.0
p7,2049,IRA_low,2008,2883356.0
p7,2049,IRA_low,2009,2883066.0
p7,2049,IRA_low,2010,2876070.0
p7,2049,IRA_low,2011,2881979.0
p7,2049,IRA_low,2012,2879132.0
p7,2049,IRA_low,2013,2881614.0
p7,2050,IRA_low,2007,2915760.0
p7,2050,IRA_low,2008,2918529.0
p7,2050,IRA_low,2009,2918316.0
p7,2050,IRA_low,2010,2911313.0
p7,2050,IRA_low,2011,2917232.0
p7,2050,IRA_low,2012,2914261.0
p7,2050,IRA_low,2013,2917063.0
p70,2020,IRA_low,2007,44696807.96
p70,2020,IRA_low,2008,44695948.6
p70,2020,IRA_low,2009,44695579.34
p70,2020,IRA_low,2010,44693827.04
p70,2020,IRA_low,2011,44694454.78
p70,2020,IRA_low,2012,44696985.88
p70,2020,IRA_low,2013,44693795.71
p70,2021,IRA_low,2007,36253529.0
p70,2021,IRA_low,2008,36253533.0
p70,2021,IRA_low,2009,36253564.0
p70,2021,IRA_low,2010,36253568.0
p70,2021,IRA_low,2011,36253508.0
p70,2021,IRA_low,2012,36253497.0
p70,2021,IRA_low,2013,36253496.0
p70,2022,IRA_low,2007,37241859.0
p70,2022,IRA_low,2008,37241825.0
p70,2022,IRA_low,2009,37241823.0
p70,2022,IRA_low,2010,37241837.0
p70,2022,IRA_low,2011,37241823.0
p70,2022,IRA_low,2012,37241829.0
p70,2022,IRA_low,2013,37241813.0
p70,2023,IRA_low,2007,37356635.0
p70,2023,IRA_low,2008,37356685.0
p70,2023,IRA_low,2009,37356665.0
p70,2023,IRA_low,2010,37356683.0
p70,2023,IRA_low,2011,37356692.0
p70,2023,IRA_low,2012,37356673.0
p70,2023,IRA_low,2013,37356724.0
p70,2024,IRA_low,2007,36718370.0
p70,2024,IRA_low,2008,36718354.0
p70,2024,IRA_low,2009,36718311.0
p70,2024,IRA_low,2010,36718371.0
p70,2024,IRA_low,2011,36718347.0
p70,2024,IRA_low,2012,36718334.0
p70,2024,IRA_low,2013,36718393.0
p70,2025,IRA_low,2007,37482012.0
p70,2025,IRA_low,2008,37484466.0
p70,2025,IRA_low,2009,37477788.0
p70,2025,IRA_low,2010,37482696.0
p70,2025,IRA_low,2011,37479403.0
p70,2025,IRA_low,2012,37474440.0
p70,2025,IRA_low,2013,37483894.0
p70,2026,IRA_low,2007,38544240.0
p70,2026,IRA_low,2008,38564098.0
p70,2026,IRA_low,2009,38542486.0
p70,2026,IRA_low,2010,38547492.0
p70,2026,IRA_low,2011,38539558.0
p70,2026,IRA_low,2012,38512876.0
p70,2026,IRA_low,2013,38558318.0
p70,2027,IRA_low,2007,39606518.0
p70,2027,IRA_low,2008,39643718.0
p70,2027,IRA_low,2009,39607147.0
p70,2027,IRA_low,2010,39612366.0
p70,2027,IRA_low,2011,39599629.0
p70,2027,IRA_low,2012,39551207.0
p70,2027,IRA_low,2013,39632924.0
p70,2028,IRA_low,2007,40668771.0
p70,2028,IRA_low,2008,40723375.0
p70,2028,IRA_low,2009,40671860.0
p70,2028,IRA_low,2010,40677217.0
p70,2028,IRA_low,2011,40659663.0
p70,2028,IRA_low,2012,40589572.0
p70,2028,IRA_low,2013,40707499.0
p70,2029,IRA_low,2007,41730957.0
p70,2029,IRA_low,2008,41802900.0
p70,2029,IRA_low,2009,41736630.0
p70,2029,IRA_low,2010,41741978.0
p70,2029,IRA_low,2011,41719669.0
p70,2029,IRA_low,2012,41627862.0
p70,2029,IRA_low,2013,41781972.0
p70,2030,IRA_low,2007,42793266.0
p70,2030,IRA_low,2008,42882503.0
p70,2030,IRA_low,2009,42801335.0
p70,2030,IRA_low,2010,42806768.0
p70,2030,IRA_low,2011,42779756.0
p70,2030,IRA_low,2012,42666266.0
p70,2030,IRA_low,2013,42856611.0
p70,2031,IRA_low,2007,43784855.0
p70,2031,IRA_low,2008,43893002.0
p70,2031,IRA_low,2009,43796461.0
p70,2031,IRA_low,2010,43801081.0
p70,2031,IRA_low,2011,43769972.0
p70,2031,IRA_low,2012,43632005.0
p70,2031,IRA_low,2013,43862698.0
p70,2032,IRA_low,2007,44776455.0
p70,2032,IRA_low,2008,44903557.0
p70,2032,IRA_low,2009,44791646.0
p70,2032,IRA_low,2010,44795330.0
p70,2032,IRA_low,2011,44760172.0
p70,2032,IRA_low,2012,44597524.0
p70,2032,IRA_low,2013,44868991.0
p70,2033,IRA_low,2007,45768022.0
p70,2033,IRA_low,2008,45914024.0
p70,2033,IRA_low,2009,45786843.0
p70,2033,IRA_low,2010,45789552.0
p70,2033,IRA_low,2011,45750336.0
p70,2033,IRA_low,2012,45563336.0
p70,2033,IRA_low,2013,45875201.0
p70,2034,IRA_low,2007,46759585.0
p70,2034,IRA_low,2008,46924548.0
p70,2034,IRA_low,2009,46782099.0
p70,2034,IRA_low,2010,46783738.0
p70,2034,IRA_low,2011,46740497.0
p70,2034,IRA_low,2012,46528977.0
p70,2034,IRA_low,2013,46881454.0
p70,2035,IRA_low,2007,47751230.0
p70,2035,IRA_low,2008,47935118.0
p70,2035,IRA_low,2009,47777275.0
p70,2035,IRA_low,2010,47778025.0
p70,2035,IRA_low,2011,47730731.0
p70,2035,IRA_low,2012,47494700.0
p70,2035,IRA_low,2013,47887611.0
p70,2036,IRA_low,2007,48597239.0
p70,2036,IRA_low,2008,48795886.0
p70,2036,IRA_low,2009,48624689.0
p70,2036,IRA_low,2010,48626145.0
p70,2036,IRA_low,2011,48574933.0
p70,2036,IRA_low,2012,48318948.0
p70,2036,IRA_low,2013,48745230.0
p70,2037,IRA_low,2007,49443224.0
p70,2037,IRA_low,2008,49656579.0
p70,2037,IRA_low,2009,49472186.0
p70,2037,IRA_low,2010,49474239.0
p70,2037,IRA_low,2011,49419185.0
p70,2037,IRA_low,2012,49143272.0
p70,2037,IRA_low,2013,49602842.0
p70,2038,IRA_low,2007,50289260.0
p70,2038,IRA_low,2008,50517283.0
p70,2038,IRA_low,2009,50319673.0
p70,2038,IRA_low,2010,50322318.0
p70,2038,IRA_low,2011,50263275.0
p70,2038,IRA_low,2012,49967718.0
p70,2038,IRA_low,2013,50460487.0
p70,2039,IRA_low,2007,51135356.0
p70,2039,IRA_low,2008,51377957.0
p70,2039,IRA_low,2009,51167184.0
p70,2039,IRA_low,2010,51170444.0
p70,2039,IRA_low,2011,51107596.0
p70,2039,IRA_low,2012,50791997.0
p70,2039,IRA_low,2013,51318122.0
p70,2040,IRA_low,2007,51981403.0
p70,2040,IRA_low,2008,52238691.0
p70,2040,IRA_low,2009,52014697.0
p70,2040,IRA_low,2010,52018628.0
p70,2040,IRA_low,2011,51951729.0
p70,2040,IRA_low,2012,51616282.0
p70,2040,IRA_low,2013,52175757.0
p70,2041,IRA_low,2007,52763373.0
p70,2041,IRA_low,2008,53029013.0
p70,2041,IRA_low,2009,52796127.0
p70,2041,IRA_low,2010,52801961.0
p70,2041,IRA_low,2011,52731804.0
p70,2041,IRA_low,2012,52383650.0
p70,2041,IRA_low,2013,52965072.0
p70,2042,IRA_low,2007,53545416.0
p70,2042,IRA_low,2008,53819283.0
p70,2042,IRA_low,2009,53577559.0
p70,2042,IRA_low,2010,53585267.0
p70,2042,IRA_low,2011,53511804.0
p70,2042,IRA_low,2012,53150901.0
p70,2042,IRA_low,2013,53754275.0
p70,2043,IRA_low,2007,54327383.0
p70,2043,IRA_low,2008,54609547.0
p70,2043,IRA_low,2009,54358987.0
p70,2043,IRA_low,2010,54368690.0
p70,2043,IRA_low,2011,54291826.0
p70,2043,IRA_low,2012,53918160.0
p70,2043,IRA_low,2013,54543639.0
p70,2044,IRA_low,2007,55109344.0
p70,2044,IRA_low,2008,55399877.0
p70,2044,IRA_low,2009,55140404.0
p70,2044,IRA_low,2010,55151963.0
p70,2044,IRA_low,2011,55071943.0
p70,2044,IRA_low,2012,54685351.0
p70,2044,IRA_low,2013,55332897.0
p70,2045,IRA_low,2007,55891373.0
p70,2045,IRA_low,2008,56190130.0
p70,2045,IRA_low,2009,55921873.0
p70,2045,IRA_low,2010,55935335.0
p70,2045,IRA_low,2011,55852012.0
p70,2045,IRA_low,2012,55452647.0
p70,2045,IRA_low,2013,56122203.0
p70,2046,IRA_low,2007,56563943.0
p70,2046,IRA_low,2008,56865116.0
p70,2046,IRA_low,2009,56591953.0
p70,2046,IRA_low,2010,56608452.0
p70,2046,IRA_low,2011,56522610.0
p70,2046,IRA_low,2012,56118211.0
p70,2046,IRA_low,2013,56797502.0
p70,2047,IRA_low,2007,57236489.0
p70,2047,IRA_low,2008,57539999.0
p70,2047,IRA_low,2009,57262006.0
p70,2047,IRA_low,2010,57281752.0
p70,2047,IRA_low,2011,57193284.0
p70,2047,IRA_low,2012,56783672.0
p70,2047,IRA_low,2013,57472861.0
p70,2048,IRA_low,2007,57909111.0
p70,2048,IRA_low,2008,58214867.0
p70,2048,IRA_low,2009,57932129.0
p70,2048,IRA_low,2010,57954987.0
p70,2048,IRA_low,2011,57863919.0
p70,2048,IRA_low,2012,57449209.0
p70,2048,IRA_low,2013,58148205.0
p70,2049,IRA_low,2007,58581686.0
p70,2049,IRA_low,2008,58889673.0
p70,2049,IRA_low,2009,58602260.0
p70,2049,IRA_low,2010,58628220.0
p70,2049,IRA_low,2011,58534592.0
p70,2049,IRA_low,2012,58114618.0
p70,2049,IRA_low,2013,58823555.0
p70,2050,IRA_low,2007,59254254.0
p70,2050,IRA_low,2008,59564621.0
p70,2050,IRA_low,2009,59272360.0
p70,2050,IRA_low,2010,59301480.0
p70,2050,IRA_low,2011,59205214.0
p70,2050,IRA_low,2012,58780218.0
p70,2050,IRA_low,2013,59498868.0
p71,2020,IRA_low,2007,1366763.23
p71,2020,IRA_low,2008,1366627.99
p71,2020,IRA_low,2009,1366737.59
p71,2020,IRA_low,2010,1366726.1
p71,2020,IRA_low,2011,1366694.28
p71,2020,IRA_low,2012,1366689.86
p71,2020,IRA_low,2013,1366693.4
p71,2021,IRA_low,2007,1782651.0
p71,2021,IRA_low,2008,1782581.0
p71,2021,IRA_low,2009,1782603.0
p71,2021,IRA_low,2010,1782693.0
p71,2021,IRA_low,2011,1782479.0
p71,2021,IRA_low,2012,1782560.0
p71,2021,IRA_low,2013,1782613.0
p71,2022,IRA_low,2007,1842470.0
p71,2022,IRA_low,2008,1842400.0
p71,2022,IRA_low,2009,1842451.0
p71,2022,IRA_low,2010,1842520.0
p71,2022,IRA_low,2011,1842513.0
p71,2022,IRA_low,2012,1842618.0
p71,2022,IRA_low,2013,1842569.0
p71,2023,IRA_low,2007,1770440.0
p71,2023,IRA_low,2008,1770502.0
p71,2023,IRA_low,2009,1770604.0
p71,2023,IRA_low,2010,1770506.0
p71,2023,IRA_low,2011,1770464.0
p71,2023,IRA_low,2012,1770485.0
p71,2023,IRA_low,2013,1770468.0
p71,2024,IRA_low,2007,1804543.0
p71,2024,IRA_low,2008,1804629.0
p71,2024,IRA_low,2009,1804598.0
p71,2024,IRA_low,2010,1804602.0
p71,2024,IRA_low,2011,1804600.0
p71,2024,IRA_low,2012,1804678.0
p71,2024,IRA_low,2013,1804608.0
p71,2025,IRA_low,2007,1814151.0
p71,2025,IRA_low,2008,1814255.0
p71,2025,IRA_low,2009,1813953.0
p71,2025,IRA_low,2010,1814470.0
p71,2025,IRA_low,2011,1814156.0
p71,2025,IRA_low,2012,1813859.0
p71,2025,IRA_low,2013,1814322.0
p71,2026,IRA_low,2007,1835866.0
p71,2026,IRA_low,2008,1836585.0
p71,2026,IRA_low,2009,1835783.0
p71,2026,IRA_low,2010,1836612.0
p71,2026,IRA_low,2011,1835982.0
p71,2026,IRA_low,2012,1834401.0
p71,2026,IRA_low,2013,1836572.0
p71,2027,IRA_low,2007,1857730.0
p71,2027,IRA_low,2008,1858793.0
p71,2027,IRA_low,2009,1857675.0
p71,2027,IRA_low,2010,1859233.0
p71,2027,IRA_low,2011,1857811.0
p71,2027,IRA_low,2012,1854894.0
p71,2027,IRA_low,2013,1858572.0
p71,2028,IRA_low,2007,1879129.0
p71,2028,IRA_low,2008,1881268.0
p71,2028,IRA_low,2009,1879497.0
p71,2028,IRA_low,2010,1880881.0
p71,2028,IRA_low,2011,1879391.0
p71,2028,IRA_low,2012,1875568.0
p71,2028,IRA_low,2013,1881021.0
p71,2029,IRA_low,2007,1900987.0
p71,2029,IRA_low,2008,1903360.0
p71,2029,IRA_low,2009,1901297.0
p71,2029,IRA_low,2010,1903094.0
p71,2029,IRA_low,2011,1901405.0
p71,2029,IRA_low,2012,1896256.0
p71,2029,IRA_low,2013,1903160.0
p71,2030,IRA_low,2007,1922690.0
p71,2030,IRA_low,2008,1925706.0
p71,2030,IRA_low,2009,1923023.0
p71,2030,IRA_low,2010,1925096.0
p71,2030,IRA_low,2011,1923192.0
p71,2030,IRA_low,2012,1916676.0
p71,2030,IRA_low,2013,1925440.0
p71,2031,IRA_low,2007,1954499.0
p71,2031,IRA_low,2008,1958160.0
p71,2031,IRA_low,2009,1955038.0
p71,2031,IRA_low,2010,1957370.0
p71,2031,IRA_low,2011,1955183.0
p71,2031,IRA_low,2012,1947574.0
p71,2031,IRA_low,2013,1957847.0
p71,2032,IRA_low,2007,1986395.0
p71,2032,IRA_low,2008,1990475.0
p71,2032,IRA_low,2009,1987065.0
p71,2032,IRA_low,2010,1989869.0
p71,2032,IRA_low,2011,1987047.0
p71,2032,IRA_low,2012,1978219.0
p71,2032,IRA_low,2013,1990254.0
p71,2033,IRA_low,2007,2018225.0
p71,2033,IRA_low,2008,2022856.0
p71,2033,IRA_low,2009,2018855.0
p71,2033,IRA_low,2010,2021955.0
p71,2033,IRA_low,2011,2018952.0
p71,2033,IRA_low,2012,2008989.0
p71,2033,IRA_low,2013,2022490.0
p71,2034,IRA_low,2007,2050085.0
p71,2034,IRA_low,2008,2055351.0
p71,2034,IRA_low,2009,2050879.0
p71,2034,IRA_low,2010,2054276.0
p71,2034,IRA_low,2011,2050969.0
p71,2034,IRA_low,2012,2039679.0
p71,2034,IRA_low,2013,2054858.0
p71,2035,IRA_low,2007,2081768.0
p71,2035,IRA_low,2008,2087766.0
p71,2035,IRA_low,2009,2082800.0
p71,2035,IRA_low,2010,2086675.0
p71,2035,IRA_low,2011,2082859.0
p71,2035,IRA_low,2012,2070462.0
p71,2035,IRA_low,2013,2087128.0
p71,2036,IRA_low,2007,2115898.0
p71,2036,IRA_low,2008,2122283.0
p71,2036,IRA_low,2009,2116778.0
p71,2036,IRA_low,2010,2120953.0
p71,2036,IRA_low,2011,2116882.0
p71,2036,IRA_low,2012,2103558.0
p71,2036,IRA_low,2013,2121693.0
p71,2037,IRA_low,2007,2149953.0
p71,2037,IRA_low,2008,2157159.0
p71,2037,IRA_low,2009,2151042.0
p71,2037,IRA_low,2010,2155488.0
p71,2037,IRA_low,2011,2150981.0
p71,2037,IRA_low,2012,2136641.0
p71,2037,IRA_low,2013,2156030.0
p71,2038,IRA_low,2007,2183951.0
p71,2038,IRA_low,2008,2191224.0
p71,2038,IRA_low,2009,2185075.0
p71,2038,IRA_low,2010,2189942.0
p71,2038,IRA_low,2011,2185059.0
p71,2038,IRA_low,2012,2169783.0
p71,2038,IRA_low,2013,2190525.0
p71,2039,IRA_low,2007,2217949.0
p71,2039,IRA_low,2008,2225645.0
p71,2039,IRA_low,2009,2219201.0
p71,2039,IRA_low,2010,2224403.0
p71,2039,IRA_low,2011,2219273.0
p71,2039,IRA_low,2012,2202466.0
p71,2039,IRA_low,2013,2224966.0
p71,2040,IRA_low,2007,2252015.0
p71,2040,IRA_low,2008,2260242.0
p71,2040,IRA_low,2009,2253245.0
p71,2040,IRA_low,2010,2258736.0
p71,2040,IRA_low,2011,2253307.0
p71,2040,IRA_low,2012,2236025.0
p71,2040,IRA_low,2013,2259503.0
p71,2041,IRA_low,2007,2282756.0
p71,2041,IRA_low,2008,2291049.0
p71,2041,IRA_low,2009,2283936.0
p71,2041,IRA_low,2010,2289713.0
p71,2041,IRA_low,2011,2284092.0
p71,2041,IRA_low,2012,2266301.0
p71,2041,IRA_low,2013,2290433.0
p71,2042,IRA_low,2007,2313403.0
p71,2042,IRA_low,2008,2322242.0
p71,2042,IRA_low,2009,2314633.0
p71,2042,IRA_low,2010,2320711.0
p71,2042,IRA_low,2011,2314885.0
p71,2042,IRA_low,2012,2296396.0
p71,2042,IRA_low,2013,2321367.0
p71,2043,IRA_low,2007,2344284.0
p71,2043,IRA_low,2008,2353125.0
p71,2043,IRA_low,2009,2345478.0
p71,2043,IRA_low,2010,2351657.0
p71,2043,IRA_low,2011,2345679.0
p71,2043,IRA_low,2012,2326701.0
p71,2043,IRA_low,2013,2352372.0
p71,2044,IRA_low,2007,2375113.0
p71,2044,IRA_low,2008,2384078.0
p71,2044,IRA_low,2009,2376161.0
p71,2044,IRA_low,2010,2382626.0
p71,2044,IRA_low,2011,2376510.0
p71,2044,IRA_low,2012,2356881.0
p71,2044,IRA_low,2013,2383584.0
p71,2045,IRA_low,2007,2405571.0
p71,2045,IRA_low,2008,2414979.0
p71,2045,IRA_low,2009,2407034.0
p71,2045,IRA_low,2010,2413561.0
p71,2045,IRA_low,2011,2407481.0
p71,2045,IRA_low,2012,2387160.0
p71,2045,IRA_low,2013,2414384.0
p71,2046,IRA_low,2007,2428626.0
p71,2046,IRA_low,2008,2437900.0
p71,2046,IRA_low,2009,2429608.0
p71,2046,IRA_low,2010,2436478.0
p71,2046,IRA_low,2011,2430063.0
p71,2046,IRA_low,2012,2409784.0
p71,2046,IRA_low,2013,2437205.0
p71,2047,IRA_low,2007,2451369.0
p71,2047,IRA_low,2008,2460548.0
p71,2047,IRA_low,2009,2452217.0
p71,2047,IRA_low,2010,2459343.0
p71,2047,IRA_low,2011,2452904.0
p71,2047,IRA_low,2012,2432430.0
p71,2047,IRA_low,2013,2459976.0
p71,2048,IRA_low,2007,2474169.0
p71,2048,IRA_low,2008,2483362.0
p71,2048,IRA_low,2009,2474887.0
p71,2048,IRA_low,2010,2482246.0
p71,2048,IRA_low,2011,2475582.0
p71,2048,IRA_low,2012,2454849.0
p71,2048,IRA_low,2013,2482735.0
p71,2049,IRA_low,2007,2496971.0
p71,2049,IRA_low,2008,2506135.0
p71,2049,IRA_low,2009,2497551.0
p71,2049,IRA_low,2010,2505123.0
p71,2049,IRA_low,2011,2498438.0
p71,2049,IRA_low,2012,2477759.0
p71,2049,IRA_low,2013,2505522.0
p71,2050,IRA_low,2007,2519718.0
p71,2050,IRA_low,2008,2528822.0
p71,2050,IRA_low,2009,2520145.0
p71,2050,IRA_low,2010,2527920.0
p71,2050,IRA_low,2011,2521139.0
p71,2050,IRA_low,2012,2500235.0
p71,2050,IRA_low,2013,2528257.0
p72,2020,IRA_low,2007,32472753.55
p72,2020,IRA_low,2008,32472290.4
p72,2020,IRA_low,2009,32472090.64
p72,2020,IRA_low,2010,32470469.59
p72,2020,IRA_low,2011,32471161.67
p72,2020,IRA_low,2012,32472908.23
p72,2020,IRA_low,2013,32470790.44
p72,2021,IRA_low,2007,38798089.0
p72,2021,IRA_low,2008,38798080.0
p72,2021,IRA_low,2009,38798020.0
p72,2021,IRA_low,2010,38798074.0
p72,2021,IRA_low,2011,38798098.0
p72,2021,IRA_low,2012,38798096.0
p72,2021,IRA_low,2013,38798064.0
p72,2022,IRA_low,2007,40101036.0
p72,2022,IRA_low,2008,40101048.0
p72,2022,IRA_low,2009,40100945.0
p72,2022,IRA_low,2010,40100982.0
p72,2022,IRA_low,2011,40100971.0
p72,2022,IRA_low,2012,40100950.0
p72,2022,IRA_low,2013,40100955.0
p72,2023,IRA_low,2007,38534670.0
p72,2023,IRA_low,2008,38534587.0
p72,2023,IRA_low,2009,38534614.0
p72,2023,IRA_low,2010,38534697.0
p72,2023,IRA_low,2011,38534615.0
p72,2023,IRA_low,2012,38534645.0
p72,2023,IRA_low,2013,38534686.0
p72,2024,IRA_low,2007,39277353.0
p72,2024,IRA_low,2008,39277314.0
p72,2024,IRA_low,2009,39277362.0
p72,2024,IRA_low,2010,39277331.0
p72,2024,IRA_low,2011,39277313.0
p72,2024,IRA_low,2012,39277349.0
p72,2024,IRA_low,2013,39277357.0
p72,2025,IRA_low,2007,39368389.0
p72,2025,IRA_low,2008,39369519.0
p72,2025,IRA_low,2009,39366936.0
p72,2025,IRA_low,2010,39370567.0
p72,2025,IRA_low,2011,39368577.0
p72,2025,IRA_low,2012,39364075.0
p72,2025,IRA_low,2013,39369844.0
p72,2026,IRA_low,2007,39574253.0
p72,2026,IRA_low,2008,39580804.0
p72,2026,IRA_low,2009,39573763.0
p72,2026,IRA_low,2010,39580664.0
p72,2026,IRA_low,2011,39575224.0
p72,2026,IRA_low,2012,39559731.0
p72,2026,IRA_low,2013,39580357.0
p72,2027,IRA_low,2007,39780112.0
p72,2027,IRA_low,2008,39792157.0
p72,2027,IRA_low,2009,39780740.0
p72,2027,IRA_low,2010,39790741.0
p72,2027,IRA_low,2011,39781897.0
p72,2027,IRA_low,2012,39755426.0
p72,2027,IRA_low,2013,39790914.0
p72,2028,IRA_low,2007,39986084.0
p72,2028,IRA_low,2008,40003445.0
p72,2028,IRA_low,2009,39987690.0
p72,2028,IRA_low,2010,40000897.0
p72,2028,IRA_low,2011,39988510.0
p72,2028,IRA_low,2012,39951016.0
p72,2028,IRA_low,2013,40001468.0
p72,2029,IRA_low,2007,40191973.0
p72,2029,IRA_low,2008,40214766.0
p72,2029,IRA_low,2009,40194565.0
p72,2029,IRA_low,2010,40211016.0
p72,2029,IRA_low,2011,40195132.0
p72,2029,IRA_low,2012,40146794.0
p72,2029,IRA_low,2013,40212003.0
p72,2030,IRA_low,2007,40397831.0
p72,2030,IRA_low,2008,40426177.0
p72,2030,IRA_low,2009,40401481.0
p72,2030,IRA_low,2010,40421144.0
p72,2030,IRA_low,2011,40401824.0
p72,2030,IRA_low,2012,40342510.0
p72,2030,IRA_low,2013,40422499.0
p72,2031,IRA_low,2007,40699614.0
p72,2031,IRA_low,2008,40733539.0
p72,2031,IRA_low,2009,40704346.0
p72,2031,IRA_low,2010,40727326.0
p72,2031,IRA_low,2011,40704602.0
p72,2031,IRA_low,2012,40633549.0
p72,2031,IRA_low,2013,40729352.0
p72,2032,IRA_low,2007,41001429.0
p72,2032,IRA_low,2008,41040924.0
p72,2032,IRA_low,2009,41007023.0
p72,2032,IRA_low,2010,41033615.0
p72,2032,IRA_low,2011,41007306.0
p72,2032,IRA_low,2012,40924806.0
p72,2032,IRA_low,2013,41036081.0
p72,2033,IRA_low,2007,41303173.0
p72,2033,IRA_low,2008,41348373.0
p72,2033,IRA_low,2009,41309952.0
p72,2033,IRA_low,2010,41339827.0
p72,2033,IRA_low,2011,41310085.0
p72,2033,IRA_low,2012,41215987.0
p72,2033,IRA_low,2013,41342825.0
p72,2034,IRA_low,2007,41605022.0
p72,2034,IRA_low,2008,41655835.0
p72,2034,IRA_low,2009,41612743.0
p72,2034,IRA_low,2010,41646183.0
p72,2034,IRA_low,2011,41612876.0
p72,2034,IRA_low,2012,41507159.0
p72,2034,IRA_low,2013,41649587.0
p72,2035,IRA_low,2007,41906847.0
p72,2035,IRA_low,2008,41963240.0
p72,2035,IRA_low,2009,41915508.0
p72,2035,IRA_low,2010,41952424.0
p72,2035,IRA_low,2011,41915617.0
p72,2035,IRA_low,2012,41798299.0
p72,2035,IRA_low,2013,41956407.0
p72,2036,IRA_low,2007,42229516.0
p72,2036,IRA_low,2008,42290191.0
p72,2036,IRA_low,2009,42238739.0
p72,2036,IRA_low,2010,42278764.0
p72,2036,IRA_low,2011,42238965.0
p72,2036,IRA_low,2012,42112220.0
p72,2036,IRA_low,2013,42283154.0
p72,2037,IRA_low,2007,42552179.0
p72,2037,IRA_low,2008,42617194.0
p72,2037,IRA_low,2009,42561890.0
p72,2037,IRA_low,2010,42605159.0
p72,2037,IRA_low,2011,42562272.0
p72,2037,IRA_low,2012,42425899.0
p72,2037,IRA_low,2013,42609753.0
p72,2038,IRA_low,2007,42874790.0
p72,2038,IRA_low,2008,42944208.0
p72,2038,IRA_low,2009,42885047.0
p72,2038,IRA_low,2010,42931511.0
p72,2038,IRA_low,2011,42885586.0
p72,2038,IRA_low,2012,42739800.0
p72,2038,IRA_low,2013,42936456.0
p72,2039,IRA_low,2007,43197394.0
p72,2039,IRA_low,2008,43271244.0
p72,2039,IRA_low,2009,43208272.0
p72,2039,IRA_low,2010,43257881.0
p72,2039,IRA_low,2011,43208838.0
p72,2039,IRA_low,2012,43053547.0
p72,2039,IRA_low,2013,43263155.0
p72,2040,IRA_low,2007,43520084.0
p72,2040,IRA_low,2008,43598214.0
p72,2040,IRA_low,2009,43531436.0
p72,2040,IRA_low,2010,43584241.0
p72,2040,IRA_low,2011,43532301.0
p72,2040,IRA_low,2012,43367282.0
p72,2040,IRA_low,2013,43589794.0
p72,2041,IRA_low,2007,43811947.0
p72,2041,IRA_low,2008,43891944.0
p72,2041,IRA_low,2009,43822936.0
p72,2041,IRA_low,2010,43878174.0
p72,2041,IRA_low,2011,43824374.0
p72,2041,IRA_low,2012,43654273.0
p72,2041,IRA_low,2013,43883709.0
p72,2042,IRA_low,2007,44103845.0
p72,2042,IRA_low,2008,44185767.0
p72,2042,IRA_low,2009,44114547.0
p72,2042,IRA_low,2010,44172027.0
p72,2042,IRA_low,2011,44116511.0
p72,2042,IRA_low,2012,43941161.0
p72,2042,IRA_low,2013,44177615.0
p72,2043,IRA_low,2007,44395646.0
p72,2043,IRA_low,2008,44479432.0
p72,2043,IRA_low,2009,44406153.0
p72,2043,IRA_low,2010,44465894.0
p72,2043,IRA_low,2011,44408461.0
p72,2043,IRA_low,2012,44228143.0
p72,2043,IRA_low,2013,44471470.0
p72,2044,IRA_low,2007,44687457.0
p72,2044,IRA_low,2008,44773166.0
p72,2044,IRA_low,2009,44697793.0
p72,2044,IRA_low,2010,44759804.0
p72,2044,IRA_low,2011,44700593.0
p72,2044,IRA_low,2012,44515035.0
p72,2044,IRA_low,2013,44765367.0
p72,2045,IRA_low,2007,44979319.0
p72,2045,IRA_low,2008,45066942.0
p72,2045,IRA_low,2009,44989263.0
p72,2045,IRA_low,2010,45053764.0
p72,2045,IRA_low,2011,44992778.0
p72,2045,IRA_low,2012,44801963.0
p72,2045,IRA_low,2013,45059250.0
p72,2046,IRA_low,2007,45195157.0
p72,2046,IRA_low,2008,45282646.0
p72,2046,IRA_low,2009,45204054.0
p72,2046,IRA_low,2010,45270332.0
p72,2046,IRA_low,2011,45208491.0
p72,2046,IRA_low,2012,45016285.0
p72,2046,IRA_low,2013,45275287.0
p72,2047,IRA_low,2007,45411080.0
p72,2047,IRA_low,2008,45498291.0
p72,2047,IRA_low,2009,45418915.0
p72,2047,IRA_low,2010,45486955.0
p72,2047,IRA_low,2011,45424285.0
p72,2047,IRA_low,2012,45230576.0
p72,2047,IRA_low,2013,45491346.0
p72,2048,IRA_low,2007,45627001.0
p72,2048,IRA_low,2008,45714031.0
p72,2048,IRA_low,2009,45633797.0
p72,2048,IRA_low,2010,45703573.0
p72,2048,IRA_low,2011,45640146.0
p72,2048,IRA_low,2012,45444885.0
p72,2048,IRA_low,2013,45707346.0
p72,2049,IRA_low,2007,45842871.0
p72,2049,IRA_low,2008,45929754.0
p72,2049,IRA_low,2009,45848311.0
p72,2049,IRA_low,2010,45920194.0
p72,2049,IRA_low,2011,45855982.0
p72,2049,IRA_low,2012,45659264.0
p72,2049,IRA_low,2013,45923338.0
p72,2050,IRA_low,2007,46058751.0
p72,2050,IRA_low,2008,46145406.0
p72,2050,IRA_low,2009,46063426.0
p72,2050,IRA_low,2010,46136745.0
p72,2050,IRA_low,2011,46071736.0
p72,2050,IRA_low,2012,45873601.0
p72,2050,IRA_low,2013,46139467.0
p73,2020,IRA_low,2007,2039435.68
p73,2020,IRA_low,2008,2039048.54
p73,2020,IRA_low,2009,2039235.04
p73,2020,IRA_low,2010,2039295.14
p73,2020,IRA_low,2011,2039254.48
p73,2020,IRA_low,2012,2039067.98
p73,2020,IRA_low,2013,2039171.4
p73,2021,IRA_low,2007,2519494.0
p73,2021,IRA_low,2008,2519541.0
p73,2021,IRA_low,2009,2519493.0
p73,2021,IRA_low,2010,2519648.0
p73,2021,IRA_low,2011,2519508.0
p73,2021,IRA_low,2012,2519336.0
p73,2021,IRA_low,2013,2519531.0
p73,2022,IRA_low,2007,2604248.0
p73,2022,IRA_low,2008,2604092.0
p73,2022,IRA_low,2009,2604113.0
p73,2022,IRA_low,2010,2604130.0
p73,2022,IRA_low,2011,2604114.0
p73,2022,IRA_low,2012,2604196.0
p73,2022,IRA_low,2013,2604093.0
p73,2023,IRA_low,2007,2502380.0
p73,2023,IRA_low,2008,2502385.0
p73,2023,IRA_low,2009,2502373.0
p73,2023,IRA_low,2010,2502430.0
p73,2023,IRA_low,2011,2502410.0
p73,2023,IRA_low,2012,2502442.0
p73,2023,IRA_low,2013,2502442.0
p73,2024,IRA_low,2007,2550687.0
p73,2024,IRA_low,2008,2550539.0
p73,2024,IRA_low,2009,2550559.0
p73,2024,IRA_low,2010,2550634.0
p73,2024,IRA_low,2011,2550689.0
p73,2024,IRA_low,2012,2550633.0
p73,2024,IRA_low,2013,2550676.0
p73,2025,IRA_low,2007,2569051.0
p73,2025,IRA_low,2008,2569271.0
p73,2025,IRA_low,2009,2568755.0
p73,2025,IRA_low,2010,2569479.0
p73,2025,IRA_low,2011,2569045.0
p73,2025,IRA_low,2012,2568086.0
p73,2025,IRA_low,2013,2569465.0
p73,2026,IRA_low,2007,2610707.0
p73,2026,IRA_low,2008,2611852.0
p73,2026,IRA_low,2009,2610732.0
p73,2026,IRA_low,2010,2611910.0
p73,2026,IRA_low,2011,2610861.0
p73,2026,IRA_low,2012,2607750.0
p73,2026,IRA_low,2013,2611793.0
p73,2027,IRA_low,2007,2652289.0
p73,2027,IRA_low,2008,2654670.0
p73,2027,IRA_low,2009,2652411.0
p73,2027,IRA_low,2010,2654330.0
p73,2027,IRA_low,2011,2652601.0
p73,2027,IRA_low,2012,2647289.0
p73,2027,IRA_low,2013,2654529.0
p73,2028,IRA_low,2007,2693931.0
p73,2028,IRA_low,2008,2697365.0
p73,2028,IRA_low,2009,2694319.0
p73,2028,IRA_low,2010,2696964.0
p73,2028,IRA_low,2011,2694390.0
p73,2028,IRA_low,2012,2686848.0
p73,2028,IRA_low,2013,2697040.0
p73,2029,IRA_low,2007,2735400.0
p73,2029,IRA_low,2008,2740130.0
p73,2029,IRA_low,2009,2736090.0
p73,2029,IRA_low,2010,2739344.0
p73,2029,IRA_low,2011,2736147.0
p73,2029,IRA_low,2012,2726369.0
p73,2029,IRA_low,2013,2739619.0
p73,2030,IRA_low,2007,2777244.0
p73,2030,IRA_low,2008,2782871.0
p73,2030,IRA_low,2009,2777876.0
p73,2030,IRA_low,2010,2781718.0
p73,2030,IRA_low,2011,2778402.0
p73,2030,IRA_low,2012,2765936.0
p73,2030,IRA_low,2013,2782127.0
p73,2031,IRA_low,2007,2838160.0
p73,2031,IRA_low,2008,2844955.0
p73,2031,IRA_low,2009,2839062.0
p73,2031,IRA_low,2010,2843687.0
p73,2031,IRA_low,2011,2839080.0
p73,2031,IRA_low,2012,2824732.0
p73,2031,IRA_low,2013,2844060.0
p73,2032,IRA_low,2007,2899119.0
p73,2032,IRA_low,2008,2907134.0
p73,2032,IRA_low,2009,2900393.0
p73,2032,IRA_low,2010,2905656.0
p73,2032,IRA_low,2011,2900275.0
p73,2032,IRA_low,2012,2883550.0
p73,2032,IRA_low,2013,2906087.0
p73,2033,IRA_low,2007,2960093.0
p73,2033,IRA_low,2008,2969300.0
p73,2033,IRA_low,2009,2961468.0
p73,2033,IRA_low,2010,2967550.0
p73,2033,IRA_low,2011,2961479.0
p73,2033,IRA_low,2012,2942460.0
p73,2033,IRA_low,2013,2968108.0
p73,2034,IRA_low,2007,3021101.0
p73,2034,IRA_low,2008,3031451.0
p73,2034,IRA_low,2009,3022706.0
p73,2034,IRA_low,2010,3029416.0
p73,2034,IRA_low,2011,3022751.0
p73,2034,IRA_low,2012,3001301.0
p73,2034,IRA_low,2013,3030153.0
p73,2035,IRA_low,2007,3082027.0
p73,2035,IRA_low,2008,3093551.0
p73,2035,IRA_low,2009,3083909.0
p73,2035,IRA_low,2010,3091298.0
p73,2035,IRA_low,2011,3083864.0
p73,2035,IRA_low,2012,3060178.0
p73,2035,IRA_low,2013,3092124.0
p73,2036,IRA_low,2007,3147382.0
p73,2036,IRA_low,2008,3159584.0
p73,2036,IRA_low,2009,3149317.0
p73,2036,IRA_low,2010,3157333.0
p73,2036,IRA_low,2011,3149224.0
p73,2036,IRA_low,2012,3123548.0
p73,2036,IRA_low,2013,3158167.0
p73,2037,IRA_low,2007,3212563.0
p73,2037,IRA_low,2008,3225652.0
p73,2037,IRA_low,2009,3214604.0
p73,2037,IRA_low,2010,3223285.0
p73,2037,IRA_low,2011,3214502.0
p73,2037,IRA_low,2012,3187009.0
p73,2037,IRA_low,2013,3224208.0
p73,2038,IRA_low,2007,3277734.0
p73,2038,IRA_low,2008,3291772.0
p73,2038,IRA_low,2009,3279931.0
p73,2038,IRA_low,2010,3289164.0
p73,2038,IRA_low,2011,3279937.0
p73,2038,IRA_low,2012,3250410.0
p73,2038,IRA_low,2013,3290236.0
p73,2039,IRA_low,2007,3342943.0
p73,2039,IRA_low,2008,3357833.0
p73,2039,IRA_low,2009,3345185.0
p73,2039,IRA_low,2010,3355202.0
p73,2039,IRA_low,2011,3345372.0
p73,2039,IRA_low,2012,3313842.0
p73,2039,IRA_low,2013,3356311.0
p73,2040,IRA_low,2007,3408164.0
p73,2040,IRA_low,2008,3423939.0
p73,2040,IRA_low,2009,3410518.0
p73,2040,IRA_low,2010,3421118.0
p73,2040,IRA_low,2011,3410715.0
p73,2040,IRA_low,2012,3377279.0
p73,2040,IRA_low,2013,3422294.0
p73,2041,IRA_low,2007,3467170.0
p73,2041,IRA_low,2008,3483342.0
p73,2041,IRA_low,2009,3469451.0
p73,2041,IRA_low,2010,3480654.0
p73,2041,IRA_low,2011,3469614.0
p73,2041,IRA_low,2012,3435107.0
p73,2041,IRA_low,2013,3481771.0
p73,2042,IRA_low,2007,3526177.0
p73,2042,IRA_low,2008,3542781.0
p73,2042,IRA_low,2009,3528415.0
p73,2042,IRA_low,2010,3539973.0
p73,2042,IRA_low,2011,3528797.0
p73,2042,IRA_low,2012,3493284.0
p73,2042,IRA_low,2013,3541075.0
p73,2043,IRA_low,2007,3585136.0
p73,2043,IRA_low,2008,3602103.0
p73,2043,IRA_low,2009,3587434.0
p73,2043,IRA_low,2010,3599447.0
p73,2043,IRA_low,2011,3587754.0
p73,2043,IRA_low,2012,3551182.0
p73,2043,IRA_low,2013,3600108.0
p73,2044,IRA_low,2007,3644176.0
p73,2044,IRA_low,2008,3661576.0
p73,2044,IRA_low,2009,3646251.0
p73,2044,IRA_low,2010,3658754.0
p73,2044,IRA_low,2011,3646844.0
p73,2044,IRA_low,2012,3609249.0
p73,2044,IRA_low,2013,3659905.0
p73,2045,IRA_low,2007,3703194.0
p73,2045,IRA_low,2008,3720809.0
p73,2045,IRA_low,2009,3705182.0
p73,2045,IRA_low,2010,3718111.0
p73,2045,IRA_low,2011,3705876.0
p73,2045,IRA_low,2012,3667225.0
p73,2045,IRA_low,2013,3719296.0
p73,2046,IRA_low,2007,3746799.0
p73,2046,IRA_low,2008,3764409.0
p73,2046,IRA_low,2009,3748576.0
p73,2046,IRA_low,2010,3761900.0
p73,2046,IRA_low,2011,3749541.0
p73,2046,IRA_low,2012,3710522.0
p73,2046,IRA_low,2013,3763003.0
p73,2047,IRA_low,2007,3790446.0
p73,2047,IRA_low,2008,3807983.0
p73,2047,IRA_low,2009,3792049.0
p73,2047,IRA_low,2010,3805724.0
p73,2047,IRA_low,2011,3793133.0
p73,2047,IRA_low,2012,3753916.0
p73,2047,IRA_low,2013,3806561.0
p73,2048,IRA_low,2007,3834096.0
p73,2048,IRA_low,2008,3851604.0
p73,2048,IRA_low,2009,3835432.0
p73,2048,IRA_low,2010,3849500.0
p73,2048,IRA_low,2011,3836704.0
p73,2048,IRA_low,2012,3797142.0
p73,2048,IRA_low,2013,3850298.0
p73,2049,IRA_low,2007,3877678.0
p73,2049,IRA_low,2008,3895249.0
p73,2049,IRA_low,2009,3878827.0
p73,2049,IRA_low,2010,3893351.0
p73,2049,IRA_low,2011,3880385.0
p73,2049,IRA_low,2012,3840535.0
p73,2049,IRA_low,2013,3893949.0
p73,2050,IRA_low,2007,3921295.0
p73,2050,IRA_low,2008,3938799.0
p73,2050,IRA_low,2009,3922241.0
p73,2050,IRA_low,2010,3937126.0
p73,2050,IRA_low,2011,3923907.0
p73,2050,IRA_low,2012,3883927.0
p73,2050,IRA_low,2013,3937587.0
p74,2020,IRA_low,2007,2890084.1
p74,2020,IRA_low,2008,2890261.28
p74,2020,IRA_low,2009,2889962.23
p74,2020,IRA_low,2010,2890070.04
p74,2020,IRA_low,2011,2890022.23
p74,2020,IRA_low,2012,2889951.92
p74,2020,IRA_low,2013,2890241.6
p74,2021,IRA_low,2007,2026449.0
p74,2021,IRA_low,2008,2026522.0
p74,2021,IRA_low,2009,2026421.0
p74,2021,IRA_low,2010,2026580.0
p74,2021,IRA_low,2011,2026495.0
p74,2021,IRA_low,2012,2026467.0
p74,2021,IRA_low,2013,2026608.0
p74,2022,IRA_low,2007,2046937.0
p74,2022,IRA_low,2008,2047058.0
p74,2022,IRA_low,2009,2046971.0
p74,2022,IRA_low,2010,2046990.0
p74,2022,IRA_low,2011,2047027.0
p74,2022,IRA_low,2012,2047051.0
p74,2022,IRA_low,2013,2047063.0
p74,2023,IRA_low,2007,1982271.0
p74,2023,IRA_low,2008,1982284.0
p74,2023,IRA_low,2009,1982259.0
p74,2023,IRA_low,2010,1982333.0
p74,2023,IRA_low,2011,1982309.0
p74,2023,IRA_low,2012,1982285.0
p74,2023,IRA_low,2013,1982339.0
p74,2024,IRA_low,2007,1999768.0
p74,2024,IRA_low,2008,1999657.0
p74,2024,IRA_low,2009,1999573.0
p74,2024,IRA_low,2010,1999673.0
p74,2024,IRA_low,2011,1999619.0
p74,2024,IRA_low,2012,1999682.0
p74,2024,IRA_low,2013,1999714.0
p74,2025,IRA_low,2007,2017667.0
p74,2025,IRA_low,2008,2018047.0
p74,2025,IRA_low,2009,2017706.0
p74,2025,IRA_low,2010,2017013.0
p74,2025,IRA_low,2011,2017423.0
p74,2025,IRA_low,2012,2015643.0
p74,2025,IRA_low,2013,2018126.0
p74,2026,IRA_low,2007,2073478.0
p74,2026,IRA_low,2008,2075000.0
p74,2026,IRA_low,2009,2073940.0
p74,2026,IRA_low,2010,2070650.0
p74,2026,IRA_low,2011,2072824.0
p74,2026,IRA_low,2012,2065833.0
p74,2026,IRA_low,2013,2074865.0
p74,2027,IRA_low,2007,2129229.0
p74,2027,IRA_low,2008,2131998.0
p74,2027,IRA_low,2009,2130341.0
p74,2027,IRA_low,2010,2124322.0
p74,2027,IRA_low,2011,2128296.0
p74,2027,IRA_low,2012,2117459.0
p74,2027,IRA_low,2013,2131469.0
p74,2028,IRA_low,2007,2185029.0
p74,2028,IRA_low,2008,2188933.0
p74,2028,IRA_low,2009,2186545.0
p74,2028,IRA_low,2010,2177980.0
p74,2028,IRA_low,2011,2183546.0
p74,2028,IRA_low,2012,2168490.0
p74,2028,IRA_low,2013,2188456.0
p74,2029,IRA_low,2007,2240926.0
p74,2029,IRA_low,2008,2245917.0
p74,2029,IRA_low,2009,2242874.0
p74,2029,IRA_low,2010,2231693.0
p74,2029,IRA_low,2011,2239093.0
p74,2029,IRA_low,2012,2219448.0
p74,2029,IRA_low,2013,2245129.0
p74,2030,IRA_low,2007,2296696.0
p74,2030,IRA_low,2008,2302824.0
p74,2030,IRA_low,2009,2299172.0
p74,2030,IRA_low,2010,2285291.0
p74,2030,IRA_low,2011,2294503.0
p74,2030,IRA_low,2012,2270321.0
p74,2030,IRA_low,2013,2302050.0
p74,2031,IRA_low,2007,2369234.0
p74,2031,IRA_low,2008,2376732.0
p74,2031,IRA_low,2009,2372212.0
p74,2031,IRA_low,2010,2355970.0
p74,2031,IRA_low,2011,2366659.0
p74,2031,IRA_low,2012,2337910.0
p74,2031,IRA_low,2013,2375619.0
p74,2032,IRA_low,2007,2441831.0
p74,2032,IRA_low,2008,2450701.0
p74,2032,IRA_low,2009,2445417.0
p74,2032,IRA_low,2010,2426343.0
p74,2032,IRA_low,2011,2438874.0
p74,2032,IRA_low,2012,2405578.0
p74,2032,IRA_low,2013,2449309.0
p74,2033,IRA_low,2007,2514531.0
p74,2033,IRA_low,2008,2524296.0
p74,2033,IRA_low,2009,2518410.0
p74,2033,IRA_low,2010,2496771.0
p74,2033,IRA_low,2011,2511167.0
p74,2033,IRA_low,2012,2473291.0
p74,2033,IRA_low,2013,2522917.0
p74,2034,IRA_low,2007,2587041.0
p74,2034,IRA_low,2008,2598125.0
p74,2034,IRA_low,2009,2591651.0
p74,2034,IRA_low,2010,2567450.0
p74,2034,IRA_low,2011,2583307.0
p74,2034,IRA_low,2012,2541105.0
p74,2034,IRA_low,2013,2596568.0
p74,2035,IRA_low,2007,2659543.0
p74,2035,IRA_low,2008,2671869.0
p74,2035,IRA_low,2009,2664712.0
p74,2035,IRA_low,2010,2637818.0
p74,2035,IRA_low,2011,2655670.0
p74,2035,IRA_low,2012,2608732.0
p74,2035,IRA_low,2013,2670241.0
p74,2036,IRA_low,2007,2728761.0
p74,2036,IRA_low,2008,2741954.0
p74,2036,IRA_low,2009,2734209.0
p74,2036,IRA_low,2010,2705333.0
p74,2036,IRA_low,2011,2724296.0
p74,2036,IRA_low,2012,2673965.0
p74,2036,IRA_low,2013,2740184.0
p74,2037,IRA_low,2007,2797536.0
p74,2037,IRA_low,2008,2811970.0
p74,2037,IRA_low,2009,2803652.0
p74,2037,IRA_low,2010,2772790.0
p74,2037,IRA_low,2011,2793066.0
p74,2037,IRA_low,2012,2739101.0
p74,2037,IRA_low,2013,2810163.0
p74,2038,IRA_low,2007,2866731.0
p74,2038,IRA_low,2008,2882086.0
p74,2038,IRA_low,2009,2873161.0
p74,2038,IRA_low,2010,2840093.0
p74,2038,IRA_low,2011,2861776.0
p74,2038,IRA_low,2012,2804235.0
p74,2038,IRA_low,2013,2879935.0
p74,2039,IRA_low,2007,2935702.0
p74,2039,IRA_low,2008,2952046.0
p74,2039,IRA_low,2009,2942643.0
p74,2039,IRA_low,2010,2907658.0
p74,2039,IRA_low,2011,2930655.0
p74,2039,IRA_low,2012,2869401.0
p74,2039,IRA_low,2013,2949929.0
p74,2040,IRA_low,2007,3004783.0
p74,2040,IRA_low,2008,3022010.0
p74,2040,IRA_low,2009,3012145.0
p74,2040,IRA_low,2010,2975010.0
p74,2040,IRA_low,2011,2999355.0
p74,2040,IRA_low,2012,2934618.0
p74,2040,IRA_low,2013,3019773.0
p74,2041,IRA_low,2007,3055165.0
p74,2041,IRA_low,2008,3073176.0
p74,2041,IRA_low,2009,3062916.0
p74,2041,IRA_low,2010,3024781.0
p74,2041,IRA_low,2011,3049699.0
p74,2041,IRA_low,2012,2983032.0
p74,2041,IRA_low,2013,3070769.0
p74,2042,IRA_low,2007,3105756.0
p74,2042,IRA_low,2008,3124166.0
p74,2042,IRA_low,2009,3113643.0
p74,2042,IRA_low,2010,3074472.0
p74,2042,IRA_low,2011,3100052.0
p74,2042,IRA_low,2012,3031452.0
p74,2042,IRA_low,2013,3121822.0
p74,2043,IRA_low,2007,3156266.0
p74,2043,IRA_low,2008,3175212.0
p74,2043,IRA_low,2009,3164391.0
p74,2043,IRA_low,2010,3124187.0
p74,2043,IRA_low,2011,3150432.0
p74,2043,IRA_low,2012,3079924.0
p74,2043,IRA_low,2013,3172868.0
p74,2044,IRA_low,2007,3206665.0
p74,2044,IRA_low,2008,3226263.0
p74,2044,IRA_low,2009,3215073.0
p74,2044,IRA_low,2010,3173970.0
p74,2044,IRA_low,2011,3200757.0
p74,2044,IRA_low,2012,3128479.0
p74,2044,IRA_low,2013,3223804.0
p74,2045,IRA_low,2007,3257221.0
p74,2045,IRA_low,2008,3277369.0
p74,2045,IRA_low,2009,3265764.0
p74,2045,IRA_low,2010,3223627.0
p74,2045,IRA_low,2011,3251014.0
p74,2045,IRA_low,2012,3176822.0
p74,2045,IRA_low,2013,3274789.0
p74,2046,IRA_low,2007,3290122.0
p74,2046,IRA_low,2008,3310441.0
p74,2046,IRA_low,2009,3298593.0
p74,2046,IRA_low,2010,3256441.0
p74,2046,IRA_low,2011,3283907.0
p74,2046,IRA_low,2012,3208858.0
p74,2046,IRA_low,2013,3307793.0
p74,2047,IRA_low,2007,3323032.0
p74,2047,IRA_low,2008,3343475.0
p74,2047,IRA_low,2009,3331449.0
p74,2047,IRA_low,2010,3289102.0
p74,2047,IRA_low,2011,3316576.0
p74,2047,IRA_low,2012,3240941.0
p74,2047,IRA_low,2013,3340844.0
p74,2048,IRA_low,2007,3355833.0
p74,2048,IRA_low,2008,3376437.0
p74,2048,IRA_low,2009,3364289.0
p74,2048,IRA_low,2010,3321792.0
p74,2048,IRA_low,2011,3349464.0
p74,2048,IRA_low,2012,3272824.0
p74,2048,IRA_low,2013,3373965.0
p74,2049,IRA_low,2007,3388742.0
p74,2049,IRA_low,2008,3409446.0
p74,2049,IRA_low,2009,3397084.0
p74,2049,IRA_low,2010,3354351.0
p74,2049,IRA_low,2011,3382178.0
p74,2049,IRA_low,2012,3304922.0
p74,2049,IRA_low,2013,3406897.0
p74,2050,IRA_low,2007,3421701.0
p74,2050,IRA_low,2008,3442335.0
p74,2050,IRA_low,2009,3429954.0
p74,2050,IRA_low,2010,3387187.0
p74,2050,IRA_low,2011,3414894.0
p74,2050,IRA_low,2012,3336934.0
p74,2050,IRA_low,2013,3439984.0
p75,2020,IRA_low,2007,9860272.18
p75,2020,IRA_low,2008,9860101.14
p75,2020,IRA_low,2009,9860132.6
p75,2020,IRA_low,2010,9860043.15
p75,2020,IRA_low,2011,9860225.98
p75,2020,IRA_low,2012,9859310.82
p75,2020,IRA_low,2013,9859851.46
p75,2021,IRA_low,2007,10810695.0
p75,2021,IRA_low,2008,10810912.0
p75,2021,IRA_low,2009,10810592.0
p75,2021,IRA_low,2010,10810700.0
p75,2021,IRA_low,2011,10810724.0
p75,2021,IRA_low,2012,10810822.0
p75,2021,IRA_low,2013,10811048.0
p75,2022,IRA_low,2007,10865536.0
p75,2022,IRA_low,2008,10865427.0
p75,2022,IRA_low,2009,10865302.0
p75,2022,IRA_low,2010,10865434.0
p75,2022,IRA_low,2011,10865486.0
p75,2022,IRA_low,2012,10865452.0
p75,2022,IRA_low,2013,10865315.0
p75,2023,IRA_low,2007,10673481.0
p75,2023,IRA_low,2008,10673401.0
p75,2023,IRA_low,2009,10673447.0
p75,2023,IRA_low,2010,10673436.0
p75,2023,IRA_low,2011,10673432.0
p75,2023,IRA_low,2012,10673409.0
p75,2023,IRA_low,2013,10673398.0
p75,2024,IRA_low,2007,10721301.0
p75,2024,IRA_low,2008,10721299.0
p75,2024,IRA_low,2009,10721278.0
p75,2024,IRA_low,2010,10721280.0
p75,2024,IRA_low,2011,10721267.0
p75,2024,IRA_low,2012,10721279.0
p75,2024,IRA_low,2013,10721358.0
p75,2025,IRA_low,2007,10767755.0
p75,2025,IRA_low,2008,10771653.0
p75,2025,IRA_low,2009,10768984.0
p75,2025,IRA_low,2010,10765583.0
p75,2025,IRA_low,2011,10767545.0
p75,2025,IRA_low,2012,10762494.0
p75,2025,IRA_low,2013,10771939.0
p75,2026,IRA_low,2007,10959423.0
p75,2026,IRA_low,2008,10973572.0
p75,2026,IRA_low,2009,10966025.0
p75,2026,IRA_low,2010,10952291.0
p75,2026,IRA_low,2011,10960729.0
p75,2026,IRA_low,2012,10943364.0
p75,2026,IRA_low,2013,10974758.0
p75,2027,IRA_low,2007,11151037.0
p75,2027,IRA_low,2008,11175511.0
p75,2027,IRA_low,2009,11162928.0
p75,2027,IRA_low,2010,11139213.0
p75,2027,IRA_low,2011,11153911.0
p75,2027,IRA_low,2012,11124304.0
p75,2027,IRA_low,2013,11177606.0
p75,2028,IRA_low,2007,11342636.0
p75,2028,IRA_low,2008,11377567.0
p75,2028,IRA_low,2009,11359914.0
p75,2028,IRA_low,2010,11325982.0
p75,2028,IRA_low,2011,11347051.0
p75,2028,IRA_low,2012,11305231.0
p75,2028,IRA_low,2013,11380511.0
p75,2029,IRA_low,2007,11534299.0
p75,2029,IRA_low,2008,11579408.0
p75,2029,IRA_low,2009,11556920.0
p75,2029,IRA_low,2010,11512796.0
p75,2029,IRA_low,2011,11540343.0
p75,2029,IRA_low,2012,11486186.0
p75,2029,IRA_low,2013,11583334.0
p75,2030,IRA_low,2007,11726022.0
p75,2030,IRA_low,2008,11781343.0
p75,2030,IRA_low,2009,11753844.0
p75,2030,IRA_low,2010,11699607.0
p75,2030,IRA_low,2011,11733504.0
p75,2030,IRA_low,2012,11667053.0
p75,2030,IRA_low,2013,11786202.0
p75,2031,IRA_low,2007,11989985.0
p75,2031,IRA_low,2008,12055889.0
p75,2031,IRA_low,2009,12023487.0
p75,2031,IRA_low,2010,11958687.0
p75,2031,IRA_low,2011,11999360.0
p75,2031,IRA_low,2012,11920088.0
p75,2031,IRA_low,2013,12062003.0
p75,2032,IRA_low,2007,12253959.0
p75,2032,IRA_low,2008,12330508.0
p75,2032,IRA_low,2009,12293044.0
p75,2032,IRA_low,2010,12217728.0
p75,2032,IRA_low,2011,12265247.0
p75,2032,IRA_low,2012,12173138.0
p75,2032,IRA_low,2013,12337819.0
p75,2033,IRA_low,2007,12517808.0
p75,2033,IRA_low,2008,12604852.0
p75,2033,IRA_low,2009,12562581.0
p75,2033,IRA_low,2010,12476753.0
p75,2033,IRA_low,2011,12531122.0
p75,2033,IRA_low,2012,12426192.0
p75,2033,IRA_low,2013,12613676.0
p75,2034,IRA_low,2007,12781740.0
p75,2034,IRA_low,2008,12879476.0
p75,2034,IRA_low,2009,12832198.0
p75,2034,IRA_low,2010,12735921.0
p75,2034,IRA_low,2011,12797043.0
p75,2034,IRA_low,2012,12679299.0
p75,2034,IRA_low,2013,12889436.0
p75,2035,IRA_low,2007,13045791.0
p75,2035,IRA_low,2008,13153991.0
p75,2035,IRA_low,2009,13101735.0
p75,2035,IRA_low,2010,12994919.0
p75,2035,IRA_low,2011,13062883.0
p75,2035,IRA_low,2012,12932278.0
p75,2035,IRA_low,2013,13165247.0
p75,2036,IRA_low,2007,13316160.0
p75,2036,IRA_low,2008,13433096.0
p75,2036,IRA_low,2009,13376622.0
p75,2036,IRA_low,2010,13261364.0
p75,2036,IRA_low,2011,13334501.0
p75,2036,IRA_low,2012,13193029.0
p75,2036,IRA_low,2013,13445376.0
p75,2037,IRA_low,2007,13586552.0
p75,2037,IRA_low,2008,13712217.0
p75,2037,IRA_low,2009,13651478.0
p75,2037,IRA_low,2010,13527784.0
p75,2037,IRA_low,2011,13606314.0
p75,2037,IRA_low,2012,13453707.0
p75,2037,IRA_low,2013,13725482.0
p75,2038,IRA_low,2007,13856918.0
p75,2038,IRA_low,2008,13991289.0
p75,2038,IRA_low,2009,13926330.0
p75,2038,IRA_low,2010,13794252.0
p75,2038,IRA_low,2011,13878098.0
p75,2038,IRA_low,2012,13714374.0
p75,2038,IRA_low,2013,14005707.0
p75,2039,IRA_low,2007,14127364.0
p75,2039,IRA_low,2008,14270409.0
p75,2039,IRA_low,2009,14201145.0
p75,2039,IRA_low,2010,14060724.0
p75,2039,IRA_low,2011,14149705.0
p75,2039,IRA_low,2012,13974972.0
p75,2039,IRA_low,2013,14285869.0
p75,2040,IRA_low,2007,14397716.0
p75,2040,IRA_low,2008,14549576.0
p75,2040,IRA_low,2009,14476059.0
p75,2040,IRA_low,2010,14327140.0
p75,2040,IRA_low,2011,14421389.0
p75,2040,IRA_low,2012,14235643.0
p75,2040,IRA_low,2013,14565958.0
p75,2041,IRA_low,2007,14613007.0
p75,2041,IRA_low,2008,14769706.0
p75,2041,IRA_low,2009,14693336.0
p75,2041,IRA_low,2010,14540159.0
p75,2041,IRA_low,2011,14636760.0
p75,2041,IRA_low,2012,14444029.0
p75,2041,IRA_low,2013,14786835.0
p75,2042,IRA_low,2007,14828299.0
p75,2042,IRA_low,2008,14989767.0
p75,2042,IRA_low,2009,14910676.0
p75,2042,IRA_low,2010,14753170.0
p75,2042,IRA_low,2011,14852119.0
p75,2042,IRA_low,2012,14652276.0
p75,2042,IRA_low,2013,15007614.0
p75,2043,IRA_low,2007,15043553.0
p75,2043,IRA_low,2008,15209884.0
p75,2043,IRA_low,2009,15127964.0
p75,2043,IRA_low,2010,14966126.0
p75,2043,IRA_low,2011,15067453.0
p75,2043,IRA_low,2012,14860600.0
p75,2043,IRA_low,2013,15228456.0
p75,2044,IRA_low,2007,15258918.0
p75,2044,IRA_low,2008,15429945.0
p75,2044,IRA_low,2009,15345187.0
p75,2044,IRA_low,2010,15179196.0
p75,2044,IRA_low,2011,15282797.0
p75,2044,IRA_low,2012,15068887.0
p75,2044,IRA_low,2013,15449252.0
p75,2045,IRA_low,2007,15474155.0
p75,2045,IRA_low,2008,15650064.0
p75,2045,IRA_low,2009,15562487.0
p75,2045,IRA_low,2010,15392149.0
p75,2045,IRA_low,2011,15498137.0
p75,2045,IRA_low,2012,15277197.0
p75,2045,IRA_low,2013,15670129.0
p75,2046,IRA_low,2007,15620582.0
p75,2046,IRA_low,2008,15798245.0
p75,2046,IRA_low,2009,15709068.0
p75,2046,IRA_low,2010,15537669.0
p75,2046,IRA_low,2011,15644017.0
p75,2046,IRA_low,2012,15419638.0
p75,2046,IRA_low,2013,15818763.0
p75,2047,IRA_low,2007,15767093.0
p75,2047,IRA_low,2008,15946507.0
p75,2047,IRA_low,2009,15855584.0
p75,2047,IRA_low,2010,15683199.0
p75,2047,IRA_low,2011,15789822.0
p75,2047,IRA_low,2012,15562089.0
p75,2047,IRA_low,2013,15967385.0
p75,2048,IRA_low,2007,15913580.0
p75,2048,IRA_low,2008,16094664.0
p75,2048,IRA_low,2009,16002150.0
p75,2048,IRA_low,2010,15828604.0
p75,2048,IRA_low,2011,15935689.0
p75,2048,IRA_low,2012,15704521.0
p75,2048,IRA_low,2013,16115990.0
p75,2049,IRA_low,2007,16060093.0
p75,2049,IRA_low,2008,16242932.0
p75,2049,IRA_low,2009,16148711.0
p75,2049,IRA_low,2010,15974072.0
p75,2049,IRA_low,2011,16081535.0
p75,2049,IRA_low,2012,15846919.0
p75,2049,IRA_low,2013,16264672.0
p75,2050,IRA_low,2007,16206549.0
p75,2050,IRA_low,2008,16391104.0
p75,2050,IRA_low,2009,16295194.0
p75,2050,IRA_low,2010,16119538.0
p75,2050,IRA_low,2011,16227384.0
p75,2050,IRA_low,2012,15989324.0
p75,2050,IRA_low,2013,16413293.0
p76,2020,IRA_low,2007,11690790.7
p76,2020,IRA_low,2008,11690610.81
p76,2020,IRA_low,2009,11690426.99
p76,2020,IRA_low,2010,11690349.34
p76,2020,IRA_low,2011,11690589.19
p76,2020,IRA_low,2012,11690666.84
p76,2020,IRA_low,2013,11690277.58
p76,2021,IRA_low,2007,11779138.0
p76,2021,IRA_low,2008,11779184.0
p76,2021,IRA_low,2009,11779151.0
p76,2021,IRA_low,2010,11779129.0
p76,2021,IRA_low,2011,11779155.0
p76,2021,IRA_low,2012,11779118.0
p76,2021,IRA_low,2013,11779134.0
p76,2022,IRA_low,2007,11838741.0
p76,2022,IRA_low,2008,11838702.0
p76,2022,IRA_low,2009,11838757.0
p76,2022,IRA_low,2010,11838730.0
p76,2022,IRA_low,2011,11838736.0
p76,2022,IRA_low,2012,11838700.0
p76,2022,IRA_low,2013,11838725.0
p76,2023,IRA_low,2007,11629463.0
p76,2023,IRA_low,2008,11629469.0
p76,2023,IRA_low,2009,11629433.0
p76,2023,IRA_low,2010,11629490.0
p76,2023,IRA_low,2011,11629502.0
p76,2023,IRA_low,2012,11629438.0
p76,2023,IRA_low,2013,11629409.0
p76,2024,IRA_low,2007,11681550.0
p76,2024,IRA_low,2008,11681652.0
p76,2024,IRA_low,2009,11681627.0
p76,2024,IRA_low,2010,11681619.0
p76,2024,IRA_low,2011,11681624.0
p76,2024,IRA_low,2012,11681649.0
p76,2024,IRA_low,2013,11681678.0
p76,2025,IRA_low,2007,11739737.0
p76,2025,IRA_low,2008,11744683.0
p76,2025,IRA_low,2009,11741430.0
p76,2025,IRA_low,2010,11737060.0
p76,2025,IRA_low,2011,11739528.0
p76,2025,IRA_low,2012,11733012.0
p76,2025,IRA_low,2013,11745060.0
p76,2026,IRA_low,2007,11979803.0
p76,2026,IRA_low,2008,11997609.0
p76,2026,IRA_low,2009,11988068.0
p76,2026,IRA_low,2010,11971145.0
p76,2026,IRA_low,2011,11981389.0
p76,2026,IRA_low,2012,11959661.0
p76,2026,IRA_low,2013,11998996.0
p76,2027,IRA_low,2007,12219714.0
p76,2027,IRA_low,2008,12250510.0
p76,2027,IRA_low,2009,12234726.0
p76,2027,IRA_low,2010,12205062.0
p76,2027,IRA_low,2011,12223396.0
p76,2027,IRA_low,2012,12186229.0
p76,2027,IRA_low,2013,12253213.0
p76,2028,IRA_low,2007,12459777.0
p76,2028,IRA_low,2008,12503424.0
p76,2028,IRA_low,2009,12481519.0
p76,2028,IRA_low,2010,12438952.0
p76,2028,IRA_low,2011,12465357.0
p76,2028,IRA_low,2012,12412855.0
p76,2028,IRA_low,2013,12507145.0
p76,2029,IRA_low,2007,12699800.0
p76,2029,IRA_low,2008,12756287.0
p76,2029,IRA_low,2009,12728143.0
p76,2029,IRA_low,2010,12672920.0
p76,2029,IRA_low,2011,12707330.0
p76,2029,IRA_low,2012,12639461.0
p76,2029,IRA_low,2013,12761299.0
p76,2030,IRA_low,2007,12939820.0
p76,2030,IRA_low,2008,13009185.0
p76,2030,IRA_low,2009,12974816.0
p76,2030,IRA_low,2010,12906805.0
p76,2030,IRA_low,2011,12949283.0
p76,2030,IRA_low,2012,12865972.0
p76,2030,IRA_low,2013,13015293.0
p76,2031,IRA_low,2007,13270314.0
p76,2031,IRA_low,2008,13352949.0
p76,2031,IRA_low,2009,13312426.0
p76,2031,IRA_low,2010,13231234.0
p76,2031,IRA_low,2011,13282154.0
p76,2031,IRA_low,2012,13182810.0
p76,2031,IRA_low,2013,13360651.0
p76,2032,IRA_low,2007,13600908.0
p76,2032,IRA_low,2008,13696807.0
p76,2032,IRA_low,2009,13649923.0
p76,2032,IRA_low,2010,13555691.0
p76,2032,IRA_low,2011,13615085.0
p76,2032,IRA_low,2012,13499737.0
p76,2032,IRA_low,2013,13706091.0
p76,2033,IRA_low,2007,13931411.0
p76,2033,IRA_low,2008,14040597.0
p76,2033,IRA_low,2009,13987531.0
p76,2033,IRA_low,2010,13880052.0
p76,2033,IRA_low,2011,13948140.0
p76,2033,IRA_low,2012,13816673.0
p76,2033,IRA_low,2013,14051467.0
p76,2034,IRA_low,2007,14261942.0
p76,2034,IRA_low,2008,14384365.0
p76,2034,IRA_low,2009,14325072.0
p76,2034,IRA_low,2010,14204575.0
p76,2034,IRA_low,2011,14281106.0
p76,2034,IRA_low,2012,14133556.0
p76,2034,IRA_low,2013,14396851.0
p76,2035,IRA_low,2007,14592581.0
p76,2035,IRA_low,2008,14728248.0
p76,2035,IRA_low,2009,14662757.0
p76,2035,IRA_low,2010,14528960.0
p76,2035,IRA_low,2011,14614023.0
p76,2035,IRA_low,2012,14450441.0
p76,2035,IRA_low,2013,14742276.0
p76,2036,IRA_low,2007,14931180.0
p76,2036,IRA_low,2008,15077773.0
p76,2036,IRA_low,2009,15006850.0
p76,2036,IRA_low,2010,14862694.0
p76,2036,IRA_low,2011,14954349.0
p76,2036,IRA_low,2012,14776945.0
p76,2036,IRA_low,2013,15093118.0
p76,2037,IRA_low,2007,15269710.0
p76,2037,IRA_low,2008,15427256.0
p76,2037,IRA_low,2009,15351078.0
p76,2037,IRA_low,2010,15196328.0
p76,2037,IRA_low,2011,15294539.0
p76,2037,IRA_low,2012,15103347.0
p76,2037,IRA_low,2013,15443951.0
p76,2038,IRA_low,2007,15608341.0
p76,2038,IRA_low,2008,15776767.0
p76,2038,IRA_low,2009,15695366.0
p76,2038,IRA_low,2010,15529938.0
p76,2038,IRA_low,2011,15634839.0
p76,2038,IRA_low,2012,15429805.0
p76,2038,IRA_low,2013,15794722.0
p76,2039,IRA_low,2007,15947023.0
p76,2039,IRA_low,2008,16126348.0
p76,2039,IRA_low,2009,16039525.0
p76,2039,IRA_low,2010,15863603.0
p76,2039,IRA_low,2011,15975109.0
p76,2039,IRA_low,2012,15756204.0
p76,2039,IRA_low,2013,16145576.0
p76,2040,IRA_low,2007,16285627.0
p76,2040,IRA_low,2008,16475892.0
p76,2040,IRA_low,2009,16383697.0
p76,2040,IRA_low,2010,16197300.0
p76,2040,IRA_low,2011,16315286.0
p76,2040,IRA_low,2012,16082750.0
p76,2040,IRA_low,2013,16496463.0
p76,2041,IRA_low,2007,16555291.0
p76,2041,IRA_low,2008,16751472.0
p76,2041,IRA_low,2009,16655869.0
p76,2041,IRA_low,2010,16463989.0
p76,2041,IRA_low,2011,16585023.0
p76,2041,IRA_low,2012,16343590.0
p76,2041,IRA_low,2013,16772984.0
p76,2042,IRA_low,2007,16824792.0
p76,2042,IRA_low,2008,17027149.0
p76,2042,IRA_low,2009,16928065.0
p76,2042,IRA_low,2010,16730744.0
p76,2042,IRA_low,2011,16854722.0
p76,2042,IRA_low,2012,16604356.0
p76,2042,IRA_low,2013,17049541.0
p76,2043,IRA_low,2007,17094447.0
p76,2043,IRA_low,2008,17302762.0
p76,2043,IRA_low,2009,17200117.0
p76,2043,IRA_low,2010,16997424.0
p76,2043,IRA_low,2011,17124412.0
p76,2043,IRA_low,2012,16865299.0
p76,2043,IRA_low,2013,17326014.0
p76,2044,IRA_low,2007,17363973.0
p76,2044,IRA_low,2008,17578409.0
p76,2044,IRA_low,2009,17472301.0
p76,2044,IRA_low,2010,17264321.0
p76,2044,IRA_low,2011,17394096.0
p76,2044,IRA_low,2012,17126105.0
p76,2044,IRA_low,2013,17602579.0
p76,2045,IRA_low,2007,17633714.0
p76,2045,IRA_low,2008,17853998.0
p76,2045,IRA_low,2009,17744360.0
p76,2045,IRA_low,2010,17531014.0
p76,2045,IRA_low,2011,17663816.0
p76,2045,IRA_low,2012,17386979.0
p76,2045,IRA_low,2013,17879095.0
p76,2046,IRA_low,2007,17817120.0
p76,2046,IRA_low,2008,18039582.0
p76,2046,IRA_low,2009,17928057.0
p76,2046,IRA_low,2010,17713234.0
p76,2046,IRA_low,2011,17846412.0
p76,2046,IRA_low,2012,17565396.0
p76,2046,IRA_low,2013,18065210.0
p76,2047,IRA_low,2007,18000504.0
p76,2047,IRA_low,2008,18225246.0
p76,2047,IRA_low,2009,18111399.0
p76,2047,IRA_low,2010,17895331.0
p76,2047,IRA_low,2011,18029081.0
p76,2047,IRA_low,2012,17743703.0
p76,2047,IRA_low,2013,18251420.0
p76,2048,IRA_low,2007,18184020.0
p76,2048,IRA_low,2008,18410857.0
p76,2048,IRA_low,2009,18294946.0
p76,2048,IRA_low,2010,18077584.0
p76,2048,IRA_low,2011,18211733.0
p76,2048,IRA_low,2012,17922126.0
p76,2048,IRA_low,2013,18437548.0
p76,2049,IRA_low,2007,18367479.0
p76,2049,IRA_low,2008,18596476.0
p76,2049,IRA_low,2009,18478460.0
p76,2049,IRA_low,2010,18259766.0
p76,2049,IRA_low,2011,18394301.0
p76,2049,IRA_low,2012,18100464.0
p76,2049,IRA_low,2013,18623632.0
p76,2050,IRA_low,2007,18550903.0
p76,2050,IRA_low,2008,18782060.0
p76,2050,IRA_low,2009,18661988.0
p76,2050,IRA_low,2010,18441888.0
p76,2050,IRA_low,2011,18577018.0
p76,2050,IRA_low,2012,18278849.0
p76,2050,IRA_low,2013,18809746.0
p77,2020,IRA_low,2007,3395113.35
p77,2020,IRA_low,2008,3394982.61
p77,2020,IRA_low,2009,3395168.39
p77,2020,IRA_low,2010,3394953.12
p77,2020,IRA_low,2011,3395000.3
p77,2020,IRA_low,2012,3395027.83
p77,2020,IRA_low,2013,3394917.73
p77,2021,IRA_low,2007,3026736.0
p77,2021,IRA_low,2008,3026726.0
p77,2021,IRA_low,2009,3026735.0
p77,2021,IRA_low,2010,3026829.0
p77,2021,IRA_low,2011,3026798.0
p77,2021,IRA_low,2012,3026772.0
p77,2021,IRA_low,2013,3026800.0
p77,2022,IRA_low,2007,3042044.0
p77,2022,IRA_low,2008,3042113.0
p77,2022,IRA_low,2009,3042040.0
p77,2022,IRA_low,2010,3042123.0
p77,2022,IRA_low,2011,3042056.0
p77,2022,IRA_low,2012,3042027.0
p77,2022,IRA_low,2013,3042163.0
p77,2023,IRA_low,2007,2988308.0
p77,2023,IRA_low,2008,2988297.0
p77,2023,IRA_low,2009,2988287.0
p77,2023,IRA_low,2010,2988302.0
p77,2023,IRA_low,2011,2988279.0
p77,2023,IRA_low,2012,2988313.0
p77,2023,IRA_low,2013,2988285.0
p77,2024,IRA_low,2007,3001721.0
p77,2024,IRA_low,2008,3001696.0
p77,2024,IRA_low,2009,3001707.0
p77,2024,IRA_low,2010,3001680.0
p77,2024,IRA_low,2011,3001641.0
p77,2024,IRA_low,2012,3001718.0
p77,2024,IRA_low,2013,3001699.0
p77,2025,IRA_low,2007,3017842.0
p77,2025,IRA_low,2008,3019112.0
p77,2025,IRA_low,2009,3018179.0
p77,2025,IRA_low,2010,3017112.0
p77,2025,IRA_low,2011,3017713.0
p77,2025,IRA_low,2012,3016111.0
p77,2025,IRA_low,2013,3019282.0
p77,2026,IRA_low,2007,3084311.0
p77,2026,IRA_low,2008,3089180.0
p77,2026,IRA_low,2009,3086522.0
p77,2026,IRA_low,2010,3081845.0
p77,2026,IRA_low,2011,3084655.0
p77,2026,IRA_low,2012,3078698.0
p77,2026,IRA_low,2013,3089688.0
p77,2027,IRA_low,2007,3150781.0
p77,2027,IRA_low,2008,3159250.0
p77,2027,IRA_low,2009,3154823.0
p77,2027,IRA_low,2010,3146600.0
p77,2027,IRA_low,2011,3151690.0
p77,2027,IRA_low,2012,3141499.0
p77,2027,IRA_low,2013,3160120.0
p77,2028,IRA_low,2007,3217243.0
p77,2028,IRA_low,2008,3229240.0
p77,2028,IRA_low,2009,3223235.0
p77,2028,IRA_low,2010,3211368.0
p77,2028,IRA_low,2011,3218614.0
p77,2028,IRA_low,2012,3204175.0
p77,2028,IRA_low,2013,3230389.0
p77,2029,IRA_low,2007,3283699.0
p77,2029,IRA_low,2008,3299274.0
p77,2029,IRA_low,2009,3291380.0
p77,2029,IRA_low,2010,3276156.0
p77,2029,IRA_low,2011,3285743.0
p77,2029,IRA_low,2012,3267046.0
p77,2029,IRA_low,2013,3300779.0
p77,2030,IRA_low,2007,3350093.0
p77,2030,IRA_low,2008,3369264.0
p77,2030,IRA_low,2009,3359686.0
p77,2030,IRA_low,2010,3340912.0
p77,2030,IRA_low,2011,3352658.0
p77,2030,IRA_low,2012,3329709.0
p77,2030,IRA_low,2013,3371027.0
p77,2031,IRA_low,2007,3441642.0
p77,2031,IRA_low,2008,3464538.0
p77,2031,IRA_low,2009,3453173.0
p77,2031,IRA_low,2010,3430742.0
p77,2031,IRA_low,2011,3444901.0
p77,2031,IRA_low,2012,3417489.0
p77,2031,IRA_low,2013,3466665.0
p77,2032,IRA_low,2007,3533236.0
p77,2032,IRA_low,2008,3559702.0
p77,2032,IRA_low,2009,3546675.0
p77,2032,IRA_low,2010,3520503.0
p77,2032,IRA_low,2011,3537113.0
p77,2032,IRA_low,2012,3505215.0
p77,2032,IRA_low,2013,3562347.0
p77,2033,IRA_low,2007,3624707.0
p77,2033,IRA_low,2008,3654947.0
p77,2033,IRA_low,2009,3640152.0
p77,2033,IRA_low,2010,3610370.0
p77,2033,IRA_low,2011,3629231.0
p77,2033,IRA_low,2012,3592945.0
p77,2033,IRA_low,2013,3657927.0
p77,2034,IRA_low,2007,3716295.0
p77,2034,IRA_low,2008,3750057.0
p77,2034,IRA_low,2009,3733655.0
p77,2034,IRA_low,2010,3700331.0
p77,2034,IRA_low,2011,3721473.0
p77,2034,IRA_low,2012,3680767.0
p77,2034,IRA_low,2013,3753593.0
p77,2035,IRA_low,2007,3807710.0
p77,2035,IRA_low,2008,3845276.0
p77,2035,IRA_low,2009,3827102.0
p77,2035,IRA_low,2010,3790175.0
p77,2035,IRA_low,2011,3813607.0
p77,2035,IRA_low,2012,3768380.0
p77,2035,IRA_low,2013,3849251.0
p77,2036,IRA_low,2007,3902210.0
p77,2036,IRA_low,2008,3942071.0
p77,2036,IRA_low,2009,3922926.0
p77,2036,IRA_low,2010,3882436.0
p77,2036,IRA_low,2011,3907525.0
p77,2036,IRA_low,2012,3858904.0
p77,2036,IRA_low,2013,3946311.0
p77,2037,IRA_low,2007,3995282.0
p77,2037,IRA_low,2008,4038936.0
p77,2037,IRA_low,2009,4017765.0
p77,2037,IRA_low,2010,3974844.0
p77,2037,IRA_low,2011,4002173.0
p77,2037,IRA_low,2012,3949336.0
p77,2037,IRA_low,2013,4043493.0
p77,2038,IRA_low,2007,4089071.0
p77,2038,IRA_low,2008,4135685.0
p77,2038,IRA_low,2009,4113002.0
p77,2038,IRA_low,2010,4067276.0
p77,2038,IRA_low,2011,4096290.0
p77,2038,IRA_low,2012,4039576.0
p77,2038,IRA_low,2013,4140708.0
p77,2039,IRA_low,2007,4182796.0
p77,2039,IRA_low,2008,4232469.0
p77,2039,IRA_low,2009,4208322.0
p77,2039,IRA_low,2010,4159620.0
p77,2039,IRA_low,2011,4190635.0
p77,2039,IRA_low,2012,4130044.0
p77,2039,IRA_low,2013,4237776.0
p77,2040,IRA_low,2007,4276507.0
p77,2040,IRA_low,2008,4329346.0
p77,2040,IRA_low,2009,4303630.0
p77,2040,IRA_low,2010,4252090.0
p77,2040,IRA_low,2011,4284852.0
p77,2040,IRA_low,2012,4220423.0
p77,2040,IRA_low,2013,4334903.0
p77,2041,IRA_low,2007,4351241.0
p77,2041,IRA_low,2008,4405619.0
p77,2041,IRA_low,2009,4379068.0
p77,2041,IRA_low,2010,4325879.0
p77,2041,IRA_low,2011,4359403.0
p77,2041,IRA_low,2012,4292625.0
p77,2041,IRA_low,2013,4411510.0
p77,2042,IRA_low,2007,4425887.0
p77,2042,IRA_low,2008,4481909.0
p77,2042,IRA_low,2009,4454392.0
p77,2042,IRA_low,2010,4399774.0
p77,2042,IRA_low,2011,4434129.0
p77,2042,IRA_low,2012,4364904.0
p77,2042,IRA_low,2013,4488127.0
p77,2043,IRA_low,2007,4500508.0
p77,2043,IRA_low,2008,4558210.0
p77,2043,IRA_low,2009,4529714.0
p77,2043,IRA_low,2010,4473688.0
p77,2043,IRA_low,2011,4508836.0
p77,2043,IRA_low,2012,4437080.0
p77,2043,IRA_low,2013,4564682.0
p77,2044,IRA_low,2007,4575142.0
p77,2044,IRA_low,2008,4634506.0
p77,2044,IRA_low,2009,4605046.0
p77,2044,IRA_low,2010,4547582.0
p77,2044,IRA_low,2011,4583569.0
p77,2044,IRA_low,2012,4509344.0
p77,2044,IRA_low,2013,4641283.0
p77,2045,IRA_low,2007,4649815.0
p77,2045,IRA_low,2008,4710836.0
p77,2045,IRA_low,2009,4680404.0
p77,2045,IRA_low,2010,4621286.0
p77,2045,IRA_low,2011,4658211.0
p77,2045,IRA_low,2012,4581292.0
p77,2045,IRA_low,2013,4717705.0
p77,2046,IRA_low,2007,4700631.0
p77,2046,IRA_low,2008,4762250.0
p77,2046,IRA_low,2009,4731313.0
p77,2046,IRA_low,2010,4671856.0
p77,2046,IRA_low,2011,4708723.0
p77,2046,IRA_low,2012,4630955.0
p77,2046,IRA_low,2013,4769364.0
p77,2047,IRA_low,2007,4751436.0
p77,2047,IRA_low,2008,4813626.0
p77,2047,IRA_low,2009,4782158.0
p77,2047,IRA_low,2010,4722206.0
p77,2047,IRA_low,2011,4759363.0
p77,2047,IRA_low,2012,4680317.0
p77,2047,IRA_low,2013,4820880.0
p77,2048,IRA_low,2007,4802186.0
p77,2048,IRA_low,2008,4865020.0
p77,2048,IRA_low,2009,4832925.0
p77,2048,IRA_low,2010,4772725.0
p77,2048,IRA_low,2011,4809888.0
p77,2048,IRA_low,2012,4729665.0
p77,2048,IRA_low,2013,4872477.0
p77,2049,IRA_low,2007,4852990.0
p77,2049,IRA_low,2008,4916449.0
p77,2049,IRA_low,2009,4883742.0
p77,2049,IRA_low,2010,4823176.0
p77,2049,IRA_low,2011,4860439.0
p77,2049,IRA_low,2012,4779129.0
p77,2049,IRA_low,2013,4924037.0
p77,2050,IRA_low,2007,4903718.0
p77,2050,IRA_low,2008,4967802.0
p77,2050,IRA_low,2009,4934487.0
p77,2050,IRA_low,2010,4873595.0
p77,2050,IRA_low,2011,4910974.0
p77,2050,IRA_low,2012,4828493.0
p77,2050,IRA_low,2013,4975479.0
p78,2020,IRA_low,2007,9007470.74
p78,2020,IRA_low,2008,9007402.91
p78,2020,IRA_low,2009,9007270.21
p78,2020,IRA_low,2010,9007152.25
p78,2020,IRA_low,2011,9007369.49
p78,2020,IRA_low,2012,9007402.91
p78,2020,IRA_low,2013,9007056.9
p78,2021,IRA_low,2007,7720132.0
p78,2021,IRA_low,2008,7720144.0
p78,2021,IRA_low,2009,7720109.0
p78,2021,IRA_low,2010,7720142.0
p78,2021,IRA_low,2011,7720084.0
p78,2021,IRA_low,2012,7720115.0
p78,2021,IRA_low,2013,7720231.0
p78,2022,IRA_low,2007,7759216.0
p78,2022,IRA_low,2008,7759145.0
p78,2022,IRA_low,2009,7759197.0
p78,2022,IRA_low,2010,7759162.0
p78,2022,IRA_low,2011,7759207.0
p78,2022,IRA_low,2012,7759210.0
p78,2022,IRA_low,2013,7759246.0
p78,2023,IRA_low,2007,7622043.0
p78,2023,IRA_low,2008,7622034.0
p78,2023,IRA_low,2009,7622032.0
p78,2023,IRA_low,2010,7622068.0
p78,2023,IRA_low,2011,7622018.0
p78,2023,IRA_low,2012,7622024.0
p78,2023,IRA_low,2013,7621996.0
p78,2024,IRA_low,2007,7656261.0
p78,2024,IRA_low,2008,7656199.0
p78,2024,IRA_low,2009,7656224.0
p78,2024,IRA_low,2010,7656223.0
p78,2024,IRA_low,2011,7656220.0
p78,2024,IRA_low,2012,7656288.0
p78,2024,IRA_low,2013,7656193.0
p78,2025,IRA_low,2007,7693135.0
p78,2025,IRA_low,2008,7696149.0
p78,2025,IRA_low,2009,7694020.0
p78,2025,IRA_low,2010,7691509.0
p78,2025,IRA_low,2011,7692889.0
p78,2025,IRA_low,2012,7688837.0
p78,2025,IRA_low,2013,7696393.0
p78,2026,IRA_low,2007,7845205.0
p78,2026,IRA_low,2008,7856498.0
p78,2026,IRA_low,2009,7850350.0
p78,2026,IRA_low,2010,7839669.0
p78,2026,IRA_low,2011,7846221.0
p78,2026,IRA_low,2012,7832406.0
p78,2026,IRA_low,2013,7857263.0
p78,2027,IRA_low,2007,7997168.0
p78,2027,IRA_low,2008,8016723.0
p78,2027,IRA_low,2009,8006672.0
p78,2027,IRA_low,2010,7987887.0
p78,2027,IRA_low,2011,7999565.0
p78,2027,IRA_low,2012,7975907.0
p78,2027,IRA_low,2013,8018345.0
p78,2028,IRA_low,2007,8149322.0
p78,2028,IRA_low,2008,8176980.0
p78,2028,IRA_low,2009,8162889.0
p78,2028,IRA_low,2010,8136062.0
p78,2028,IRA_low,2011,8152711.0
p78,2028,IRA_low,2012,8119543.0
p78,2028,IRA_low,2013,8179300.0
p78,2029,IRA_low,2007,8301467.0
p78,2029,IRA_low,2008,8337166.0
p78,2029,IRA_low,2009,8319185.0
p78,2029,IRA_low,2010,8284316.0
p78,2029,IRA_low,2011,8306141.0
p78,2029,IRA_low,2012,8263143.0
p78,2029,IRA_low,2013,8340269.0
p78,2030,IRA_low,2007,8453455.0
p78,2030,IRA_low,2008,8497442.0
p78,2030,IRA_low,2009,8475561.0
p78,2030,IRA_low,2010,8432534.0
p78,2030,IRA_low,2011,8459442.0
p78,2030,IRA_low,2012,8406662.0
p78,2030,IRA_low,2013,8501119.0
p78,2031,IRA_low,2007,8662915.0
p78,2031,IRA_low,2008,8715225.0
p78,2031,IRA_low,2009,8689397.0
p78,2031,IRA_low,2010,8638125.0
p78,2031,IRA_low,2011,8670408.0
p78,2031,IRA_low,2012,8607439.0
p78,2031,IRA_low,2013,8719982.0
p78,2032,IRA_low,2007,8872417.0
p78,2032,IRA_low,2008,8933077.0
p78,2032,IRA_low,2009,8903375.0
p78,2032,IRA_low,2010,8843752.0
p78,2032,IRA_low,2011,8881290.0
p78,2032,IRA_low,2012,8808213.0
p78,2032,IRA_low,2013,8938998.0
p78,2033,IRA_low,2007,9081907.0
p78,2033,IRA_low,2008,9150966.0
p78,2033,IRA_low,2009,9117228.0
p78,2033,IRA_low,2010,9049281.0
p78,2033,IRA_low,2011,9092335.0
p78,2033,IRA_low,2012,9009064.0
p78,2033,IRA_low,2013,9157759.0
p78,2034,IRA_low,2007,9291275.0
p78,2034,IRA_low,2008,9368787.0
p78,2034,IRA_low,2009,9331150.0
p78,2034,IRA_low,2010,9254820.0
p78,2034,IRA_low,2011,9303347.0
p78,2034,IRA_low,2012,9209845.0
p78,2034,IRA_low,2013,9376607.0
p78,2035,IRA_low,2007,9500710.0
p78,2035,IRA_low,2008,9586549.0
p78,2035,IRA_low,2009,9545078.0
p78,2035,IRA_low,2010,9460404.0
p78,2035,IRA_low,2011,9514325.0
p78,2035,IRA_low,2012,9410692.0
p78,2035,IRA_low,2013,9595521.0
p78,2036,IRA_low,2007,9715236.0
p78,2036,IRA_low,2008,9808059.0
p78,2036,IRA_low,2009,9763148.0
p78,2036,IRA_low,2010,9671795.0
p78,2036,IRA_low,2011,9729943.0
p78,2036,IRA_low,2012,9617469.0
p78,2036,IRA_low,2013,9817760.0
p78,2037,IRA_low,2007,9929789.0
p78,2037,IRA_low,2008,10029643.0
p78,2037,IRA_low,2009,9981269.0
p78,2037,IRA_low,2010,9883239.0
p78,2037,IRA_low,2011,9945477.0
p78,2037,IRA_low,2012,9824270.0
p78,2037,IRA_low,2013,10040041.0
p78,2038,IRA_low,2007,10144319.0
p78,2038,IRA_low,2008,10251020.0
p78,2038,IRA_low,2009,10199338.0
p78,2038,IRA_low,2010,10094714.0
p78,2038,IRA_low,2011,10161098.0
p78,2038,IRA_low,2012,10031159.0
p78,2038,IRA_low,2013,10262377.0
p78,2039,IRA_low,2007,10358952.0
p78,2039,IRA_low,2008,10472571.0
p78,2039,IRA_low,2009,10417457.0
p78,2039,IRA_low,2010,10306101.0
p78,2039,IRA_low,2011,10376724.0
p78,2039,IRA_low,2012,10238043.0
p78,2039,IRA_low,2013,10484704.0
p78,2040,IRA_low,2007,10573538.0
p78,2040,IRA_low,2008,10694021.0
p78,2040,IRA_low,2009,10635630.0
p78,2040,IRA_low,2010,10517544.0
p78,2040,IRA_low,2011,10592315.0
p78,2040,IRA_low,2012,10444827.0
p78,2040,IRA_low,2013,10706976.0
p78,2041,IRA_low,2007,10744320.0
p78,2041,IRA_low,2008,10868663.0
p78,2041,IRA_low,2009,10807983.0
p78,2041,IRA_low,2010,10686507.0
p78,2041,IRA_low,2011,10763148.0
p78,2041,IRA_low,2012,10610143.0
p78,2041,IRA_low,2013,10882186.0
p78,2042,IRA_low,2007,10915215.0
p78,2042,IRA_low,2008,11043316.0
p78,2042,IRA_low,2009,10980407.0
p78,2042,IRA_low,2010,10855544.0
p78,2042,IRA_low,2011,10934005.0
p78,2042,IRA_low,2012,10775468.0
p78,2042,IRA_low,2013,11057433.0
p78,2043,IRA_low,2007,11086008.0
p78,2043,IRA_low,2008,11217953.0
p78,2043,IRA_low,2009,11152778.0
p78,2043,IRA_low,2010,11024563.0
p78,2043,IRA_low,2011,11104971.0
p78,2043,IRA_low,2012,10940746.0
p78,2043,IRA_low,2013,11232669.0
p78,2044,IRA_low,2007,11256842.0
p78,2044,IRA_low,2008,11392707.0
p78,2044,IRA_low,2009,11325262.0
p78,2044,IRA_low,2010,11193597.0
p78,2044,IRA_low,2011,11275897.0
p78,2044,IRA_low,2012,11106095.0
p78,2044,IRA_low,2013,11407863.0
p78,2045,IRA_low,2007,11427664.0
p78,2045,IRA_low,2008,11567353.0
p78,2045,IRA_low,2009,11497618.0
p78,2045,IRA_low,2010,11362588.0
p78,2045,IRA_low,2011,11446728.0
p78,2045,IRA_low,2012,11271342.0
p78,2045,IRA_low,2013,11583036.0
p78,2046,IRA_low,2007,11543922.0
p78,2046,IRA_low,2008,11684832.0
p78,2046,IRA_low,2009,11613922.0
p78,2046,IRA_low,2010,11478084.0
p78,2046,IRA_low,2011,11562405.0
p78,2046,IRA_low,2012,11384352.0
p78,2046,IRA_low,2013,11701037.0
p78,2047,IRA_low,2007,11660166.0
p78,2047,IRA_low,2008,11802513.0
p78,2047,IRA_low,2009,11730301.0
p78,2047,IRA_low,2010,11593502.0
p78,2047,IRA_low,2011,11678144.0
p78,2047,IRA_low,2012,11497195.0
p78,2047,IRA_low,2013,11818965.0
p78,2048,IRA_low,2007,11776419.0
p78,2048,IRA_low,2008,11920158.0
p78,2048,IRA_low,2009,11846564.0
p78,2048,IRA_low,2010,11708858.0
p78,2048,IRA_low,2011,11793922.0
p78,2048,IRA_low,2012,11610373.0
p78,2048,IRA_low,2013,11936921.0
p78,2049,IRA_low,2007,11892611.0
p78,2049,IRA_low,2008,12037741.0
p78,2049,IRA_low,2009,11962819.0
p78,2049,IRA_low,2010,11824304.0
p78,2049,IRA_low,2011,11909628.0
p78,2049,IRA_low,2012,11723435.0
p78,2049,IRA_low,2013,12054828.0
p78,2050,IRA_low,2007,12008869.0
p78,2050,IRA_low,2008,12155277.0
p78,2050,IRA_low,2009,12078914.0
p78,2050,IRA_low,2010,11939773.0
p78,2050,IRA_low,2011,12025331.0
p78,2050,IRA_low,2012,11836354.0
p78,2050,IRA_low,2013,12172765.0
p79,2020,IRA_low,2007,25771825.69
p79,2020,IRA_low,2008,25771358.77
p79,2020,IRA_low,2009,25770784.71
p79,2020,IRA_low,2010,25770674.62
p79,2020,IRA_low,2011,25771286.03
p79,2020,IRA_low,2012,25771409.89
p79,2020,IRA_low,2013,25770535.03
p79,2021,IRA_low,2007,29201129.0
p79,2021,IRA_low,2008,29201106.0
p79,2021,IRA_low,2009,29201110.0
p79,2021,IRA_low,2010,29201294.0
p79,2021,IRA_low,2011,29201155.0
p79,2021,IRA_low,2012,29201129.0
p79,2021,IRA_low,2013,29201187.0
p79,2022,IRA_low,2007,29348881.0
p79,2022,IRA_low,2008,29348848.0
p79,2022,IRA_low,2009,29348847.0
p79,2022,IRA_low,2010,29348847.0
p79,2022,IRA_low,2011,29348854.0
p79,2022,IRA_low,2012,29348835.0
p79,2022,IRA_low,2013,29348859.0
p79,2023,IRA_low,2007,28830019.0
p79,2023,IRA_low,2008,28830051.0
p79,2023,IRA_low,2009,28830028.0
p79,2023,IRA_low,2010,28830047.0
p79,2023,IRA_low,2011,28829976.0
p79,2023,IRA_low,2012,28830034.0
p79,2023,IRA_low,2013,28830047.0
p79,2024,IRA_low,2007,28959347.0
p79,2024,IRA_low,2008,28959345.0
p79,2024,IRA_low,2009,28959362.0
p79,2024,IRA_low,2010,28959302.0
p79,2024,IRA_low,2011,28959309.0
p79,2024,IRA_low,2012,28959350.0
p79,2024,IRA_low,2013,28959333.0
p79,2025,IRA_low,2007,29058979.0
p79,2025,IRA_low,2008,29067293.0
p79,2025,IRA_low,2009,29061491.0
p79,2025,IRA_low,2010,29054219.0
p79,2025,IRA_low,2011,29058258.0
p79,2025,IRA_low,2012,29047299.0
p79,2025,IRA_low,2013,29067842.0
p79,2026,IRA_low,2007,29469401.0
p79,2026,IRA_low,2008,29499863.0
p79,2026,IRA_low,2009,29483319.0
p79,2026,IRA_low,2010,29454305.0
p79,2026,IRA_low,2011,29471984.0
p79,2026,IRA_low,2012,29434820.0
p79,2026,IRA_low,2013,29502317.0
p79,2027,IRA_low,2007,29879889.0
p79,2027,IRA_low,2008,29932280.0
p79,2027,IRA_low,2009,29905120.0
p79,2027,IRA_low,2010,29854377.0
p79,2027,IRA_low,2011,29885681.0
p79,2027,IRA_low,2012,29822233.0
p79,2027,IRA_low,2013,29936637.0
p79,2028,IRA_low,2007,30290169.0
p79,2028,IRA_low,2008,30364746.0
p79,2028,IRA_low,2009,30327081.0
p79,2028,IRA_low,2010,30254438.0
p79,2028,IRA_low,2011,30299495.0
p79,2028,IRA_low,2012,30209725.0
p79,2028,IRA_low,2013,30371074.0
p79,2029,IRA_low,2007,30700563.0
p79,2029,IRA_low,2008,30797166.0
p79,2029,IRA_low,2009,30748860.0
p79,2029,IRA_low,2010,30654461.0
p79,2029,IRA_low,2011,30713261.0
p79,2029,IRA_low,2012,30597228.0
p79,2029,IRA_low,2013,30805485.0
p79,2030,IRA_low,2007,31111024.0
p79,2030,IRA_low,2008,31229653.0
p79,2030,IRA_low,2009,31170695.0
p79,2030,IRA_low,2010,31054574.0
p79,2030,IRA_low,2011,31126948.0
p79,2030,IRA_low,2012,30984666.0
p79,2030,IRA_low,2013,31239858.0
p79,2031,IRA_low,2007,31676236.0
p79,2031,IRA_low,2008,31817547.0
p79,2031,IRA_low,2009,31747970.0
p79,2031,IRA_low,2010,31609283.0
p79,2031,IRA_low,2011,31696395.0
p79,2031,IRA_low,2012,31526578.0
p79,2031,IRA_low,2013,31830490.0
p79,2032,IRA_low,2007,32241435.0
p79,2032,IRA_low,2008,32405440.0
p79,2032,IRA_low,2009,32325226.0
p79,2032,IRA_low,2010,32164084.0
p79,2032,IRA_low,2011,32265793.0
p79,2032,IRA_low,2012,32068546.0
p79,2032,IRA_low,2013,32421193.0
p79,2033,IRA_low,2007,32806732.0
p79,2033,IRA_low,2008,32993308.0
p79,2033,IRA_low,2009,32902461.0
p79,2033,IRA_low,2010,32718849.0
p79,2033,IRA_low,2011,32835170.0
p79,2033,IRA_low,2012,32610413.0
p79,2033,IRA_low,2013,33011877.0
p79,2034,IRA_low,2007,33372005.0
p79,2034,IRA_low,2008,33581169.0
p79,2034,IRA_low,2009,33479285.0
p79,2034,IRA_low,2010,33273686.0
p79,2034,IRA_low,2011,33404660.0
p79,2034,IRA_low,2012,33152332.0
p79,2034,IRA_low,2013,33602463.0
p79,2035,IRA_low,2007,33937298.0
p79,2035,IRA_low,2008,34169141.0
p79,2035,IRA_low,2009,34057069.0
p79,2035,IRA_low,2010,33828480.0
p79,2035,IRA_low,2011,33973976.0
p79,2035,IRA_low,2012,33694243.0
p79,2035,IRA_low,2013,34193120.0
p79,2036,IRA_low,2007,34516364.0
p79,2036,IRA_low,2008,34766889.0
p79,2036,IRA_low,2009,34645665.0
p79,2036,IRA_low,2010,34399063.0
p79,2036,IRA_low,2011,34555802.0
p79,2036,IRA_low,2012,34252530.0
p79,2036,IRA_low,2013,34793094.0
p79,2037,IRA_low,2007,35095429.0
p79,2037,IRA_low,2008,35364555.0
p79,2037,IRA_low,2009,35234294.0
p79,2037,IRA_low,2010,34969663.0
p79,2037,IRA_low,2011,35137580.0
p79,2037,IRA_low,2012,34810701.0
p79,2037,IRA_low,2013,35393014.0
p79,2038,IRA_low,2007,35674373.0
p79,2038,IRA_low,2008,35962407.0
p79,2038,IRA_low,2009,35822971.0
p79,2038,IRA_low,2010,35540191.0
p79,2038,IRA_low,2011,35719374.0
p79,2038,IRA_low,2012,35368819.0
p79,2038,IRA_low,2013,35992949.0
p79,2039,IRA_low,2007,36253555.0
p79,2039,IRA_low,2008,36559885.0
p79,2039,IRA_low,2009,36411478.0
p79,2039,IRA_low,2010,36110808.0
p79,2039,IRA_low,2011,36301307.0
p79,2039,IRA_low,2012,35927082.0
p79,2039,IRA_low,2013,36592900.0
p79,2040,IRA_low,2007,36832603.0
p79,2040,IRA_low,2008,37157781.0
p79,2040,IRA_low,2009,37000143.0
p79,2040,IRA_low,2010,36681333.0
p79,2040,IRA_low,2011,36883147.0
p79,2040,IRA_low,2012,36485286.0
p79,2040,IRA_low,2013,37192836.0
p79,2041,IRA_low,2007,37293661.0
p79,2041,IRA_low,2008,37629185.0
p79,2041,IRA_low,2009,37465511.0
p79,2041,IRA_low,2010,37137441.0
p79,2041,IRA_low,2011,37344347.0
p79,2041,IRA_low,2012,36931459.0
p79,2041,IRA_low,2013,37665636.0
p79,2042,IRA_low,2007,37754692.0
p79,2042,IRA_low,2008,38100413.0
p79,2042,IRA_low,2009,37930813.0
p79,2042,IRA_low,2010,37593664.0
p79,2042,IRA_low,2011,37805607.0
p79,2042,IRA_low,2012,37377590.0
p79,2042,IRA_low,2013,38138616.0
p79,2043,IRA_low,2007,38215730.0
p79,2043,IRA_low,2008,38571881.0
p79,2043,IRA_low,2009,38396034.0
p79,2043,IRA_low,2010,38049771.0
p79,2043,IRA_low,2011,38266757.0
p79,2043,IRA_low,2012,37823715.0
p79,2043,IRA_low,2013,38611586.0
p79,2044,IRA_low,2007,38676747.0
p79,2044,IRA_low,2008,39043245.0
p79,2044,IRA_low,2009,38861508.0
p79,2044,IRA_low,2010,38505957.0
p79,2044,IRA_low,2011,38728030.0
p79,2044,IRA_low,2012,38269708.0
p79,2044,IRA_low,2013,39084415.0
p79,2045,IRA_low,2007,39137787.0
p79,2045,IRA_low,2008,39514628.0
p79,2045,IRA_low,2009,39326797.0
p79,2045,IRA_low,2010,38962219.0
p79,2045,IRA_low,2011,39189077.0
p79,2045,IRA_low,2012,38715899.0
p79,2045,IRA_low,2013,39557335.0
p79,2046,IRA_low,2007,39451552.0
p79,2046,IRA_low,2008,39832024.0
p79,2046,IRA_low,2009,39640696.0
p79,2046,IRA_low,2010,39273636.0
p79,2046,IRA_low,2011,39501453.0
p79,2046,IRA_low,2012,39020840.0
p79,2046,IRA_low,2013,39875639.0
p79,2047,IRA_low,2007,39765189.0
p79,2047,IRA_low,2008,40149383.0
p79,2047,IRA_low,2009,39954541.0
p79,2047,IRA_low,2010,39585208.0
p79,2047,IRA_low,2011,39813793.0
p79,2047,IRA_low,2012,39325816.0
p79,2047,IRA_low,2013,40193926.0
p79,2048,IRA_low,2007,40078882.0
p79,2048,IRA_low,2008,40466714.0
p79,2048,IRA_low,2009,40268420.0
p79,2048,IRA_low,2010,39896758.0
p79,2048,IRA_low,2011,40126046.0
p79,2048,IRA_low,2012,39630910.0
p79,2048,IRA_low,2013,40512227.0
p79,2049,IRA_low,2007,40392580.0
p79,2049,IRA_low,2008,40784126.0
p79,2049,IRA_low,2009,40582239.0
p79,2049,IRA_low,2010,40208297.0
p79,2049,IRA_low,2011,40438450.0
p79,2049,IRA_low,2012,39935826.0
p79,2049,IRA_low,2013,40830584.0
p79,2050,IRA_low,2007,40706251.0
p79,2050,IRA_low,2008,41101565.0
p79,2050,IRA_low,2009,40896100.0
p79,2050,IRA_low,2010,40519806.0
p79,2050,IRA_low,2011,40750622.0
p79,2050,IRA_low,2012,40240878.0
p79,2050,IRA_low,2013,41148799.0
p8,2020,IRA_low,2007,589597.51
p8,2020,IRA_low,2008,589700.05
p8,2020,IRA_low,2009,589509.47
p8,2020,IRA_low,2010,589646.19
p8,2020,IRA_low,2011,589390.35
p8,2020,IRA_low,2012,589429.71
p8,2020,IRA_low,2013,589425.57
p8,2021,IRA_low,2007,1462164.0
p8,2021,IRA_low,2008,1461429.0
p8,2021,IRA_low,2009,1462106.0
p8,2021,IRA_low,2010,1462364.0
p8,2021,IRA_low,2011,1462558.0
p8,2021,IRA_low,2012,1461246.0
p8,2021,IRA_low,2013,1462053.0
p8,2022,IRA_low,2007,1505688.0
p8,2022,IRA_low,2008,1505744.0
p8,2022,IRA_low,2009,1505878.0
p8,2022,IRA_low,2010,1505751.0
p8,2022,IRA_low,2011,1505980.0
p8,2022,IRA_low,2012,1505606.0
p8,2022,IRA_low,2013,1505845.0
p8,2023,IRA_low,2007,1456547.0
p8,2023,IRA_low,2008,1456678.0
p8,2023,IRA_low,2009,1456617.0
p8,2023,IRA_low,2010,1456675.0
p8,2023,IRA_low,2011,1456671.0
p8,2023,IRA_low,2012,1456418.0
p8,2023,IRA_low,2013,1456565.0
p8,2024,IRA_low,2007,1494603.0
p8,2024,IRA_low,2008,1494831.0
p8,2024,IRA_low,2009,1494661.0
p8,2024,IRA_low,2010,1494590.0
p8,2024,IRA_low,2011,1495197.0
p8,2024,IRA_low,2012,1494842.0
p8,2024,IRA_low,2013,1494612.0
p8,2025,IRA_low,2007,1512874.0
p8,2025,IRA_low,2008,1513052.0
p8,2025,IRA_low,2009,1512981.0
p8,2025,IRA_low,2010,1512724.0
p8,2025,IRA_low,2011,1512968.0
p8,2025,IRA_low,2012,1512824.0
p8,2025,IRA_low,2013,1512812.0
p8,2026,IRA_low,2007,1544238.0
p8,2026,IRA_low,2008,1544500.0
p8,2026,IRA_low,2009,1543964.0
p8,2026,IRA_low,2010,1544406.0
p8,2026,IRA_low,2011,1544307.0
p8,2026,IRA_low,2012,1544078.0
p8,2026,IRA_low,2013,1543886.0
p8,2027,IRA_low,2007,1575880.0
p8,2027,IRA_low,2008,1576007.0
p8,2027,IRA_low,2009,1575779.0
p8,2027,IRA_low,2010,1575498.0
p8,2027,IRA_low,2011,1576214.0
p8,2027,IRA_low,2012,1575363.0
p8,2027,IRA_low,2013,1575694.0
p8,2028,IRA_low,2007,1607321.0
p8,2028,IRA_low,2008,1607355.0
p8,2028,IRA_low,2009,1607343.0
p8,2028,IRA_low,2010,1606713.0
p8,2028,IRA_low,2011,1607937.0
p8,2028,IRA_low,2012,1606692.0
p8,2028,IRA_low,2013,1607202.0
p8,2029,IRA_low,2007,1638450.0
p8,2029,IRA_low,2008,1638992.0
p8,2029,IRA_low,2009,1638476.0
p8,2029,IRA_low,2010,1637989.0
p8,2029,IRA_low,2011,1639868.0
p8,2029,IRA_low,2012,1638158.0
p8,2029,IRA_low,2013,1638758.0
p8,2030,IRA_low,2007,1669717.0
p8,2030,IRA_low,2008,1670603.0
p8,2030,IRA_low,2009,1669820.0
p8,2030,IRA_low,2010,1669289.0
p8,2030,IRA_low,2011,1672167.0
p8,2030,IRA_low,2012,1669180.0
p8,2030,IRA_low,2013,1669781.0
p8,2031,IRA_low,2007,1708421.0
p8,2031,IRA_low,2008,1709062.0
p8,2031,IRA_low,2009,1708476.0
p8,2031,IRA_low,2010,1707650.0
p8,2031,IRA_low,2011,1710026.0
p8,2031,IRA_low,2012,1707795.0
p8,2031,IRA_low,2013,1708580.0
p8,2032,IRA_low,2007,1746768.0
p8,2032,IRA_low,2008,1747570.0
p8,2032,IRA_low,2009,1746849.0
p8,2032,IRA_low,2010,1745975.0
p8,2032,IRA_low,2011,1748810.0
p8,2032,IRA_low,2012,1745921.0
p8,2032,IRA_low,2013,1746947.0
p8,2033,IRA_low,2007,1785282.0
p8,2033,IRA_low,2008,1786071.0
p8,2033,IRA_low,2009,1785220.0
p8,2033,IRA_low,2010,1784411.0
p8,2033,IRA_low,2011,1787310.0
p8,2033,IRA_low,2012,1784241.0
p8,2033,IRA_low,2013,1785309.0
p8,2034,IRA_low,2007,1823556.0
p8,2034,IRA_low,2008,1824306.0
p8,2034,IRA_low,2009,1823712.0
p8,2034,IRA_low,2010,1822962.0
p8,2034,IRA_low,2011,1826066.0
p8,2034,IRA_low,2012,1822585.0
p8,2034,IRA_low,2013,1823950.0
p8,2035,IRA_low,2007,1862009.0
p8,2035,IRA_low,2008,1862785.0
p8,2035,IRA_low,2009,1862171.0
p8,2035,IRA_low,2010,1861164.0
p8,2035,IRA_low,2011,1864742.0
p8,2035,IRA_low,2012,1860700.0
p8,2035,IRA_low,2013,1862342.0
p8,2036,IRA_low,2007,1898221.0
p8,2036,IRA_low,2008,1899024.0
p8,2036,IRA_low,2009,1898271.0
p8,2036,IRA_low,2010,1897377.0
p8,2036,IRA_low,2011,1900981.0
p8,2036,IRA_low,2012,1896811.0
p8,2036,IRA_low,2013,1898367.0
p8,2037,IRA_low,2007,1934428.0
p8,2037,IRA_low,2008,1935200.0
p8,2037,IRA_low,2009,1934426.0
p8,2037,IRA_low,2010,1933141.0
p8,2037,IRA_low,2011,1937406.0
p8,2037,IRA_low,2012,1932781.0
p8,2037,IRA_low,2013,1934400.0
p8,2038,IRA_low,2007,1970248.0
p8,2038,IRA_low,2008,1971352.0
p8,2038,IRA_low,2009,1970341.0
p8,2038,IRA_low,2010,1969170.0
p8,2038,IRA_low,2011,1973647.0
p8,2038,IRA_low,2012,1968831.0
p8,2038,IRA_low,2013,1970498.0
p8,2039,IRA_low,2007,2006657.0
p8,2039,IRA_low,2008,2007452.0
p8,2039,IRA_low,2009,2006916.0
p8,2039,IRA_low,2010,2005298.0
p8,2039,IRA_low,2011,2009786.0
p8,2039,IRA_low,2012,2004798.0
p8,2039,IRA_low,2013,2006619.0
p8,2040,IRA_low,2007,2042661.0
p8,2040,IRA_low,2008,2043461.0
p8,2040,IRA_low,2009,2042863.0
p8,2040,IRA_low,2010,2041392.0
p8,2040,IRA_low,2011,2046111.0
p8,2040,IRA_low,2012,2040898.0
p8,2040,IRA_low,2013,2042753.0
p8,2041,IRA_low,2007,2071381.0
p8,2041,IRA_low,2008,2072638.0
p8,2041,IRA_low,2009,2071681.0
p8,2041,IRA_low,2010,2070298.0
p8,2041,IRA_low,2011,2075083.0
p8,2041,IRA_low,2012,2070045.0
p8,2041,IRA_low,2013,2071659.0
p8,2042,IRA_low,2007,2100352.0
p8,2042,IRA_low,2008,2101382.0
p8,2042,IRA_low,2009,2100537.0
p8,2042,IRA_low,2010,2099058.0
p8,2042,IRA_low,2011,2103818.0
p8,2042,IRA_low,2012,2098515.0
p8,2042,IRA_low,2013,2100526.0
p8,2043,IRA_low,2007,2129221.0
p8,2043,IRA_low,2008,2130306.0
p8,2043,IRA_low,2009,2129360.0
p8,2043,IRA_low,2010,2127955.0
p8,2043,IRA_low,2011,2132792.0
p8,2043,IRA_low,2012,2127213.0
p8,2043,IRA_low,2013,2129285.0
p8,2044,IRA_low,2007,2158052.0
p8,2044,IRA_low,2008,2159328.0
p8,2044,IRA_low,2009,2158228.0
p8,2044,IRA_low,2010,2156703.0
p8,2044,IRA_low,2011,2161858.0
p8,2044,IRA_low,2012,2156011.0
p8,2044,IRA_low,2013,2158110.0
p8,2045,IRA_low,2007,2186899.0
p8,2045,IRA_low,2008,2188095.0
p8,2045,IRA_low,2009,2187022.0
p8,2045,IRA_low,2010,2185456.0
p8,2045,IRA_low,2011,2190887.0
p8,2045,IRA_low,2012,2184809.0
p8,2045,IRA_low,2013,2187095.0
p8,2046,IRA_low,2007,2207414.0
p8,2046,IRA_low,2008,2208805.0
p8,2046,IRA_low,2009,2207691.0
p8,2046,IRA_low,2010,2206046.0
p8,2046,IRA_low,2011,2211258.0
p8,2046,IRA_low,2012,2205342.0
p8,2046,IRA_low,2013,2207576.0
p8,2047,IRA_low,2007,2227831.0
p8,2047,IRA_low,2008,2229293.0
p8,2047,IRA_low,2009,2227997.0
p8,2047,IRA_low,2010,2226476.0
p8,2047,IRA_low,2011,2231788.0
p8,2047,IRA_low,2012,2225752.0
p8,2047,IRA_low,2013,2227945.0
p8,2048,IRA_low,2007,2248867.0
p8,2048,IRA_low,2008,2250774.0
p8,2048,IRA_low,2009,2249071.0
p8,2048,IRA_low,2010,2246716.0
p8,2048,IRA_low,2011,2252010.0
p8,2048,IRA_low,2012,2245862.0
p8,2048,IRA_low,2013,2249161.0
p8,2049,IRA_low,2007,2269165.0
p8,2049,IRA_low,2008,2269993.0
p8,2049,IRA_low,2009,2269335.0
p8,2049,IRA_low,2010,2267785.0
p8,2049,IRA_low,2011,2273015.0
p8,2049,IRA_low,2012,2267032.0
p8,2049,IRA_low,2013,2269331.0
p8,2050,IRA_low,2007,2289737.0
p8,2050,IRA_low,2008,2290876.0
p8,2050,IRA_low,2009,2289894.0
p8,2050,IRA_low,2010,2288068.0
p8,2050,IRA_low,2011,2293381.0
p8,2050,IRA_low,2012,2287379.0
p8,2050,IRA_low,2013,2289803.0
p80,2020,IRA_low,2007,91744439.72
p80,2020,IRA_low,2008,91744342.4
p80,2020,IRA_low,2009,91741745.12
p80,2020,IRA_low,2010,91739284.64
p80,2020,IRA_low,2011,91742667.8
p80,2020,IRA_low,2012,91743788.79
p80,2020,IRA_low,2013,91740065.02
p80,2021,IRA_low,2007,93244248.0
p80,2021,IRA_low,2008,93244193.0
p80,2021,IRA_low,2009,93244247.0
p80,2021,IRA_low,2010,93244260.0
p80,2021,IRA_low,2011,93244242.0
p80,2021,IRA_low,2012,93244156.0
p80,2021,IRA_low,2013,93244208.0
p80,2022,IRA_low,2007,93407672.0
p80,2022,IRA_low,2008,93407733.0
p80,2022,IRA_low,2009,93407671.0
p80,2022,IRA_low,2010,93407696.0
p80,2022,IRA_low,2011,93407698.0
p80,2022,IRA_low,2012,93407686.0
p80,2022,IRA_low,2013,93407691.0
p80,2023,IRA_low,2007,89564676.0
p80,2023,IRA_low,2008,89564719.0
p80,2023,IRA_low,2009,89564682.0
p80,2023,IRA_low,2010,89564661.0
p80,2023,IRA_low,2011,89564637.0
p80,2023,IRA_low,2012,89564632.0
p80,2023,IRA_low,2013,89564673.0
p80,2024,IRA_low,2007,90224205.0
p80,2024,IRA_low,2008,90224138.0
p80,2024,IRA_low,2009,90224139.0
p80,2024,IRA_low,2010,90224159.0
p80,2024,IRA_low,2011,90224163.0
p80,2024,IRA_low,2012,90224154.0
p80,2024,IRA_low,2013,90224204.0
p80,2025,IRA_low,2007,92064396.0
p80,2025,IRA_low,2008,92088269.0
p80,2025,IRA_low,2009,92054720.0
p80,2025,IRA_low,2010,92059577.0
p80,2025,IRA_low,2011,92042117.0
p80,2025,IRA_low,2012,91994113.0
p80,2025,IRA_low,2013,92079812.0
p80,2026,IRA_low,2007,95516364.0
p80,2026,IRA_low,2008,95637537.0
p80,2026,IRA_low,2009,95534316.0
p80,2026,IRA_low,2010,95500091.0
p80,2026,IRA_low,2011,95456081.0
p80,2026,IRA_low,2012,95256305.0
p80,2026,IRA_low,2013,95599189.0
p80,2027,IRA_low,2007,98968482.0
p80,2027,IRA_low,2008,99186906.0
p80,2027,IRA_low,2009,99014000.0
p80,2027,IRA_low,2010,98940610.0
p80,2027,IRA_low,2011,98870161.0
p80,2027,IRA_low,2012,98518428.0
p80,2027,IRA_low,2013,99118497.0
p80,2028,IRA_low,2007,102420418.0
p80,2028,IRA_low,2008,102736137.0
p80,2028,IRA_low,2009,102493644.0
p80,2028,IRA_low,2010,102381323.0
p80,2028,IRA_low,2011,102284085.0
p80,2028,IRA_low,2012,101780600.0
p80,2028,IRA_low,2013,102637797.0
p80,2029,IRA_low,2007,105872535.0
p80,2029,IRA_low,2008,106285381.0
p80,2029,IRA_low,2009,105973103.0
p80,2029,IRA_low,2010,105821777.0
p80,2029,IRA_low,2011,105698146.0
p80,2029,IRA_low,2012,105042806.0
p80,2029,IRA_low,2013,106157083.0
p80,2030,IRA_low,2007,109324436.0
p80,2030,IRA_low,2008,109834620.0
p80,2030,IRA_low,2009,109452738.0
p80,2030,IRA_low,2010,109262430.0
p80,2030,IRA_low,2011,109112048.0
p80,2030,IRA_low,2012,108304955.0
p80,2030,IRA_low,2013,109676384.0
p80,2031,IRA_low,2007,112753840.0
p80,2031,IRA_low,2008,113361413.0
p80,2031,IRA_low,2009,112909186.0
p80,2031,IRA_low,2010,112682112.0
p80,2031,IRA_low,2011,112505423.0
p80,2031,IRA_low,2012,111545526.0
p80,2031,IRA_low,2013,113176022.0
p80,2032,IRA_low,2007,116183212.0
p80,2032,IRA_low,2008,116888150.0
p80,2032,IRA_low,2009,116365480.0
p80,2032,IRA_low,2010,116101950.0
p80,2032,IRA_low,2011,115898834.0
p80,2032,IRA_low,2012,114786044.0
p80,2032,IRA_low,2013,116675646.0
p80,2033,IRA_low,2007,119612489.0
p80,2033,IRA_low,2008,120414929.0
p80,2033,IRA_low,2009,119821869.0
p80,2033,IRA_low,2010,119521711.0
p80,2033,IRA_low,2011,119292186.0
p80,2033,IRA_low,2012,118026557.0
p80,2033,IRA_low,2013,120175416.0
p80,2034,IRA_low,2007,123041866.0
p80,2034,IRA_low,2008,123941633.0
p80,2034,IRA_low,2009,123278241.0
p80,2034,IRA_low,2010,122941510.0
p80,2034,IRA_low,2011,122685535.0
p80,2034,IRA_low,2012,121267135.0
p80,2034,IRA_low,2013,123674999.0
p80,2035,IRA_low,2007,126471198.0
p80,2035,IRA_low,2008,127468387.0
p80,2035,IRA_low,2009,126734644.0
p80,2035,IRA_low,2010,126361222.0
p80,2035,IRA_low,2011,126078858.0
p80,2035,IRA_low,2012,124507690.0
p80,2035,IRA_low,2013,127174635.0
p80,2036,IRA_low,2007,129323326.0
p80,2036,IRA_low,2008,130395031.0
p80,2036,IRA_low,2009,129607920.0
p80,2036,IRA_low,2010,129205924.0
p80,2036,IRA_low,2011,128904509.0
p80,2036,IRA_low,2012,127215680.0
p80,2036,IRA_low,2013,130081288.0
p80,2037,IRA_low,2007,132175636.0
p80,2037,IRA_low,2008,133321529.0
p80,2037,IRA_low,2009,132481181.0
p80,2037,IRA_low,2010,132050533.0
p80,2037,IRA_low,2011,131730154.0
p80,2037,IRA_low,2012,129923765.0
p80,2037,IRA_low,2013,132987985.0
p80,2038,IRA_low,2007,135027771.0
p80,2038,IRA_low,2008,136248122.0
p80,2038,IRA_low,2009,135354423.0
p80,2038,IRA_low,2010,134895179.0
p80,2038,IRA_low,2011,134555830.0
p80,2038,IRA_low,2012,132631766.0
p80,2038,IRA_low,2013,135894652.0
p80,2039,IRA_low,2007,137879960.0
p80,2039,IRA_low,2008,139174717.0
p80,2039,IRA_low,2009,138227738.0
p80,2039,IRA_low,2010,137739664.0
p80,2039,IRA_low,2011,137381432.0
p80,2039,IRA_low,2012,135339809.0
p80,2039,IRA_low,2013,138801286.0
p80,2040,IRA_low,2007,140732254.0
p80,2040,IRA_low,2008,142101273.0
p80,2040,IRA_low,2009,141100999.0
p80,2040,IRA_low,2010,140584386.0
p80,2040,IRA_low,2011,140207050.0
p80,2040,IRA_low,2012,138047823.0
p80,2040,IRA_low,2013,141707975.0
p80,2041,IRA_low,2007,143097586.0
p80,2041,IRA_low,2008,144503211.0
p80,2041,IRA_low,2009,143475925.0
p80,2041,IRA_low,2010,142946867.0
p80,2041,IRA_low,2011,142559635.0
p80,2041,IRA_low,2012,140339634.0
p80,2041,IRA_low,2013,144102418.0
p80,2042,IRA_low,2007,145462922.0
p80,2042,IRA_low,2008,146905304.0
p80,2042,IRA_low,2009,145851038.0
p80,2042,IRA_low,2010,145309399.0
p80,2042,IRA_low,2011,144912256.0
p80,2042,IRA_low,2012,142631478.0
p80,2042,IRA_low,2013,146496825.0
p80,2043,IRA_low,2007,147828263.0
p80,2043,IRA_low,2008,149307178.0
p80,2043,IRA_low,2009,148225995.0
p80,2043,IRA_low,2010,147671859.0
p80,2043,IRA_low,2011,147264766.0
p80,2043,IRA_low,2012,144923513.0
p80,2043,IRA_low,2013,148891164.0
p80,2044,IRA_low,2007,150193623.0
p80,2044,IRA_low,2008,151709288.0
p80,2044,IRA_low,2009,150601043.0
p80,2044,IRA_low,2010,150034348.0
p80,2044,IRA_low,2011,149617439.0
p80,2044,IRA_low,2012,147215392.0
p80,2044,IRA_low,2013,151285564.0
p80,2045,IRA_low,2007,152558913.0
p80,2045,IRA_low,2008,154111188.0
p80,2045,IRA_low,2009,152976080.0
p80,2045,IRA_low,2010,152396711.0
p80,2045,IRA_low,2011,151969933.0
p80,2045,IRA_low,2012,149507367.0
p80,2045,IRA_low,2013,153679910.0
p80,2046,IRA_low,2007,154433437.0
p80,2046,IRA_low,2008,155991615.0
p80,2046,IRA_low,2009,154846444.0
p80,2046,IRA_low,2010,154270920.0
p80,2046,IRA_low,2011,153838089.0
p80,2046,IRA_low,2012,151359653.0
p80,2046,IRA_low,2013,155560948.0
p80,2047,IRA_low,2007,156307993.0
p80,2047,IRA_low,2008,157872109.0
p80,2047,IRA_low,2009,156716899.0
p80,2047,IRA_low,2010,156145115.0
p80,2047,IRA_low,2011,155706198.0
p80,2047,IRA_low,2012,153211870.0
p80,2047,IRA_low,2013,157442046.0
p80,2048,IRA_low,2007,158182514.0
p80,2048,IRA_low,2008,159752558.0
p80,2048,IRA_low,2009,158587385.0
p80,2048,IRA_low,2010,158019174.0
p80,2048,IRA_low,2011,157574302.0
p80,2048,IRA_low,2012,155064276.0
p80,2048,IRA_low,2013,159323044.0
p80,2049,IRA_low,2007,160056957.0
p80,2049,IRA_low,2008,161633038.0
p80,2049,IRA_low,2009,160457783.0
p80,2049,IRA_low,2010,159893408.0
p80,2049,IRA_low,2011,159442459.0
p80,2049,IRA_low,2012,156916632.0
p80,2049,IRA_low,2013,161204065.0
p80,2050,IRA_low,2007,161931434.0
p80,2050,IRA_low,2008,163513449.0
p80,2050,IRA_low,2009,162328295.0
p80,2050,IRA_low,2010,161767568.0
p80,2050,IRA_low,2011,161310504.0
p80,2050,IRA_low,2012,158768970.0
p80,2050,IRA_low,2013,163085119.0
p81,2020,IRA_low,2007,17349608.35
p81,2020,IRA_low,2008,17349468.8
p81,2020,IRA_low,2009,17348940.9
p81,2020,IRA_low,2010,17348191.74
p81,2020,IRA_low,2011,17349055.66
p81,2020,IRA_low,2012,17349517.46
p81,2020,IRA_low,2013,17348413.0
p81,2021,IRA_low,2007,24171737.0
p81,2021,IRA_low,2008,24171611.0
p81,2021,IRA_low,2009,24171626.0
p81,2021,IRA_low,2010,24171686.0
p81,2021,IRA_low,2011,24171683.0
p81,2021,IRA_low,2012,24171634.0
p81,2021,IRA_low,2013,24171632.0
p81,2022,IRA_low,2007,24214041.0
p81,2022,IRA_low,2008,24214002.0
p81,2022,IRA_low,2009,24214034.0
p81,2022,IRA_low,2010,24214034.0
p81,2022,IRA_low,2011,24214039.0
p81,2022,IRA_low,2012,24214001.0
p81,2022,IRA_low,2013,24213966.0
p81,2023,IRA_low,2007,23217765.0
p81,2023,IRA_low,2008,23217800.0
p81,2023,IRA_low,2009,23217741.0
p81,2023,IRA_low,2010,23217814.0
p81,2023,IRA_low,2011,23217795.0
p81,2023,IRA_low,2012,23217767.0
p81,2023,IRA_low,2013,23217840.0
p81,2024,IRA_low,2007,23388729.0
p81,2024,IRA_low,2008,23388722.0
p81,2024,IRA_low,2009,23388784.0
p81,2024,IRA_low,2010,23388749.0
p81,2024,IRA_low,2011,23388746.0
p81,2024,IRA_low,2012,23388750.0
p81,2024,IRA_low,2013,23388761.0
p81,2025,IRA_low,2007,23599701.0
p81,2025,IRA_low,2008,23602504.0
p81,2025,IRA_low,2009,23598537.0
p81,2025,IRA_low,2010,23599117.0
p81,2025,IRA_low,2011,23597095.0
p81,2025,IRA_low,2012,23591615.0
p81,2025,IRA_low,2013,23601482.0
p81,2026,IRA_low,2007,23995399.0
p81,2026,IRA_low,2008,24009402.0
p81,2026,IRA_low,2009,23997434.0
p81,2026,IRA_low,2010,23993497.0
p81,2026,IRA_low,2011,23988495.0
p81,2026,IRA_low,2012,23965502.0
p81,2026,IRA_low,2013,24004974.0
p81,2027,IRA_low,2007,24391181.0
p81,2027,IRA_low,2008,24416181.0
p81,2027,IRA_low,2009,24396372.0
p81,2027,IRA_low,2010,24387876.0
p81,2027,IRA_low,2011,24379822.0
p81,2027,IRA_low,2012,24339515.0
p81,2027,IRA_low,2013,24408337.0
p81,2028,IRA_low,2007,24786832.0
p81,2028,IRA_low,2008,24822956.0
p81,2028,IRA_low,2009,24795218.0
p81,2028,IRA_low,2010,24782326.0
p81,2028,IRA_low,2011,24771127.0
p81,2028,IRA_low,2012,24713502.0
p81,2028,IRA_low,2013,24811768.0
p81,2029,IRA_low,2007,25182604.0
p81,2029,IRA_low,2008,25229860.0
p81,2029,IRA_low,2009,25194160.0
p81,2029,IRA_low,2010,25176731.0
p81,2029,IRA_low,2011,25162535.0
p81,2029,IRA_low,2012,25087467.0
p81,2029,IRA_low,2013,25215195.0
p81,2030,IRA_low,2007,25578267.0
p81,2030,IRA_low,2008,25636771.0
p81,2030,IRA_low,2009,25592957.0
p81,2030,IRA_low,2010,25571153.0
p81,2030,IRA_low,2011,25553963.0
p81,2030,IRA_low,2012,25461404.0
p81,2030,IRA_low,2013,25618580.0
p81,2031,IRA_low,2007,25971437.0
p81,2031,IRA_low,2008,26041031.0
p81,2031,IRA_low,2009,25989147.0
p81,2031,IRA_low,2010,25963087.0
p81,2031,IRA_low,2011,25942895.0
p81,2031,IRA_low,2012,25832777.0
p81,2031,IRA_low,2013,26019773.0
p81,2032,IRA_low,2007,26364530.0
p81,2032,IRA_low,2008,26445362.0
p81,2032,IRA_low,2009,26385506.0
p81,2032,IRA_low,2010,26355176.0
p81,2032,IRA_low,2011,26331929.0
p81,2032,IRA_low,2012,26204348.0
p81,2032,IRA_low,2013,26420973.0
p81,2033,IRA_low,2007,26757624.0
p81,2033,IRA_low,2008,26849619.0
p81,2033,IRA_low,2009,26781623.0
p81,2033,IRA_low,2010,26747177.0
p81,2033,IRA_low,2011,26720816.0
p81,2033,IRA_low,2012,26575879.0
p81,2033,IRA_low,2013,26822131.0
p81,2034,IRA_low,2007,27150793.0
p81,2034,IRA_low,2008,27253907.0
p81,2034,IRA_low,2009,27177881.0
p81,2034,IRA_low,2010,27139282.0
p81,2034,IRA_low,2011,27109888.0
p81,2034,IRA_low,2012,26947327.0
p81,2034,IRA_low,2013,27223254.0
p81,2035,IRA_low,2007,27543863.0
p81,2035,IRA_low,2008,27658108.0
p81,2035,IRA_low,2009,27574031.0
p81,2035,IRA_low,2010,27531280.0
p81,2035,IRA_low,2011,27498923.0
p81,2035,IRA_low,2012,27318713.0
p81,2035,IRA_low,2013,27624559.0
p81,2036,IRA_low,2007,27870770.0
p81,2036,IRA_low,2008,27993641.0
p81,2036,IRA_low,2009,27903359.0
p81,2036,IRA_low,2010,27857327.0
p81,2036,IRA_low,2011,27822708.0
p81,2036,IRA_low,2012,27629221.0
p81,2036,IRA_low,2013,27957755.0
p81,2037,IRA_low,2007,28197770.0
p81,2037,IRA_low,2008,28329165.0
p81,2037,IRA_low,2009,28232773.0
p81,2037,IRA_low,2010,28183436.0
p81,2037,IRA_low,2011,28146661.0
p81,2037,IRA_low,2012,27939703.0
p81,2037,IRA_low,2013,28290943.0
p81,2038,IRA_low,2007,28524684.0
p81,2038,IRA_low,2008,28664583.0
p81,2038,IRA_low,2009,28562130.0
p81,2038,IRA_low,2010,28507565.0
p81,2038,IRA_low,2011,28470670.0
p81,2038,IRA_low,2012,28249922.0
p81,2038,IRA_low,2013,28624100.0
p81,2039,IRA_low,2007,28851692.0
p81,2039,IRA_low,2008,29000168.0
p81,2039,IRA_low,2009,28891553.0
p81,2039,IRA_low,2010,28835576.0
p81,2039,IRA_low,2011,28794466.0
p81,2039,IRA_low,2012,28560523.0
p81,2039,IRA_low,2013,28957285.0
p81,2040,IRA_low,2007,29178700.0
p81,2040,IRA_low,2008,29335493.0
p81,2040,IRA_low,2009,29220908.0
p81,2040,IRA_low,2010,29161646.0
p81,2040,IRA_low,2011,29118445.0
p81,2040,IRA_low,2012,28870866.0
p81,2040,IRA_low,2013,29290595.0
p81,2041,IRA_low,2007,29449867.0
p81,2041,IRA_low,2008,29610897.0
p81,2041,IRA_low,2009,29493088.0
p81,2041,IRA_low,2010,29432537.0
p81,2041,IRA_low,2011,29388094.0
p81,2041,IRA_low,2012,29133665.0
p81,2041,IRA_low,2013,29564952.0
p81,2042,IRA_low,2007,29720881.0
p81,2042,IRA_low,2008,29886253.0
p81,2042,IRA_low,2009,29765352.0
p81,2042,IRA_low,2010,29703304.0
p81,2042,IRA_low,2011,29657794.0
p81,2042,IRA_low,2012,29396359.0
p81,2042,IRA_low,2013,29839436.0
p81,2043,IRA_low,2007,29992165.0
p81,2043,IRA_low,2008,30161585.0
p81,2043,IRA_low,2009,30037723.0
p81,2043,IRA_low,2010,29974108.0
p81,2043,IRA_low,2011,29927534.0
p81,2043,IRA_low,2012,29659055.0
p81,2043,IRA_low,2013,30113909.0
p81,2044,IRA_low,2007,30263237.0
p81,2044,IRA_low,2008,30436982.0
p81,2044,IRA_low,2009,30309905.0
p81,2044,IRA_low,2010,30244938.0
p81,2044,IRA_low,2011,30197199.0
p81,2044,IRA_low,2012,29921850.0
p81,2044,IRA_low,2013,30388419.0
p81,2045,IRA_low,2007,30534303.0
p81,2045,IRA_low,2008,30712310.0
p81,2045,IRA_low,2009,30582208.0
p81,2045,IRA_low,2010,30515748.0
p81,2045,IRA_low,2011,30466869.0
p81,2045,IRA_low,2012,30184528.0
p81,2045,IRA_low,2013,30662928.0
p81,2046,IRA_low,2007,30749285.0
p81,2046,IRA_low,2008,30927817.0
p81,2046,IRA_low,2009,30796509.0
p81,2046,IRA_low,2010,30730590.0
p81,2046,IRA_low,2011,30680972.0
p81,2046,IRA_low,2012,30396876.0
p81,2046,IRA_low,2013,30878477.0
p81,2047,IRA_low,2007,30964142.0
p81,2047,IRA_low,2008,31143425.0
p81,2047,IRA_low,2009,31010990.0
p81,2047,IRA_low,2010,30945421.0
p81,2047,IRA_low,2011,30895293.0
p81,2047,IRA_low,2012,30609178.0
p81,2047,IRA_low,2013,31094139.0
p81,2048,IRA_low,2007,31179062.0
p81,2048,IRA_low,2008,31359004.0
p81,2048,IRA_low,2009,31225403.0
p81,2048,IRA_low,2010,31160265.0
p81,2048,IRA_low,2011,31109277.0
p81,2048,IRA_low,2012,30821581.0
p81,2048,IRA_low,2013,31309791.0
p81,2049,IRA_low,2007,31393920.0
p81,2049,IRA_low,2008,31574622.0
p81,2049,IRA_low,2009,31439836.0
p81,2049,IRA_low,2010,31375227.0
p81,2049,IRA_low,2011,31323479.0
p81,2049,IRA_low,2012,31033927.0
p81,2049,IRA_low,2013,31525408.0
p81,2050,IRA_low,2007,31608768.0
p81,2050,IRA_low,2008,31790067.0
p81,2050,IRA_low,2009,31654259.0
p81,2050,IRA_low,2010,31590001.0
p81,2050,IRA_low,2011,31537546.0
p81,2050,IRA_low,2012,31246273.0
p81,2050,IRA_low,2013,31741079.0
p82,2020,IRA_low,2007,5601825.64
p82,2020,IRA_low,2008,5601696.19
p82,2020,IRA_low,2009,5601590.61
p82,2020,IRA_low,2010,5601418.01
p82,2020,IRA_low,2011,5601739.34
p82,2020,IRA_low,2012,5601757.7
p82,2020,IRA_low,2013,5601418.01
p82,2021,IRA_low,2007,8702999.0
p82,2021,IRA_low,2008,8703082.0
p82,2021,IRA_low,2009,8702971.0
p82,2021,IRA_low,2010,8703038.0
p82,2021,IRA_low,2011,8702942.0
p82,2021,IRA_low,2012,8703019.0
p82,2021,IRA_low,2013,8702992.0
p82,2022,IRA_low,2007,8718237.0
p82,2022,IRA_low,2008,8718207.0
p82,2022,IRA_low,2009,8718253.0
p82,2022,IRA_low,2010,8718166.0
p82,2022,IRA_low,2011,8718216.0
p82,2022,IRA_low,2012,8718194.0
p82,2022,IRA_low,2013,8718212.0
p82,2023,IRA_low,2007,8359511.0
p82,2023,IRA_low,2008,8359494.0
p82,2023,IRA_low,2009,8359568.0
p82,2023,IRA_low,2010,8359584.0
p82,2023,IRA_low,2011,8359562.0
p82,2023,IRA_low,2012,8359545.0
p82,2023,IRA_low,2013,8359525.0
p82,2024,IRA_low,2007,8421064.0
p82,2024,IRA_low,2008,8421079.0
p82,2024,IRA_low,2009,8421087.0
p82,2024,IRA_low,2010,8421161.0
p82,2024,IRA_low,2011,8421073.0
p82,2024,IRA_low,2012,8421058.0
p82,2024,IRA_low,2013,8421122.0
p82,2025,IRA_low,2007,8492805.0
p82,2025,IRA_low,2008,8493475.0
p82,2025,IRA_low,2009,8492348.0
p82,2025,IRA_low,2010,8492573.0
p82,2025,IRA_low,2011,8491927.0
p82,2025,IRA_low,2012,8490040.0
p82,2025,IRA_low,2013,8493398.0
p82,2026,IRA_low,2007,8627206.0
p82,2026,IRA_low,2008,8631992.0
p82,2026,IRA_low,2009,8628055.0
p82,2026,IRA_low,2010,8626713.0
p82,2026,IRA_low,2011,8624908.0
p82,2026,IRA_low,2012,8617062.0
p82,2026,IRA_low,2013,8630808.0
p82,2027,IRA_low,2007,8761696.0
p82,2027,IRA_low,2008,8770143.0
p82,2027,IRA_low,2009,8763398.0
p82,2027,IRA_low,2010,8760647.0
p82,2027,IRA_low,2011,8757895.0
p82,2027,IRA_low,2012,8744199.0
p82,2027,IRA_low,2013,8767536.0
p82,2028,IRA_low,2007,8896173.0
p82,2028,IRA_low,2008,8908486.0
p82,2028,IRA_low,2009,8898999.0
p82,2028,IRA_low,2010,8894592.0
p82,2028,IRA_low,2011,8890865.0
p82,2028,IRA_low,2012,8871255.0
p82,2028,IRA_low,2013,8904613.0
p82,2029,IRA_low,2007,9030627.0
p82,2029,IRA_low,2008,9046719.0
p82,2029,IRA_low,2009,9034614.0
p82,2029,IRA_low,2010,9028752.0
p82,2029,IRA_low,2011,9023840.0
p82,2029,IRA_low,2012,8998371.0
p82,2029,IRA_low,2013,9041751.0
p82,2030,IRA_low,2007,9165092.0
p82,2030,IRA_low,2008,9185044.0
p82,2030,IRA_low,2009,9170176.0
p82,2030,IRA_low,2010,9162762.0
p82,2030,IRA_low,2011,9156897.0
p82,2030,IRA_low,2012,9125449.0
p82,2030,IRA_low,2013,9178808.0
p82,2031,IRA_low,2007,9298700.0
p82,2031,IRA_low,2008,9322334.0
p82,2031,IRA_low,2009,9304822.0
p82,2031,IRA_low,2010,9295960.0
p82,2031,IRA_low,2011,9289032.0
p82,2031,IRA_low,2012,9251713.0
p82,2031,IRA_low,2013,9315159.0
p82,2032,IRA_low,2007,9432325.0
p82,2032,IRA_low,2008,9459740.0
p82,2032,IRA_low,2009,9439492.0
p82,2032,IRA_low,2010,9429074.0
p82,2032,IRA_low,2011,9421250.0
p82,2032,IRA_low,2012,9377950.0
p82,2032,IRA_low,2013,9451390.0
p82,2033,IRA_low,2007,9565930.0
p82,2033,IRA_low,2008,9597095.0
p82,2033,IRA_low,2009,9574102.0
p82,2033,IRA_low,2010,9562400.0
p82,2033,IRA_low,2011,9553438.0
p82,2033,IRA_low,2012,9504085.0
p82,2033,IRA_low,2013,9587848.0
p82,2034,IRA_low,2007,9699491.0
p82,2034,IRA_low,2008,9734332.0
p82,2034,IRA_low,2009,9708737.0
p82,2034,IRA_low,2010,9695612.0
p82,2034,IRA_low,2011,9685674.0
p82,2034,IRA_low,2012,9630352.0
p82,2034,IRA_low,2013,9724034.0
p82,2035,IRA_low,2007,9832991.0
p82,2035,IRA_low,2008,9871778.0
p82,2035,IRA_low,2009,9843336.0
p82,2035,IRA_low,2010,9828831.0
p82,2035,IRA_low,2011,9817863.0
p82,2035,IRA_low,2012,9756643.0
p82,2035,IRA_low,2013,9860107.0
p82,2036,IRA_low,2007,9944246.0
p82,2036,IRA_low,2008,9985891.0
p82,2036,IRA_low,2009,9955222.0
p82,2036,IRA_low,2010,9939614.0
p82,2036,IRA_low,2011,9927913.0
p82,2036,IRA_low,2012,9862028.0
p82,2036,IRA_low,2013,9973680.0
p82,2037,IRA_low,2007,10055282.0
p82,2037,IRA_low,2008,10099834.0
p82,2037,IRA_low,2009,10067173.0
p82,2037,IRA_low,2010,10050493.0
p82,2037,IRA_low,2011,10037963.0
p82,2037,IRA_low,2012,9967632.0
p82,2037,IRA_low,2013,10086861.0
p82,2038,IRA_low,2007,10166366.0
p82,2038,IRA_low,2008,10213836.0
p82,2038,IRA_low,2009,10179141.0
p82,2038,IRA_low,2010,10161224.0
p82,2038,IRA_low,2011,10147932.0
p82,2038,IRA_low,2012,10073055.0
p82,2038,IRA_low,2013,10200155.0
p82,2039,IRA_low,2007,10277536.0
p82,2039,IRA_low,2008,10327782.0
p82,2039,IRA_low,2009,10291008.0
p82,2039,IRA_low,2010,10272008.0
p82,2039,IRA_low,2011,10258017.0
p82,2039,IRA_low,2012,10178582.0
p82,2039,IRA_low,2013,10313428.0
p82,2040,IRA_low,2007,10388573.0
p82,2040,IRA_low,2008,10441879.0
p82,2040,IRA_low,2009,10402893.0
p82,2040,IRA_low,2010,10382834.0
p82,2040,IRA_low,2011,10368081.0
p82,2040,IRA_low,2012,10283997.0
p82,2040,IRA_low,2013,10426646.0
p82,2041,IRA_low,2007,10480767.0
p82,2041,IRA_low,2008,10535431.0
p82,2041,IRA_low,2009,10495467.0
p82,2041,IRA_low,2010,10474987.0
p82,2041,IRA_low,2011,10459811.0
p82,2041,IRA_low,2012,10373351.0
p82,2041,IRA_low,2013,10519819.0
p82,2042,IRA_low,2007,10572920.0
p82,2042,IRA_low,2008,10628929.0
p82,2042,IRA_low,2009,10587994.0
p82,2042,IRA_low,2010,10566836.0
p82,2042,IRA_low,2011,10551519.0
p82,2042,IRA_low,2012,10462578.0
p82,2042,IRA_low,2013,10613117.0
p82,2043,IRA_low,2007,10664967.0
p82,2043,IRA_low,2008,10722513.0
p82,2043,IRA_low,2009,10680491.0
p82,2043,IRA_low,2010,10658915.0
p82,2043,IRA_low,2011,10642999.0
p82,2043,IRA_low,2012,10551906.0
p82,2043,IRA_low,2013,10706390.0
p82,2044,IRA_low,2007,10757097.0
p82,2044,IRA_low,2008,10816053.0
p82,2044,IRA_low,2009,10773104.0
p82,2044,IRA_low,2010,10750989.0
p82,2044,IRA_low,2011,10734748.0
p82,2044,IRA_low,2012,10641217.0
p82,2044,IRA_low,2013,10799701.0
p82,2045,IRA_low,2007,10849240.0
p82,2045,IRA_low,2008,10909728.0
p82,2045,IRA_low,2009,10865566.0
p82,2045,IRA_low,2010,10842928.0
p82,2045,IRA_low,2011,10826284.0
p82,2045,IRA_low,2012,10730484.0
p82,2045,IRA_low,2013,10892921.0
p82,2046,IRA_low,2007,10922309.0
p82,2046,IRA_low,2008,10983013.0
p82,2046,IRA_low,2009,10938365.0
p82,2046,IRA_low,2010,10915966.0
p82,2046,IRA_low,2011,10899107.0
p82,2046,IRA_low,2012,10802611.0
p82,2046,IRA_low,2013,10966182.0
p82,2047,IRA_low,2007,10995320.0
p82,2047,IRA_low,2008,11056276.0
p82,2047,IRA_low,2009,11011272.0
p82,2047,IRA_low,2010,10988999.0
p82,2047,IRA_low,2011,10971903.0
p82,2047,IRA_low,2012,10874690.0
p82,2047,IRA_low,2013,11039521.0
p82,2048,IRA_low,2007,11068447.0
p82,2048,IRA_low,2008,11129340.0
p82,2048,IRA_low,2009,11084083.0
p82,2048,IRA_low,2010,11062010.0
p82,2048,IRA_low,2011,11044752.0
p82,2048,IRA_low,2012,10946984.0
p82,2048,IRA_low,2013,11112768.0
p82,2049,IRA_low,2007,11141325.0
p82,2049,IRA_low,2008,11202774.0
p82,2049,IRA_low,2009,11156986.0
p82,2049,IRA_low,2010,11135133.0
p82,2049,IRA_low,2011,11118321.0
p82,2049,IRA_low,2012,11019039.0
p82,2049,IRA_low,2013,11186025.0
p82,2050,IRA_low,2007,11214438.0
p82,2050,IRA_low,2008,11275933.0
p82,2050,IRA_low,2009,11229807.0
p82,2050,IRA_low,2010,11208053.0
p82,2050,IRA_low,2011,11190192.0
p82,2050,IRA_low,2012,11091237.0
p82,2050,IRA_low,2013,11259357.0
p83,2020,IRA_low,2007,10660249.74
p83,2020,IRA_low,2008,10660226.79
p83,2020,IRA_low,2009,10659761.32
p83,2020,IRA_low,2010,10659371.13
p83,2020,IRA_low,2011,10659934.84
p83,2020,IRA_low,2012,10660147.83
p83,2020,IRA_low,2013,10659452.84
p83,2021,IRA_low,2007,14357294.0
p83,2021,IRA_low,2008,14357388.0
p83,2021,IRA_low,2009,14357117.0
p83,2021,IRA_low,2010,14357305.0
p83,2021,IRA_low,2011,14357327.0
p83,2021,IRA_low,2012,14357398.0
p83,2021,IRA_low,2013,14357335.0
p83,2022,IRA_low,2007,14382378.0
p83,2022,IRA_low,2008,14382447.0
p83,2022,IRA_low,2009,14382510.0
p83,2022,IRA_low,2010,14382787.0
p83,2022,IRA_low,2011,14382605.0
p83,2022,IRA_low,2012,14382529.0
p83,2022,IRA_low,2013,14382479.0
p83,2023,IRA_low,2007,13790826.0
p83,2023,IRA_low,2008,13790809.0
p83,2023,IRA_low,2009,13790766.0
p83,2023,IRA_low,2010,13790849.0
p83,2023,IRA_low,2011,13790734.0
p83,2023,IRA_low,2012,13790822.0
p83,2023,IRA_low,2013,13790896.0
p83,2024,IRA_low,2007,13892343.0
p83,2024,IRA_low,2008,13892440.0
p83,2024,IRA_low,2009,13892341.0
p83,2024,IRA_low,2010,13892250.0
p83,2024,IRA_low,2011,13892328.0
p83,2024,IRA_low,2012,13892365.0
p83,2024,IRA_low,2013,13892394.0
p83,2025,IRA_low,2007,13940540.0
p83,2025,IRA_low,2008,13941258.0
p83,2025,IRA_low,2009,13940415.0
p83,2025,IRA_low,2010,13940507.0
p83,2025,IRA_low,2011,13940086.0
p83,2025,IRA_low,2012,13938796.0
p83,2025,IRA_low,2013,13941050.0
p83,2026,IRA_low,2007,14031238.0
p83,2026,IRA_low,2008,14034483.0
p83,2026,IRA_low,2009,14031685.0
p83,2026,IRA_low,2010,14030793.0
p83,2026,IRA_low,2011,14029755.0
p83,2026,IRA_low,2012,14024312.0
p83,2026,IRA_low,2013,14033415.0
p83,2027,IRA_low,2007,14121773.0
p83,2027,IRA_low,2008,14127403.0
p83,2027,IRA_low,2009,14123005.0
p83,2027,IRA_low,2010,14121156.0
p83,2027,IRA_low,2011,14119359.0
p83,2027,IRA_low,2012,14110005.0
p83,2027,IRA_low,2013,14125782.0
p83,2028,IRA_low,2007,14212443.0
p83,2028,IRA_low,2008,14220667.0
p83,2028,IRA_low,2009,14214302.0
p83,2028,IRA_low,2010,14211431.0
p83,2028,IRA_low,2011,14208821.0
p83,2028,IRA_low,2012,14195556.0
p83,2028,IRA_low,2013,14218205.0
p83,2029,IRA_low,2007,14303074.0
p83,2029,IRA_low,2008,14313809.0
p83,2029,IRA_low,2009,14305671.0
p83,2029,IRA_low,2010,14301539.0
p83,2029,IRA_low,2011,14298596.0
p83,2029,IRA_low,2012,14281103.0
p83,2029,IRA_low,2013,14310508.0
p83,2030,IRA_low,2007,14393605.0
p83,2030,IRA_low,2008,14406997.0
p83,2030,IRA_low,2009,14396963.0
p83,2030,IRA_low,2010,14391892.0
p83,2030,IRA_low,2011,14388089.0
p83,2030,IRA_low,2012,14366892.0
p83,2030,IRA_low,2013,14402994.0
p83,2031,IRA_low,2007,14483621.0
p83,2031,IRA_low,2008,14499970.0
p83,2031,IRA_low,2009,14487718.0
p83,2031,IRA_low,2010,14481643.0
p83,2031,IRA_low,2011,14477150.0
p83,2031,IRA_low,2012,14451939.0
p83,2031,IRA_low,2013,14494725.0
p83,2032,IRA_low,2007,14573661.0
p83,2032,IRA_low,2008,14592148.0
p83,2032,IRA_low,2009,14578336.0
p83,2032,IRA_low,2010,14571503.0
p83,2032,IRA_low,2011,14566172.0
p83,2032,IRA_low,2012,14536989.0
p83,2032,IRA_low,2013,14586555.0
p83,2033,IRA_low,2007,14663652.0
p83,2033,IRA_low,2008,14684734.0
p83,2033,IRA_low,2009,14669187.0
p83,2033,IRA_low,2010,14661297.0
p83,2033,IRA_low,2011,14655310.0
p83,2033,IRA_low,2012,14622023.0
p83,2033,IRA_low,2013,14678374.0
p83,2034,IRA_low,2007,14753611.0
p83,2034,IRA_low,2008,14777292.0
p83,2034,IRA_low,2009,14759903.0
p83,2034,IRA_low,2010,14751063.0
p83,2034,IRA_low,2011,14744329.0
p83,2034,IRA_low,2012,14707120.0
p83,2034,IRA_low,2013,14770318.0
p83,2035,IRA_low,2007,14843638.0
p83,2035,IRA_low,2008,14869745.0
p83,2035,IRA_low,2009,14850502.0
p83,2035,IRA_low,2010,14840755.0
p83,2035,IRA_low,2011,14833390.0
p83,2035,IRA_low,2012,14792171.0
p83,2035,IRA_low,2013,14862208.0
p83,2036,IRA_low,2007,14918496.0
p83,2036,IRA_low,2008,14946634.0
p83,2036,IRA_low,2009,14925973.0
p83,2036,IRA_low,2010,14915351.0
p83,2036,IRA_low,2011,14907518.0
p83,2036,IRA_low,2012,14863190.0
p83,2036,IRA_low,2013,14938427.0
p83,2037,IRA_low,2007,14993361.0
p83,2037,IRA_low,2008,15023476.0
p83,2037,IRA_low,2009,15001327.0
p83,2037,IRA_low,2010,14989999.0
p83,2037,IRA_low,2011,14981659.0
p83,2037,IRA_low,2012,14934334.0
p83,2037,IRA_low,2013,15014654.0
p83,2038,IRA_low,2007,15068239.0
p83,2038,IRA_low,2008,15100188.0
p83,2038,IRA_low,2009,15076803.0
p83,2038,IRA_low,2010,15064703.0
p83,2038,IRA_low,2011,15055845.0
p83,2038,IRA_low,2012,15005430.0
p83,2038,IRA_low,2013,15090902.0
p83,2039,IRA_low,2007,15143118.0
p83,2039,IRA_low,2008,15177027.0
p83,2039,IRA_low,2009,15152298.0
p83,2039,IRA_low,2010,15139403.0
p83,2039,IRA_low,2011,15129974.0
p83,2039,IRA_low,2012,15076477.0
p83,2039,IRA_low,2013,15167246.0
p83,2040,IRA_low,2007,15217914.0
p83,2040,IRA_low,2008,15253866.0
p83,2040,IRA_low,2009,15227638.0
p83,2040,IRA_low,2010,15213983.0
p83,2040,IRA_low,2011,15204127.0
p83,2040,IRA_low,2012,15147557.0
p83,2040,IRA_low,2013,15243509.0
p83,2041,IRA_low,2007,15280078.0
p83,2041,IRA_low,2008,15316978.0
p83,2041,IRA_low,2009,15289889.0
p83,2041,IRA_low,2010,15275880.0
p83,2041,IRA_low,2011,15265951.0
p83,2041,IRA_low,2012,15207674.0
p83,2041,IRA_low,2013,15306394.0
p83,2042,IRA_low,2007,15342102.0
p83,2042,IRA_low,2008,15379987.0
p83,2042,IRA_low,2009,15352262.0
p83,2042,IRA_low,2010,15338070.0
p83,2042,IRA_low,2011,15327693.0
p83,2042,IRA_low,2012,15267814.0
p83,2042,IRA_low,2013,15369272.0
p83,2043,IRA_low,2007,15404209.0
p83,2043,IRA_low,2008,15443018.0
p83,2043,IRA_low,2009,15414578.0
p83,2043,IRA_low,2010,15400023.0
p83,2043,IRA_low,2011,15389427.0
p83,2043,IRA_low,2012,15328012.0
p83,2043,IRA_low,2013,15432037.0
p83,2044,IRA_low,2007,15466226.0
p83,2044,IRA_low,2008,15506021.0
p83,2044,IRA_low,2009,15476891.0
p83,2044,IRA_low,2010,15462074.0
p83,2044,IRA_low,2011,15451188.0
p83,2044,IRA_low,2012,15388143.0
p83,2044,IRA_low,2013,15494943.0
p83,2045,IRA_low,2007,15528243.0
p83,2045,IRA_low,2008,15569056.0
p83,2045,IRA_low,2009,15539275.0
p83,2045,IRA_low,2010,15524037.0
p83,2045,IRA_low,2011,15512842.0
p83,2045,IRA_low,2012,15448221.0
p83,2045,IRA_low,2013,15557685.0
p83,2046,IRA_low,2007,15577467.0
p83,2046,IRA_low,2008,15618482.0
p83,2046,IRA_low,2009,15588417.0
p83,2046,IRA_low,2010,15573170.0
p83,2046,IRA_low,2011,15561885.0
p83,2046,IRA_low,2012,15496884.0
p83,2046,IRA_low,2013,15607174.0
p83,2047,IRA_low,2007,15626733.0
p83,2047,IRA_low,2008,15667838.0
p83,2047,IRA_low,2009,15637495.0
p83,2047,IRA_low,2010,15622432.0
p83,2047,IRA_low,2011,15610936.0
p83,2047,IRA_low,2012,15545511.0
p83,2047,IRA_low,2013,15656518.0
p83,2048,IRA_low,2007,15675889.0
p83,2048,IRA_low,2008,15717110.0
p83,2048,IRA_low,2009,15686553.0
p83,2048,IRA_low,2010,15671617.0
p83,2048,IRA_low,2011,15659978.0
p83,2048,IRA_low,2012,15594156.0
p83,2048,IRA_low,2013,15705796.0
p83,2049,IRA_low,2007,15725166.0
p83,2049,IRA_low,2008,15766550.0
p83,2049,IRA_low,2009,15735599.0
p83,2049,IRA_low,2010,15720808.0
p83,2049,IRA_low,2011,15709006.0
p83,2049,IRA_low,2012,15642711.0
p83,2049,IRA_low,2013,15755211.0
p83,2050,IRA_low,2007,15774324.0
p83,2050,IRA_low,2008,15815851.0
p83,2050,IRA_low,2009,15784437.0
p83,2050,IRA_low,2010,15770051.0
p83,2050,IRA_low,2011,15758064.0
p83,2050,IRA_low,2012,15691274.0
p83,2050,IRA_low,2013,15804641.0
p84,2020,IRA_low,2007,4056859.07
p84,2020,IRA_low,2008,4056857.3
p84,2020,IRA_low,2009,4056764.49
p84,2020,IRA_low,2010,4056505.51
p84,2020,IRA_low,2011,4056597.44
p84,2020,IRA_low,2012,4056957.18
p84,2020,IRA_low,2013,4056631.91
p84,2021,IRA_low,2007,4067009.0
p84,2021,IRA_low,2008,4067034.0
p84,2021,IRA_low,2009,4067069.0
p84,2021,IRA_low,2010,4067026.0
p84,2021,IRA_low,2011,4066957.0
p84,2021,IRA_low,2012,4067026.0
p84,2021,IRA_low,2013,4067020.0
p84,2022,IRA_low,2007,4203659.0
p84,2022,IRA_low,2008,4203532.0
p84,2022,IRA_low,2009,4203571.0
p84,2022,IRA_low,2010,4203478.0
p84,2022,IRA_low,2011,4203557.0
p84,2022,IRA_low,2012,4203552.0
p84,2022,IRA_low,2013,4203666.0
p84,2023,IRA_low,2007,4039436.0
p84,2023,IRA_low,2008,4039591.0
p84,2023,IRA_low,2009,4039379.0
p84,2023,IRA_low,2010,4039422.0
p84,2023,IRA_low,2011,4039374.0
p84,2023,IRA_low,2012,4039408.0
p84,2023,IRA_low,2013,4039399.0
p84,2024,IRA_low,2007,4117279.0
p84,2024,IRA_low,2008,4117235.0
p84,2024,IRA_low,2009,4117253.0
p84,2024,IRA_low,2010,4117282.0
p84,2024,IRA_low,2011,4117281.0
p84,2024,IRA_low,2012,4117257.0
p84,2024,IRA_low,2013,4117293.0
p84,2025,IRA_low,2007,4173241.0
p84,2025,IRA_low,2008,4173931.0
p84,2025,IRA_low,2009,4172298.0
p84,2025,IRA_low,2010,4174510.0
p84,2025,IRA_low,2011,4173371.0
p84,2025,IRA_low,2012,4170558.0
p84,2025,IRA_low,2013,4174104.0
p84,2026,IRA_low,2007,4299669.0
p84,2026,IRA_low,2008,4303635.0
p84,2026,IRA_low,2009,4299367.0
p84,2026,IRA_low,2010,4303585.0
p84,2026,IRA_low,2011,4300260.0
p84,2026,IRA_low,2012,4290803.0
p84,2026,IRA_low,2013,4303360.0
p84,2027,IRA_low,2007,4426163.0
p84,2027,IRA_low,2008,4433493.0
p84,2027,IRA_low,2009,4426485.0
p84,2027,IRA_low,2010,4432618.0
p84,2027,IRA_low,2011,4427265.0
p84,2027,IRA_low,2012,4410877.0
p84,2027,IRA_low,2013,4432698.0
p84,2028,IRA_low,2007,4552614.0
p84,2028,IRA_low,2008,4563364.0
p84,2028,IRA_low,2009,4553572.0
p84,2028,IRA_low,2010,4561814.0
p84,2028,IRA_low,2011,4554170.0
p84,2028,IRA_low,2012,4531155.0
p84,2028,IRA_low,2013,4562032.0
p84,2029,IRA_low,2007,4679147.0
p84,2029,IRA_low,2008,4693129.0
p84,2029,IRA_low,2009,4680742.0
p84,2029,IRA_low,2010,4690775.0
p84,2029,IRA_low,2011,4681131.0
p84,2029,IRA_low,2012,4651396.0
p84,2029,IRA_low,2013,4691350.0
p84,2030,IRA_low,2007,4805655.0
p84,2030,IRA_low,2008,4822752.0
p84,2030,IRA_low,2009,4807807.0
p84,2030,IRA_low,2010,4819932.0
p84,2030,IRA_low,2011,4808037.0
p84,2030,IRA_low,2012,4771674.0
p84,2030,IRA_low,2013,4820675.0
p84,2031,IRA_low,2007,4990994.0
p84,2031,IRA_low,2008,5011787.0
p84,2031,IRA_low,2009,4993846.0
p84,2031,IRA_low,2010,5007922.0
p84,2031,IRA_low,2011,4994122.0
p84,2031,IRA_low,2012,4950509.0
p84,2031,IRA_low,2013,5009174.0
p84,2032,IRA_low,2007,5176444.0
p84,2032,IRA_low,2008,5200587.0
p84,2032,IRA_low,2009,5179884.0
p84,2032,IRA_low,2010,5196182.0
p84,2032,IRA_low,2011,5180031.0
p84,2032,IRA_low,2012,5129404.0
p84,2032,IRA_low,2013,5197468.0
p84,2033,IRA_low,2007,5361802.0
p84,2033,IRA_low,2008,5389521.0
p84,2033,IRA_low,2009,5365944.0
p84,2033,IRA_low,2010,5384341.0
p84,2033,IRA_low,2011,5366000.0
p84,2033,IRA_low,2012,5308229.0
p84,2033,IRA_low,2013,5386040.0
p84,2034,IRA_low,2007,5547198.0
p84,2034,IRA_low,2008,5578263.0
p84,2034,IRA_low,2009,5551990.0
p84,2034,IRA_low,2010,5572421.0
p84,2034,IRA_low,2011,5552035.0
p84,2034,IRA_low,2012,5487125.0
p84,2034,IRA_low,2013,5574564.0
p84,2035,IRA_low,2007,5732656.0
p84,2035,IRA_low,2008,5767150.0
p84,2035,IRA_low,2009,5738001.0
p84,2035,IRA_low,2010,5760519.0
p84,2035,IRA_low,2011,5738012.0
p84,2035,IRA_low,2012,5666020.0
p84,2035,IRA_low,2013,5763012.0
p84,2036,IRA_low,2007,5930798.0
p84,2036,IRA_low,2008,5968021.0
p84,2036,IRA_low,2009,5936504.0
p84,2036,IRA_low,2010,5960952.0
p84,2036,IRA_low,2011,5936575.0
p84,2036,IRA_low,2012,5858657.0
p84,2036,IRA_low,2013,5963615.0
p84,2037,IRA_low,2007,6129009.0
p84,2037,IRA_low,2008,6168926.0
p84,2037,IRA_low,2009,6134975.0
p84,2037,IRA_low,2010,6161468.0
p84,2037,IRA_low,2011,6135244.0
p84,2037,IRA_low,2012,6051438.0
p84,2037,IRA_low,2013,6164356.0
p84,2038,IRA_low,2007,6327139.0
p84,2038,IRA_low,2008,6369750.0
p84,2038,IRA_low,2009,6333554.0
p84,2038,IRA_low,2010,6362074.0
p84,2038,IRA_low,2011,6333928.0
p84,2038,IRA_low,2012,6244275.0
p84,2038,IRA_low,2013,6365021.0
p84,2039,IRA_low,2007,6525414.0
p84,2039,IRA_low,2008,6570784.0
p84,2039,IRA_low,2009,6532062.0
p84,2039,IRA_low,2010,6562479.0
p84,2039,IRA_low,2011,6532498.0
p84,2039,IRA_low,2012,6436999.0
p84,2039,IRA_low,2013,6565692.0
p84,2040,IRA_low,2007,6723646.0
p84,2040,IRA_low,2008,6771620.0
p84,2040,IRA_low,2009,6730648.0
p84,2040,IRA_low,2010,6762998.0
p84,2040,IRA_low,2011,6731142.0
p84,2040,IRA_low,2012,6629730.0
p84,2040,IRA_low,2013,6766421.0
p84,2041,IRA_low,2007,6902903.0
p84,2041,IRA_low,2008,6952069.0
p84,2041,IRA_low,2009,6909756.0
p84,2041,IRA_low,2010,6943517.0
p84,2041,IRA_low,2011,6910620.0
p84,2041,IRA_low,2012,6806016.0
p84,2041,IRA_low,2013,6946902.0
p84,2042,IRA_low,2007,7082098.0
p84,2042,IRA_low,2008,7132549.0
p84,2042,IRA_low,2009,7088727.0
p84,2042,IRA_low,2010,7124026.0
p84,2042,IRA_low,2011,7089972.0
p84,2042,IRA_low,2012,6982279.0
p84,2042,IRA_low,2013,7127431.0
p84,2043,IRA_low,2007,7261940.0
p84,2043,IRA_low,2008,7312870.0
p84,2043,IRA_low,2009,7267922.0
p84,2043,IRA_low,2010,7304567.0
p84,2043,IRA_low,2011,7269499.0
p84,2043,IRA_low,2012,7158610.0
p84,2043,IRA_low,2013,7308000.0
p84,2044,IRA_low,2007,7440721.0
p84,2044,IRA_low,2008,7493362.0
p84,2044,IRA_low,2009,7447003.0
p84,2044,IRA_low,2010,7485156.0
p84,2044,IRA_low,2011,7448859.0
p84,2044,IRA_low,2012,7334897.0
p84,2044,IRA_low,2013,7488570.0
p84,2045,IRA_low,2007,7620046.0
p84,2045,IRA_low,2008,7673918.0
p84,2045,IRA_low,2009,7626090.0
p84,2045,IRA_low,2010,7665719.0
p84,2045,IRA_low,2011,7628284.0
p84,2045,IRA_low,2012,7511060.0
p84,2045,IRA_low,2013,7669047.0
p84,2046,IRA_low,2007,7752624.0
p84,2046,IRA_low,2008,7806328.0
p84,2046,IRA_low,2009,7758168.0
p84,2046,IRA_low,2010,7798751.0
p84,2046,IRA_low,2011,7760844.0
p84,2046,IRA_low,2012,7642811.0
p84,2046,IRA_low,2013,7801761.0
p84,2047,IRA_low,2007,7885263.0
p84,2047,IRA_low,2008,7938794.0
p84,2047,IRA_low,2009,7890080.0
p84,2047,IRA_low,2010,7931860.0
p84,2047,IRA_low,2011,7893395.0
p84,2047,IRA_low,2012,7774470.0
p84,2047,IRA_low,2013,7934494.0
p84,2048,IRA_low,2007,8017929.0
p84,2048,IRA_low,2008,8071402.0
p84,2048,IRA_low,2009,8022055.0
p84,2048,IRA_low,2010,8064935.0
p84,2048,IRA_low,2011,8026019.0
p84,2048,IRA_low,2012,7906036.0
p84,2048,IRA_low,2013,8067216.0
p84,2049,IRA_low,2007,8150459.0
p84,2049,IRA_low,2008,8203842.0
p84,2049,IRA_low,2009,8154068.0
p84,2049,IRA_low,2010,8197957.0
p84,2049,IRA_low,2011,8158632.0
p84,2049,IRA_low,2012,8037697.0
p84,2049,IRA_low,2013,8199989.0
p84,2050,IRA_low,2007,8283230.0
p84,2050,IRA_low,2008,8336316.0
p84,2050,IRA_low,2009,8286010.0
p84,2050,IRA_low,2010,8331027.0
p84,2050,IRA_low,2011,8291125.0
p84,2050,IRA_low,2012,8169490.0
p84,2050,IRA_low,2013,8332700.0
p85,2020,IRA_low,2007,31936167.03
p85,2020,IRA_low,2008,31935408.93
p85,2020,IRA_low,2009,31934961.7
p85,2020,IRA_low,2010,31935003.66
p85,2020,IRA_low,2011,31935430.86
p85,2020,IRA_low,2012,31935954.38
p85,2020,IRA_low,2013,31935061.83
p85,2021,IRA_low,2007,35545105.0
p85,2021,IRA_low,2008,35545128.0
p85,2021,IRA_low,2009,35545105.0
p85,2021,IRA_low,2010,35545093.0
p85,2021,IRA_low,2011,35545102.0
p85,2021,IRA_low,2012,35545090.0
p85,2021,IRA_low,2013,35545083.0
p85,2022,IRA_low,2007,35811213.0
p85,2022,IRA_low,2008,35811163.0
p85,2022,IRA_low,2009,35811207.0
p85,2022,IRA_low,2010,35811183.0
p85,2022,IRA_low,2011,35811204.0
p85,2022,IRA_low,2012,35811256.0
p85,2022,IRA_low,2013,35811181.0
p85,2023,IRA_low,2007,35566673.0
p85,2023,IRA_low,2008,35566654.0
p85,2023,IRA_low,2009,35566613.0
p85,2023,IRA_low,2010,35566632.0
p85,2023,IRA_low,2011,35566603.0
p85,2023,IRA_low,2012,35566580.0
p85,2023,IRA_low,2013,35566645.0
p85,2024,IRA_low,2007,36296727.0
p85,2024,IRA_low,2008,36296674.0
p85,2024,IRA_low,2009,36296724.0
p85,2024,IRA_low,2010,36296688.0
p85,2024,IRA_low,2011,36296649.0
p85,2024,IRA_low,2012,36296669.0
p85,2024,IRA_low,2013,36296762.0
p85,2025,IRA_low,2007,36479034.0
p85,2025,IRA_low,2008,36481070.0
p85,2025,IRA_low,2009,36478409.0
p85,2025,IRA_low,2010,36485490.0
p85,2025,IRA_low,2011,36481137.0
p85,2025,IRA_low,2012,36474486.0
p85,2025,IRA_low,2013,36482429.0
p85,2026,IRA_low,2007,36823476.0
p85,2026,IRA_low,2008,36830975.0
p85,2026,IRA_low,2009,36826093.0
p85,2026,IRA_low,2010,36836574.0
p85,2026,IRA_low,2011,36826656.0
p85,2026,IRA_low,2012,36809836.0
p85,2026,IRA_low,2013,36832859.0
p85,2027,IRA_low,2007,37167854.0
p85,2027,IRA_low,2008,37181000.0
p85,2027,IRA_low,2009,37173762.0
p85,2027,IRA_low,2010,37187730.0
p85,2027,IRA_low,2011,37172078.0
p85,2027,IRA_low,2012,37145159.0
p85,2027,IRA_low,2013,37183294.0
p85,2028,IRA_low,2007,37512327.0
p85,2028,IRA_low,2008,37530915.0
p85,2028,IRA_low,2009,37521473.0
p85,2028,IRA_low,2010,37538873.0
p85,2028,IRA_low,2011,37517634.0
p85,2028,IRA_low,2012,37480450.0
p85,2028,IRA_low,2013,37533757.0
p85,2029,IRA_low,2007,37856757.0
p85,2029,IRA_low,2008,37880917.0
p85,2029,IRA_low,2009,37869240.0
p85,2029,IRA_low,2010,37890115.0
p85,2029,IRA_low,2011,37863053.0
p85,2029,IRA_low,2012,37815774.0
p85,2029,IRA_low,2013,37884260.0
p85,2030,IRA_low,2007,38201274.0
p85,2030,IRA_low,2008,38230870.0
p85,2030,IRA_low,2009,38216835.0
p85,2030,IRA_low,2010,38241256.0
p85,2030,IRA_low,2011,38208492.0
p85,2030,IRA_low,2012,38151089.0
p85,2030,IRA_low,2013,38234695.0
p85,2031,IRA_low,2007,38701641.0
p85,2031,IRA_low,2008,38736534.0
p85,2031,IRA_low,2009,38720478.0
p85,2031,IRA_low,2010,38748733.0
p85,2031,IRA_low,2011,38710481.0
p85,2031,IRA_low,2012,38642830.0
p85,2031,IRA_low,2013,38741378.0
p85,2032,IRA_low,2007,39202109.0
p85,2032,IRA_low,2008,39242253.0
p85,2032,IRA_low,2009,39224045.0
p85,2032,IRA_low,2010,39256189.0
p85,2032,IRA_low,2011,39212456.0
p85,2032,IRA_low,2012,39134513.0
p85,2032,IRA_low,2013,39248079.0
p85,2033,IRA_low,2007,39702503.0
p85,2033,IRA_low,2008,39747986.0
p85,2033,IRA_low,2009,39727547.0
p85,2033,IRA_low,2010,39763605.0
p85,2033,IRA_low,2011,39714492.0
p85,2033,IRA_low,2012,39626232.0
p85,2033,IRA_low,2013,39754724.0
p85,2034,IRA_low,2007,40202972.0
p85,2034,IRA_low,2008,40253681.0
p85,2034,IRA_low,2009,40231041.0
p85,2034,IRA_low,2010,40271118.0
p85,2034,IRA_low,2011,40216413.0
p85,2034,IRA_low,2012,40117843.0
p85,2034,IRA_low,2013,40261424.0
p85,2035,IRA_low,2007,40703458.0
p85,2035,IRA_low,2008,40759289.0
p85,2035,IRA_low,2009,40734549.0
p85,2035,IRA_low,2010,40778614.0
p85,2035,IRA_low,2011,40718440.0
p85,2035,IRA_low,2012,40609607.0
p85,2035,IRA_low,2013,40768112.0
p85,2036,IRA_low,2007,41299299.0
p85,2036,IRA_low,2008,41358882.0
p85,2036,IRA_low,2009,41332720.0
p85,2036,IRA_low,2010,41379538.0
p85,2036,IRA_low,2011,41315494.0
p85,2036,IRA_low,2012,41198808.0
p85,2036,IRA_low,2013,41368647.0
p85,2037,IRA_low,2007,41895095.0
p85,2037,IRA_low,2008,41958521.0
p85,2037,IRA_low,2009,41930715.0
p85,2037,IRA_low,2010,41980515.0
p85,2037,IRA_low,2011,41912524.0
p85,2037,IRA_low,2012,41788104.0
p85,2037,IRA_low,2013,41969019.0
p85,2038,IRA_low,2007,42490838.0
p85,2038,IRA_low,2008,42558036.0
p85,2038,IRA_low,2009,42528793.0
p85,2038,IRA_low,2010,42581403.0
p85,2038,IRA_low,2011,42509641.0
p85,2038,IRA_low,2012,42377349.0
p85,2038,IRA_low,2013,42569488.0
p85,2039,IRA_low,2007,43086694.0
p85,2039,IRA_low,2008,43157626.0
p85,2039,IRA_low,2009,43126820.0
p85,2039,IRA_low,2010,43182338.0
p85,2039,IRA_low,2011,43106704.0
p85,2039,IRA_low,2012,42966643.0
p85,2039,IRA_low,2013,43169980.0
p85,2040,IRA_low,2007,43682481.0
p85,2040,IRA_low,2008,43757205.0
p85,2040,IRA_low,2009,43724912.0
p85,2040,IRA_low,2010,43783208.0
p85,2040,IRA_low,2011,43703665.0
p85,2040,IRA_low,2012,43555858.0
p85,2040,IRA_low,2013,43770310.0
p85,2041,IRA_low,2007,44292417.0
p85,2041,IRA_low,2008,44368481.0
p85,2041,IRA_low,2009,44334706.0
p85,2041,IRA_low,2010,44397756.0
p85,2041,IRA_low,2011,44315080.0
p85,2041,IRA_low,2012,44161620.0
p85,2041,IRA_low,2013,44382861.0
p85,2042,IRA_low,2007,44902169.0
p85,2042,IRA_low,2008,44979818.0
p85,2042,IRA_low,2009,44944545.0
p85,2042,IRA_low,2010,45012254.0
p85,2042,IRA_low,2011,44926402.0
p85,2042,IRA_low,2012,44767494.0
p85,2042,IRA_low,2013,44995376.0
p85,2043,IRA_low,2007,45511982.0
p85,2043,IRA_low,2008,45591049.0
p85,2043,IRA_low,2009,45554332.0
p85,2043,IRA_low,2010,45626747.0
p85,2043,IRA_low,2011,45537769.0
p85,2043,IRA_low,2012,45373281.0
p85,2043,IRA_low,2013,45607871.0
p85,2044,IRA_low,2007,46121840.0
p85,2044,IRA_low,2008,46202357.0
p85,2044,IRA_low,2009,46164173.0
p85,2044,IRA_low,2010,46241195.0
p85,2044,IRA_low,2011,46149118.0
p85,2044,IRA_low,2012,45979083.0
p85,2044,IRA_low,2013,46220447.0
p85,2045,IRA_low,2007,46731698.0
p85,2045,IRA_low,2008,46813701.0
p85,2045,IRA_low,2009,46773934.0
p85,2045,IRA_low,2010,46855772.0
p85,2045,IRA_low,2011,46760462.0
p85,2045,IRA_low,2012,46584961.0
p85,2045,IRA_low,2013,46832914.0
p85,2046,IRA_low,2007,47205604.0
p85,2046,IRA_low,2008,47287009.0
p85,2046,IRA_low,2009,47246685.0
p85,2046,IRA_low,2010,47331587.0
p85,2046,IRA_low,2011,47235051.0
p85,2046,IRA_low,2012,47057842.0
p85,2046,IRA_low,2013,47306990.0
p85,2047,IRA_low,2007,47679399.0
p85,2047,IRA_low,2008,47760422.0
p85,2047,IRA_low,2009,47719343.0
p85,2047,IRA_low,2010,47807483.0
p85,2047,IRA_low,2011,47709760.0
p85,2047,IRA_low,2012,47530794.0
p85,2047,IRA_low,2013,47781068.0
p85,2048,IRA_low,2007,48153228.0
p85,2048,IRA_low,2008,48233700.0
p85,2048,IRA_low,2009,48192080.0
p85,2048,IRA_low,2010,48283364.0
p85,2048,IRA_low,2011,48184221.0
p85,2048,IRA_low,2012,48003660.0
p85,2048,IRA_low,2013,48255139.0
p85,2049,IRA_low,2007,48627072.0
p85,2049,IRA_low,2008,48707043.0
p85,2049,IRA_low,2009,48664747.0
p85,2049,IRA_low,2010,48759254.0
p85,2049,IRA_low,2011,48658891.0
p85,2049,IRA_low,2012,48476548.0
p85,2049,IRA_low,2013,48729185.0
p85,2050,IRA_low,2007,49100915.0
p85,2050,IRA_low,2008,49180425.0
p85,2050,IRA_low,2009,49137416.0
p85,2050,IRA_low,2010,49235143.0
p85,2050,IRA_low,2011,49133446.0
p85,2050,IRA_low,2012,48949512.0
p85,2050,IRA_low,2013,49203272.0
p86,2020,IRA_low,2007,7866852.86
p86,2020,IRA_low,2008,7866602.82
p86,2020,IRA_low,2009,7866617.53
p86,2020,IRA_low,2010,7866638.54
p86,2020,IRA_low,2011,7866813.99
p86,2020,IRA_low,2012,7866548.19
p86,2020,IRA_low,2013,7866596.51
p86,2021,IRA_low,2007,27005665.0
p86,2021,IRA_low,2008,27005663.0
p86,2021,IRA_low,2009,27005627.0
p86,2021,IRA_low,2010,27005655.0
p86,2021,IRA_low,2011,27005658.0
p86,2021,IRA_low,2012,27005599.0
p86,2021,IRA_low,2013,27005600.0
p86,2022,IRA_low,2007,28021847.0
p86,2022,IRA_low,2008,28021863.0
p86,2022,IRA_low,2009,28021805.0
p86,2022,IRA_low,2010,28021649.0
p86,2022,IRA_low,2011,28021852.0
p86,2022,IRA_low,2012,28021861.0
p86,2022,IRA_low,2013,28021828.0
p86,2023,IRA_low,2007,27498599.0
p86,2023,IRA_low,2008,27498651.0
p86,2023,IRA_low,2009,27498615.0
p86,2023,IRA_low,2010,27498678.0
p86,2023,IRA_low,2011,27498625.0
p86,2023,IRA_low,2012,27498638.0
p86,2023,IRA_low,2013,27498631.0
p86,2024,IRA_low,2007,27171952.0
p86,2024,IRA_low,2008,27171973.0
p86,2024,IRA_low,2009,27171894.0
p86,2024,IRA_low,2010,27171977.0
p86,2024,IRA_low,2011,27171999.0
p86,2024,IRA_low,2012,27171949.0
p86,2024,IRA_low,2013,27171972.0
p86,2025,IRA_low,2007,27206063.0
p86,2025,IRA_low,2008,27206005.0
p86,2025,IRA_low,2009,27206041.0
p86,2025,IRA_low,2010,27207482.0
p86,2025,IRA_low,2011,27206626.0
p86,2025,IRA_low,2012,27205354.0
p86,2025,IRA_low,2013,27206328.0
p86,2026,IRA_low,2007,27238551.0
p86,2026,IRA_low,2008,27238657.0
p86,2026,IRA_low,2009,27238437.0
p86,2026,IRA_low,2010,27240367.0
p86,2026,IRA_low,2011,27239166.0
p86,2026,IRA_low,2012,27237582.0
p86,2026,IRA_low,2013,27238952.0
p86,2027,IRA_low,2007,27271047.0
p86,2027,IRA_low,2008,27271174.0
p86,2027,IRA_low,2009,27270814.0
p86,2027,IRA_low,2010,27273215.0
p86,2027,IRA_low,2011,27271684.0
p86,2027,IRA_low,2012,27269704.0
p86,2027,IRA_low,2013,27271733.0
p86,2028,IRA_low,2007,27303559.0
p86,2028,IRA_low,2008,27303789.0
p86,2028,IRA_low,2009,27303244.0
p86,2028,IRA_low,2010,27306040.0
p86,2028,IRA_low,2011,27304313.0
p86,2028,IRA_low,2012,27301894.0
p86,2028,IRA_low,2013,27304332.0
p86,2029,IRA_low,2007,27335968.0
p86,2029,IRA_low,2008,27336315.0
p86,2029,IRA_low,2009,27335607.0
p86,2029,IRA_low,2010,27338845.0
p86,2029,IRA_low,2011,27336844.0
p86,2029,IRA_low,2012,27334044.0
p86,2029,IRA_low,2013,27336950.0
p86,2030,IRA_low,2007,27368470.0
p86,2030,IRA_low,2008,27368917.0
p86,2030,IRA_low,2009,27368003.0
p86,2030,IRA_low,2010,27371604.0
p86,2030,IRA_low,2011,27369363.0
p86,2030,IRA_low,2012,27366139.0
p86,2030,IRA_low,2013,27369591.0
p86,2031,IRA_low,2007,27415560.0
p86,2031,IRA_low,2008,27416182.0
p86,2031,IRA_low,2009,27415173.0
p86,2031,IRA_low,2010,27419173.0
p86,2031,IRA_low,2011,27416581.0
p86,2031,IRA_low,2012,27413087.0
p86,2031,IRA_low,2013,27417069.0
p86,2032,IRA_low,2007,27463009.0
p86,2032,IRA_low,2008,27463558.0
p86,2032,IRA_low,2009,27462316.0
p86,2032,IRA_low,2010,27466767.0
p86,2032,IRA_low,2011,27463815.0
p86,2032,IRA_low,2012,27460034.0
p86,2032,IRA_low,2013,27464491.0
p86,2033,IRA_low,2007,27510297.0
p86,2033,IRA_low,2008,27510997.0
p86,2033,IRA_low,2009,27509540.0
p86,2033,IRA_low,2010,27514245.0
p86,2033,IRA_low,2011,27511206.0
p86,2033,IRA_low,2012,27507159.0
p86,2033,IRA_low,2013,27512007.0
p86,2034,IRA_low,2007,27557542.0
p86,2034,IRA_low,2008,27558300.0
p86,2034,IRA_low,2009,27556808.0
p86,2034,IRA_low,2010,27561689.0
p86,2034,IRA_low,2011,27558433.0
p86,2034,IRA_low,2012,27554054.0
p86,2034,IRA_low,2013,27559402.0
p86,2035,IRA_low,2007,27604807.0
p86,2035,IRA_low,2008,27605638.0
p86,2035,IRA_low,2009,27603907.0
p86,2035,IRA_low,2010,27609278.0
p86,2035,IRA_low,2011,27605646.0
p86,2035,IRA_low,2012,27601032.0
p86,2035,IRA_low,2013,27606641.0
p86,2036,IRA_low,2007,27659800.0
p86,2036,IRA_low,2008,27660731.0
p86,2036,IRA_low,2009,27658927.0
p86,2036,IRA_low,2010,27664533.0
p86,2036,IRA_low,2011,27660743.0
p86,2036,IRA_low,2012,27655793.0
p86,2036,IRA_low,2013,27661878.0
p86,2037,IRA_low,2007,27714850.0
p86,2037,IRA_low,2008,27715832.0
p86,2037,IRA_low,2009,27714025.0
p86,2037,IRA_low,2010,27719654.0
p86,2037,IRA_low,2011,27715733.0
p86,2037,IRA_low,2012,27710687.0
p86,2037,IRA_low,2013,27717014.0
p86,2038,IRA_low,2007,27769884.0
p86,2038,IRA_low,2008,27770926.0
p86,2038,IRA_low,2009,27768982.0
p86,2038,IRA_low,2010,27774859.0
p86,2038,IRA_low,2011,27770793.0
p86,2038,IRA_low,2012,27765442.0
p86,2038,IRA_low,2013,27772160.0
p86,2039,IRA_low,2007,27824885.0
p86,2039,IRA_low,2008,27825919.0
p86,2039,IRA_low,2009,27823188.0
p86,2039,IRA_low,2010,27830007.0
p86,2039,IRA_low,2011,27825813.0
p86,2039,IRA_low,2012,27820441.0
p86,2039,IRA_low,2013,27827371.0
p86,2040,IRA_low,2007,27879877.0
p86,2040,IRA_low,2008,27881099.0
p86,2040,IRA_low,2009,27878893.0
p86,2040,IRA_low,2010,27885107.0
p86,2040,IRA_low,2011,27880711.0
p86,2040,IRA_low,2012,27875222.0
p86,2040,IRA_low,2013,27882477.0
p86,2041,IRA_low,2007,27939626.0
p86,2041,IRA_low,2008,27940608.0
p86,2041,IRA_low,2009,27938563.0
p86,2041,IRA_low,2010,27945296.0
p86,2041,IRA_low,2011,27940555.0
p86,2041,IRA_low,2012,27934836.0
p86,2041,IRA_low,2013,27942110.0
p86,2042,IRA_low,2007,27999273.0
p86,2042,IRA_low,2008,28000799.0
p86,2042,IRA_low,2009,27998360.0
p86,2042,IRA_low,2010,28005258.0
p86,2042,IRA_low,2011,28000566.0
p86,2042,IRA_low,2012,27994288.0
p86,2042,IRA_low,2013,28001829.0
p86,2043,IRA_low,2007,28059001.0
p86,2043,IRA_low,2008,28060093.0
p86,2043,IRA_low,2009,28058059.0
p86,2043,IRA_low,2010,28065350.0
p86,2043,IRA_low,2011,28060426.0
p86,2043,IRA_low,2012,28054149.0
p86,2043,IRA_low,2013,28061488.0
p86,2044,IRA_low,2007,28118561.0
p86,2044,IRA_low,2008,28119443.0
p86,2044,IRA_low,2009,28117640.0
p86,2044,IRA_low,2010,28125408.0
p86,2044,IRA_low,2011,28120299.0
p86,2044,IRA_low,2012,28113354.0
p86,2044,IRA_low,2013,28121237.0
p86,2045,IRA_low,2007,28178260.0
p86,2045,IRA_low,2008,28179192.0
p86,2045,IRA_low,2009,28177345.0
p86,2045,IRA_low,2010,28185570.0
p86,2045,IRA_low,2011,28180145.0
p86,2045,IRA_low,2012,28172835.0
p86,2045,IRA_low,2013,28180909.0
p86,2046,IRA_low,2007,28228255.0
p86,2046,IRA_low,2008,28228986.0
p86,2046,IRA_low,2009,28227505.0
p86,2046,IRA_low,2010,28235702.0
p86,2046,IRA_low,2011,28230212.0
p86,2046,IRA_low,2012,28222839.0
p86,2046,IRA_low,2013,28230814.0
p86,2047,IRA_low,2007,28278307.0
p86,2047,IRA_low,2008,28278921.0
p86,2047,IRA_low,2009,28277388.0
p86,2047,IRA_low,2010,28285660.0
p86,2047,IRA_low,2011,28280385.0
p86,2047,IRA_low,2012,28272838.0
p86,2047,IRA_low,2013,28280693.0
p86,2048,IRA_low,2007,28328260.0
p86,2048,IRA_low,2008,28328878.0
p86,2048,IRA_low,2009,28327476.0
p86,2048,IRA_low,2010,28335900.0
p86,2048,IRA_low,2011,28330471.0
p86,2048,IRA_low,2012,28322813.0
p86,2048,IRA_low,2013,28330534.0
p86,2049,IRA_low,2007,28378300.0
p86,2049,IRA_low,2008,28378653.0
p86,2049,IRA_low,2009,28377518.0
p86,2049,IRA_low,2010,28386069.0
p86,2049,IRA_low,2011,28380589.0
p86,2049,IRA_low,2012,28372886.0
p86,2049,IRA_low,2013,28380530.0
p86,2050,IRA_low,2007,28428258.0
p86,2050,IRA_low,2008,28428540.0
p86,2050,IRA_low,2009,28427507.0
p86,2050,IRA_low,2010,28436131.0
p86,2050,IRA_low,2011,28430705.0
p86,2050,IRA_low,2012,28422796.0
p86,2050,IRA_low,2013,28430414.0
p87,2020,IRA_low,2007,36507344.89
p87,2020,IRA_low,2008,36506662.68
p87,2020,IRA_low,2009,36505250.54
p87,2020,IRA_low,2010,36505841.04
p87,2020,IRA_low,2011,36506526.99
p87,2020,IRA_low,2012,36506940.62
p87,2020,IRA_low,2013,36505527.54
p87,2021,IRA_low,2007,37971286.0
p87,2021,IRA_low,2008,37971260.0
p87,2021,IRA_low,2009,37971359.0
p87,2021,IRA_low,2010,37971320.0
p87,2021,IRA_low,2011,37971304.0
p87,2021,IRA_low,2012,37971293.0
p87,2021,IRA_low,2013,37971343.0
p87,2022,IRA_low,2007,38530613.0
p87,2022,IRA_low,2008,38530632.0
p87,2022,IRA_low,2009,38530627.0
p87,2022,IRA_low,2010,38530591.0
p87,2022,IRA_low,2011,38530624.0
p87,2022,IRA_low,2012,38530606.0
p87,2022,IRA_low,2013,38530621.0
p87,2023,IRA_low,2007,38282558.0
p87,2023,IRA_low,2008,38282605.0
p87,2023,IRA_low,2009,38282590.0
p87,2023,IRA_low,2010,38282563.0
p87,2023,IRA_low,2011,38282607.0
p87,2023,IRA_low,2012,38282614.0
p87,2023,IRA_low,2013,38282592.0
p87,2024,IRA_low,2007,38045439.0
p87,2024,IRA_low,2008,38045427.0
p87,2024,IRA_low,2009,38045440.0
p87,2024,IRA_low,2010,38045423.0
p87,2024,IRA_low,2011,38045453.0
p87,2024,IRA_low,2012,38045461.0
p87,2024,IRA_low,2013,38045496.0
p87,2025,IRA_low,2007,38277891.0
p87,2025,IRA_low,2008,38279491.0
p87,2025,IRA_low,2009,38278680.0
p87,2025,IRA_low,2010,38286524.0
p87,2025,IRA_low,2011,38280764.0
p87,2025,IRA_low,2012,38273835.0
p87,2025,IRA_low,2013,38280414.0
p87,2026,IRA_low,2007,38635397.0
p87,2026,IRA_low,2008,38639970.0
p87,2026,IRA_low,2009,38638386.0
p87,2026,IRA_low,2010,38649325.0
p87,2026,IRA_low,2011,38639842.0
p87,2026,IRA_low,2012,38629509.0
p87,2026,IRA_low,2013,38641153.0
p87,2027,IRA_low,2007,38993109.0
p87,2027,IRA_low,2008,39000277.0
p87,2027,IRA_low,2009,38998141.0
p87,2027,IRA_low,2010,39012110.0
p87,2027,IRA_low,2011,38998900.0
p87,2027,IRA_low,2012,38985245.0
p87,2027,IRA_low,2013,39002082.0
p87,2028,IRA_low,2007,39350788.0
p87,2028,IRA_low,2008,39360605.0
p87,2028,IRA_low,2009,39357861.0
p87,2028,IRA_low,2010,39374901.0
p87,2028,IRA_low,2011,39357927.0
p87,2028,IRA_low,2012,39341025.0
p87,2028,IRA_low,2013,39362895.0
p87,2029,IRA_low,2007,39708413.0
p87,2029,IRA_low,2008,39720977.0
p87,2029,IRA_low,2009,39717646.0
p87,2029,IRA_low,2010,39737701.0
p87,2029,IRA_low,2011,39717101.0
p87,2029,IRA_low,2012,39696724.0
p87,2029,IRA_low,2013,39723731.0
p87,2030,IRA_low,2007,40066178.0
p87,2030,IRA_low,2008,40081339.0
p87,2030,IRA_low,2009,40077448.0
p87,2030,IRA_low,2010,40100487.0
p87,2030,IRA_low,2011,40076181.0
p87,2030,IRA_low,2012,40052423.0
p87,2030,IRA_low,2013,40084559.0
p87,2031,IRA_low,2007,40635589.0
p87,2031,IRA_low,2008,40652482.0
p87,2031,IRA_low,2009,40648608.0
p87,2031,IRA_low,2010,40675147.0
p87,2031,IRA_low,2011,40646752.0
p87,2031,IRA_low,2012,40619713.0
p87,2031,IRA_low,2013,40656486.0
p87,2032,IRA_low,2007,41205018.0
p87,2032,IRA_low,2008,41223693.0
p87,2032,IRA_low,2009,41219870.0
p87,2032,IRA_low,2010,41249683.0
p87,2032,IRA_low,2011,41217495.0
p87,2032,IRA_low,2012,41186883.0
p87,2032,IRA_low,2013,41228494.0
p87,2033,IRA_low,2007,41774415.0
p87,2033,IRA_low,2008,41794886.0
p87,2033,IRA_low,2009,41791112.0
p87,2033,IRA_low,2010,41824287.0
p87,2033,IRA_low,2011,41788209.0
p87,2033,IRA_low,2012,41754162.0
p87,2033,IRA_low,2013,41800358.0
p87,2034,IRA_low,2007,42343965.0
p87,2034,IRA_low,2008,42366004.0
p87,2034,IRA_low,2009,42362295.0
p87,2034,IRA_low,2010,42398905.0
p87,2034,IRA_low,2011,42358879.0
p87,2034,IRA_low,2012,42321447.0
p87,2034,IRA_low,2013,42372323.0
p87,2035,IRA_low,2007,42913447.0
p87,2035,IRA_low,2008,42937223.0
p87,2035,IRA_low,2009,42933473.0
p87,2035,IRA_low,2010,42973423.0
p87,2035,IRA_low,2011,42929489.0
p87,2035,IRA_low,2012,42888593.0
p87,2035,IRA_low,2013,42944204.0
p87,2036,IRA_low,2007,43598933.0
p87,2036,IRA_low,2008,43623522.0
p87,2036,IRA_low,2009,43620103.0
p87,2036,IRA_low,2010,43662679.0
p87,2036,IRA_low,2011,43615596.0
p87,2036,IRA_low,2012,43571967.0
p87,2036,IRA_low,2013,43631392.0
p87,2037,IRA_low,2007,44284334.0
p87,2037,IRA_low,2008,44309881.0
p87,2037,IRA_low,2009,44306706.0
p87,2037,IRA_low,2010,44351898.0
p87,2037,IRA_low,2011,44301721.0
p87,2037,IRA_low,2012,44255413.0
p87,2037,IRA_low,2013,44318659.0
p87,2038,IRA_low,2007,44969864.0
p87,2038,IRA_low,2008,44996148.0
p87,2038,IRA_low,2009,44993385.0
p87,2038,IRA_low,2010,45041065.0
p87,2038,IRA_low,2011,44987749.0
p87,2038,IRA_low,2012,44938847.0
p87,2038,IRA_low,2013,45005973.0
p87,2039,IRA_low,2007,45655252.0
p87,2039,IRA_low,2008,45682492.0
p87,2039,IRA_low,2009,45680006.0
p87,2039,IRA_low,2010,45730293.0
p87,2039,IRA_low,2011,45673836.0
p87,2039,IRA_low,2012,45622262.0
p87,2039,IRA_low,2013,45693104.0
p87,2040,IRA_low,2007,46340729.0
p87,2040,IRA_low,2008,46368871.0
p87,2040,IRA_low,2009,46366524.0
p87,2040,IRA_low,2010,46419514.0
p87,2040,IRA_low,2011,46359882.0
p87,2040,IRA_low,2012,46305656.0
p87,2040,IRA_low,2013,46380428.0
p87,2041,IRA_low,2007,46977898.0
p87,2041,IRA_low,2008,47005557.0
p87,2041,IRA_low,2009,47003591.0
p87,2041,IRA_low,2010,47058759.0
p87,2041,IRA_low,2011,46997164.0
p87,2041,IRA_low,2012,46941149.0
p87,2041,IRA_low,2013,47017558.0
p87,2042,IRA_low,2007,47614983.0
p87,2042,IRA_low,2008,47642246.0
p87,2042,IRA_low,2009,47640630.0
p87,2042,IRA_low,2010,47697980.0
p87,2042,IRA_low,2011,47634411.0
p87,2042,IRA_low,2012,47576605.0
p87,2042,IRA_low,2013,47654787.0
p87,2043,IRA_low,2007,48252113.0
p87,2043,IRA_low,2008,48278958.0
p87,2043,IRA_low,2009,48277689.0
p87,2043,IRA_low,2010,48337221.0
p87,2043,IRA_low,2011,48271673.0
p87,2043,IRA_low,2012,48212039.0
p87,2043,IRA_low,2013,48292037.0
p87,2044,IRA_low,2007,48889224.0
p87,2044,IRA_low,2008,48915713.0
p87,2044,IRA_low,2009,48914555.0
p87,2044,IRA_low,2010,48976482.0
p87,2044,IRA_low,2011,48908996.0
p87,2044,IRA_low,2012,48847457.0
p87,2044,IRA_low,2013,48929170.0
p87,2045,IRA_low,2007,49526319.0
p87,2045,IRA_low,2008,49552338.0
p87,2045,IRA_low,2009,49551630.0
p87,2045,IRA_low,2010,49615666.0
p87,2045,IRA_low,2011,49546265.0
p87,2045,IRA_low,2012,49482964.0
p87,2045,IRA_low,2013,49566394.0
p87,2046,IRA_low,2007,50013556.0
p87,2046,IRA_low,2008,50038337.0
p87,2046,IRA_low,2009,50037711.0
p87,2046,IRA_low,2010,50103314.0
p87,2046,IRA_low,2011,50033092.0
p87,2046,IRA_low,2012,49969033.0
p87,2046,IRA_low,2013,50052579.0
p87,2047,IRA_low,2007,50500814.0
p87,2047,IRA_low,2008,50524283.0
p87,2047,IRA_low,2009,50523605.0
p87,2047,IRA_low,2010,50590984.0
p87,2047,IRA_low,2011,50519736.0
p87,2047,IRA_low,2012,50455181.0
p87,2047,IRA_low,2013,50538648.0
p87,2048,IRA_low,2007,50988085.0
p87,2048,IRA_low,2008,51010258.0
p87,2048,IRA_low,2009,51009713.0
p87,2048,IRA_low,2010,51078619.0
p87,2048,IRA_low,2011,51006498.0
p87,2048,IRA_low,2012,50941428.0
p87,2048,IRA_low,2013,51024767.0
p87,2049,IRA_low,2007,51475282.0
p87,2049,IRA_low,2008,51496143.0
p87,2049,IRA_low,2009,51495671.0
p87,2049,IRA_low,2010,51566217.0
p87,2049,IRA_low,2011,51493214.0
p87,2049,IRA_low,2012,51427644.0
p87,2049,IRA_low,2013,51510776.0
p87,2050,IRA_low,2007,51962518.0
p87,2050,IRA_low,2008,51982021.0
p87,2050,IRA_low,2009,51981743.0
p87,2050,IRA_low,2010,52053806.0
p87,2050,IRA_low,2011,51979986.0
p87,2050,IRA_low,2012,51913767.0
p87,2050,IRA_low,2013,51996997.0
p88,2020,IRA_low,2007,10278242.33
p88,2020,IRA_low,2008,10278390.19
p88,2020,IRA_low,2009,10277369.22
p88,2020,IRA_low,2010,10277741.68
p88,2020,IRA_low,2011,10278053.3
p88,2020,IRA_low,2012,10278195.54
p88,2020,IRA_low,2013,10277384.2
p88,2021,IRA_low,2007,11871747.0
p88,2021,IRA_low,2008,11871739.0
p88,2021,IRA_low,2009,11871706.0
p88,2021,IRA_low,2010,11871770.0
p88,2021,IRA_low,2011,11871713.0
p88,2021,IRA_low,2012,11871725.0
p88,2021,IRA_low,2013,11871702.0
p88,2022,IRA_low,2007,12046630.0
p88,2022,IRA_low,2008,12046621.0
p88,2022,IRA_low,2009,12046652.0
p88,2022,IRA_low,2010,12046565.0
p88,2022,IRA_low,2011,12046699.0
p88,2022,IRA_low,2012,12046608.0
p88,2022,IRA_low,2013,12046604.0
p88,2023,IRA_low,2007,11969030.0
p88,2023,IRA_low,2008,11969059.0
p88,2023,IRA_low,2009,11969050.0
p88,2023,IRA_low,2010,11969051.0
p88,2023,IRA_low,2011,11969020.0
p88,2023,IRA_low,2012,11969047.0
p88,2023,IRA_low,2013,11969050.0
p88,2024,IRA_low,2007,11894908.0
p88,2024,IRA_low,2008,11894938.0
p88,2024,IRA_low,2009,11894938.0
p88,2024,IRA_low,2010,11894930.0
p88,2024,IRA_low,2011,11894936.0
p88,2024,IRA_low,2012,11894702.0
p88,2024,IRA_low,2013,11894915.0
p88,2025,IRA_low,2007,11984491.0
p88,2025,IRA_low,2008,11985243.0
p88,2025,IRA_low,2009,11984834.0
p88,2025,IRA_low,2010,11987789.0
p88,2025,IRA_low,2011,11985613.0
p88,2025,IRA_low,2012,11982947.0
p88,2025,IRA_low,2013,11985509.0
p88,2026,IRA_low,2007,12122318.0
p88,2026,IRA_low,2008,12124029.0
p88,2026,IRA_low,2009,12123498.0
p88,2026,IRA_low,2010,12127752.0
p88,2026,IRA_low,2011,12124065.0
p88,2026,IRA_low,2012,12120025.0
p88,2026,IRA_low,2013,12124611.0
p88,2027,IRA_low,2007,12260180.0
p88,2027,IRA_low,2008,12263000.0
p88,2027,IRA_low,2009,12262049.0
p88,2027,IRA_low,2010,12267528.0
p88,2027,IRA_low,2011,12262285.0
p88,2027,IRA_low,2012,12257096.0
p88,2027,IRA_low,2013,12263686.0
p88,2028,IRA_low,2007,12398069.0
p88,2028,IRA_low,2008,12401876.0
p88,2028,IRA_low,2009,12400817.0
p88,2028,IRA_low,2010,12407395.0
p88,2028,IRA_low,2011,12400878.0
p88,2028,IRA_low,2012,12394316.0
p88,2028,IRA_low,2013,12402752.0
p88,2029,IRA_low,2007,12535974.0
p88,2029,IRA_low,2008,12540757.0
p88,2029,IRA_low,2009,12539477.0
p88,2029,IRA_low,2010,12547318.0
p88,2029,IRA_low,2011,12539226.0
p88,2029,IRA_low,2012,12531352.0
p88,2029,IRA_low,2013,12541821.0
p88,2030,IRA_low,2007,12673850.0
p88,2030,IRA_low,2008,12679666.0
p88,2030,IRA_low,2009,12678197.0
p88,2030,IRA_low,2010,12687023.0
p88,2030,IRA_low,2011,12677652.0
p88,2030,IRA_low,2012,12668489.0
p88,2030,IRA_low,2013,12681000.0
p88,2031,IRA_low,2007,12893258.0
p88,2031,IRA_low,2008,12900009.0
p88,2031,IRA_low,2009,12898348.0
p88,2031,IRA_low,2010,12908532.0
p88,2031,IRA_low,2011,12897607.0
p88,2031,IRA_low,2012,12887127.0
p88,2031,IRA_low,2013,12901414.0
p88,2032,IRA_low,2007,13112917.0
p88,2032,IRA_low,2008,13120092.0
p88,2032,IRA_low,2009,13118582.0
p88,2032,IRA_low,2010,13129907.0
p88,2032,IRA_low,2011,13117540.0
p88,2032,IRA_low,2012,13105803.0
p88,2032,IRA_low,2013,13121743.0
p88,2033,IRA_low,2007,13332349.0
p88,2033,IRA_low,2008,13340157.0
p88,2033,IRA_low,2009,13338706.0
p88,2033,IRA_low,2010,13351480.0
p88,2033,IRA_low,2011,13337664.0
p88,2033,IRA_low,2012,13324360.0
p88,2033,IRA_low,2013,13342283.0
p88,2034,IRA_low,2007,13551801.0
p88,2034,IRA_low,2008,13560413.0
p88,2034,IRA_low,2009,13558836.0
p88,2034,IRA_low,2010,13573031.0
p88,2034,IRA_low,2011,13557575.0
p88,2034,IRA_low,2012,13543090.0
p88,2034,IRA_low,2013,13562714.0
p88,2035,IRA_low,2007,13771377.0
p88,2035,IRA_low,2008,13780480.0
p88,2035,IRA_low,2009,13779014.0
p88,2035,IRA_low,2010,13794442.0
p88,2035,IRA_low,2011,13777514.0
p88,2035,IRA_low,2012,13761714.0
p88,2035,IRA_low,2013,13783140.0
p88,2036,IRA_low,2007,14035578.0
p88,2036,IRA_low,2008,14045064.0
p88,2036,IRA_low,2009,14043733.0
p88,2036,IRA_low,2010,14060213.0
p88,2036,IRA_low,2011,14042015.0
p88,2036,IRA_low,2012,14025132.0
p88,2036,IRA_low,2013,14047936.0
p88,2037,IRA_low,2007,14299788.0
p88,2037,IRA_low,2008,14309701.0
p88,2037,IRA_low,2009,14308454.0
p88,2037,IRA_low,2010,14325775.0
p88,2037,IRA_low,2011,14306396.0
p88,2037,IRA_low,2012,14288569.0
p88,2037,IRA_low,2013,14312973.0
p88,2038,IRA_low,2007,14563950.0
p88,2038,IRA_low,2008,14574138.0
p88,2038,IRA_low,2009,14573072.0
p88,2038,IRA_low,2010,14591477.0
p88,2038,IRA_low,2011,14570802.0
p88,2038,IRA_low,2012,14552038.0
p88,2038,IRA_low,2013,14577822.0
p88,2039,IRA_low,2007,14828115.0
p88,2039,IRA_low,2008,14838717.0
p88,2039,IRA_low,2009,14837757.0
p88,2039,IRA_low,2010,14857062.0
p88,2039,IRA_low,2011,14835284.0
p88,2039,IRA_low,2012,14815375.0
p88,2039,IRA_low,2013,14842817.0
p88,2040,IRA_low,2007,15092384.0
p88,2040,IRA_low,2008,15103184.0
p88,2040,IRA_low,2009,15102291.0
p88,2040,IRA_low,2010,15122712.0
p88,2040,IRA_low,2011,15099714.0
p88,2040,IRA_low,2012,15078796.0
p88,2040,IRA_low,2013,15107684.0
p88,2041,IRA_low,2007,15337942.0
p88,2041,IRA_low,2008,15348610.0
p88,2041,IRA_low,2009,15347891.0
p88,2041,IRA_low,2010,15369125.0
p88,2041,IRA_low,2011,15345406.0
p88,2041,IRA_low,2012,15323765.0
p88,2041,IRA_low,2013,15353260.0
p88,2042,IRA_low,2007,15583522.0
p88,2042,IRA_low,2008,15594023.0
p88,2042,IRA_low,2009,15593472.0
p88,2042,IRA_low,2010,15615568.0
p88,2042,IRA_low,2011,15591011.0
p88,2042,IRA_low,2012,15568752.0
p88,2042,IRA_low,2013,15598893.0
p88,2043,IRA_low,2007,15829092.0
p88,2043,IRA_low,2008,15839537.0
p88,2043,IRA_low,2009,15839010.0
p88,2043,IRA_low,2010,15861941.0
p88,2043,IRA_low,2011,15836649.0
p88,2043,IRA_low,2012,15813634.0
p88,2043,IRA_low,2013,15844540.0
p88,2044,IRA_low,2007,16074685.0
p88,2044,IRA_low,2008,16084875.0
p88,2044,IRA_low,2009,16084463.0
p88,2044,IRA_low,2010,16108324.0
p88,2044,IRA_low,2011,16082250.0
p88,2044,IRA_low,2012,16058572.0
p88,2044,IRA_low,2013,16090110.0
p88,2045,IRA_low,2007,16320281.0
p88,2045,IRA_low,2008,16330290.0
p88,2045,IRA_low,2009,16330066.0
p88,2045,IRA_low,2010,16354653.0
p88,2045,IRA_low,2011,16327874.0
p88,2045,IRA_low,2012,16303494.0
p88,2045,IRA_low,2013,16335740.0
p88,2046,IRA_low,2007,16508074.0
p88,2046,IRA_low,2008,16517638.0
p88,2046,IRA_low,2009,16517349.0
p88,2046,IRA_low,2010,16542677.0
p88,2046,IRA_low,2011,16515614.0
p88,2046,IRA_low,2012,16490901.0
p88,2046,IRA_low,2013,16523118.0
p88,2047,IRA_low,2007,16695866.0
p88,2047,IRA_low,2008,16704900.0
p88,2047,IRA_low,2009,16704767.0
p88,2047,IRA_low,2010,16730635.0
p88,2047,IRA_low,2011,16703193.0
p88,2047,IRA_low,2012,16678290.0
p88,2047,IRA_low,2013,16710475.0
p88,2048,IRA_low,2007,16883702.0
p88,2048,IRA_low,2008,16892290.0
p88,2048,IRA_low,2009,16892075.0
p88,2048,IRA_low,2010,16918649.0
p88,2048,IRA_low,2011,16890750.0
p88,2048,IRA_low,2012,16865738.0
p88,2048,IRA_low,2013,16897851.0
p88,2049,IRA_low,2007,17071474.0
p88,2049,IRA_low,2008,17079556.0
p88,2049,IRA_low,2009,17079467.0
p88,2049,IRA_low,2010,17106570.0
p88,2049,IRA_low,2011,17078446.0
p88,2049,IRA_low,2012,17053072.0
p88,2049,IRA_low,2013,17085172.0
p88,2050,IRA_low,2007,17259369.0
p88,2050,IRA_low,2008,17266862.0
p88,2050,IRA_low,2009,17266748.0
p88,2050,IRA_low,2010,17294604.0
p88,2050,IRA_low,2011,17265957.0
p88,2050,IRA_low,2012,17240440.0
p88,2050,IRA_low,2013,17272628.0
p89,2020,IRA_low,2007,41318304.98
p89,2020,IRA_low,2008,41317939.62
p89,2020,IRA_low,2009,41315214.09
p89,2020,IRA_low,2010,41316176.15
p89,2020,IRA_low,2011,41317549.47
p89,2020,IRA_low,2012,41317638.51
p89,2020,IRA_low,2013,41315223.27
p89,2021,IRA_low,2007,47437742.0
p89,2021,IRA_low,2008,47437779.0
p89,2021,IRA_low,2009,47437778.0
p89,2021,IRA_low,2010,47437770.0
p89,2021,IRA_low,2011,47437793.0
p89,2021,IRA_low,2012,47437764.0
p89,2021,IRA_low,2013,47437779.0
p89,2022,IRA_low,2007,47958610.0
p89,2022,IRA_low,2008,47958614.0
p89,2022,IRA_low,2009,47958616.0
p89,2022,IRA_low,2010,47958605.0
p89,2022,IRA_low,2011,47958599.0
p89,2022,IRA_low,2012,47958628.0
p89,2022,IRA_low,2013,47958644.0
p89,2023,IRA_low,2007,47148797.0
p89,2023,IRA_low,2008,47148825.0
p89,2023,IRA_low,2009,47148802.0
p89,2023,IRA_low,2010,47148792.0
p89,2023,IRA_low,2011,47148826.0
p89,2023,IRA_low,2012,47148795.0
p89,2023,IRA_low,2013,47148837.0
p89,2024,IRA_low,2007,48087800.0
p89,2024,IRA_low,2008,48087770.0
p89,2024,IRA_low,2009,48087763.0
p89,2024,IRA_low,2010,48087781.0
p89,2024,IRA_low,2011,48087789.0
p89,2024,IRA_low,2012,48087755.0
p89,2024,IRA_low,2013,48087799.0
p89,2025,IRA_low,2007,48427096.0
p89,2025,IRA_low,2008,48427395.0
p89,2025,IRA_low,2009,48426425.0
p89,2025,IRA_low,2010,48434057.0
p89,2025,IRA_low,2011,48428022.0
p89,2025,IRA_low,2012,48423009.0
p89,2025,IRA_low,2013,48426413.0
p89,2026,IRA_low,2007,48954319.0
p89,2026,IRA_low,2008,48956880.0
p89,2026,IRA_low,2009,48955882.0
p89,2026,IRA_low,2010,48967259.0
p89,2026,IRA_low,2011,48956542.0
p89,2026,IRA_low,2012,48947913.0
p89,2026,IRA_low,2013,48955683.0
p89,2027,IRA_low,2007,49481556.0
p89,2027,IRA_low,2008,49486544.0
p89,2027,IRA_low,2009,49485334.0
p89,2027,IRA_low,2010,49500356.0
p89,2027,IRA_low,2011,49485031.0
p89,2027,IRA_low,2012,49472777.0
p89,2027,IRA_low,2013,49484944.0
p89,2028,IRA_low,2007,50008738.0
p89,2028,IRA_low,2008,50016090.0
p89,2028,IRA_low,2009,50014713.0
p89,2028,IRA_low,2010,50033599.0
p89,2028,IRA_low,2011,50013644.0
p89,2028,IRA_low,2012,49997611.0
p89,2028,IRA_low,2013,50014185.0
p89,2029,IRA_low,2007,50535943.0
p89,2029,IRA_low,2008,50545624.0
p89,2029,IRA_low,2009,50544228.0
p89,2029,IRA_low,2010,50566689.0
p89,2029,IRA_low,2011,50542195.0
p89,2029,IRA_low,2012,50522556.0
p89,2029,IRA_low,2013,50543495.0
p89,2030,IRA_low,2007,51063175.0
p89,2030,IRA_low,2008,51075238.0
p89,2030,IRA_low,2009,51073675.0
p89,2030,IRA_low,2010,51099931.0
p89,2030,IRA_low,2011,51070744.0
p89,2030,IRA_low,2012,51047566.0
p89,2030,IRA_low,2013,51072823.0
p89,2031,IRA_low,2007,51826720.0
p89,2031,IRA_low,2008,51839807.0
p89,2031,IRA_low,2009,51838156.0
p89,2031,IRA_low,2010,51870340.0
p89,2031,IRA_low,2011,51835019.0
p89,2031,IRA_low,2012,51807074.0
p89,2031,IRA_low,2013,51836906.0
p89,2032,IRA_low,2007,52590361.0
p89,2032,IRA_low,2008,52604305.0
p89,2032,IRA_low,2009,52602677.0
p89,2032,IRA_low,2010,52640898.0
p89,2032,IRA_low,2011,52599130.0
p89,2032,IRA_low,2012,52566585.0
p89,2032,IRA_low,2013,52601064.0
p89,2033,IRA_low,2007,53354018.0
p89,2033,IRA_low,2008,53368892.0
p89,2033,IRA_low,2009,53367097.0
p89,2033,IRA_low,2010,53411413.0
p89,2033,IRA_low,2011,53363429.0
p89,2033,IRA_low,2012,53326028.0
p89,2033,IRA_low,2013,53365254.0
p89,2034,IRA_low,2007,54117554.0
p89,2034,IRA_low,2008,54133395.0
p89,2034,IRA_low,2009,54131568.0
p89,2034,IRA_low,2010,54181929.0
p89,2034,IRA_low,2011,54127646.0
p89,2034,IRA_low,2012,54085586.0
p89,2034,IRA_low,2013,54129348.0
p89,2035,IRA_low,2007,54881276.0
p89,2035,IRA_low,2008,54897889.0
p89,2035,IRA_low,2009,54896077.0
p89,2035,IRA_low,2010,54952526.0
p89,2035,IRA_low,2011,54891876.0
p89,2035,IRA_low,2012,54845054.0
p89,2035,IRA_low,2013,54893548.0
p89,2036,IRA_low,2007,55758315.0
p89,2036,IRA_low,2008,55775288.0
p89,2036,IRA_low,2009,55773267.0
p89,2036,IRA_low,2010,55835145.0
p89,2036,IRA_low,2011,55769152.0
p89,2036,IRA_low,2012,55718200.0
p89,2036,IRA_low,2013,55770479.0
p89,2037,IRA_low,2007,56635288.0
p89,2037,IRA_low,2008,56652429.0
p89,2037,IRA_low,2009,56650439.0
p89,2037,IRA_low,2010,56717847.0
p89,2037,IRA_low,2011,56646255.0
p89,2037,IRA_low,2012,56591350.0
p89,2037,IRA_low,2013,56647516.0
p89,2038,IRA_low,2007,57512305.0
p89,2038,IRA_low,2008,57529666.0
p89,2038,IRA_low,2009,57527584.0
p89,2038,IRA_low,2010,57600578.0
p89,2038,IRA_low,2011,57523449.0
p89,2038,IRA_low,2012,57464361.0
p89,2038,IRA_low,2013,57524526.0
p89,2039,IRA_low,2007,58389277.0
p89,2039,IRA_low,2008,58406904.0
p89,2039,IRA_low,2009,58404872.0
p89,2039,IRA_low,2010,58483163.0
p89,2039,IRA_low,2011,58400621.0
p89,2039,IRA_low,2012,58337433.0
p89,2039,IRA_low,2013,58401520.0
p89,2040,IRA_low,2007,59266340.0
p89,2040,IRA_low,2008,59284144.0
p89,2040,IRA_low,2009,59282050.0
p89,2040,IRA_low,2010,59365840.0
p89,2040,IRA_low,2011,59277914.0
p89,2040,IRA_low,2012,59210522.0
p89,2040,IRA_low,2013,59278536.0
p89,2041,IRA_low,2007,60091832.0
p89,2041,IRA_low,2008,60108909.0
p89,2041,IRA_low,2009,60106856.0
p89,2041,IRA_low,2010,60195208.0
p89,2041,IRA_low,2011,60103081.0
p89,2041,IRA_low,2012,60032540.0
p89,2041,IRA_low,2013,60103098.0
p89,2042,IRA_low,2007,60917309.0
p89,2042,IRA_low,2008,60933626.0
p89,2042,IRA_low,2009,60931546.0
p89,2042,IRA_low,2010,61024550.0
p89,2042,IRA_low,2011,60928400.0
p89,2042,IRA_low,2012,60854599.0
p89,2042,IRA_low,2013,60927552.0
p89,2043,IRA_low,2007,61742841.0
p89,2043,IRA_low,2008,61758332.0
p89,2043,IRA_low,2009,61756363.0
p89,2043,IRA_low,2010,61853947.0
p89,2043,IRA_low,2011,61753569.0
p89,2043,IRA_low,2012,61676589.0
p89,2043,IRA_low,2013,61752005.0
p89,2044,IRA_low,2007,62568342.0
p89,2044,IRA_low,2008,62583029.0
p89,2044,IRA_low,2009,62581190.0
p89,2044,IRA_low,2010,62683381.0
p89,2044,IRA_low,2011,62578812.0
p89,2044,IRA_low,2012,62498619.0
p89,2044,IRA_low,2013,62576553.0
p89,2045,IRA_low,2007,63394014.0
p89,2045,IRA_low,2008,63407742.0
p89,2045,IRA_low,2009,63405844.0
p89,2045,IRA_low,2010,63512770.0
p89,2045,IRA_low,2011,63404009.0
p89,2045,IRA_low,2012,63320618.0
p89,2045,IRA_low,2013,63401010.0
p89,2046,IRA_low,2007,64058658.0
p89,2046,IRA_low,2008,64071110.0
p89,2046,IRA_low,2009,64069117.0
p89,2046,IRA_low,2010,64179442.0
p89,2046,IRA_low,2011,64068093.0
p89,2046,IRA_low,2012,63982738.0
p89,2046,IRA_low,2013,64063997.0
p89,2047,IRA_low,2007,64723253.0
p89,2047,IRA_low,2008,64734567.0
p89,2047,IRA_low,2009,64732327.0
p89,2047,IRA_low,2010,64846179.0
p89,2047,IRA_low,2011,64732040.0
p89,2047,IRA_low,2012,64644909.0
p89,2047,IRA_low,2013,64727002.0
p89,2048,IRA_low,2007,65387893.0
p89,2048,IRA_low,2008,65397899.0
p89,2048,IRA_low,2009,65395558.0
p89,2048,IRA_low,2010,65512868.0
p89,2048,IRA_low,2011,65396104.0
p89,2048,IRA_low,2012,65307096.0
p89,2048,IRA_low,2013,65389765.0
p89,2049,IRA_low,2007,66052679.0
p89,2049,IRA_low,2008,66061300.0
p89,2049,IRA_low,2009,66058804.0
p89,2049,IRA_low,2010,66179568.0
p89,2049,IRA_low,2011,66060171.0
p89,2049,IRA_low,2012,65969248.0
p89,2049,IRA_low,2013,66052985.0
p89,2050,IRA_low,2007,66717375.0
p89,2050,IRA_low,2008,66724645.0
p89,2050,IRA_low,2009,66722012.0
p89,2050,IRA_low,2010,66846195.0
p89,2050,IRA_low,2011,66724228.0
p89,2050,IRA_low,2012,66631441.0
p89,2050,IRA_low,2013,66715953.0
p9,2020,IRA_low,2007,114856327.42
p9,2020,IRA_low,2008,114854083.88
p9,2020,IRA_low,2009,114855606.51
p9,2020,IRA_low,2010,114857977.45
p9,2020,IRA_low,2011,114854104.6
p9,2020,IRA_low,2012,114856326.39
p9,2020,IRA_low,2013,114854113.92
p9,2021,IRA_low,2007,120720499.0
p9,2021,IRA_low,2008,120720468.0
p9,2021,IRA_low,2009,120720496.0
p9,2021,IRA_low,2010,120720454.0
p9,2021,IRA_low,2011,120720511.0
p9,2021,IRA_low,2012,120720463.0
p9,2021,IRA_low,2013,120720469.0
p9,2022,IRA_low,2007,124316616.0
p9,2022,IRA_low,2008,124316642.0
p9,2022,IRA_low,2009,124316666.0
p9,2022,IRA_low,2010,124316644.0
p9,2022,IRA_low,2011,124316632.0
p9,2022,IRA_low,2012,124316675.0
p9,2022,IRA_low,2013,124316662.0
p9,2023,IRA_low,2007,120261153.0
p9,2023,IRA_low,2008,120261189.0
p9,2023,IRA_low,2009,120261189.0
p9,2023,IRA_low,2010,120261203.0
p9,2023,IRA_low,2011,120261198.0
p9,2023,IRA_low,2012,120261126.0
p9,2023,IRA_low,2013,120261150.0
p9,2024,IRA_low,2007,123419631.0
p9,2024,IRA_low,2008,123419626.0
p9,2024,IRA_low,2009,123419572.0
p9,2024,IRA_low,2010,123419604.0
p9,2024,IRA_low,2011,123419735.0
p9,2024,IRA_low,2012,123419635.0
p9,2024,IRA_low,2013,123419654.0
p9,2025,IRA_low,2007,125199609.0
p9,2025,IRA_low,2008,125209433.0
p9,2025,IRA_low,2009,125202175.0
p9,2025,IRA_low,2010,125191351.0
p9,2025,IRA_low,2011,125210039.0
p9,2025,IRA_low,2012,125195421.0
p9,2025,IRA_low,2013,125203595.0
p9,2026,IRA_low,2007,128316474.0
p9,2026,IRA_low,2008,128333002.0
p9,2026,IRA_low,2009,128319982.0
p9,2026,IRA_low,2010,128299713.0
p9,2026,IRA_low,2011,128353437.0
p9,2026,IRA_low,2012,128299605.0
p9,2026,IRA_low,2013,128323303.0
p9,2027,IRA_low,2007,131433286.0
p9,2027,IRA_low,2008,131456536.0
p9,2027,IRA_low,2009,131437671.0
p9,2027,IRA_low,2010,131408005.0
p9,2027,IRA_low,2011,131496754.0
p9,2027,IRA_low,2012,131403658.0
p9,2027,IRA_low,2013,131442904.0
p9,2028,IRA_low,2007,134550036.0
p9,2028,IRA_low,2008,134580028.0
p9,2028,IRA_low,2009,134555369.0
p9,2028,IRA_low,2010,134516257.0
p9,2028,IRA_low,2011,134640258.0
p9,2028,IRA_low,2012,134507656.0
p9,2028,IRA_low,2013,134562597.0
p9,2029,IRA_low,2007,137666872.0
p9,2029,IRA_low,2008,137703562.0
p9,2029,IRA_low,2009,137673002.0
p9,2029,IRA_low,2010,137624654.0
p9,2029,IRA_low,2011,137783606.0
p9,2029,IRA_low,2012,137611858.0
p9,2029,IRA_low,2013,137682296.0
p9,2030,IRA_low,2007,140783761.0
p9,2030,IRA_low,2008,140827122.0
p9,2030,IRA_low,2009,140790714.0
p9,2030,IRA_low,2010,140733000.0
p9,2030,IRA_low,2011,140926960.0
p9,2030,IRA_low,2012,140716011.0
p9,2030,IRA_low,2013,140801843.0
p9,2031,IRA_low,2007,144592443.0
p9,2031,IRA_low,2008,144641450.0
p9,2031,IRA_low,2009,144599392.0
p9,2031,IRA_low,2010,144532206.0
p9,2031,IRA_low,2011,144758924.0
p9,2031,IRA_low,2012,144511801.0
p9,2031,IRA_low,2013,144611783.0
p9,2032,IRA_low,2007,148401177.0
p9,2032,IRA_low,2008,148455795.0
p9,2032,IRA_low,2009,148408170.0
p9,2032,IRA_low,2010,148331437.0
p9,2032,IRA_low,2011,148590867.0
p9,2032,IRA_low,2012,148307598.0
p9,2032,IRA_low,2013,148421801.0
p9,2033,IRA_low,2007,152209900.0
p9,2033,IRA_low,2008,152270025.0
p9,2033,IRA_low,2009,152216872.0
p9,2033,IRA_low,2010,152130698.0
p9,2033,IRA_low,2011,152422833.0
p9,2033,IRA_low,2012,152103445.0
p9,2033,IRA_low,2013,152231713.0
p9,2034,IRA_low,2007,156018648.0
p9,2034,IRA_low,2008,156084382.0
p9,2034,IRA_low,2009,156025624.0
p9,2034,IRA_low,2010,155929861.0
p9,2034,IRA_low,2011,156254743.0
p9,2034,IRA_low,2012,155899391.0
p9,2034,IRA_low,2013,156041552.0
p9,2035,IRA_low,2007,159827427.0
p9,2035,IRA_low,2008,159898743.0
p9,2035,IRA_low,2009,159834329.0
p9,2035,IRA_low,2010,159729137.0
p9,2035,IRA_low,2011,160086756.0
p9,2035,IRA_low,2012,159695272.0
p9,2035,IRA_low,2013,159851500.0
p9,2036,IRA_low,2007,163406725.0
p9,2036,IRA_low,2008,163482665.0
p9,2036,IRA_low,2009,163413904.0
p9,2036,IRA_low,2010,163303305.0
p9,2036,IRA_low,2011,163683842.0
p9,2036,IRA_low,2012,163263576.0
p9,2036,IRA_low,2013,163430438.0
p9,2037,IRA_low,2007,166986069.0
p9,2037,IRA_low,2008,167066572.0
p9,2037,IRA_low,2009,166993355.0
p9,2037,IRA_low,2010,166877417.0
p9,2037,IRA_low,2011,167280802.0
p9,2037,IRA_low,2012,166832133.0
p9,2037,IRA_low,2013,167009435.0
p9,2038,IRA_low,2007,170565378.0
p9,2038,IRA_low,2008,170650546.0
p9,2038,IRA_low,2009,170572778.0
p9,2038,IRA_low,2010,170451492.0
p9,2038,IRA_low,2011,170877900.0
p9,2038,IRA_low,2012,170400439.0
p9,2038,IRA_low,2013,170588418.0
p9,2039,IRA_low,2007,174144809.0
p9,2039,IRA_low,2008,174234490.0
p9,2039,IRA_low,2009,174152339.0
p9,2039,IRA_low,2010,174025613.0
p9,2039,IRA_low,2011,174474860.0
p9,2039,IRA_low,2012,173968774.0
p9,2039,IRA_low,2013,174167390.0
p9,2040,IRA_low,2007,177724071.0
p9,2040,IRA_low,2008,177818418.0
p9,2040,IRA_low,2009,177731880.0
p9,2040,IRA_low,2010,177599610.0
p9,2040,IRA_low,2011,178071808.0
p9,2040,IRA_low,2012,177537164.0
p9,2040,IRA_low,2013,177746412.0
p9,2041,IRA_low,2007,180585480.0
p9,2041,IRA_low,2008,180683505.0
p9,2041,IRA_low,2009,180594069.0
p9,2041,IRA_low,2010,180458540.0
p9,2041,IRA_low,2011,180940602.0
p9,2041,IRA_low,2012,180393127.0
p9,2041,IRA_low,2013,180607307.0
p9,2042,IRA_low,2007,183446845.0
p9,2042,IRA_low,2008,183548554.0
p9,2042,IRA_low,2009,183456244.0
p9,2042,IRA_low,2010,183317392.0
p9,2042,IRA_low,2011,183809415.0
p9,2042,IRA_low,2012,183249081.0
p9,2042,IRA_low,2013,183468299.0
p9,2043,IRA_low,2007,186308310.0
p9,2043,IRA_low,2008,186413639.0
p9,2043,IRA_low,2009,186318243.0
p9,2043,IRA_low,2010,186176183.0
p9,2043,IRA_low,2011,186678216.0
p9,2043,IRA_low,2012,186105011.0
p9,2043,IRA_low,2013,186329191.0
p9,2044,IRA_low,2007,189169639.0
p9,2044,IRA_low,2008,189278740.0
p9,2044,IRA_low,2009,189180497.0
p9,2044,IRA_low,2010,189035063.0
p9,2044,IRA_low,2011,189546888.0
p9,2044,IRA_low,2012,188960860.0
p9,2044,IRA_low,2013,189190121.0
p9,2045,IRA_low,2007,192031124.0
p9,2045,IRA_low,2008,192143655.0
p9,2045,IRA_low,2009,192042549.0
p9,2045,IRA_low,2010,191893782.0
p9,2045,IRA_low,2011,192415684.0
p9,2045,IRA_low,2012,191816857.0
p9,2045,IRA_low,2013,192051128.0
p9,2046,IRA_low,2007,194066277.0
p9,2046,IRA_low,2008,194182935.0
p9,2046,IRA_low,2009,194079242.0
p9,2046,IRA_low,2010,193925953.0
p9,2046,IRA_low,2011,194449826.0
p9,2046,IRA_low,2012,193851684.0
p9,2046,IRA_low,2013,194087553.0
p9,2047,IRA_low,2007,196101476.0
p9,2047,IRA_low,2008,196222063.0
p9,2047,IRA_low,2009,196115816.0
p9,2047,IRA_low,2010,195957848.0
p9,2047,IRA_low,2011,196484136.0
p9,2047,IRA_low,2012,195886552.0
p9,2047,IRA_low,2013,196124096.0
p9,2048,IRA_low,2007,198136650.0
p9,2048,IRA_low,2008,198261224.0
p9,2048,IRA_low,2009,198152454.0
p9,2048,IRA_low,2010,197989765.0
p9,2048,IRA_low,2011,198518432.0
p9,2048,IRA_low,2012,197921383.0
p9,2048,IRA_low,2013,198160578.0
p9,2049,IRA_low,2007,200171803.0
p9,2049,IRA_low,2008,200300449.0
p9,2049,IRA_low,2009,200189109.0
p9,2049,IRA_low,2010,200021706.0
p9,2049,IRA_low,2011,200552680.0
p9,2049,IRA_low,2012,199956219.0
p9,2049,IRA_low,2013,200197133.0
p9,2050,IRA_low,2007,202206935.0
p9,2050,IRA_low,2008,202339679.0
p9,2050,IRA_low,2009,202225641.0
p9,2050,IRA_low,2010,202053736.0
p9,2050,IRA_low,2011,202586983.0
p9,2050,IRA_low,2012,201991063.0
p9,2050,IRA_low,2013,202233599.0
p90,2020,IRA_low,2007,41811265.25
p90,2020,IRA_low,2008,41810457.42
p90,2020,IRA_low,2009,41808101.84
p90,2020,IRA_low,2010,41809066.66
p90,2020,IRA_low,2011,41810399.58
p90,2020,IRA_low,2012,41810356.44
p90,2020,IRA_low,2013,41808159.68
p90,2021,IRA_low,2007,43509649.0
p90,2021,IRA_low,2008,43509695.0
p90,2021,IRA_low,2009,43509668.0
p90,2021,IRA_low,2010,43509701.0
p90,2021,IRA_low,2011,43509636.0
p90,2021,IRA_low,2012,43509656.0
p90,2021,IRA_low,2013,43509631.0
p90,2022,IRA_low,2007,43987343.0
p90,2022,IRA_low,2008,43987356.0
p90,2022,IRA_low,2009,43987343.0
p90,2022,IRA_low,2010,43987351.0
p90,2022,IRA_low,2011,43987345.0
p90,2022,IRA_low,2012,43987354.0
p90,2022,IRA_low,2013,43987336.0
p90,2023,IRA_low,2007,43244631.0
p90,2023,IRA_low,2008,43244621.0
p90,2023,IRA_low,2009,43244610.0
p90,2023,IRA_low,2010,43244607.0
p90,2023,IRA_low,2011,43244551.0
p90,2023,IRA_low,2012,43244662.0
p90,2023,IRA_low,2013,43244598.0
p90,2024,IRA_low,2007,44105793.0
p90,2024,IRA_low,2008,44105906.0
p90,2024,IRA_low,2009,44105833.0
p90,2024,IRA_low,2010,44105831.0
p90,2024,IRA_low,2011,44105784.0
p90,2024,IRA_low,2012,44105769.0
p90,2024,IRA_low,2013,44105825.0
p90,2025,IRA_low,2007,44425867.0
p90,2025,IRA_low,2008,44426159.0
p90,2025,IRA_low,2009,44425111.0
p90,2025,IRA_low,2010,44432334.0
p90,2025,IRA_low,2011,44426734.0
p90,2025,IRA_low,2012,44421862.0
p90,2025,IRA_low,2013,44425115.0
p90,2026,IRA_low,2007,44923013.0
p90,2026,IRA_low,2008,44925494.0
p90,2026,IRA_low,2009,44924434.0
p90,2026,IRA_low,2010,44935145.0
p90,2026,IRA_low,2011,44925118.0
p90,2026,IRA_low,2012,44916837.0
p90,2026,IRA_low,2013,44924317.0
p90,2027,IRA_low,2007,45420126.0
p90,2027,IRA_low,2008,45424894.0
p90,2027,IRA_low,2009,45423734.0
p90,2027,IRA_low,2010,45437879.0
p90,2027,IRA_low,2011,45423493.0
p90,2027,IRA_low,2012,45411915.0
p90,2027,IRA_low,2013,45423441.0
p90,2028,IRA_low,2007,45917364.0
p90,2028,IRA_low,2008,45924356.0
p90,2028,IRA_low,2009,45922992.0
p90,2028,IRA_low,2010,45940782.0
p90,2028,IRA_low,2011,45922006.0
p90,2028,IRA_low,2012,45906854.0
p90,2028,IRA_low,2013,45922478.0
p90,2029,IRA_low,2007,46414503.0
p90,2029,IRA_low,2008,46423708.0
p90,2029,IRA_low,2009,46422297.0
p90,2029,IRA_low,2010,46443510.0
p90,2029,IRA_low,2011,46420504.0
p90,2029,IRA_low,2012,46401906.0
p90,2029,IRA_low,2013,46421665.0
p90,2030,IRA_low,2007,46911675.0
p90,2030,IRA_low,2008,46923187.0
p90,2030,IRA_low,2009,46921661.0
p90,2030,IRA_low,2010,46946316.0
p90,2030,IRA_low,2011,46918930.0
p90,2030,IRA_low,2012,46896835.0
p90,2030,IRA_low,2013,46920760.0
p90,2031,IRA_low,2007,47631820.0
p90,2031,IRA_low,2008,47644180.0
p90,2031,IRA_low,2009,47642592.0
p90,2031,IRA_low,2010,47672949.0
p90,2031,IRA_low,2011,47639644.0
p90,2031,IRA_low,2012,47613105.0
p90,2031,IRA_low,2013,47641375.0
p90,2032,IRA_low,2007,48351888.0
p90,2032,IRA_low,2008,48365149.0
p90,2032,IRA_low,2009,48363470.0
p90,2032,IRA_low,2010,48399541.0
p90,2032,IRA_low,2011,48360260.0
p90,2032,IRA_low,2012,48329307.0
p90,2032,IRA_low,2013,48362051.0
p90,2033,IRA_low,2007,49071959.0
p90,2033,IRA_low,2008,49086098.0
p90,2033,IRA_low,2009,49084450.0
p90,2033,IRA_low,2010,49126332.0
p90,2033,IRA_low,2011,49080954.0
p90,2033,IRA_low,2012,49045553.0
p90,2033,IRA_low,2013,49082656.0
p90,2034,IRA_low,2007,49792202.0
p90,2034,IRA_low,2008,49807141.0
p90,2034,IRA_low,2009,49805416.0
p90,2034,IRA_low,2010,49852937.0
p90,2034,IRA_low,2011,49801687.0
p90,2034,IRA_low,2012,49761872.0
p90,2034,IRA_low,2013,49803253.0
p90,2035,IRA_low,2007,50512365.0
p90,2035,IRA_low,2008,50528108.0
p90,2035,IRA_low,2009,50526311.0
p90,2035,IRA_low,2010,50579515.0
p90,2035,IRA_low,2011,50522313.0
p90,2035,IRA_low,2012,50478097.0
p90,2035,IRA_low,2013,50523806.0
p90,2036,IRA_low,2007,51339315.0
p90,2036,IRA_low,2008,51355481.0
p90,2036,IRA_low,2009,51353502.0
p90,2036,IRA_low,2010,51411891.0
p90,2036,IRA_low,2011,51349602.0
p90,2036,IRA_low,2012,51301493.0
p90,2036,IRA_low,2013,51350898.0
p90,2037,IRA_low,2007,52166444.0
p90,2037,IRA_low,2008,52182609.0
p90,2037,IRA_low,2009,52180719.0
p90,2037,IRA_low,2010,52244329.0
p90,2037,IRA_low,2011,52176814.0
p90,2037,IRA_low,2012,52124869.0
p90,2037,IRA_low,2013,52177975.0
p90,2038,IRA_low,2007,52993533.0
p90,2038,IRA_low,2008,53009889.0
p90,2038,IRA_low,2009,53007976.0
p90,2038,IRA_low,2010,53076730.0
p90,2038,IRA_low,2011,53004017.0
p90,2038,IRA_low,2012,52948189.0
p90,2038,IRA_low,2013,53005048.0
p90,2039,IRA_low,2007,53820601.0
p90,2039,IRA_low,2008,53837205.0
p90,2039,IRA_low,2009,53835206.0
p90,2039,IRA_low,2010,53909105.0
p90,2039,IRA_low,2011,53831262.0
p90,2039,IRA_low,2012,53771473.0
p90,2039,IRA_low,2013,53832128.0
p90,2040,IRA_low,2007,54647616.0
p90,2040,IRA_low,2008,54664521.0
p90,2040,IRA_low,2009,54662410.0
p90,2040,IRA_low,2010,54741537.0
p90,2040,IRA_low,2011,54658563.0
p90,2040,IRA_low,2012,54594888.0
p90,2040,IRA_low,2013,54659114.0
p90,2041,IRA_low,2007,55426099.0
p90,2041,IRA_low,2008,55442203.0
p90,2041,IRA_low,2009,55440179.0
p90,2041,IRA_low,2010,55523565.0
p90,2041,IRA_low,2011,55436691.0
p90,2041,IRA_low,2012,55370073.0
p90,2041,IRA_low,2013,55436712.0
p90,2042,IRA_low,2007,56204482.0
p90,2042,IRA_low,2008,56219937.0
p90,2042,IRA_low,2009,56217966.0
p90,2042,IRA_low,2010,56305759.0
p90,2042,IRA_low,2011,56214935.0
p90,2042,IRA_low,2012,56145305.0
p90,2042,IRA_low,2013,56214234.0
p90,2043,IRA_low,2007,56983029.0
p90,2043,IRA_low,2008,56997693.0
p90,2043,IRA_low,2009,56995738.0
p90,2043,IRA_low,2010,57087884.0
p90,2043,IRA_low,2011,56993137.0
p90,2043,IRA_low,2012,56920509.0
p90,2043,IRA_low,2013,56991685.0
p90,2044,IRA_low,2007,57761585.0
p90,2044,IRA_low,2008,57775521.0
p90,2044,IRA_low,2009,57773564.0
p90,2044,IRA_low,2010,57870013.0
p90,2044,IRA_low,2011,57771354.0
p90,2044,IRA_low,2012,57695612.0
p90,2044,IRA_low,2013,57769232.0
p90,2045,IRA_low,2007,58540087.0
p90,2045,IRA_low,2008,58553165.0
p90,2045,IRA_low,2009,58551327.0
p90,2045,IRA_low,2010,58652159.0
p90,2045,IRA_low,2011,58549639.0
p90,2045,IRA_low,2012,58470789.0
p90,2045,IRA_low,2013,58546809.0
p90,2046,IRA_low,2007,59166846.0
p90,2046,IRA_low,2008,59178808.0
p90,2046,IRA_low,2009,59176788.0
p90,2046,IRA_low,2010,59280854.0
p90,2046,IRA_low,2011,59175765.0
p90,2046,IRA_low,2012,59095298.0
p90,2046,IRA_low,2013,59172062.0
p90,2047,IRA_low,2007,59793706.0
p90,2047,IRA_low,2008,59804287.0
p90,2047,IRA_low,2009,59802292.0
p90,2047,IRA_low,2010,59909536.0
p90,2047,IRA_low,2011,59802063.0
p90,2047,IRA_low,2012,59719722.0
p90,2047,IRA_low,2013,59797170.0
p90,2048,IRA_low,2007,60420602.0
p90,2048,IRA_low,2008,60429925.0
p90,2048,IRA_low,2009,60427700.0
p90,2048,IRA_low,2010,60538268.0
p90,2048,IRA_low,2011,60428251.0
p90,2048,IRA_low,2012,60344232.0
p90,2048,IRA_low,2013,60422381.0
p90,2049,IRA_low,2007,61047386.0
p90,2049,IRA_low,2008,61055546.0
p90,2049,IRA_low,2009,61053112.0
p90,2049,IRA_low,2010,61167007.0
p90,2049,IRA_low,2011,61054417.0
p90,2049,IRA_low,2012,60968588.0
p90,2049,IRA_low,2013,61047701.0
p90,2050,IRA_low,2007,61674185.0
p90,2050,IRA_low,2008,61681093.0
p90,2050,IRA_low,2009,61678554.0
p90,2050,IRA_low,2010,61795708.0
p90,2050,IRA_low,2011,61680666.0
p90,2050,IRA_low,2012,61593063.0
p90,2050,IRA_low,2013,61672846.0
p91,2020,IRA_low,2007,14667457.2
p91,2020,IRA_low,2008,14667209.64
p91,2020,IRA_low,2009,14666380.57
p91,2020,IRA_low,2010,14666869.37
p91,2020,IRA_low,2011,14667136.95
p91,2020,IRA_low,2012,14667144.33
p91,2020,IRA_low,2013,14666391.11
p91,2021,IRA_low,2007,13281221.0
p91,2021,IRA_low,2008,13281243.0
p91,2021,IRA_low,2009,13281145.0
p91,2021,IRA_low,2010,13281253.0
p91,2021,IRA_low,2011,13281314.0
p91,2021,IRA_low,2012,13281199.0
p91,2021,IRA_low,2013,13281241.0
p91,2022,IRA_low,2007,13669946.0
p91,2022,IRA_low,2008,13670002.0
p91,2022,IRA_low,2009,13669966.0
p91,2022,IRA_low,2010,13669931.0
p91,2022,IRA_low,2011,13669915.0
p91,2022,IRA_low,2012,13670002.0
p91,2022,IRA_low,2013,13669939.0
p91,2023,IRA_low,2007,13805023.0
p91,2023,IRA_low,2008,13804838.0
p91,2023,IRA_low,2009,13804874.0
p91,2023,IRA_low,2010,13804851.0
p91,2023,IRA_low,2011,13804909.0
p91,2023,IRA_low,2012,13804861.0
p91,2023,IRA_low,2013,13804906.0
p91,2024,IRA_low,2007,14005391.0
p91,2024,IRA_low,2008,14005403.0
p91,2024,IRA_low,2009,14005400.0
p91,2024,IRA_low,2010,14005409.0
p91,2024,IRA_low,2011,14005443.0
p91,2024,IRA_low,2012,14005398.0
p91,2024,IRA_low,2013,14005372.0
p91,2025,IRA_low,2007,14088613.0
p91,2025,IRA_low,2008,14088386.0
p91,2025,IRA_low,2009,14090302.0
p91,2025,IRA_low,2010,14096144.0
p91,2025,IRA_low,2011,14089745.0
p91,2025,IRA_low,2012,14088130.0
p91,2025,IRA_low,2013,14087526.0
p91,2026,IRA_low,2007,14217502.0
p91,2026,IRA_low,2008,14215837.0
p91,2026,IRA_low,2009,14217827.0
p91,2026,IRA_low,2010,14218367.0
p91,2026,IRA_low,2011,14218633.0
p91,2026,IRA_low,2012,14216970.0
p91,2026,IRA_low,2013,14216383.0
p91,2027,IRA_low,2007,14346427.0
p91,2027,IRA_low,2008,14343343.0
p91,2027,IRA_low,2009,14345336.0
p91,2027,IRA_low,2010,14340674.0
p91,2027,IRA_low,2011,14347389.0
p91,2027,IRA_low,2012,14345777.0
p91,2027,IRA_low,2013,14345265.0
p91,2028,IRA_low,2007,14475366.0
p91,2028,IRA_low,2008,14470757.0
p91,2028,IRA_low,2009,14472801.0
p91,2028,IRA_low,2010,14462965.0
p91,2028,IRA_low,2011,14476146.0
p91,2028,IRA_low,2012,14474710.0
p91,2028,IRA_low,2013,14474257.0
p91,2029,IRA_low,2007,14604291.0
p91,2029,IRA_low,2008,14598288.0
p91,2029,IRA_low,2009,14600327.0
p91,2029,IRA_low,2010,14585187.0
p91,2029,IRA_low,2011,14605019.0
p91,2029,IRA_low,2012,14603568.0
p91,2029,IRA_low,2013,14603123.0
p91,2030,IRA_low,2007,14733055.0
p91,2030,IRA_low,2008,14725704.0
p91,2030,IRA_low,2009,14727725.0
p91,2030,IRA_low,2010,14707510.0
p91,2030,IRA_low,2011,14734477.0
p91,2030,IRA_low,2012,14732519.0
p91,2030,IRA_low,2013,14732055.0
p91,2031,IRA_low,2007,14915895.0
p91,2031,IRA_low,2008,14906875.0
p91,2031,IRA_low,2009,14909264.0
p91,2031,IRA_low,2010,14884547.0
p91,2031,IRA_low,2011,14916567.0
p91,2031,IRA_low,2012,14915292.0
p91,2031,IRA_low,2013,14914673.0
p91,2032,IRA_low,2007,15098538.0
p91,2032,IRA_low,2008,15088093.0
p91,2032,IRA_low,2009,15090843.0
p91,2032,IRA_low,2010,15061639.0
p91,2032,IRA_low,2011,15099366.0
p91,2032,IRA_low,2012,15098252.0
p91,2032,IRA_low,2013,15097374.0
p91,2033,IRA_low,2007,15281316.0
p91,2033,IRA_low,2008,15269288.0
p91,2033,IRA_low,2009,15272388.0
p91,2033,IRA_low,2010,15238669.0
p91,2033,IRA_low,2011,15282179.0
p91,2033,IRA_low,2012,15281043.0
p91,2033,IRA_low,2013,15279983.0
p91,2034,IRA_low,2007,15463959.0
p91,2034,IRA_low,2008,15450552.0
p91,2034,IRA_low,2009,15453941.0
p91,2034,IRA_low,2010,15415782.0
p91,2034,IRA_low,2011,15464930.0
p91,2034,IRA_low,2012,15463915.0
p91,2034,IRA_low,2013,15462682.0
p91,2035,IRA_low,2007,15646686.0
p91,2035,IRA_low,2008,15631786.0
p91,2035,IRA_low,2009,15635447.0
p91,2035,IRA_low,2010,15592728.0
p91,2035,IRA_low,2011,15647848.0
p91,2035,IRA_low,2012,15646909.0
p91,2035,IRA_low,2013,15645288.0
p91,2036,IRA_low,2007,15842377.0
p91,2036,IRA_low,2008,15825945.0
p91,2036,IRA_low,2009,15830079.0
p91,2036,IRA_low,2010,15783318.0
p91,2036,IRA_low,2011,15843570.0
p91,2036,IRA_low,2012,15842568.0
p91,2036,IRA_low,2013,15840964.0
p91,2037,IRA_low,2007,16038085.0
p91,2037,IRA_low,2008,16020105.0
p91,2037,IRA_low,2009,16024742.0
p91,2037,IRA_low,2010,15973982.0
p91,2037,IRA_low,2011,16039268.0
p91,2037,IRA_low,2012,16038252.0
p91,2037,IRA_low,2013,16036531.0
p91,2038,IRA_low,2007,16233785.0
p91,2038,IRA_low,2008,16214340.0
p91,2038,IRA_low,2009,16219258.0
p91,2038,IRA_low,2010,16164498.0
p91,2038,IRA_low,2011,16235162.0
p91,2038,IRA_low,2012,16234047.0
p91,2038,IRA_low,2013,16232064.0
p91,2039,IRA_low,2007,16429387.0
p91,2039,IRA_low,2008,16408351.0
p91,2039,IRA_low,2009,16413861.0
p91,2039,IRA_low,2010,16355057.0
p91,2039,IRA_low,2011,16430912.0
p91,2039,IRA_low,2012,16429808.0
p91,2039,IRA_low,2013,16427592.0
p91,2040,IRA_low,2007,16625120.0
p91,2040,IRA_low,2008,16602660.0
p91,2040,IRA_low,2009,16608571.0
p91,2040,IRA_low,2010,16545726.0
p91,2040,IRA_low,2011,16626755.0
p91,2040,IRA_low,2012,16625532.0
p91,2040,IRA_low,2013,16623202.0
p91,2041,IRA_low,2007,16793229.0
p91,2041,IRA_low,2008,16769482.0
p91,2041,IRA_low,2009,16775648.0
p91,2041,IRA_low,2010,16708695.0
p91,2041,IRA_low,2011,16794852.0
p91,2041,IRA_low,2012,16793627.0
p91,2041,IRA_low,2013,16791240.0
p91,2042,IRA_low,2007,16961288.0
p91,2042,IRA_low,2008,16936138.0
p91,2042,IRA_low,2009,16942636.0
p91,2042,IRA_low,2010,16871716.0
p91,2042,IRA_low,2011,16962996.0
p91,2042,IRA_low,2012,16961869.0
p91,2042,IRA_low,2013,16959361.0
p91,2043,IRA_low,2007,17129404.0
p91,2043,IRA_low,2008,17102859.0
p91,2043,IRA_low,2009,17109698.0
p91,2043,IRA_low,2010,17034773.0
p91,2043,IRA_low,2011,17131221.0
p91,2043,IRA_low,2012,17130011.0
p91,2043,IRA_low,2013,17127360.0
p91,2044,IRA_low,2007,17297488.0
p91,2044,IRA_low,2008,17269563.0
p91,2044,IRA_low,2009,17276786.0
p91,2044,IRA_low,2010,17197763.0
p91,2044,IRA_low,2011,17299333.0
p91,2044,IRA_low,2012,17298200.0
p91,2044,IRA_low,2013,17295476.0
p91,2045,IRA_low,2007,17465501.0
p91,2045,IRA_low,2008,17436211.0
p91,2045,IRA_low,2009,17443779.0
p91,2045,IRA_low,2010,17360781.0
p91,2045,IRA_low,2011,17467517.0
p91,2045,IRA_low,2012,17466394.0
p91,2045,IRA_low,2013,17463383.0
p91,2046,IRA_low,2007,17611035.0
p91,2046,IRA_low,2008,17580246.0
p91,2046,IRA_low,2009,17588586.0
p91,2046,IRA_low,2010,17502510.0
p91,2046,IRA_low,2011,17613384.0
p91,2046,IRA_low,2012,17611893.0
p91,2046,IRA_low,2013,17608768.0
p91,2047,IRA_low,2007,17756558.0
p91,2047,IRA_low,2008,17724361.0
p91,2047,IRA_low,2009,17733305.0
p91,2047,IRA_low,2010,17644348.0
p91,2047,IRA_low,2011,17758990.0
p91,2047,IRA_low,2012,17757360.0
p91,2047,IRA_low,2013,17753977.0
p91,2048,IRA_low,2007,17902001.0
p91,2048,IRA_low,2008,17868478.0
p91,2048,IRA_low,2009,17878030.0
p91,2048,IRA_low,2010,17786174.0
p91,2048,IRA_low,2011,17904735.0
p91,2048,IRA_low,2012,17902802.0
p91,2048,IRA_low,2013,17899165.0
p91,2049,IRA_low,2007,18047495.0
p91,2049,IRA_low,2008,18012551.0
p91,2049,IRA_low,2009,18022808.0
p91,2049,IRA_low,2010,17927993.0
p91,2049,IRA_low,2011,18050555.0
p91,2049,IRA_low,2012,18048276.0
p91,2049,IRA_low,2013,18044454.0
p91,2050,IRA_low,2007,18192948.0
p91,2050,IRA_low,2008,18156592.0
p91,2050,IRA_low,2009,18167543.0
p91,2050,IRA_low,2010,18069698.0
p91,2050,IRA_low,2011,18196347.0
p91,2050,IRA_low,2012,18193809.0
p91,2050,IRA_low,2013,18189737.0
p92,2020,IRA_low,2007,93580988.47
p92,2020,IRA_low,2008,93581683.01
p92,2020,IRA_low,2009,93572824.89
p92,2020,IRA_low,2010,93575455.13
p92,2020,IRA_low,2011,93579056.44
p92,2020,IRA_low,2012,93579786.81
p92,2020,IRA_low,2013,93573536.88
p92,2021,IRA_low,2007,102272394.0
p92,2021,IRA_low,2008,102272391.0
p92,2021,IRA_low,2009,102272453.0
p92,2021,IRA_low,2010,102272382.0
p92,2021,IRA_low,2011,102272399.0
p92,2021,IRA_low,2012,102272450.0
p92,2021,IRA_low,2013,102272383.0
p92,2022,IRA_low,2007,104381089.0
p92,2022,IRA_low,2008,104381107.0
p92,2022,IRA_low,2009,104381133.0
p92,2022,IRA_low,2010,104381092.0
p92,2022,IRA_low,2011,104381048.0
p92,2022,IRA_low,2012,104381042.0
p92,2022,IRA_low,2013,104381056.0
p92,2023,IRA_low,2007,101335427.0
p92,2023,IRA_low,2008,101335411.0
p92,2023,IRA_low,2009,101335409.0
p92,2023,IRA_low,2010,101335386.0
p92,2023,IRA_low,2011,101335336.0
p92,2023,IRA_low,2012,101335425.0
p92,2023,IRA_low,2013,101335424.0
p92,2024,IRA_low,2007,105385467.0
p92,2024,IRA_low,2008,105385489.0
p92,2024,IRA_low,2009,105385487.0
p92,2024,IRA_low,2010,105385516.0
p92,2024,IRA_low,2011,105385518.0
p92,2024,IRA_low,2012,105385442.0
p92,2024,IRA_low,2013,105385453.0
p92,2025,IRA_low,2007,106507031.0
p92,2025,IRA_low,2008,106512232.0
p92,2025,IRA_low,2009,106502846.0
p92,2025,IRA_low,2010,106541920.0
p92,2025,IRA_low,2011,106505154.0
p92,2025,IRA_low,2012,106482897.0
p92,2025,IRA_low,2013,106507112.0
p92,2026,IRA_low,2007,108280064.0
p92,2026,IRA_low,2008,108300448.0
p92,2026,IRA_low,2009,108286580.0
p92,2026,IRA_low,2010,108357055.0
p92,2026,IRA_low,2011,108281337.0
p92,2026,IRA_low,2012,108232417.0
p92,2026,IRA_low,2013,108294227.0
p92,2027,IRA_low,2007,110053168.0
p92,2027,IRA_low,2008,110088599.0
p92,2027,IRA_low,2009,110070333.0
p92,2027,IRA_low,2010,110172294.0
p92,2027,IRA_low,2011,110057809.0
p92,2027,IRA_low,2012,109981821.0
p92,2027,IRA_low,2013,110081221.0
p92,2028,IRA_low,2007,111826258.0
p92,2028,IRA_low,2008,111876707.0
p92,2028,IRA_low,2009,111854138.0
p92,2028,IRA_low,2010,111987486.0
p92,2028,IRA_low,2011,111834317.0
p92,2028,IRA_low,2012,111731240.0
p92,2028,IRA_low,2013,111868276.0
p92,2029,IRA_low,2007,113599339.0
p92,2029,IRA_low,2008,113664900.0
p92,2029,IRA_low,2009,113637876.0
p92,2029,IRA_low,2010,113802633.0
p92,2029,IRA_low,2011,113610769.0
p92,2029,IRA_low,2012,113480639.0
p92,2029,IRA_low,2013,113655387.0
p92,2030,IRA_low,2007,115372324.0
p92,2030,IRA_low,2008,115453091.0
p92,2030,IRA_low,2009,115421628.0
p92,2030,IRA_low,2010,115617846.0
p92,2030,IRA_low,2011,115387082.0
p92,2030,IRA_low,2012,115230114.0
p92,2030,IRA_low,2013,115442522.0
p92,2031,IRA_low,2007,117624480.0
p92,2031,IRA_low,2008,117717959.0
p92,2031,IRA_low,2009,117681577.0
p92,2031,IRA_low,2010,117918110.0
p92,2031,IRA_low,2011,117641224.0
p92,2031,IRA_low,2012,117452484.0
p92,2031,IRA_low,2013,117707316.0
p92,2032,IRA_low,2007,119876808.0
p92,2032,IRA_low,2008,119982868.0
p92,2032,IRA_low,2009,119941535.0
p92,2032,IRA_low,2010,120218536.0
p92,2032,IRA_low,2011,119895287.0
p92,2032,IRA_low,2012,119674942.0
p92,2032,IRA_low,2013,119972049.0
p92,2033,IRA_low,2007,122128813.0
p92,2033,IRA_low,2008,122247821.0
p92,2033,IRA_low,2009,122201526.0
p92,2033,IRA_low,2010,122518888.0
p92,2033,IRA_low,2011,122149316.0
p92,2033,IRA_low,2012,121897331.0
p92,2033,IRA_low,2013,122236725.0
p92,2034,IRA_low,2007,124381068.0
p92,2034,IRA_low,2008,124512737.0
p92,2034,IRA_low,2009,124461474.0
p92,2034,IRA_low,2010,124819306.0
p92,2034,IRA_low,2011,124403358.0
p92,2034,IRA_low,2012,124119743.0
p92,2034,IRA_low,2013,124501367.0
p92,2035,IRA_low,2007,126633132.0
p92,2035,IRA_low,2008,126777630.0
p92,2035,IRA_low,2009,126721428.0
p92,2035,IRA_low,2010,127119619.0
p92,2035,IRA_low,2011,126657505.0
p92,2035,IRA_low,2012,126342146.0
p92,2035,IRA_low,2013,126766206.0
p92,2036,IRA_low,2007,128990332.0
p92,2036,IRA_low,2008,129144177.0
p92,2036,IRA_low,2009,129082271.0
p92,2036,IRA_low,2010,129519657.0
p92,2036,IRA_low,2011,129014765.0
p92,2036,IRA_low,2012,128671092.0
p92,2036,IRA_low,2013,129131941.0
p92,2037,IRA_low,2007,131347667.0
p92,2037,IRA_low,2008,131510762.0
p92,2037,IRA_low,2009,131443018.0
p92,2037,IRA_low,2010,131919589.0
p92,2037,IRA_low,2011,131372037.0
p92,2037,IRA_low,2012,130999956.0
p92,2037,IRA_low,2013,131497494.0
p92,2038,IRA_low,2007,133704737.0
p92,2038,IRA_low,2008,133877346.0
p92,2038,IRA_low,2009,133803870.0
p92,2038,IRA_low,2010,134319610.0
p92,2038,IRA_low,2011,133729286.0
p92,2038,IRA_low,2012,133328847.0
p92,2038,IRA_low,2013,133863168.0
p92,2039,IRA_low,2007,136062049.0
p92,2039,IRA_low,2008,136243901.0
p92,2039,IRA_low,2009,136164673.0
p92,2039,IRA_low,2010,136719563.0
p92,2039,IRA_low,2011,136086677.0
p92,2039,IRA_low,2012,135657808.0
p92,2039,IRA_low,2013,136228759.0
p92,2040,IRA_low,2007,138419258.0
p92,2040,IRA_low,2008,138610424.0
p92,2040,IRA_low,2009,138525445.0
p92,2040,IRA_low,2010,139119542.0
p92,2040,IRA_low,2011,138443852.0
p92,2040,IRA_low,2012,137986703.0
p92,2040,IRA_low,2013,138594424.0
p92,2041,IRA_low,2007,140423452.0
p92,2041,IRA_low,2008,140617246.0
p92,2041,IRA_low,2009,140527376.0
p92,2041,IRA_low,2010,141149157.0
p92,2041,IRA_low,2011,140446220.0
p92,2041,IRA_low,2012,139971347.0
p92,2041,IRA_low,2013,140600026.0
p92,2042,IRA_low,2007,142427659.0
p92,2042,IRA_low,2008,142623948.0
p92,2042,IRA_low,2009,142529429.0
p92,2042,IRA_low,2010,143178800.0
p92,2042,IRA_low,2011,142448445.0
p92,2042,IRA_low,2012,141956090.0
p92,2042,IRA_low,2013,142605684.0
p92,2043,IRA_low,2007,144431927.0
p92,2043,IRA_low,2008,144630750.0
p92,2043,IRA_low,2009,144531427.0
p92,2043,IRA_low,2010,145208356.0
p92,2043,IRA_low,2011,144450779.0
p92,2043,IRA_low,2012,143940777.0
p92,2043,IRA_low,2013,144611237.0
p92,2044,IRA_low,2007,146436113.0
p92,2044,IRA_low,2008,146637444.0
p92,2044,IRA_low,2009,146533433.0
p92,2044,IRA_low,2010,147237974.0
p92,2044,IRA_low,2011,146453072.0
p92,2044,IRA_low,2012,145925489.0
p92,2044,IRA_low,2013,146616831.0
p92,2045,IRA_low,2007,148440319.0
p92,2045,IRA_low,2008,148644220.0
p92,2045,IRA_low,2009,148535429.0
p92,2045,IRA_low,2010,149267552.0
p92,2045,IRA_low,2011,148455342.0
p92,2045,IRA_low,2012,147910163.0
p92,2045,IRA_low,2013,148622291.0
p92,2046,IRA_low,2007,150119717.0
p92,2046,IRA_low,2008,150321049.0
p92,2046,IRA_low,2009,150206135.0
p92,2046,IRA_low,2010,150966209.0
p92,2046,IRA_low,2011,150130076.0
p92,2046,IRA_low,2012,149571884.0
p92,2046,IRA_low,2013,150296023.0
p92,2047,IRA_low,2007,151799066.0
p92,2047,IRA_low,2008,151997905.0
p92,2047,IRA_low,2009,151876866.0
p92,2047,IRA_low,2010,152665044.0
p92,2047,IRA_low,2011,151804869.0
p92,2047,IRA_low,2012,151233531.0
p92,2047,IRA_low,2013,151969714.0
p92,2048,IRA_low,2007,153478622.0
p92,2048,IRA_low,2008,153674759.0
p92,2048,IRA_low,2009,153547576.0
p92,2048,IRA_low,2010,154363575.0
p92,2048,IRA_low,2011,153479620.0
p92,2048,IRA_low,2012,152895307.0
p92,2048,IRA_low,2013,153643480.0
p92,2049,IRA_low,2007,155157977.0
p92,2049,IRA_low,2008,155351659.0
p92,2049,IRA_low,2009,155218403.0
p92,2049,IRA_low,2010,156062321.0
p92,2049,IRA_low,2011,155154360.0
p92,2049,IRA_low,2012,154557053.0
p92,2049,IRA_low,2013,155317126.0
p92,2050,IRA_low,2007,156837382.0
p92,2050,IRA_low,2008,157028469.0
p92,2050,IRA_low,2009,156889097.0
p92,2050,IRA_low,2010,157761034.0
p92,2050,IRA_low,2011,156829037.0
p92,2050,IRA_low,2012,156218810.0
p92,2050,IRA_low,2013,156990831.0
p93,2020,IRA_low,2007,8669125.84
p93,2020,IRA_low,2008,8669193.41
p93,2020,IRA_low,2009,8668465.44
p93,2020,IRA_low,2010,8668675.08
p93,2020,IRA_low,2011,8669032.15
p93,2020,IRA_low,2012,8669045.21
p93,2020,IRA_low,2013,8668519.19
p93,2021,IRA_low,2007,12906181.0
p93,2021,IRA_low,2008,12906220.0
p93,2021,IRA_low,2009,12906178.0
p93,2021,IRA_low,2010,12906168.0
p93,2021,IRA_low,2011,12906246.0
p93,2021,IRA_low,2012,12906225.0
p93,2021,IRA_low,2013,12906204.0
p93,2022,IRA_low,2007,13052996.0
p93,2022,IRA_low,2008,13052984.0
p93,2022,IRA_low,2009,13052999.0
p93,2022,IRA_low,2010,13053017.0
p93,2022,IRA_low,2011,13052994.0
p93,2022,IRA_low,2012,13053042.0
p93,2022,IRA_low,2013,13052941.0
p93,2023,IRA_low,2007,12343914.0
p93,2023,IRA_low,2008,12343901.0
p93,2023,IRA_low,2009,12343873.0
p93,2023,IRA_low,2010,12343931.0
p93,2023,IRA_low,2011,12343896.0
p93,2023,IRA_low,2012,12343908.0
p93,2023,IRA_low,2013,12343909.0
p93,2024,IRA_low,2007,12836408.0
p93,2024,IRA_low,2008,12836451.0
p93,2024,IRA_low,2009,12836462.0
p93,2024,IRA_low,2010,12836476.0
p93,2024,IRA_low,2011,12836460.0
p93,2024,IRA_low,2012,12836477.0
p93,2024,IRA_low,2013,12836452.0
p93,2025,IRA_low,2007,12970427.0
p93,2025,IRA_low,2008,12971343.0
p93,2025,IRA_low,2009,12969915.0
p93,2025,IRA_low,2010,12973436.0
p93,2025,IRA_low,2011,12969168.0
p93,2025,IRA_low,2012,12967145.0
p93,2025,IRA_low,2013,12970413.0
p93,2026,IRA_low,2007,13166367.0
p93,2026,IRA_low,2008,13169576.0
p93,2026,IRA_low,2009,13166938.0
p93,2026,IRA_low,2010,13173139.0
p93,2026,IRA_low,2011,13164747.0
p93,2026,IRA_low,2012,13159457.0
p93,2026,IRA_low,2013,13168068.0
p93,2027,IRA_low,2007,13362352.0
p93,2027,IRA_low,2008,13367805.0
p93,2027,IRA_low,2009,13364003.0
p93,2027,IRA_low,2010,13372961.0
p93,2027,IRA_low,2011,13360324.0
p93,2027,IRA_low,2012,13351744.0
p93,2027,IRA_low,2013,13365810.0
p93,2028,IRA_low,2007,13558381.0
p93,2028,IRA_low,2008,13566040.0
p93,2028,IRA_low,2009,13561020.0
p93,2028,IRA_low,2010,13572703.0
p93,2028,IRA_low,2011,13555813.0
p93,2028,IRA_low,2012,13544015.0
p93,2028,IRA_low,2013,13563454.0
p93,2029,IRA_low,2007,13754351.0
p93,2029,IRA_low,2008,13764174.0
p93,2029,IRA_low,2009,13758172.0
p93,2029,IRA_low,2010,13772575.0
p93,2029,IRA_low,2011,13751323.0
p93,2029,IRA_low,2012,13736349.0
p93,2029,IRA_low,2013,13761127.0
p93,2030,IRA_low,2007,13950229.0
p93,2030,IRA_low,2008,13962272.0
p93,2030,IRA_low,2009,13955109.0
p93,2030,IRA_low,2010,13972455.0
p93,2030,IRA_low,2011,13946815.0
p93,2030,IRA_low,2012,13928674.0
p93,2030,IRA_low,2013,13958799.0
p93,2031,IRA_low,2007,14208221.0
p93,2031,IRA_low,2008,14222491.0
p93,2031,IRA_low,2009,14214073.0
p93,2031,IRA_low,2010,14234303.0
p93,2031,IRA_low,2011,14204408.0
p93,2031,IRA_low,2012,14182796.0
p93,2031,IRA_low,2013,14218683.0
p93,2032,IRA_low,2007,14466212.0
p93,2032,IRA_low,2008,14482540.0
p93,2032,IRA_low,2009,14472876.0
p93,2032,IRA_low,2010,14496336.0
p93,2032,IRA_low,2011,14461972.0
p93,2032,IRA_low,2012,14436850.0
p93,2032,IRA_low,2013,14478518.0
p93,2033,IRA_low,2007,14724293.0
p93,2033,IRA_low,2008,14742652.0
p93,2033,IRA_low,2009,14731870.0
p93,2033,IRA_low,2010,14758227.0
p93,2033,IRA_low,2011,14719541.0
p93,2033,IRA_low,2012,14690963.0
p93,2033,IRA_low,2013,14738457.0
p93,2034,IRA_low,2007,14982159.0
p93,2034,IRA_low,2008,15002772.0
p93,2034,IRA_low,2009,14990640.0
p93,2034,IRA_low,2010,15020195.0
p93,2034,IRA_low,2011,14977115.0
p93,2034,IRA_low,2012,14945103.0
p93,2034,IRA_low,2013,14998394.0
p93,2035,IRA_low,2007,15240266.0
p93,2035,IRA_low,2008,15262820.0
p93,2035,IRA_low,2009,15249488.0
p93,2035,IRA_low,2010,15282127.0
p93,2035,IRA_low,2011,15234727.0
p93,2035,IRA_low,2012,15199242.0
p93,2035,IRA_low,2013,15258172.0
p93,2036,IRA_low,2007,15510600.0
p93,2036,IRA_low,2008,15534901.0
p93,2036,IRA_low,2009,15520531.0
p93,2036,IRA_low,2010,15555572.0
p93,2036,IRA_low,2011,15504748.0
p93,2036,IRA_low,2012,15466643.0
p93,2036,IRA_low,2013,15530059.0
p93,2037,IRA_low,2007,15781205.0
p93,2037,IRA_low,2008,15806797.0
p93,2037,IRA_low,2009,15791607.0
p93,2037,IRA_low,2010,15829167.0
p93,2037,IRA_low,2011,15774886.0
p93,2037,IRA_low,2012,15734109.0
p93,2037,IRA_low,2013,15801855.0
p93,2038,IRA_low,2007,16051700.0
p93,2038,IRA_low,2008,16078973.0
p93,2038,IRA_low,2009,16062627.0
p93,2038,IRA_low,2010,16102601.0
p93,2038,IRA_low,2011,16044958.0
p93,2038,IRA_low,2012,16001409.0
p93,2038,IRA_low,2013,16073688.0
p93,2039,IRA_low,2007,16322179.0
p93,2039,IRA_low,2008,16350930.0
p93,2039,IRA_low,2009,16333654.0
p93,2039,IRA_low,2010,16376113.0
p93,2039,IRA_low,2011,16315101.0
p93,2039,IRA_low,2012,16268940.0
p93,2039,IRA_low,2013,16345443.0
p93,2040,IRA_low,2007,16592677.0
p93,2040,IRA_low,2008,16623014.0
p93,2040,IRA_low,2009,16604656.0
p93,2040,IRA_low,2010,16649684.0
p93,2040,IRA_low,2011,16585172.0
p93,2040,IRA_low,2012,16536282.0
p93,2040,IRA_low,2013,16617342.0
p93,2041,IRA_low,2007,16838091.0
p93,2041,IRA_low,2008,16868948.0
p93,2041,IRA_low,2009,16849919.0
p93,2041,IRA_low,2010,16896447.0
p93,2041,IRA_low,2011,16830145.0
p93,2041,IRA_low,2012,16779924.0
p93,2041,IRA_low,2013,16863152.0
p93,2042,IRA_low,2007,17083554.0
p93,2042,IRA_low,2008,17114862.0
p93,2042,IRA_low,2009,17095237.0
p93,2042,IRA_low,2010,17143328.0
p93,2042,IRA_low,2011,17075093.0
p93,2042,IRA_low,2012,17023553.0
p93,2042,IRA_low,2013,17109037.0
p93,2043,IRA_low,2007,17329044.0
p93,2043,IRA_low,2008,17360792.0
p93,2043,IRA_low,2009,17340595.0
p93,2043,IRA_low,2010,17390229.0
p93,2043,IRA_low,2011,17320128.0
p93,2043,IRA_low,2012,17267248.0
p93,2043,IRA_low,2013,17354870.0
p93,2044,IRA_low,2007,17574481.0
p93,2044,IRA_low,2008,17606705.0
p93,2044,IRA_low,2009,17585906.0
p93,2044,IRA_low,2010,17637119.0
p93,2044,IRA_low,2011,17565146.0
p93,2044,IRA_low,2012,17510887.0
p93,2044,IRA_low,2013,17600766.0
p93,2045,IRA_low,2007,17819969.0
p93,2045,IRA_low,2008,17852736.0
p93,2045,IRA_low,2009,17831236.0
p93,2045,IRA_low,2010,17884043.0
p93,2045,IRA_low,2011,17810127.0
p93,2045,IRA_low,2012,17754660.0
p93,2045,IRA_low,2013,17846565.0
p93,2046,IRA_low,2007,18025958.0
p93,2046,IRA_low,2008,18058361.0
p93,2046,IRA_low,2009,18036380.0
p93,2046,IRA_low,2010,18090597.0
p93,2046,IRA_low,2011,18015497.0
p93,2046,IRA_low,2012,17959516.0
p93,2046,IRA_low,2013,18052128.0
p93,2047,IRA_low,2007,18231923.0
p93,2047,IRA_low,2008,18264081.0
p93,2047,IRA_low,2009,18241530.0
p93,2047,IRA_low,2010,18297224.0
p93,2047,IRA_low,2011,18220872.0
p93,2047,IRA_low,2012,18164494.0
p93,2047,IRA_low,2013,18257647.0
p93,2048,IRA_low,2007,18438031.0
p93,2048,IRA_low,2008,18469791.0
p93,2048,IRA_low,2009,18446775.0
p93,2048,IRA_low,2010,18503933.0
p93,2048,IRA_low,2011,18426322.0
p93,2048,IRA_low,2012,18369427.0
p93,2048,IRA_low,2013,18463215.0
p93,2049,IRA_low,2007,18644039.0
p93,2049,IRA_low,2008,18675563.0
p93,2049,IRA_low,2009,18651916.0
p93,2049,IRA_low,2010,18710572.0
p93,2049,IRA_low,2011,18631645.0
p93,2049,IRA_low,2012,18574277.0
p93,2049,IRA_low,2013,18668672.0
p93,2050,IRA_low,2007,18850188.0
p93,2050,IRA_low,2008,18881264.0
p93,2050,IRA_low,2009,18857278.0
p93,2050,IRA_low,2010,18917107.0
p93,2050,IRA_low,2011,18837109.0
p93,2050,IRA_low,2012,18779214.0
p93,2050,IRA_low,2013,18874214.0
p94,2020,IRA_low,2007,140505628.37
p94,2020,IRA_low,2008,140504252.02
p94,2020,IRA_low,2009,140500658.49
p94,2020,IRA_low,2010,140502190.83
p94,2020,IRA_low,2011,140504196.86
p94,2020,IRA_low,2012,140504345.24
p94,2020,IRA_low,2013,140500409.28
p94,2021,IRA_low,2007,142824118.0
p94,2021,IRA_low,2008,142824159.0
p94,2021,IRA_low,2009,142824155.0
p94,2021,IRA_low,2010,142824176.0
p94,2021,IRA_low,2011,142824134.0
p94,2021,IRA_low,2012,142824149.0
p94,2021,IRA_low,2013,142824193.0
p94,2022,IRA_low,2007,150493390.0
p94,2022,IRA_low,2008,150493435.0
p94,2022,IRA_low,2009,150493414.0
p94,2022,IRA_low,2010,150493426.0
p94,2022,IRA_low,2011,150493445.0
p94,2022,IRA_low,2012,150493403.0
p94,2022,IRA_low,2013,150493400.0
p94,2023,IRA_low,2007,147297656.0
p94,2023,IRA_low,2008,147297679.0
p94,2023,IRA_low,2009,147297656.0
p94,2023,IRA_low,2010,147297655.0
p94,2023,IRA_low,2011,147297679.0
p94,2023,IRA_low,2012,147297649.0
p94,2023,IRA_low,2013,147297681.0
p94,2024,IRA_low,2007,149643842.0
p94,2024,IRA_low,2008,149643922.0
p94,2024,IRA_low,2009,149643877.0
p94,2024,IRA_low,2010,149643906.0
p94,2024,IRA_low,2011,149643870.0
p94,2024,IRA_low,2012,149643857.0
p94,2024,IRA_low,2013,149643899.0
p94,2025,IRA_low,2007,152094927.0
p94,2025,IRA_low,2008,152103140.0
p94,2025,IRA_low,2009,152102204.0
p94,2025,IRA_low,2010,152174474.0
p94,2025,IRA_low,2011,152106132.0
p94,2025,IRA_low,2012,152060558.0
p94,2025,IRA_low,2013,152086446.0
p94,2026,IRA_low,2007,155801296.0
p94,2026,IRA_low,2008,155830400.0
p94,2026,IRA_low,2009,155832175.0
p94,2026,IRA_low,2010,155976426.0
p94,2026,IRA_low,2011,155820319.0
p94,2026,IRA_low,2012,155721648.0
p94,2026,IRA_low,2013,155801011.0
p94,2027,IRA_low,2007,159507921.0
p94,2027,IRA_low,2008,159558008.0
p94,2027,IRA_low,2009,159562295.0
p94,2027,IRA_low,2010,159778364.0
p94,2027,IRA_low,2011,159534798.0
p94,2027,IRA_low,2012,159382883.0
p94,2027,IRA_low,2013,159515829.0
p94,2028,IRA_low,2007,163214412.0
p94,2028,IRA_low,2008,163285363.0
p94,2028,IRA_low,2009,163292385.0
p94,2028,IRA_low,2010,163580234.0
p94,2028,IRA_low,2011,163249075.0
p94,2028,IRA_low,2012,163044159.0
p94,2028,IRA_low,2013,163230655.0
p94,2029,IRA_low,2007,166920994.0
p94,2029,IRA_low,2008,167012860.0
p94,2029,IRA_low,2009,167022497.0
p94,2029,IRA_low,2010,167382318.0
p94,2029,IRA_low,2011,166963433.0
p94,2029,IRA_low,2012,166705528.0
p94,2029,IRA_low,2013,166945423.0
p94,2030,IRA_low,2007,170627412.0
p94,2030,IRA_low,2008,170740456.0
p94,2030,IRA_low,2009,170752448.0
p94,2030,IRA_low,2010,171184170.0
p94,2030,IRA_low,2011,170677742.0
p94,2030,IRA_low,2012,170366769.0
p94,2030,IRA_low,2013,170660217.0
p94,2031,IRA_low,2007,174499254.0
p94,2031,IRA_low,2008,174633252.0
p94,2031,IRA_low,2009,174648596.0
p94,2031,IRA_low,2010,175154360.0
p94,2031,IRA_low,2011,174557951.0
p94,2031,IRA_low,2012,174192886.0
p94,2031,IRA_low,2013,174541211.0
p94,2032,IRA_low,2007,178371171.0
p94,2032,IRA_low,2008,178526441.0
p94,2032,IRA_low,2009,178544874.0
p94,2032,IRA_low,2010,179124631.0
p94,2032,IRA_low,2011,178438220.0
p94,2032,IRA_low,2012,178019068.0
p94,2032,IRA_low,2013,178422523.0
p94,2033,IRA_low,2007,182242954.0
p94,2033,IRA_low,2008,182419347.0
p94,2033,IRA_low,2009,182441099.0
p94,2033,IRA_low,2010,183094843.0
p94,2033,IRA_low,2011,182318507.0
p94,2033,IRA_low,2012,181845138.0
p94,2033,IRA_low,2013,182303682.0
p94,2034,IRA_low,2007,186114939.0
p94,2034,IRA_low,2008,186312490.0
p94,2034,IRA_low,2009,186337400.0
p94,2034,IRA_low,2010,187065132.0
p94,2034,IRA_low,2011,186198825.0
p94,2034,IRA_low,2012,185671432.0
p94,2034,IRA_low,2013,186184859.0
p94,2035,IRA_low,2007,189986727.0
p94,2035,IRA_low,2008,190205477.0
p94,2035,IRA_low,2009,190233642.0
p94,2035,IRA_low,2010,191035289.0
p94,2035,IRA_low,2011,190079119.0
p94,2035,IRA_low,2012,189497580.0
p94,2035,IRA_low,2013,190065961.0
p94,2036,IRA_low,2007,193497016.0
p94,2036,IRA_low,2008,193729429.0
p94,2036,IRA_low,2009,193759882.0
p94,2036,IRA_low,2010,194619574.0
p94,2036,IRA_low,2011,193595855.0
p94,2036,IRA_low,2012,192971653.0
p94,2036,IRA_low,2013,193579965.0
p94,2037,IRA_low,2007,197007197.0
p94,2037,IRA_low,2008,197253605.0
p94,2037,IRA_low,2009,197286249.0
p94,2037,IRA_low,2010,198203874.0
p94,2037,IRA_low,2011,197112833.0
p94,2037,IRA_low,2012,196445779.0
p94,2037,IRA_low,2013,197093984.0
p94,2038,IRA_low,2007,200517525.0
p94,2038,IRA_low,2008,200777610.0
p94,2038,IRA_low,2009,200812542.0
p94,2038,IRA_low,2010,201788191.0
p94,2038,IRA_low,2011,200629728.0
p94,2038,IRA_low,2012,199919736.0
p94,2038,IRA_low,2013,200607968.0
p94,2039,IRA_low,2007,204027774.0
p94,2039,IRA_low,2008,204301680.0
p94,2039,IRA_low,2009,204338861.0
p94,2039,IRA_low,2010,205372526.0
p94,2039,IRA_low,2011,204146603.0
p94,2039,IRA_low,2012,203393939.0
p94,2039,IRA_low,2013,204121998.0
p94,2040,IRA_low,2007,207538039.0
p94,2040,IRA_low,2008,207825733.0
p94,2040,IRA_low,2009,207865204.0
p94,2040,IRA_low,2010,208956764.0
p94,2040,IRA_low,2011,207663525.0
p94,2040,IRA_low,2012,206868028.0
p94,2040,IRA_low,2013,207635947.0
p94,2041,IRA_low,2007,210900068.0
p94,2041,IRA_low,2008,211192649.0
p94,2041,IRA_low,2009,211233040.0
p94,2041,IRA_low,2010,212364037.0
p94,2041,IRA_low,2011,211030048.0
p94,2041,IRA_low,2012,210206420.0
p94,2041,IRA_low,2013,210995362.0
p94,2042,IRA_low,2007,214262134.0
p94,2042,IRA_low,2008,214559494.0
p94,2042,IRA_low,2009,214600902.0
p94,2042,IRA_low,2010,215771295.0
p94,2042,IRA_low,2011,214396679.0
p94,2042,IRA_low,2012,213544857.0
p94,2042,IRA_low,2013,214354746.0
p94,2043,IRA_low,2007,217624130.0
p94,2043,IRA_low,2008,217926357.0
p94,2043,IRA_low,2009,217968694.0
p94,2043,IRA_low,2010,219178622.0
p94,2043,IRA_low,2011,217763201.0
p94,2043,IRA_low,2012,216883300.0
p94,2043,IRA_low,2013,217714101.0
p94,2044,IRA_low,2007,220986110.0
p94,2044,IRA_low,2008,221293180.0
p94,2044,IRA_low,2009,221336667.0
p94,2044,IRA_low,2010,222585881.0
p94,2044,IRA_low,2011,221129780.0
p94,2044,IRA_low,2012,220221722.0
p94,2044,IRA_low,2013,221073422.0
p94,2045,IRA_low,2007,224348102.0
p94,2045,IRA_low,2008,224660025.0
p94,2045,IRA_low,2009,224704517.0
p94,2045,IRA_low,2010,225993149.0
p94,2045,IRA_low,2011,224496385.0
p94,2045,IRA_low,2012,223560277.0
p94,2045,IRA_low,2013,224432805.0
p94,2046,IRA_low,2007,227272814.0
p94,2046,IRA_low,2008,227583067.0
p94,2046,IRA_low,2009,227627291.0
p94,2046,IRA_low,2010,228949662.0
p94,2046,IRA_low,2011,227425025.0
p94,2046,IRA_low,2012,226467833.0
p94,2046,IRA_low,2013,227347493.0
p94,2047,IRA_low,2007,230197419.0
p94,2047,IRA_low,2008,230505993.0
p94,2047,IRA_low,2009,230549927.0
p94,2047,IRA_low,2010,231906107.0
p94,2047,IRA_low,2011,230353536.0
p94,2047,IRA_low,2012,229375377.0
p94,2047,IRA_low,2013,230261997.0
p94,2048,IRA_low,2007,233122059.0
p94,2048,IRA_low,2008,233428971.0
p94,2048,IRA_low,2009,233472673.0
p94,2048,IRA_low,2010,234862480.0
p94,2048,IRA_low,2011,233282086.0
p94,2048,IRA_low,2012,232282968.0
p94,2048,IRA_low,2013,233176725.0
p94,2049,IRA_low,2007,236046641.0
p94,2049,IRA_low,2008,236351909.0
p94,2049,IRA_low,2009,236395380.0
p94,2049,IRA_low,2010,237818914.0
p94,2049,IRA_low,2011,236210563.0
p94,2049,IRA_low,2012,235190546.0
p94,2049,IRA_low,2013,236091302.0
p94,2050,IRA_low,2007,238971308.0
p94,2050,IRA_low,2008,239274939.0
p94,2050,IRA_low,2009,239318032.0
p94,2050,IRA_low,2010,240775375.0
p94,2050,IRA_low,2011,239139090.0
p94,2050,IRA_low,2012,238098120.0
p94,2050,IRA_low,2013,239005885.0
p95,2020,IRA_low,2007,28915516.41
p95,2020,IRA_low,2008,28915265.85
p95,2020,IRA_low,2009,28914394.51
p95,2020,IRA_low,2010,28914860.1
p95,2020,IRA_low,2011,28914642.26
p95,2020,IRA_low,2012,28915079.8
p95,2020,IRA_low,2013,28914359.91
p95,2021,IRA_low,2007,27543243.0
p95,2021,IRA_low,2008,27543175.0
p95,2021,IRA_low,2009,27543169.0
p95,2021,IRA_low,2010,27543218.0
p95,2021,IRA_low,2011,27543193.0
p95,2021,IRA_low,2012,27543163.0
p95,2021,IRA_low,2013,27543152.0
p95,2022,IRA_low,2007,28601028.0
p95,2022,IRA_low,2008,28601029.0
p95,2022,IRA_low,2009,28600971.0
p95,2022,IRA_low,2010,28600980.0
p95,2022,IRA_low,2011,28601006.0
p95,2022,IRA_low,2012,28601001.0
p95,2022,IRA_low,2013,28601016.0
p95,2023,IRA_low,2007,27987991.0
p95,2023,IRA_low,2008,27987954.0
p95,2023,IRA_low,2009,27987959.0
p95,2023,IRA_low,2010,27987980.0
p95,2023,IRA_low,2011,27988018.0
p95,2023,IRA_low,2012,27988000.0
p95,2023,IRA_low,2013,27987991.0
p95,2024,IRA_low,2007,28454930.0
p95,2024,IRA_low,2008,28454952.0
p95,2024,IRA_low,2009,28454908.0
p95,2024,IRA_low,2010,28454957.0
p95,2024,IRA_low,2011,28454968.0
p95,2024,IRA_low,2012,28454878.0
p95,2024,IRA_low,2013,28454899.0
p95,2025,IRA_low,2007,28770405.0
p95,2025,IRA_low,2008,28771414.0
p95,2025,IRA_low,2009,28773151.0
p95,2025,IRA_low,2010,28783587.0
p95,2025,IRA_low,2011,28773302.0
p95,2025,IRA_low,2012,28765946.0
p95,2025,IRA_low,2013,28770344.0
p95,2026,IRA_low,2007,29246178.0
p95,2026,IRA_low,2008,29248765.0
p95,2026,IRA_low,2009,29252061.0
p95,2026,IRA_low,2010,29269379.0
p95,2026,IRA_low,2011,29250704.0
p95,2026,IRA_low,2012,29238562.0
p95,2026,IRA_low,2013,29247241.0
p95,2027,IRA_low,2007,29722001.0
p95,2027,IRA_low,2008,29726435.0
p95,2027,IRA_low,2009,29730988.0
p95,2027,IRA_low,2010,29755186.0
p95,2027,IRA_low,2011,29728216.0
p95,2027,IRA_low,2012,29711092.0
p95,2027,IRA_low,2013,29724214.0
p95,2028,IRA_low,2007,30197912.0
p95,2028,IRA_low,2008,30203874.0
p95,2028,IRA_low,2009,30210005.0
p95,2028,IRA_low,2010,30241043.0
p95,2028,IRA_low,2011,30205646.0
p95,2028,IRA_low,2012,30183695.0
p95,2028,IRA_low,2013,30201221.0
p95,2029,IRA_low,2007,30673657.0
p95,2029,IRA_low,2008,30681348.0
p95,2029,IRA_low,2009,30688913.0
p95,2029,IRA_low,2010,30726862.0
p95,2029,IRA_low,2011,30682993.0
p95,2029,IRA_low,2012,30656309.0
p95,2029,IRA_low,2013,30678119.0
p95,2030,IRA_low,2007,31149420.0
p95,2030,IRA_low,2008,31158864.0
p95,2030,IRA_low,2009,31167744.0
p95,2030,IRA_low,2010,31212687.0
p95,2030,IRA_low,2011,31160542.0
p95,2030,IRA_low,2012,31128761.0
p95,2030,IRA_low,2013,31155170.0
p95,2031,IRA_low,2007,31723971.0
p95,2031,IRA_low,2008,31734554.0
p95,2031,IRA_low,2009,31744914.0
p95,2031,IRA_low,2010,31797264.0
p95,2031,IRA_low,2011,31736752.0
p95,2031,IRA_low,2012,31699832.0
p95,2031,IRA_low,2013,31730259.0
p95,2032,IRA_low,2007,32298498.0
p95,2032,IRA_low,2008,32310254.0
p95,2032,IRA_low,2009,32322058.0
p95,2032,IRA_low,2010,32381956.0
p95,2032,IRA_low,2011,32312837.0
p95,2032,IRA_low,2012,32270762.0
p95,2032,IRA_low,2013,32305345.0
p95,2033,IRA_low,2007,32873013.0
p95,2033,IRA_low,2008,32886082.0
p95,2033,IRA_low,2009,32899155.0
p95,2033,IRA_low,2010,32966503.0
p95,2033,IRA_low,2011,32889159.0
p95,2033,IRA_low,2012,32841674.0
p95,2033,IRA_low,2013,32880457.0
p95,2034,IRA_low,2007,33447554.0
p95,2034,IRA_low,2008,33461737.0
p95,2034,IRA_low,2009,33476275.0
p95,2034,IRA_low,2010,33551157.0
p95,2034,IRA_low,2011,33465350.0
p95,2034,IRA_low,2012,33412721.0
p95,2034,IRA_low,2013,33455456.0
p95,2035,IRA_low,2007,34022043.0
p95,2035,IRA_low,2008,34037377.0
p95,2035,IRA_low,2009,34053415.0
p95,2035,IRA_low,2010,34135775.0
p95,2035,IRA_low,2011,34041534.0
p95,2035,IRA_low,2012,33983632.0
p95,2035,IRA_low,2013,34030763.0
p95,2036,IRA_low,2007,34614351.0
p95,2036,IRA_low,2008,34630177.0
p95,2036,IRA_low,2009,34647480.0
p95,2036,IRA_low,2010,34736296.0
p95,2036,IRA_low,2011,34635046.0
p95,2036,IRA_low,2012,34572417.0
p95,2036,IRA_low,2013,34622858.0
p95,2037,IRA_low,2007,35206424.0
p95,2037,IRA_low,2008,35222965.0
p95,2037,IRA_low,2009,35241398.0
p95,2037,IRA_low,2010,35336706.0
p95,2037,IRA_low,2011,35228606.0
p95,2037,IRA_low,2012,35161367.0
p95,2037,IRA_low,2013,35215036.0
p95,2038,IRA_low,2007,35798689.0
p95,2038,IRA_low,2008,35815787.0
p95,2038,IRA_low,2009,35835495.0
p95,2038,IRA_low,2010,35937163.0
p95,2038,IRA_low,2011,35822056.0
p95,2038,IRA_low,2012,35750256.0
p95,2038,IRA_low,2013,35807331.0
p95,2039,IRA_low,2007,36391026.0
p95,2039,IRA_low,2008,36408536.0
p95,2039,IRA_low,2009,36429556.0
p95,2039,IRA_low,2010,36537683.0
p95,2039,IRA_low,2011,36415521.0
p95,2039,IRA_low,2012,36339100.0
p95,2039,IRA_low,2013,36399489.0
p95,2040,IRA_low,2007,36983215.0
p95,2040,IRA_low,2008,37001409.0
p95,2040,IRA_low,2009,37023515.0
p95,2040,IRA_low,2010,37138168.0
p95,2040,IRA_low,2011,37009023.0
p95,2040,IRA_low,2012,36928002.0
p95,2040,IRA_low,2013,36991725.0
p95,2041,IRA_low,2007,37547257.0
p95,2041,IRA_low,2008,37565150.0
p95,2041,IRA_low,2009,37588185.0
p95,2041,IRA_low,2010,37707750.0
p95,2041,IRA_low,2011,37573938.0
p95,2041,IRA_low,2012,37489331.0
p95,2041,IRA_low,2013,37555060.0
p95,2042,IRA_low,2007,38111269.0
p95,2042,IRA_low,2008,38128909.0
p95,2042,IRA_low,2009,38152777.0
p95,2042,IRA_low,2010,38277330.0
p95,2042,IRA_low,2011,38138998.0
p95,2042,IRA_low,2012,38050585.0
p95,2042,IRA_low,2013,38118443.0
p95,2043,IRA_low,2007,38675281.0
p95,2043,IRA_low,2008,38692728.0
p95,2043,IRA_low,2009,38717407.0
p95,2043,IRA_low,2010,38847001.0
p95,2043,IRA_low,2011,38703952.0
p95,2043,IRA_low,2012,38611927.0
p95,2043,IRA_low,2013,38681718.0
p95,2044,IRA_low,2007,39239294.0
p95,2044,IRA_low,2008,39256506.0
p95,2044,IRA_low,2009,39281979.0
p95,2044,IRA_low,2010,39416532.0
p95,2044,IRA_low,2011,39268929.0
p95,2044,IRA_low,2012,39173294.0
p95,2044,IRA_low,2013,39245115.0
p95,2045,IRA_low,2007,39803293.0
p95,2045,IRA_low,2008,39820261.0
p95,2045,IRA_low,2009,39846619.0
p95,2045,IRA_low,2010,39986170.0
p95,2045,IRA_low,2011,39833917.0
p95,2045,IRA_low,2012,39734643.0
p95,2045,IRA_low,2013,39808443.0
p95,2046,IRA_low,2007,40300390.0
p95,2046,IRA_low,2008,40316569.0
p95,2046,IRA_low,2009,40343698.0
p95,2046,IRA_low,2010,40488704.0
p95,2046,IRA_low,2011,40332162.0
p95,2046,IRA_low,2012,40229062.0
p95,2046,IRA_low,2013,40303958.0
p95,2047,IRA_low,2007,40797608.0
p95,2047,IRA_low,2008,40812847.0
p95,2047,IRA_low,2009,40840828.0
p95,2047,IRA_low,2010,40991245.0
p95,2047,IRA_low,2011,40830222.0
p95,2047,IRA_low,2012,40723554.0
p95,2047,IRA_low,2013,40799471.0
p95,2048,IRA_low,2007,41294732.0
p95,2048,IRA_low,2008,41309084.0
p95,2048,IRA_low,2009,41337917.0
p95,2048,IRA_low,2010,41493841.0
p95,2048,IRA_low,2011,41328473.0
p95,2048,IRA_low,2012,41218009.0
p95,2048,IRA_low,2013,41294951.0
p95,2049,IRA_low,2007,41791877.0
p95,2049,IRA_low,2008,41805365.0
p95,2049,IRA_low,2009,41834952.0
p95,2049,IRA_low,2010,41996257.0
p95,2049,IRA_low,2011,41826704.0
p95,2049,IRA_low,2012,41712546.0
p95,2049,IRA_low,2013,41790457.0
p95,2050,IRA_low,2007,42288996.0
p95,2050,IRA_low,2008,42301594.0
p95,2050,IRA_low,2009,42332069.0
p95,2050,IRA_low,2010,42498780.0
p95,2050,IRA_low,2011,42324922.0
p95,2050,IRA_low,2012,42206969.0
p95,2050,IRA_low,2013,42286062.0
p96,2020,IRA_low,2007,49698231.16
p96,2020,IRA_low,2008,49697774.92
p96,2020,IRA_low,2009,49696337.01
p96,2020,IRA_low,2010,49697726.3
p96,2020,IRA_low,2011,49697420.58
p96,2020,IRA_low,2012,49697211.16
p96,2020,IRA_low,2013,49696818.49
p96,2021,IRA_low,2007,54979081.0
p96,2021,IRA_low,2008,54978996.0
p96,2021,IRA_low,2009,54979069.0
p96,2021,IRA_low,2010,54979032.0
p96,2021,IRA_low,2011,54978980.0
p96,2021,IRA_low,2012,54979022.0
p96,2021,IRA_low,2013,54978998.0
p96,2022,IRA_low,2007,57090591.0
p96,2022,IRA_low,2008,57090539.0
p96,2022,IRA_low,2009,57090551.0
p96,2022,IRA_low,2010,57090468.0
p96,2022,IRA_low,2011,57090527.0
p96,2022,IRA_low,2012,57090536.0
p96,2022,IRA_low,2013,57090579.0
p96,2023,IRA_low,2007,55866866.0
p96,2023,IRA_low,2008,55866874.0
p96,2023,IRA_low,2009,55866867.0
p96,2023,IRA_low,2010,55866907.0
p96,2023,IRA_low,2011,55866850.0
p96,2023,IRA_low,2012,55866883.0
p96,2023,IRA_low,2013,55866891.0
p96,2024,IRA_low,2007,56798934.0
p96,2024,IRA_low,2008,56798925.0
p96,2024,IRA_low,2009,56798932.0
p96,2024,IRA_low,2010,56798946.0
p96,2024,IRA_low,2011,56798948.0
p96,2024,IRA_low,2012,56798895.0
p96,2024,IRA_low,2013,56798916.0
p96,2025,IRA_low,2007,57339384.0
p96,2025,IRA_low,2008,57341175.0
p96,2025,IRA_low,2009,57344089.0
p96,2025,IRA_low,2010,57361966.0
p96,2025,IRA_low,2011,57344312.0
p96,2025,IRA_low,2012,57331827.0
p96,2025,IRA_low,2013,57339259.0
p96,2026,IRA_low,2007,58154427.0
p96,2026,IRA_low,2008,58159151.0
p96,2026,IRA_low,2009,58164718.0
p96,2026,IRA_low,2010,58194276.0
p96,2026,IRA_low,2011,58162274.0
p96,2026,IRA_low,2012,58141320.0
p96,2026,IRA_low,2013,58156421.0
p96,2027,IRA_low,2007,58969582.0
p96,2027,IRA_low,2008,58977146.0
p96,2027,IRA_low,2009,58985066.0
p96,2027,IRA_low,2010,59026480.0
p96,2027,IRA_low,2011,58980145.0
p96,2027,IRA_low,2012,58950939.0
p96,2027,IRA_low,2013,58973425.0
p96,2028,IRA_low,2007,59784724.0
p96,2028,IRA_low,2008,59795094.0
p96,2028,IRA_low,2009,59805557.0
p96,2028,IRA_low,2010,59858739.0
p96,2028,IRA_low,2011,59798052.0
p96,2028,IRA_low,2012,59760464.0
p96,2028,IRA_low,2013,59790575.0
p96,2029,IRA_low,2007,60599802.0
p96,2029,IRA_low,2008,60613124.0
p96,2029,IRA_low,2009,60625996.0
p96,2029,IRA_low,2010,60691069.0
p96,2029,IRA_low,2011,60616068.0
p96,2029,IRA_low,2012,60570149.0
p96,2029,IRA_low,2013,60607682.0
p96,2030,IRA_low,2007,61414967.0
p96,2030,IRA_low,2008,61431123.0
p96,2030,IRA_low,2009,61446503.0
p96,2030,IRA_low,2010,61523311.0
p96,2030,IRA_low,2011,61434030.0
p96,2030,IRA_low,2012,61379642.0
p96,2030,IRA_low,2013,61424830.0
p96,2031,IRA_low,2007,62399147.0
p96,2031,IRA_low,2008,62417308.0
p96,2031,IRA_low,2009,62435218.0
p96,2031,IRA_low,2010,62524860.0
p96,2031,IRA_low,2011,62421099.0
p96,2031,IRA_low,2012,62357824.0
p96,2031,IRA_low,2013,62409949.0
p96,2032,IRA_low,2007,63383428.0
p96,2032,IRA_low,2008,63403641.0
p96,2032,IRA_low,2009,63423921.0
p96,2032,IRA_low,2010,63526435.0
p96,2032,IRA_low,2011,63408242.0
p96,2032,IRA_low,2012,63335919.0
p96,2032,IRA_low,2013,63395249.0
p96,2033,IRA_low,2007,64367657.0
p96,2033,IRA_low,2008,64390002.0
p96,2033,IRA_low,2009,64412548.0
p96,2033,IRA_low,2010,64527951.0
p96,2033,IRA_low,2011,64395285.0
p96,2033,IRA_low,2012,64314034.0
p96,2033,IRA_low,2013,64380419.0
p96,2034,IRA_low,2007,65351887.0
p96,2034,IRA_low,2008,65376208.0
p96,2034,IRA_low,2009,65401253.0
p96,2034,IRA_low,2010,65529446.0
p96,2034,IRA_low,2011,65382491.0
p96,2034,IRA_low,2012,65292251.0
p96,2034,IRA_low,2013,65365642.0
p96,2035,IRA_low,2007,66336082.0
p96,2035,IRA_low,2008,66362504.0
p96,2035,IRA_low,2009,66389931.0
p96,2035,IRA_low,2010,66530881.0
p96,2035,IRA_low,2011,66369586.0
p96,2035,IRA_low,2012,66270246.0
p96,2035,IRA_low,2013,66350884.0
p96,2036,IRA_low,2007,67350733.0
p96,2036,IRA_low,2008,67377995.0
p96,2036,IRA_low,2009,67407550.0
p96,2036,IRA_low,2010,67559667.0
p96,2036,IRA_low,2011,67386213.0
p96,2036,IRA_low,2012,67279130.0
p96,2036,IRA_low,2013,67365501.0
p96,2037,IRA_low,2007,68365258.0
p96,2037,IRA_low,2008,68393541.0
p96,2037,IRA_low,2009,68425192.0
p96,2037,IRA_low,2010,68588374.0
p96,2037,IRA_low,2011,68403008.0
p96,2037,IRA_low,2012,68287866.0
p96,2037,IRA_low,2013,68379948.0
p96,2038,IRA_low,2007,69379844.0
p96,2038,IRA_low,2008,69409087.0
p96,2038,IRA_low,2009,69442905.0
p96,2038,IRA_low,2010,69617016.0
p96,2038,IRA_low,2011,69419807.0
p96,2038,IRA_low,2012,69296730.0
p96,2038,IRA_low,2013,69394466.0
p96,2039,IRA_low,2007,70394275.0
p96,2039,IRA_low,2008,70424639.0
p96,2039,IRA_low,2009,70460549.0
p96,2039,IRA_low,2010,70645713.0
p96,2039,IRA_low,2011,70436469.0
p96,2039,IRA_low,2012,70305581.0
p96,2039,IRA_low,2013,70409007.0
p96,2040,IRA_low,2007,71408938.0
p96,2040,IRA_low,2008,71440158.0
p96,2040,IRA_low,2009,71478191.0
p96,2040,IRA_low,2010,71674425.0
p96,2040,IRA_low,2011,71453237.0
p96,2040,IRA_low,2012,71314372.0
p96,2040,IRA_low,2013,71423542.0
p96,2041,IRA_low,2007,72375173.0
p96,2041,IRA_low,2008,72405979.0
p96,2041,IRA_low,2009,72445373.0
p96,2041,IRA_low,2010,72650146.0
p96,2041,IRA_low,2011,72421148.0
p96,2041,IRA_low,2012,72276011.0
p96,2041,IRA_low,2013,72388613.0
p96,2042,IRA_low,2007,73341392.0
p96,2042,IRA_low,2008,73371858.0
p96,2042,IRA_low,2009,73412671.0
p96,2042,IRA_low,2010,73626018.0
p96,2042,IRA_low,2011,73388921.0
p96,2042,IRA_low,2012,73237572.0
p96,2042,IRA_low,2013,73353762.0
p96,2043,IRA_low,2007,74307660.0
p96,2043,IRA_low,2008,74337737.0
p96,2043,IRA_low,2009,74379960.0
p96,2043,IRA_low,2010,74601826.0
p96,2043,IRA_low,2011,74356870.0
p96,2043,IRA_low,2012,74199204.0
p96,2043,IRA_low,2013,74318844.0
p96,2044,IRA_low,2007,75273846.0
p96,2044,IRA_low,2008,75303528.0
p96,2044,IRA_low,2009,75347240.0
p96,2044,IRA_low,2010,75577688.0
p96,2044,IRA_low,2011,75324782.0
p96,2044,IRA_low,2012,75160816.0
p96,2044,IRA_low,2013,75283874.0
p96,2045,IRA_low,2007,76240078.0
p96,2045,IRA_low,2008,76269461.0
p96,2045,IRA_low,2009,76314489.0
p96,2045,IRA_low,2010,76553517.0
p96,2045,IRA_low,2011,76292615.0
p96,2045,IRA_low,2012,76122423.0
p96,2045,IRA_low,2013,76248982.0
p96,2046,IRA_low,2007,77091825.0
p96,2046,IRA_low,2008,77119542.0
p96,2046,IRA_low,2009,77166133.0
p96,2046,IRA_low,2010,77414368.0
p96,2046,IRA_low,2011,77146114.0
p96,2046,IRA_low,2012,76969594.0
p96,2046,IRA_low,2013,77097794.0
p96,2047,IRA_low,2007,77943426.0
p96,2047,IRA_low,2008,77969710.0
p96,2047,IRA_low,2009,78017673.0
p96,2047,IRA_low,2010,78275311.0
p96,2047,IRA_low,2011,77999594.0
p96,2047,IRA_low,2012,77816759.0
p96,2047,IRA_low,2013,77946754.0
p96,2048,IRA_low,2007,78795186.0
p96,2048,IRA_low,2008,78819891.0
p96,2048,IRA_low,2009,78869253.0
p96,2048,IRA_low,2010,79136079.0
p96,2048,IRA_low,2011,78853024.0
p96,2048,IRA_low,2012,78663675.0
p96,2048,IRA_low,2013,78795710.0
p96,2049,IRA_low,2007,79646823.0
p96,2049,IRA_low,2008,79670053.0
p96,2049,IRA_low,2009,79720846.0
p96,2049,IRA_low,2010,79997009.0
p96,2049,IRA_low,2011,79706557.0
p96,2049,IRA_low,2012,79510930.0
p96,2049,IRA_low,2013,79644538.0
p96,2050,IRA_low,2007,80498504.0
p96,2050,IRA_low,2008,80520209.0
p96,2050,IRA_low,2009,80572440.0
p96,2050,IRA_low,2010,80857933.0
p96,2050,IRA_low,2011,80559982.0
p96,2050,IRA_low,2012,80357911.0
p96,2050,IRA_low,2013,80493437.0
p97,2020,IRA_low,2007,66334230.52
p97,2020,IRA_low,2008,66333787.37
p97,2020,IRA_low,2009,66331701.08
p97,2020,IRA_low,2010,66332971.08
p97,2020,IRA_low,2011,66332523.13
p97,2020,IRA_low,2012,66333278.98
p97,2020,IRA_low,2013,66331555.28
p97,2021,IRA_low,2007,71443315.0
p97,2021,IRA_low,2008,71443343.0
p97,2021,IRA_low,2009,71443317.0
p97,2021,IRA_low,2010,71443361.0
p97,2021,IRA_low,2011,71443316.0
p97,2021,IRA_low,2012,71443346.0
p97,2021,IRA_low,2013,71443287.0
p97,2022,IRA_low,2007,73260040.0
p97,2022,IRA_low,2008,73260036.0
p97,2022,IRA_low,2009,73260091.0
p97,2022,IRA_low,2010,73259996.0
p97,2022,IRA_low,2011,73260070.0
p97,2022,IRA_low,2012,73260044.0
p97,2022,IRA_low,2013,73260040.0
p97,2023,IRA_low,2007,70092322.0
p97,2023,IRA_low,2008,70092278.0
p97,2023,IRA_low,2009,70092239.0
p97,2023,IRA_low,2010,70092299.0
p97,2023,IRA_low,2011,70092330.0
p97,2023,IRA_low,2012,70092316.0
p97,2023,IRA_low,2013,70092320.0
p97,2024,IRA_low,2007,72031534.0
p97,2024,IRA_low,2008,72031482.0
p97,2024,IRA_low,2009,72031541.0
p97,2024,IRA_low,2010,72031499.0
p97,2024,IRA_low,2011,72031522.0
p97,2024,IRA_low,2012,72031494.0
p97,2024,IRA_low,2013,72031477.0
p97,2025,IRA_low,2007,72811014.0
p97,2025,IRA_low,2008,72809619.0
p97,2025,IRA_low,2009,72813304.0
p97,2025,IRA_low,2010,72835300.0
p97,2025,IRA_low,2011,72811472.0
p97,2025,IRA_low,2012,72797918.0
p97,2025,IRA_low,2013,72810491.0
p97,2026,IRA_low,2007,74098571.0
p97,2026,IRA_low,2008,74098793.0
p97,2026,IRA_low,2009,74107077.0
p97,2026,IRA_low,2010,74145518.0
p97,2026,IRA_low,2011,74100017.0
p97,2026,IRA_low,2012,74075404.0
p97,2026,IRA_low,2013,74103671.0
p97,2027,IRA_low,2007,75385983.0
p97,2027,IRA_low,2008,75388062.0
p97,2027,IRA_low,2009,75400896.0
p97,2027,IRA_low,2010,75455742.0
p97,2027,IRA_low,2011,75388670.0
p97,2027,IRA_low,2012,75352711.0
p97,2027,IRA_low,2013,75396844.0
p97,2028,IRA_low,2007,76673479.0
p97,2028,IRA_low,2008,76677278.0
p97,2028,IRA_low,2009,76694722.0
p97,2028,IRA_low,2010,76765983.0
p97,2028,IRA_low,2011,76677359.0
p97,2028,IRA_low,2012,76630200.0
p97,2028,IRA_low,2013,76690126.0
p97,2029,IRA_low,2007,77960992.0
p97,2029,IRA_low,2008,77966495.0
p97,2029,IRA_low,2009,77988546.0
p97,2029,IRA_low,2010,78076223.0
p97,2029,IRA_low,2011,77965876.0
p97,2029,IRA_low,2012,77907604.0
p97,2029,IRA_low,2013,77983313.0
p97,2030,IRA_low,2007,79248387.0
p97,2030,IRA_low,2008,79255672.0
p97,2030,IRA_low,2009,79282318.0
p97,2030,IRA_low,2010,79386411.0
p97,2030,IRA_low,2011,79254610.0
p97,2030,IRA_low,2012,79185009.0
p97,2030,IRA_low,2013,79276576.0
p97,2031,IRA_low,2007,80747936.0
p97,2031,IRA_low,2008,80756592.0
p97,2031,IRA_low,2009,80788178.0
p97,2031,IRA_low,2010,80910829.0
p97,2031,IRA_low,2011,80755285.0
p97,2031,IRA_low,2012,80673259.0
p97,2031,IRA_low,2013,80782247.0
p97,2032,IRA_low,2007,82247546.0
p97,2032,IRA_low,2008,82257440.0
p97,2032,IRA_low,2009,82294021.0
p97,2032,IRA_low,2010,82435307.0
p97,2032,IRA_low,2011,82256193.0
p97,2032,IRA_low,2012,82161428.0
p97,2032,IRA_low,2013,82287792.0
p97,2033,IRA_low,2007,83746933.0
p97,2033,IRA_low,2008,83758341.0
p97,2033,IRA_low,2009,83799941.0
p97,2033,IRA_low,2010,83959774.0
p97,2033,IRA_low,2011,83757061.0
p97,2033,IRA_low,2012,83649550.0
p97,2033,IRA_low,2013,83793472.0
p97,2034,IRA_low,2007,85246455.0
p97,2034,IRA_low,2008,85259244.0
p97,2034,IRA_low,2009,85305882.0
p97,2034,IRA_low,2010,85484173.0
p97,2034,IRA_low,2011,85257879.0
p97,2034,IRA_low,2012,85137706.0
p97,2034,IRA_low,2013,85299198.0
p97,2035,IRA_low,2007,86746084.0
p97,2035,IRA_low,2008,86760165.0
p97,2035,IRA_low,2009,86811742.0
p97,2035,IRA_low,2010,87008671.0
p97,2035,IRA_low,2011,86758680.0
p97,2035,IRA_low,2012,86625919.0
p97,2035,IRA_low,2013,86804785.0
p97,2036,IRA_low,2007,88221965.0
p97,2036,IRA_low,2008,88236586.0
p97,2036,IRA_low,2009,88291983.0
p97,2036,IRA_low,2010,88504380.0
p97,2036,IRA_low,2011,88235150.0
p97,2036,IRA_low,2012,88091943.0
p97,2036,IRA_low,2013,88284702.0
p97,2037,IRA_low,2007,89697961.0
p97,2037,IRA_low,2008,89713086.0
p97,2037,IRA_low,2009,89772192.0
p97,2037,IRA_low,2010,89999957.0
p97,2037,IRA_low,2011,89711664.0
p97,2037,IRA_low,2012,89558020.0
p97,2037,IRA_low,2013,89764686.0
p97,2038,IRA_low,2007,91173941.0
p97,2038,IRA_low,2008,91189633.0
p97,2038,IRA_low,2009,91252470.0
p97,2038,IRA_low,2010,91495763.0
p97,2038,IRA_low,2011,91188086.0
p97,2038,IRA_low,2012,91024097.0
p97,2038,IRA_low,2013,91244624.0
p97,2039,IRA_low,2007,92649883.0
p97,2039,IRA_low,2008,92666183.0
p97,2039,IRA_low,2009,92732663.0
p97,2039,IRA_low,2010,92991570.0
p97,2039,IRA_low,2011,92664594.0
p97,2039,IRA_low,2012,92490143.0
p97,2039,IRA_low,2013,92724474.0
p97,2040,IRA_low,2007,94125842.0
p97,2040,IRA_low,2008,94142643.0
p97,2040,IRA_low,2009,94212951.0
p97,2040,IRA_low,2010,94487209.0
p97,2040,IRA_low,2011,94141113.0
p97,2040,IRA_low,2012,93956196.0
p97,2040,IRA_low,2013,94204406.0
p97,2041,IRA_low,2007,95544841.0
p97,2041,IRA_low,2008,95560063.0
p97,2041,IRA_low,2009,95632458.0
p97,2041,IRA_low,2010,95918263.0
p97,2041,IRA_low,2011,95559744.0
p97,2041,IRA_low,2012,95367036.0
p97,2041,IRA_low,2013,95623015.0
p97,2042,IRA_low,2007,96963694.0
p97,2042,IRA_low,2008,96977351.0
p97,2042,IRA_low,2009,97051954.0
p97,2042,IRA_low,2010,97349382.0
p97,2042,IRA_low,2011,96978298.0
p97,2042,IRA_low,2012,96777948.0
p97,2042,IRA_low,2013,97041478.0
p97,2043,IRA_low,2007,98382632.0
p97,2043,IRA_low,2008,98394713.0
p97,2043,IRA_low,2009,98471504.0
p97,2043,IRA_low,2010,98780521.0
p97,2043,IRA_low,2011,98396851.0
p97,2043,IRA_low,2012,98188806.0
p97,2043,IRA_low,2013,98459954.0
p97,2044,IRA_low,2007,99801532.0
p97,2044,IRA_low,2008,99812075.0
p97,2044,IRA_low,2009,99890924.0
p97,2044,IRA_low,2010,100211529.0
p97,2044,IRA_low,2011,99815375.0
p97,2044,IRA_low,2012,99599709.0
p97,2044,IRA_low,2013,99878552.0
p97,2045,IRA_low,2007,101220400.0
p97,2045,IRA_low,2008,101229467.0
p97,2045,IRA_low,2009,101310410.0
p97,2045,IRA_low,2010,101642546.0
p97,2045,IRA_low,2011,101234017.0
p97,2045,IRA_low,2012,101010484.0
p97,2045,IRA_low,2013,101297096.0
p97,2046,IRA_low,2007,102424838.0
p97,2046,IRA_low,2008,102430124.0
p97,2046,IRA_low,2009,102512524.0
p97,2046,IRA_low,2010,102857475.0
p97,2046,IRA_low,2011,102437343.0
p97,2046,IRA_low,2012,102206330.0
p97,2046,IRA_low,2013,102497094.0
p97,2047,IRA_low,2007,103629225.0
p97,2047,IRA_low,2008,103630737.0
p97,2047,IRA_low,2009,103714374.0
p97,2047,IRA_low,2010,104072213.0
p97,2047,IRA_low,2011,103640812.0
p97,2047,IRA_low,2012,103402120.0
p97,2047,IRA_low,2013,103697153.0
p97,2048,IRA_low,2007,104833625.0
p97,2048,IRA_low,2008,104831484.0
p97,2048,IRA_low,2009,104916376.0
p97,2048,IRA_low,2010,105287003.0
p97,2048,IRA_low,2011,104844086.0
p97,2048,IRA_low,2012,104597893.0
p97,2048,IRA_low,2013,104897237.0
p97,2049,IRA_low,2007,106037895.0
p97,2049,IRA_low,2008,106031986.0
p97,2049,IRA_low,2009,106118447.0
p97,2049,IRA_low,2010,106501761.0
p97,2049,IRA_low,2011,106047521.0
p97,2049,IRA_low,2012,105793739.0
p97,2049,IRA_low,2013,106097234.0
p97,2050,IRA_low,2007,107242301.0
p97,2050,IRA_low,2008,107232708.0
p97,2050,IRA_low,2009,107320412.0
p97,2050,IRA_low,2010,107716473.0
p97,2050,IRA_low,2011,107250885.0
p97,2050,IRA_low,2012,106989548.0
p97,2050,IRA_low,2013,107297204.0
p98,2020,IRA_low,2007,66192264.39
p98,2020,IRA_low,2008,66192083.1
p98,2020,IRA_low,2009,66189109.54
p98,2020,IRA_low,2010,66191373.28
p98,2020,IRA_low,2011,66190265.39
p98,2020,IRA_low,2012,66191315.73
p98,2020,IRA_low,2013,66189352.22
p98,2021,IRA_low,2007,66692135.0
p98,2021,IRA_low,2008,66692169.0
p98,2021,IRA_low,2009,66692077.0
p98,2021,IRA_low,2010,66692127.0
p98,2021,IRA_low,2011,66692097.0
p98,2021,IRA_low,2012,66692111.0
p98,2021,IRA_low,2013,66692135.0
p98,2022,IRA_low,2007,68388094.0
p98,2022,IRA_low,2008,68388038.0
p98,2022,IRA_low,2009,68387996.0
p98,2022,IRA_low,2010,68388022.0
p98,2022,IRA_low,2011,68388068.0
p98,2022,IRA_low,2012,68387993.0
p98,2022,IRA_low,2013,68388007.0
p98,2023,IRA_low,2007,65430931.0
p98,2023,IRA_low,2008,65430959.0
p98,2023,IRA_low,2009,65430956.0
p98,2023,IRA_low,2010,65430926.0
p98,2023,IRA_low,2011,65430976.0
p98,2023,IRA_low,2012,65430960.0
p98,2023,IRA_low,2013,65430980.0
p98,2024,IRA_low,2007,67241205.0
p98,2024,IRA_low,2008,67241173.0
p98,2024,IRA_low,2009,67241204.0
p98,2024,IRA_low,2010,67241198.0
p98,2024,IRA_low,2011,67241197.0
p98,2024,IRA_low,2012,67241246.0
p98,2024,IRA_low,2013,67241229.0
p98,2025,IRA_low,2007,68061583.0
p98,2025,IRA_low,2008,68060031.0
p98,2025,IRA_low,2009,68064008.0
p98,2025,IRA_low,2010,68087127.0
p98,2025,IRA_low,2011,68061952.0
p98,2025,IRA_low,2012,68047768.0
p98,2025,IRA_low,2013,68060970.0
p98,2026,IRA_low,2007,69416467.0
p98,2026,IRA_low,2008,69416819.0
p98,2026,IRA_low,2009,69425605.0
p98,2026,IRA_low,2010,69466008.0
p98,2026,IRA_low,2011,69418165.0
p98,2026,IRA_low,2012,69392129.0
p98,2026,IRA_low,2013,69421988.0
p98,2027,IRA_low,2007,70771470.0
p98,2027,IRA_low,2008,70773564.0
p98,2027,IRA_low,2009,70787227.0
p98,2027,IRA_low,2010,70844898.0
p98,2027,IRA_low,2011,70774286.0
p98,2027,IRA_low,2012,70736524.0
p98,2027,IRA_low,2013,70783051.0
p98,2028,IRA_low,2007,72126424.0
p98,2028,IRA_low,2008,72130377.0
p98,2028,IRA_low,2009,72148760.0
p98,2028,IRA_low,2010,72223766.0
p98,2028,IRA_low,2011,72130464.0
p98,2028,IRA_low,2012,72080931.0
p98,2028,IRA_low,2013,72144007.0
p98,2029,IRA_low,2007,73481384.0
p98,2029,IRA_low,2008,73487194.0
p98,2029,IRA_low,2009,73510411.0
p98,2029,IRA_low,2010,73602677.0
p98,2029,IRA_low,2011,73486663.0
p98,2029,IRA_low,2012,73425280.0
p98,2029,IRA_low,2013,73504901.0
p98,2030,IRA_low,2007,74836322.0
p98,2030,IRA_low,2008,74843983.0
p98,2030,IRA_low,2009,74871977.0
p98,2030,IRA_low,2010,74981595.0
p98,2030,IRA_low,2011,74842779.0
p98,2030,IRA_low,2012,74769654.0
p98,2030,IRA_low,2013,74865892.0
p98,2031,IRA_low,2007,76414367.0
p98,2031,IRA_low,2008,76423454.0
p98,2031,IRA_low,2009,76456748.0
p98,2031,IRA_low,2010,76585906.0
p98,2031,IRA_low,2011,76422244.0
p98,2031,IRA_low,2012,76335746.0
p98,2031,IRA_low,2013,76450467.0
p98,2032,IRA_low,2007,77992480.0
p98,2032,IRA_low,2008,78003048.0
p98,2032,IRA_low,2009,78041622.0
p98,2032,IRA_low,2010,78190229.0
p98,2032,IRA_low,2011,78001764.0
p98,2032,IRA_low,2012,77901959.0
p98,2032,IRA_low,2013,78034942.0
p98,2033,IRA_low,2007,79570600.0
p98,2033,IRA_low,2008,79582629.0
p98,2033,IRA_low,2009,79626450.0
p98,2033,IRA_low,2010,79794606.0
p98,2033,IRA_low,2011,79581243.0
p98,2033,IRA_low,2012,79468172.0
p98,2033,IRA_low,2013,79619661.0
p98,2034,IRA_low,2007,81148729.0
p98,2034,IRA_low,2008,81162128.0
p98,2034,IRA_low,2009,81211171.0
p98,2034,IRA_low,2010,81398923.0
p98,2034,IRA_low,2011,81160780.0
p98,2034,IRA_low,2012,81034229.0
p98,2034,IRA_low,2013,81204198.0
p98,2035,IRA_low,2007,82726851.0
p98,2035,IRA_low,2008,82741630.0
p98,2035,IRA_low,2009,82796029.0
p98,2035,IRA_low,2010,83003208.0
p98,2035,IRA_low,2011,82740216.0
p98,2035,IRA_low,2012,82600437.0
p98,2035,IRA_low,2013,82788690.0
p98,2036,IRA_low,2007,84280129.0
p98,2036,IRA_low,2008,84295549.0
p98,2036,IRA_low,2009,84353837.0
p98,2036,IRA_low,2010,84577280.0
p98,2036,IRA_low,2011,84294036.0
p98,2036,IRA_low,2012,84143345.0
p98,2036,IRA_low,2013,84346178.0
p98,2037,IRA_low,2007,85833450.0
p98,2037,IRA_low,2008,85849431.0
p98,2037,IRA_low,2009,85911567.0
p98,2037,IRA_low,2010,86151534.0
p98,2037,IRA_low,2011,85847848.0
p98,2037,IRA_low,2012,85686266.0
p98,2037,IRA_low,2013,85903636.0
p98,2038,IRA_low,2007,87386801.0
p98,2038,IRA_low,2008,87403286.0
p98,2038,IRA_low,2009,87469489.0
p98,2038,IRA_low,2010,87725533.0
p98,2038,IRA_low,2011,87401806.0
p98,2038,IRA_low,2012,87229015.0
p98,2038,IRA_low,2013,87461103.0
p98,2039,IRA_low,2007,88940107.0
p98,2039,IRA_low,2008,88957079.0
p98,2039,IRA_low,2009,89027296.0
p98,2039,IRA_low,2010,89299622.0
p98,2039,IRA_low,2011,88955575.0
p98,2039,IRA_low,2012,88771972.0
p98,2039,IRA_low,2013,89018632.0
p98,2040,IRA_low,2007,90493462.0
p98,2040,IRA_low,2008,90511064.0
p98,2040,IRA_low,2009,90585190.0
p98,2040,IRA_low,2010,90873727.0
p98,2040,IRA_low,2011,90509496.0
p98,2040,IRA_low,2012,90314899.0
p98,2040,IRA_low,2013,90576109.0
p98,2041,IRA_low,2007,91986676.0
p98,2041,IRA_low,2008,92002668.0
p98,2041,IRA_low,2009,92079055.0
p98,2041,IRA_low,2010,92379829.0
p98,2041,IRA_low,2011,92002445.0
p98,2041,IRA_low,2012,91799697.0
p98,2041,IRA_low,2013,92069029.0
p98,2042,IRA_low,2007,93479963.0
p98,2042,IRA_low,2008,93494401.0
p98,2042,IRA_low,2009,93572913.0
p98,2042,IRA_low,2010,93885916.0
p98,2042,IRA_low,2011,93495322.0
p98,2042,IRA_low,2012,93284462.0
p98,2042,IRA_low,2013,93561904.0
p98,2043,IRA_low,2007,94973231.0
p98,2043,IRA_low,2008,94986002.0
p98,2043,IRA_low,2009,95066809.0
p98,2043,IRA_low,2010,95391975.0
p98,2043,IRA_low,2011,94988187.0
p98,2043,IRA_low,2012,94769282.0
p98,2043,IRA_low,2013,95054726.0
p98,2044,IRA_low,2007,96466558.0
p98,2044,IRA_low,2008,96477599.0
p98,2044,IRA_low,2009,96560632.0
p98,2044,IRA_low,2010,96898046.0
p98,2044,IRA_low,2011,96481149.0
p98,2044,IRA_low,2012,96254056.0
p98,2044,IRA_low,2013,96547582.0
p98,2045,IRA_low,2007,97959802.0
p98,2045,IRA_low,2008,97969311.0
p98,2045,IRA_low,2009,98054633.0
p98,2045,IRA_low,2010,98404117.0
p98,2045,IRA_low,2011,97974051.0
p98,2045,IRA_low,2012,97738847.0
p98,2045,IRA_low,2013,98040477.0
p98,2046,IRA_low,2007,99227215.0
p98,2046,IRA_low,2008,99232856.0
p98,2046,IRA_low,2009,99319531.0
p98,2046,IRA_low,2010,99682527.0
p98,2046,IRA_low,2011,99240500.0
p98,2046,IRA_low,2012,98997309.0
p98,2046,IRA_low,2013,99303291.0
p98,2047,IRA_low,2007,100494859.0
p98,2047,IRA_low,2008,100496414.0
p98,2047,IRA_low,2009,100584570.0
p98,2047,IRA_low,2010,100960926.0
p98,2047,IRA_low,2011,100506889.0
p98,2047,IRA_low,2012,100255723.0
p98,2047,IRA_low,2013,100566270.0
p98,2048,IRA_low,2007,101762183.0
p98,2048,IRA_low,2008,101759897.0
p98,2048,IRA_low,2009,101849518.0
p98,2048,IRA_low,2010,102239415.0
p98,2048,IRA_low,2011,101773376.0
p98,2048,IRA_low,2012,101514298.0
p98,2048,IRA_low,2013,101829184.0
p98,2049,IRA_low,2007,103029749.0
p98,2049,IRA_low,2008,103023481.0
p98,2049,IRA_low,2009,103114527.0
p98,2049,IRA_low,2010,103517927.0
p98,2049,IRA_low,2011,103039833.0
p98,2049,IRA_low,2012,102772806.0
p98,2049,IRA_low,2013,103092074.0
p98,2050,IRA_low,2007,104297197.0
p98,2050,IRA_low,2008,104287087.0
p98,2050,IRA_low,2009,104379525.0
p98,2050,IRA_low,2010,104796264.0
p98,2050,IRA_low,2011,104306259.0
p98,2050,IRA_low,2012,104031123.0
p98,2050,IRA_low,2013,104355053.0
p99,2020,IRA_low,2007,117654899.93
p99,2020,IRA_low,2008,117656019.86
p99,2020,IRA_low,2009,117649890.71
p99,2020,IRA_low,2010,117653253.59
p99,2020,IRA_low,2011,117651958.19
p99,2020,IRA_low,2012,117653970.96
p99,2020,IRA_low,2013,117651096.31
p99,2021,IRA_low,2007,101174094.0
p99,2021,IRA_low,2008,101174041.0
p99,2021,IRA_low,2009,101174116.0
p99,2021,IRA_low,2010,101174136.0
p99,2021,IRA_low,2011,101174082.0
p99,2021,IRA_low,2012,101174142.0
p99,2021,IRA_low,2013,101174111.0
p99,2022,IRA_low,2007,106590753.0
p99,2022,IRA_low,2008,106590738.0
p99,2022,IRA_low,2009,106590759.0
p99,2022,IRA_low,2010,106590743.0
p99,2022,IRA_low,2011,106590754.0
p99,2022,IRA_low,2012,106590715.0
p99,2022,IRA_low,2013,106590766.0
p99,2023,IRA_low,2007,106809347.0
p99,2023,IRA_low,2008,106809350.0
p99,2023,IRA_low,2009,106809349.0
p99,2023,IRA_low,2010,106809396.0
p99,2023,IRA_low,2011,106809374.0
p99,2023,IRA_low,2012,106809370.0
p99,2023,IRA_low,2013,106809347.0
p99,2024,IRA_low,2007,109780300.0
p99,2024,IRA_low,2008,109780280.0
p99,2024,IRA_low,2009,109780297.0
p99,2024,IRA_low,2010,109780327.0
p99,2024,IRA_low,2011,109780298.0
p99,2024,IRA_low,2012,109780313.0
p99,2024,IRA_low,2013,109780333.0
p99,2025,IRA_low,2007,115246141.0
p99,2025,IRA_low,2008,115226049.0
p99,2025,IRA_low,2009,115226015.0
p99,2025,IRA_low,2010,115261636.0
p99,2025,IRA_low,2011,115237835.0
p99,2025,IRA_low,2012,115229382.0
p99,2025,IRA_low,2013,115222656.0
p99,2026,IRA_low,2007,122502428.0
p99,2026,IRA_low,2008,122470858.0
p99,2026,IRA_low,2009,122480502.0
p99,2026,IRA_low,2010,122538749.0
p99,2026,IRA_low,2011,122484658.0
p99,2026,IRA_low,2012,122459891.0
p99,2026,IRA_low,2013,122474548.0
p99,2027,IRA_low,2007,129758604.0
p99,2027,IRA_low,2008,129715615.0
p99,2027,IRA_low,2009,129734994.0
p99,2027,IRA_low,2010,129816030.0
p99,2027,IRA_low,2011,129731611.0
p99,2027,IRA_low,2012,129690439.0
p99,2027,IRA_low,2013,129726405.0
p99,2028,IRA_low,2007,137014678.0
p99,2028,IRA_low,2008,136960365.0
p99,2028,IRA_low,2009,136989427.0
p99,2028,IRA_low,2010,137093156.0
p99,2028,IRA_low,2011,136978472.0
p99,2028,IRA_low,2012,136921039.0
p99,2028,IRA_low,2013,136978246.0
p99,2029,IRA_low,2007,144270808.0
p99,2029,IRA_low,2008,144205199.0
p99,2029,IRA_low,2009,144243961.0
p99,2029,IRA_low,2010,144370485.0
p99,2029,IRA_low,2011,144225417.0
p99,2029,IRA_low,2012,144151582.0
p99,2029,IRA_low,2013,144230014.0
p99,2030,IRA_low,2007,151526912.0
p99,2030,IRA_low,2008,151449999.0
p99,2030,IRA_low,2009,151498406.0
p99,2030,IRA_low,2010,151647670.0
p99,2030,IRA_low,2011,151472248.0
p99,2030,IRA_low,2012,151382038.0
p99,2030,IRA_low,2013,151481826.0
p99,2031,IRA_low,2007,157127014.0
p99,2031,IRA_low,2008,157046750.0
p99,2031,IRA_low,2009,157110705.0
p99,2031,IRA_low,2010,157272252.0
p99,2031,IRA_low,2011,157063840.0
p99,2031,IRA_low,2012,156953032.0
p99,2031,IRA_low,2013,157092238.0
p99,2032,IRA_low,2007,162727159.0
p99,2032,IRA_low,2008,162643468.0
p99,2032,IRA_low,2009,162722989.0
p99,2032,IRA_low,2010,162896949.0
p99,2032,IRA_low,2011,162655468.0
p99,2032,IRA_low,2012,162524024.0
p99,2032,IRA_low,2013,162702605.0
p99,2033,IRA_low,2007,168327335.0
p99,2033,IRA_low,2008,168240315.0
p99,2033,IRA_low,2009,168335322.0
p99,2033,IRA_low,2010,168521482.0
p99,2033,IRA_low,2011,168247137.0
p99,2033,IRA_low,2012,168094971.0
p99,2033,IRA_low,2013,168312911.0
p99,2034,IRA_low,2007,173927449.0
p99,2034,IRA_low,2008,173837091.0
p99,2034,IRA_low,2009,173947596.0
p99,2034,IRA_low,2010,174146194.0
p99,2034,IRA_low,2011,173838805.0
p99,2034,IRA_low,2012,173665931.0
p99,2034,IRA_low,2013,173923223.0
p99,2035,IRA_low,2007,179527540.0
p99,2035,IRA_low,2008,179433773.0
p99,2035,IRA_low,2009,179559928.0
p99,2035,IRA_low,2010,179770803.0
p99,2035,IRA_low,2011,179430383.0
p99,2035,IRA_low,2012,179236898.0
p99,2035,IRA_low,2013,179533651.0
p99,2036,IRA_low,2007,183398453.0
p99,2036,IRA_low,2008,183296760.0
p99,2036,IRA_low,2009,183431862.0
p99,2036,IRA_low,2010,183659596.0
p99,2036,IRA_low,2011,183293117.0
p99,2036,IRA_low,2012,183085296.0
p99,2036,IRA_low,2013,183404050.0
p99,2037,IRA_low,2007,187269329.0
p99,2037,IRA_low,2008,187159559.0
p99,2037,IRA_low,2009,187303770.0
p99,2037,IRA_low,2010,187548202.0
p99,2037,IRA_low,2011,187155912.0
p99,2037,IRA_low,2012,186933654.0
p99,2037,IRA_low,2013,187274375.0
p99,2038,IRA_low,2007,191140280.0
p99,2038,IRA_low,2008,191022541.0
p99,2038,IRA_low,2009,191175750.0
p99,2038,IRA_low,2010,191437014.0
p99,2038,IRA_low,2011,191018714.0
p99,2038,IRA_low,2012,190782067.0
p99,2038,IRA_low,2013,191144698.0
p99,2039,IRA_low,2007,195011091.0
p99,2039,IRA_low,2008,194885402.0
p99,2039,IRA_low,2009,195047723.0
p99,2039,IRA_low,2010,195325802.0
p99,2039,IRA_low,2011,194881508.0
p99,2039,IRA_low,2012,194630567.0
p99,2039,IRA_low,2013,195015107.0
p99,2040,IRA_low,2007,198881994.0
p99,2040,IRA_low,2008,198748331.0
p99,2040,IRA_low,2009,198919639.0
p99,2040,IRA_low,2010,199214509.0
p99,2040,IRA_low,2011,198744356.0
p99,2040,IRA_low,2012,198478849.0
p99,2040,IRA_low,2013,198885456.0
p99,2041,IRA_low,2007,202971220.0
p99,2041,IRA_low,2008,202827806.0
p99,2041,IRA_low,2009,203003761.0
p99,2041,IRA_low,2010,203317822.0
p99,2041,IRA_low,2011,202826825.0
p99,2041,IRA_low,2012,202550575.0
p99,2041,IRA_low,2013,202968345.0
p99,2042,IRA_low,2007,207060397.0
p99,2042,IRA_low,2008,206907277.0
p99,2042,IRA_low,2009,207087807.0
p99,2042,IRA_low,2010,207421110.0
p99,2042,IRA_low,2011,206909476.0
p99,2042,IRA_low,2012,206622283.0
p99,2042,IRA_low,2013,207051241.0
p99,2043,IRA_low,2007,211149625.0
p99,2043,IRA_low,2008,210986660.0
p99,2043,IRA_low,2009,211171927.0
p99,2043,IRA_low,2010,211524424.0
p99,2043,IRA_low,2011,210992008.0
p99,2043,IRA_low,2012,210693906.0
p99,2043,IRA_low,2013,211134119.0
p99,2044,IRA_low,2007,215238705.0
p99,2044,IRA_low,2008,215066120.0
p99,2044,IRA_low,2009,215255966.0
p99,2044,IRA_low,2010,215627678.0
p99,2044,IRA_low,2011,215074505.0
p99,2044,IRA_low,2012,214765591.0
p99,2044,IRA_low,2013,215216971.0
p99,2045,IRA_low,2007,219327933.0
p99,2045,IRA_low,2008,219145526.0
p99,2045,IRA_low,2009,219340071.0
p99,2045,IRA_low,2010,219731005.0
p99,2045,IRA_low,2011,219157138.0
p99,2045,IRA_low,2012,218837332.0
p99,2045,IRA_low,2013,219299883.0
p99,2046,IRA_low,2007,223391983.0
p99,2046,IRA_low,2008,223198432.0
p99,2046,IRA_low,2009,223393996.0
p99,2046,IRA_low,2010,223804665.0
p99,2046,IRA_low,2011,223216313.0
p99,2046,IRA_low,2012,222889981.0
p99,2046,IRA_low,2013,223352843.0
p99,2047,IRA_low,2007,227456009.0
p99,2047,IRA_low,2008,227251370.0
p99,2047,IRA_low,2009,227448027.0
p99,2047,IRA_low,2010,227878387.0
p99,2047,IRA_low,2011,227275435.0
p99,2047,IRA_low,2012,226942638.0
p99,2047,IRA_low,2013,227405719.0
p99,2048,IRA_low,2007,231520089.0
p99,2048,IRA_low,2008,231304299.0
p99,2048,IRA_low,2009,231501972.0
p99,2048,IRA_low,2010,231952058.0
p99,2048,IRA_low,2011,231334632.0
p99,2048,IRA_low,2012,230995229.0
p99,2048,IRA_low,2013,231458624.0
p99,2049,IRA_low,2007,235584151.0
p99,2049,IRA_low,2008,235357239.0
p99,2049,IRA_low,2009,235555913.0
p99,2049,IRA_low,2010,236025776.0
p99,2049,IRA_low,2011,235393824.0
p99,2049,IRA_low,2012,235047923.0
p99,2049,IRA_low,2013,235511527.0
p99,2050,IRA_low,2007,239648206.0
p99,2050,IRA_low,2008,239410173.0
p99,2050,IRA_low,2009,239609978.0
p99,2050,IRA_low,2010,240099493.0
p99,2050,IRA_low,2011,239453010.0
p99,2050,IRA_low,2012,239100581.0
p99,2050,IRA_low,2013,239564454.0
